ISO-10303-21;
HEADER;
FILE_DESCRIPTION(('KiCad electronic assembly'),'2;1');
FILE_NAME('endstop-interface-board.step','2026-01-30T21:35:54',('Pcbnew'
    ),('Kicad'),'Open CASCADE STEP processor 7.9',
  'KiCad to STEP converter','Unknown');
FILE_SCHEMA(('AUTOMOTIVE_DESIGN { 1 0 10303 214 1 1 1 1 }'));
ENDSEC;
DATA;
#1 = APPLICATION_PROTOCOL_DEFINITION('international standard',
  'automotive_design',2000,#2);
#2 = APPLICATION_CONTEXT(
  'core data for automotive mechanical design processes');
#3 = SHAPE_DEFINITION_REPRESENTATION(#4,#10);
#4 = PRODUCT_DEFINITION_SHAPE('','',#5);
#5 = PRODUCT_DEFINITION('design','',#6,#9);
#6 = PRODUCT_DEFINITION_FORMATION('','',#7);
#7 = PRODUCT('endstop-interface-board 1','endstop-interface-board 1','',
  (#8));
#8 = PRODUCT_CONTEXT('',#2,'mechanical');
#9 = PRODUCT_DEFINITION_CONTEXT('part definition',#2,'design');
#10 = SHAPE_REPRESENTATION('',(#11,#15,#19,#23,#27,#31,#35,#39,#43,#47,
    #51,#55,#59,#63,#67,#71,#75,#79,#83,#87,#91,#95,#99,#103,#107,#111,
    #115,#119,#123,#127),#131);
#11 = AXIS2_PLACEMENT_3D('',#12,#13,#14);
#12 = CARTESIAN_POINT('',(0.,0.,0.));
#13 = DIRECTION('',(0.,0.,1.));
#14 = DIRECTION('',(1.,0.,-0.));
#15 = AXIS2_PLACEMENT_3D('',#16,#17,#18);
#16 = CARTESIAN_POINT('',(76.5,-74.,1.595));
#17 = DIRECTION('',(0.,0.,1.));
#18 = DIRECTION('',(1.,0.,0.));
#19 = AXIS2_PLACEMENT_3D('',#20,#21,#22);
#20 = CARTESIAN_POINT('',(76.5,-96.,1.595));
#21 = DIRECTION('',(0.,0.,1.));
#22 = DIRECTION('',(1.,0.,0.));
#23 = AXIS2_PLACEMENT_3D('',#24,#25,#26);
#24 = CARTESIAN_POINT('',(76.5,-89.5,1.595));
#25 = DIRECTION('',(0.,0.,1.));
#26 = DIRECTION('',(1.,0.,0.));
#27 = AXIS2_PLACEMENT_3D('',#28,#29,#30);
#28 = CARTESIAN_POINT('',(76.5,-105.97,1.595));
#29 = DIRECTION('',(0.,0.,1.));
#30 = DIRECTION('',(1.,0.,0.));
#31 = AXIS2_PLACEMENT_3D('',#32,#33,#34);
#32 = CARTESIAN_POINT('',(76.5,-101.,1.595));
#33 = DIRECTION('',(0.,0.,1.));
#34 = DIRECTION('',(1.,0.,0.));
#35 = AXIS2_PLACEMENT_3D('',#36,#37,#38);
#36 = CARTESIAN_POINT('',(76.5,-115.,1.595));
#37 = DIRECTION('',(0.,0.,1.));
#38 = DIRECTION('',(1.,0.,0.));
#39 = AXIS2_PLACEMENT_3D('',#40,#41,#42);
#40 = CARTESIAN_POINT('',(76.5,-84.,1.595));
#41 = DIRECTION('',(0.,0.,1.));
#42 = DIRECTION('',(1.,0.,0.));
#43 = AXIS2_PLACEMENT_3D('',#44,#45,#46);
#44 = CARTESIAN_POINT('',(81.6,-125.14,1.595));
#45 = DIRECTION('',(0.,-1.,1.110223024625E-16));
#46 = DIRECTION('',(1.,0.,0.));
#47 = AXIS2_PLACEMENT_3D('',#48,#49,#50);
#48 = CARTESIAN_POINT('',(76.5,-120.,1.595));
#49 = DIRECTION('',(0.,0.,1.));
#50 = DIRECTION('',(1.,0.,0.));
#51 = AXIS2_PLACEMENT_3D('',#52,#53,#54);
#52 = CARTESIAN_POINT('',(76.5,-99.5,1.595));
#53 = DIRECTION('',(0.,0.,1.));
#54 = DIRECTION('',(1.,0.,0.));
#55 = AXIS2_PLACEMENT_3D('',#56,#57,#58);
#56 = CARTESIAN_POINT('',(76.5,-75.5,1.595));
#57 = DIRECTION('',(0.,0.,1.));
#58 = DIRECTION('',(1.,0.,0.));
#59 = AXIS2_PLACEMENT_3D('',#60,#61,#62);
#60 = CARTESIAN_POINT('',(111.6,-125.14,1.595));
#61 = DIRECTION('',(0.,-1.,1.110223024625E-16));
#62 = DIRECTION('',(1.,0.,0.));
#63 = AXIS2_PLACEMENT_3D('',#64,#65,#66);
#64 = CARTESIAN_POINT('',(76.5,-69.,1.595));
#65 = DIRECTION('',(0.,0.,1.));
#66 = DIRECTION('',(1.,0.,0.));
#67 = AXIS2_PLACEMENT_3D('',#68,#69,#70);
#68 = CARTESIAN_POINT('',(141.7,-140.41,1.595));
#69 = DIRECTION('',(0.,-1.,1.110223024625E-16));
#70 = DIRECTION('',(1.,0.,0.));
#71 = AXIS2_PLACEMENT_3D('',#72,#73,#74);
#72 = CARTESIAN_POINT('',(61.7,-140.41,1.595));
#73 = DIRECTION('',(0.,-1.,1.110223024625E-16));
#74 = DIRECTION('',(1.,0.,0.));
#75 = AXIS2_PLACEMENT_3D('',#76,#77,#78);
#76 = CARTESIAN_POINT('',(76.5,-94.5,1.595));
#77 = DIRECTION('',(0.,0.,1.));
#78 = DIRECTION('',(1.,0.,0.));
#79 = AXIS2_PLACEMENT_3D('',#80,#81,#82);
#80 = CARTESIAN_POINT('',(76.5,-91.,1.595));
#81 = DIRECTION('',(0.,0.,1.));
#82 = DIRECTION('',(1.,0.,0.));
#83 = AXIS2_PLACEMENT_3D('',#84,#85,#86);
#84 = CARTESIAN_POINT('',(76.5,-64.,1.595));
#85 = DIRECTION('',(0.,0.,1.));
#86 = DIRECTION('',(1.,0.,0.));
#87 = AXIS2_PLACEMENT_3D('',#88,#89,#90);
#88 = CARTESIAN_POINT('',(76.5,-80.5,1.595));
#89 = DIRECTION('',(0.,0.,1.));
#90 = DIRECTION('',(1.,0.,0.));
#91 = AXIS2_PLACEMENT_3D('',#92,#93,#94);
#92 = CARTESIAN_POINT('',(76.5,-85.5,1.595));
#93 = DIRECTION('',(0.,0.,1.));
#94 = DIRECTION('',(1.,0.,0.));
#95 = AXIS2_PLACEMENT_3D('',#96,#97,#98);
#96 = CARTESIAN_POINT('',(76.5,-121.5,1.595));
#97 = DIRECTION('',(0.,0.,1.));
#98 = DIRECTION('',(1.,0.,0.));
#99 = AXIS2_PLACEMENT_3D('',#100,#101,#102);
#100 = CARTESIAN_POINT('',(76.5,-70.5,1.595));
#101 = DIRECTION('',(0.,0.,1.));
#102 = DIRECTION('',(1.,0.,0.));
#103 = AXIS2_PLACEMENT_3D('',#104,#105,#106);
#104 = CARTESIAN_POINT('',(76.5,-116.5,1.595));
#105 = DIRECTION('',(0.,0.,1.));
#106 = DIRECTION('',(1.,0.,0.));
#107 = AXIS2_PLACEMENT_3D('',#108,#109,#110);
#108 = CARTESIAN_POINT('',(76.5,-79.,1.595));
#109 = DIRECTION('',(0.,0.,1.));
#110 = DIRECTION('',(1.,0.,0.));
#111 = AXIS2_PLACEMENT_3D('',#112,#113,#114);
#112 = CARTESIAN_POINT('',(76.5,-104.5,1.595));
#113 = DIRECTION('',(0.,0.,1.));
#114 = DIRECTION('',(1.,0.,0.));
#115 = AXIS2_PLACEMENT_3D('',#116,#117,#118);
#116 = CARTESIAN_POINT('',(76.5,-65.5,1.595));
#117 = DIRECTION('',(0.,0.,1.));
#118 = DIRECTION('',(1.,0.,0.));
#119 = AXIS2_PLACEMENT_3D('',#120,#121,#122);
#120 = CARTESIAN_POINT('',(76.5,-111.5,1.595));
#121 = DIRECTION('',(0.,0.,1.));
#122 = DIRECTION('',(1.,0.,0.));
#123 = AXIS2_PLACEMENT_3D('',#124,#125,#126);
#124 = CARTESIAN_POINT('',(76.5,-110.,1.595));
#125 = DIRECTION('',(0.,0.,1.));
#126 = DIRECTION('',(1.,0.,0.));
#127 = AXIS2_PLACEMENT_3D('',#128,#129,#130);
#128 = CARTESIAN_POINT('',(0.,0.,0.));
#129 = DIRECTION('',(0.,0.,1.));
#130 = DIRECTION('',(1.,0.,-0.));
#131 = ( GEOMETRIC_REPRESENTATION_CONTEXT(3) 
GLOBAL_UNCERTAINTY_ASSIGNED_CONTEXT((#135)) GLOBAL_UNIT_ASSIGNED_CONTEXT
((#132,#133,#134)) REPRESENTATION_CONTEXT('Context #1',
  '3D Context with UNIT and UNCERTAINTY') );
#132 = ( LENGTH_UNIT() NAMED_UNIT(*) SI_UNIT(.MILLI.,.METRE.) );
#133 = ( NAMED_UNIT(*) PLANE_ANGLE_UNIT() SI_UNIT($,.RADIAN.) );
#134 = ( NAMED_UNIT(*) SI_UNIT($,.STERADIAN.) SOLID_ANGLE_UNIT() );
#135 = UNCERTAINTY_MEASURE_WITH_UNIT(LENGTH_MEASURE(1.E-06),#132,
  'distance_accuracy_value','confusion accuracy');
#136 = PRODUCT_RELATED_PRODUCT_CATEGORY('part',$,(#7));
#137 = SHAPE_DEFINITION_REPRESENTATION(#138,#144);
#138 = PRODUCT_DEFINITION_SHAPE('','',#139);
#139 = PRODUCT_DEFINITION('design','',#140,#143);
#140 = PRODUCT_DEFINITION_FORMATION('','',#141);
#141 = PRODUCT('R_0603_1608Metric','R_0603_1608Metric','',(#142));
#142 = PRODUCT_CONTEXT('',#2,'mechanical');
#143 = PRODUCT_DEFINITION_CONTEXT('part definition',#2,'design');
#144 = ADVANCED_BREP_SHAPE_REPRESENTATION('',(#11,#145),#935);
#145 = MANIFOLD_SOLID_BREP('',#146);
#146 = CLOSED_SHELL('',(#147,#187,#270,#295,#320,#387,#404,#421,#470,
    #487,#504,#553,#570,#639,#670,#694,#763,#787,#804,#821,#838,#855,
    #872,#889,#906,#923));
#147 = ADVANCED_FACE('',(#148),#182,.F.);
#148 = FACE_BOUND('',#149,.F.);
#149 = EDGE_LOOP('',(#150,#160,#168,#176));
#150 = ORIENTED_EDGE('',*,*,#151,.F.);
#151 = EDGE_CURVE('',#152,#154,#156,.T.);
#152 = VERTEX_POINT('',#153);
#153 = CARTESIAN_POINT('',(-0.8,-0.4,4.5E-02));
#154 = VERTEX_POINT('',#155);
#155 = CARTESIAN_POINT('',(-0.8,-0.4,0.405));
#156 = LINE('',#157,#158);
#157 = CARTESIAN_POINT('',(-0.8,-0.4,0.));
#158 = VECTOR('',#159,1.);
#159 = DIRECTION('',(0.,0.,1.));
#160 = ORIENTED_EDGE('',*,*,#161,.T.);
#161 = EDGE_CURVE('',#152,#162,#164,.T.);
#162 = VERTEX_POINT('',#163);
#163 = CARTESIAN_POINT('',(-0.8,0.4,4.5E-02));
#164 = LINE('',#165,#166);
#165 = CARTESIAN_POINT('',(-0.8,-0.4,4.5E-02));
#166 = VECTOR('',#167,1.);
#167 = DIRECTION('',(0.,1.,0.));
#168 = ORIENTED_EDGE('',*,*,#169,.T.);
#169 = EDGE_CURVE('',#162,#170,#172,.T.);
#170 = VERTEX_POINT('',#171);
#171 = CARTESIAN_POINT('',(-0.8,0.4,0.405));
#172 = LINE('',#173,#174);
#173 = CARTESIAN_POINT('',(-0.8,0.4,0.));
#174 = VECTOR('',#175,1.);
#175 = DIRECTION('',(0.,0.,1.));
#176 = ORIENTED_EDGE('',*,*,#177,.F.);
#177 = EDGE_CURVE('',#154,#170,#178,.T.);
#178 = LINE('',#179,#180);
#179 = CARTESIAN_POINT('',(-0.8,-0.4,0.405));
#180 = VECTOR('',#181,1.);
#181 = DIRECTION('',(0.,1.,0.));
#182 = PLANE('',#183);
#183 = AXIS2_PLACEMENT_3D('',#184,#185,#186);
#184 = CARTESIAN_POINT('',(-0.8,-0.4,0.));
#185 = DIRECTION('',(1.,0.,0.));
#186 = DIRECTION('',(0.,0.,1.));
#187 = ADVANCED_FACE('',(#188),#265,.F.);
#188 = FACE_BOUND('',#189,.F.);
#189 = EDGE_LOOP('',(#190,#200,#207,#208,#217,#225,#234,#242,#250,#258)
  );
#190 = ORIENTED_EDGE('',*,*,#191,.F.);
#191 = EDGE_CURVE('',#192,#194,#196,.T.);
#192 = VERTEX_POINT('',#193);
#193 = CARTESIAN_POINT('',(-0.755,-0.4,-2.775557561563E-17));
#194 = VERTEX_POINT('',#195);
#195 = CARTESIAN_POINT('',(-0.545,-0.4,-2.775557561563E-17));
#196 = LINE('',#197,#198);
#197 = CARTESIAN_POINT('',(-0.8,-0.4,0.));
#198 = VECTOR('',#199,1.);
#199 = DIRECTION('',(1.,0.,0.));
#200 = ORIENTED_EDGE('',*,*,#201,.F.);
#201 = EDGE_CURVE('',#152,#192,#202,.T.);
#202 = CIRCLE('',#203,4.5E-02);
#203 = AXIS2_PLACEMENT_3D('',#204,#205,#206);
#204 = CARTESIAN_POINT('',(-0.755,-0.4,4.5E-02));
#205 = DIRECTION('',(0.,-1.,0.));
#206 = DIRECTION('',(0.,0.,1.));
#207 = ORIENTED_EDGE('',*,*,#151,.T.);
#208 = ORIENTED_EDGE('',*,*,#209,.T.);
#209 = EDGE_CURVE('',#154,#210,#212,.T.);
#210 = VERTEX_POINT('',#211);
#211 = CARTESIAN_POINT('',(-0.755,-0.4,0.45));
#212 = CIRCLE('',#213,4.5E-02);
#213 = AXIS2_PLACEMENT_3D('',#214,#215,#216);
#214 = CARTESIAN_POINT('',(-0.755,-0.4,0.405));
#215 = DIRECTION('',(0.,1.,0.));
#216 = DIRECTION('',(0.,-0.,1.));
#217 = ORIENTED_EDGE('',*,*,#218,.T.);
#218 = EDGE_CURVE('',#210,#219,#221,.T.);
#219 = VERTEX_POINT('',#220);
#220 = CARTESIAN_POINT('',(-0.545,-0.4,0.45));
#221 = LINE('',#222,#223);
#222 = CARTESIAN_POINT('',(-0.8,-0.4,0.45));
#223 = VECTOR('',#224,1.);
#224 = DIRECTION('',(1.,0.,0.));
#225 = ORIENTED_EDGE('',*,*,#226,.F.);
#226 = EDGE_CURVE('',#227,#219,#229,.T.);
#227 = VERTEX_POINT('',#228);
#228 = CARTESIAN_POINT('',(-0.5,-0.4,0.405));
#229 = CIRCLE('',#230,4.5E-02);
#230 = AXIS2_PLACEMENT_3D('',#231,#232,#233);
#231 = CARTESIAN_POINT('',(-0.545,-0.4,0.405));
#232 = DIRECTION('',(0.,-1.,0.));
#233 = DIRECTION('',(0.,0.,1.));
#234 = ORIENTED_EDGE('',*,*,#235,.F.);
#235 = EDGE_CURVE('',#236,#227,#238,.T.);
#236 = VERTEX_POINT('',#237);
#237 = CARTESIAN_POINT('',(-0.755,-0.4,0.405));
#238 = LINE('',#239,#240);
#239 = CARTESIAN_POINT('',(-0.755,-0.4,0.405));
#240 = VECTOR('',#241,1.);
#241 = DIRECTION('',(1.,0.,0.));
#242 = ORIENTED_EDGE('',*,*,#243,.F.);
#243 = EDGE_CURVE('',#244,#236,#246,.T.);
#244 = VERTEX_POINT('',#245);
#245 = CARTESIAN_POINT('',(-0.755,-0.4,4.5E-02));
#246 = LINE('',#247,#248);
#247 = CARTESIAN_POINT('',(-0.755,-0.4,4.5E-02));
#248 = VECTOR('',#249,1.);
#249 = DIRECTION('',(0.,0.,1.));
#250 = ORIENTED_EDGE('',*,*,#251,.T.);
#251 = EDGE_CURVE('',#244,#252,#254,.T.);
#252 = VERTEX_POINT('',#253);
#253 = CARTESIAN_POINT('',(-0.5,-0.4,4.5E-02));
#254 = LINE('',#255,#256);
#255 = CARTESIAN_POINT('',(-0.755,-0.4,4.5E-02));
#256 = VECTOR('',#257,1.);
#257 = DIRECTION('',(1.,0.,0.));
#258 = ORIENTED_EDGE('',*,*,#259,.T.);
#259 = EDGE_CURVE('',#252,#194,#260,.T.);
#260 = CIRCLE('',#261,4.5E-02);
#261 = AXIS2_PLACEMENT_3D('',#262,#263,#264);
#262 = CARTESIAN_POINT('',(-0.545,-0.4,4.5E-02));
#263 = DIRECTION('',(0.,1.,0.));
#264 = DIRECTION('',(0.,-0.,1.));
#265 = PLANE('',#266);
#266 = AXIS2_PLACEMENT_3D('',#267,#268,#269);
#267 = CARTESIAN_POINT('',(-0.8,-0.4,0.));
#268 = DIRECTION('',(0.,1.,0.));
#269 = DIRECTION('',(0.,-0.,1.));
#270 = ADVANCED_FACE('',(#271),#290,.T.);
#271 = FACE_BOUND('',#272,.T.);
#272 = EDGE_LOOP('',(#273,#274,#283,#289));
#273 = ORIENTED_EDGE('',*,*,#161,.T.);
#274 = ORIENTED_EDGE('',*,*,#275,.T.);
#275 = EDGE_CURVE('',#162,#276,#278,.T.);
#276 = VERTEX_POINT('',#277);
#277 = CARTESIAN_POINT('',(-0.755,0.4,-2.775557561563E-17));
#278 = CIRCLE('',#279,4.5E-02);
#279 = AXIS2_PLACEMENT_3D('',#280,#281,#282);
#280 = CARTESIAN_POINT('',(-0.755,0.4,4.5E-02));
#281 = DIRECTION('',(0.,-1.,0.));
#282 = DIRECTION('',(0.,0.,1.));
#283 = ORIENTED_EDGE('',*,*,#284,.F.);
#284 = EDGE_CURVE('',#192,#276,#285,.T.);
#285 = LINE('',#286,#287);
#286 = CARTESIAN_POINT('',(-0.755,-0.4,-2.775557561563E-17));
#287 = VECTOR('',#288,1.);
#288 = DIRECTION('',(0.,1.,0.));
#289 = ORIENTED_EDGE('',*,*,#201,.F.);
#290 = CYLINDRICAL_SURFACE('',#291,4.5E-02);
#291 = AXIS2_PLACEMENT_3D('',#292,#293,#294);
#292 = CARTESIAN_POINT('',(-0.755,-0.4,4.5E-02));
#293 = DIRECTION('',(0.,1.,0.));
#294 = DIRECTION('',(-1.,0.,0.));
#295 = ADVANCED_FACE('',(#296),#315,.T.);
#296 = FACE_BOUND('',#297,.T.);
#297 = EDGE_LOOP('',(#298,#299,#307,#314));
#298 = ORIENTED_EDGE('',*,*,#209,.T.);
#299 = ORIENTED_EDGE('',*,*,#300,.T.);
#300 = EDGE_CURVE('',#210,#301,#303,.T.);
#301 = VERTEX_POINT('',#302);
#302 = CARTESIAN_POINT('',(-0.755,0.4,0.45));
#303 = LINE('',#304,#305);
#304 = CARTESIAN_POINT('',(-0.755,-0.4,0.45));
#305 = VECTOR('',#306,1.);
#306 = DIRECTION('',(0.,1.,0.));
#307 = ORIENTED_EDGE('',*,*,#308,.F.);
#308 = EDGE_CURVE('',#170,#301,#309,.T.);
#309 = CIRCLE('',#310,4.5E-02);
#310 = AXIS2_PLACEMENT_3D('',#311,#312,#313);
#311 = CARTESIAN_POINT('',(-0.755,0.4,0.405));
#312 = DIRECTION('',(0.,1.,0.));
#313 = DIRECTION('',(0.,-0.,1.));
#314 = ORIENTED_EDGE('',*,*,#177,.F.);
#315 = CYLINDRICAL_SURFACE('',#316,4.5E-02);
#316 = AXIS2_PLACEMENT_3D('',#317,#318,#319);
#317 = CARTESIAN_POINT('',(-0.755,-0.4,0.405));
#318 = DIRECTION('',(0.,1.,0.));
#319 = DIRECTION('',(-1.,0.,0.));
#320 = ADVANCED_FACE('',(#321),#382,.T.);
#321 = FACE_BOUND('',#322,.T.);
#322 = EDGE_LOOP('',(#323,#331,#332,#333,#334,#342,#351,#359,#367,#375)
  );
#323 = ORIENTED_EDGE('',*,*,#324,.F.);
#324 = EDGE_CURVE('',#276,#325,#327,.T.);
#325 = VERTEX_POINT('',#326);
#326 = CARTESIAN_POINT('',(-0.545,0.4,-2.775557561563E-17));
#327 = LINE('',#328,#329);
#328 = CARTESIAN_POINT('',(-0.8,0.4,0.));
#329 = VECTOR('',#330,1.);
#330 = DIRECTION('',(1.,0.,0.));
#331 = ORIENTED_EDGE('',*,*,#275,.F.);
#332 = ORIENTED_EDGE('',*,*,#169,.T.);
#333 = ORIENTED_EDGE('',*,*,#308,.T.);
#334 = ORIENTED_EDGE('',*,*,#335,.T.);
#335 = EDGE_CURVE('',#301,#336,#338,.T.);
#336 = VERTEX_POINT('',#337);
#337 = CARTESIAN_POINT('',(-0.545,0.4,0.45));
#338 = LINE('',#339,#340);
#339 = CARTESIAN_POINT('',(-0.8,0.4,0.45));
#340 = VECTOR('',#341,1.);
#341 = DIRECTION('',(1.,0.,0.));
#342 = ORIENTED_EDGE('',*,*,#343,.F.);
#343 = EDGE_CURVE('',#344,#336,#346,.T.);
#344 = VERTEX_POINT('',#345);
#345 = CARTESIAN_POINT('',(-0.5,0.4,0.405));
#346 = CIRCLE('',#347,4.5E-02);
#347 = AXIS2_PLACEMENT_3D('',#348,#349,#350);
#348 = CARTESIAN_POINT('',(-0.545,0.4,0.405));
#349 = DIRECTION('',(0.,-1.,0.));
#350 = DIRECTION('',(0.,0.,1.));
#351 = ORIENTED_EDGE('',*,*,#352,.F.);
#352 = EDGE_CURVE('',#353,#344,#355,.T.);
#353 = VERTEX_POINT('',#354);
#354 = CARTESIAN_POINT('',(-0.755,0.4,0.405));
#355 = LINE('',#356,#357);
#356 = CARTESIAN_POINT('',(-0.755,0.4,0.405));
#357 = VECTOR('',#358,1.);
#358 = DIRECTION('',(1.,0.,0.));
#359 = ORIENTED_EDGE('',*,*,#360,.F.);
#360 = EDGE_CURVE('',#361,#353,#363,.T.);
#361 = VERTEX_POINT('',#362);
#362 = CARTESIAN_POINT('',(-0.755,0.4,4.5E-02));
#363 = LINE('',#364,#365);
#364 = CARTESIAN_POINT('',(-0.755,0.4,4.5E-02));
#365 = VECTOR('',#366,1.);
#366 = DIRECTION('',(0.,0.,1.));
#367 = ORIENTED_EDGE('',*,*,#368,.T.);
#368 = EDGE_CURVE('',#361,#369,#371,.T.);
#369 = VERTEX_POINT('',#370);
#370 = CARTESIAN_POINT('',(-0.5,0.4,4.5E-02));
#371 = LINE('',#372,#373);
#372 = CARTESIAN_POINT('',(-0.755,0.4,4.5E-02));
#373 = VECTOR('',#374,1.);
#374 = DIRECTION('',(1.,0.,0.));
#375 = ORIENTED_EDGE('',*,*,#376,.T.);
#376 = EDGE_CURVE('',#369,#325,#377,.T.);
#377 = CIRCLE('',#378,4.5E-02);
#378 = AXIS2_PLACEMENT_3D('',#379,#380,#381);
#379 = CARTESIAN_POINT('',(-0.545,0.4,4.5E-02));
#380 = DIRECTION('',(0.,1.,0.));
#381 = DIRECTION('',(0.,-0.,1.));
#382 = PLANE('',#383);
#383 = AXIS2_PLACEMENT_3D('',#384,#385,#386);
#384 = CARTESIAN_POINT('',(-0.8,0.4,0.));
#385 = DIRECTION('',(0.,1.,0.));
#386 = DIRECTION('',(0.,-0.,1.));
#387 = ADVANCED_FACE('',(#388),#399,.F.);
#388 = FACE_BOUND('',#389,.F.);
#389 = EDGE_LOOP('',(#390,#391,#392,#393));
#390 = ORIENTED_EDGE('',*,*,#324,.F.);
#391 = ORIENTED_EDGE('',*,*,#284,.F.);
#392 = ORIENTED_EDGE('',*,*,#191,.T.);
#393 = ORIENTED_EDGE('',*,*,#394,.T.);
#394 = EDGE_CURVE('',#194,#325,#395,.T.);
#395 = LINE('',#396,#397);
#396 = CARTESIAN_POINT('',(-0.545,-0.4,-2.775557561563E-17));
#397 = VECTOR('',#398,1.);
#398 = DIRECTION('',(0.,1.,0.));
#399 = PLANE('',#400);
#400 = AXIS2_PLACEMENT_3D('',#401,#402,#403);
#401 = CARTESIAN_POINT('',(-0.8,-0.4,0.));
#402 = DIRECTION('',(0.,0.,1.));
#403 = DIRECTION('',(1.,0.,-0.));
#404 = ADVANCED_FACE('',(#405),#416,.T.);
#405 = FACE_BOUND('',#406,.T.);
#406 = EDGE_LOOP('',(#407,#408,#409,#410));
#407 = ORIENTED_EDGE('',*,*,#259,.T.);
#408 = ORIENTED_EDGE('',*,*,#394,.T.);
#409 = ORIENTED_EDGE('',*,*,#376,.F.);
#410 = ORIENTED_EDGE('',*,*,#411,.F.);
#411 = EDGE_CURVE('',#252,#369,#412,.T.);
#412 = LINE('',#413,#414);
#413 = CARTESIAN_POINT('',(-0.5,-0.4,4.5E-02));
#414 = VECTOR('',#415,1.);
#415 = DIRECTION('',(0.,1.,0.));
#416 = CYLINDRICAL_SURFACE('',#417,4.5E-02);
#417 = AXIS2_PLACEMENT_3D('',#418,#419,#420);
#418 = CARTESIAN_POINT('',(-0.545,-0.4,4.5E-02));
#419 = DIRECTION('',(0.,1.,0.));
#420 = DIRECTION('',(1.,0.,0.));
#421 = ADVANCED_FACE('',(#422),#465,.F.);
#422 = FACE_BOUND('',#423,.F.);
#423 = EDGE_LOOP('',(#424,#425,#426,#427,#435,#443,#451,#459));
#424 = ORIENTED_EDGE('',*,*,#251,.F.);
#425 = ORIENTED_EDGE('',*,*,#243,.T.);
#426 = ORIENTED_EDGE('',*,*,#235,.T.);
#427 = ORIENTED_EDGE('',*,*,#428,.T.);
#428 = EDGE_CURVE('',#227,#429,#431,.T.);
#429 = VERTEX_POINT('',#430);
#430 = CARTESIAN_POINT('',(0.5,-0.4,0.405));
#431 = LINE('',#432,#433);
#432 = CARTESIAN_POINT('',(-0.5,-0.4,0.405));
#433 = VECTOR('',#434,1.);
#434 = DIRECTION('',(1.,0.,0.));
#435 = ORIENTED_EDGE('',*,*,#436,.T.);
#436 = EDGE_CURVE('',#429,#437,#439,.T.);
#437 = VERTEX_POINT('',#438);
#438 = CARTESIAN_POINT('',(0.755,-0.4,0.405));
#439 = LINE('',#440,#441);
#440 = CARTESIAN_POINT('',(-0.755,-0.4,0.405));
#441 = VECTOR('',#442,1.);
#442 = DIRECTION('',(1.,0.,0.));
#443 = ORIENTED_EDGE('',*,*,#444,.F.);
#444 = EDGE_CURVE('',#445,#437,#447,.T.);
#445 = VERTEX_POINT('',#446);
#446 = CARTESIAN_POINT('',(0.755,-0.4,4.5E-02));
#447 = LINE('',#448,#449);
#448 = CARTESIAN_POINT('',(0.755,-0.4,4.5E-02));
#449 = VECTOR('',#450,1.);
#450 = DIRECTION('',(0.,0.,1.));
#451 = ORIENTED_EDGE('',*,*,#452,.F.);
#452 = EDGE_CURVE('',#453,#445,#455,.T.);
#453 = VERTEX_POINT('',#454);
#454 = CARTESIAN_POINT('',(0.5,-0.4,4.5E-02));
#455 = LINE('',#456,#457);
#456 = CARTESIAN_POINT('',(-0.755,-0.4,4.5E-02));
#457 = VECTOR('',#458,1.);
#458 = DIRECTION('',(1.,0.,0.));
#459 = ORIENTED_EDGE('',*,*,#460,.F.);
#460 = EDGE_CURVE('',#252,#453,#461,.T.);
#461 = LINE('',#462,#463);
#462 = CARTESIAN_POINT('',(-0.755,-0.4,4.5E-02));
#463 = VECTOR('',#464,1.);
#464 = DIRECTION('',(1.,0.,0.));
#465 = PLANE('',#466);
#466 = AXIS2_PLACEMENT_3D('',#467,#468,#469);
#467 = CARTESIAN_POINT('',(-0.755,-0.4,4.5E-02));
#468 = DIRECTION('',(0.,1.,0.));
#469 = DIRECTION('',(0.,-0.,1.));
#470 = ADVANCED_FACE('',(#471),#482,.T.);
#471 = FACE_BOUND('',#472,.T.);
#472 = EDGE_LOOP('',(#473,#474,#475,#476));
#473 = ORIENTED_EDGE('',*,*,#335,.F.);
#474 = ORIENTED_EDGE('',*,*,#300,.F.);
#475 = ORIENTED_EDGE('',*,*,#218,.T.);
#476 = ORIENTED_EDGE('',*,*,#477,.T.);
#477 = EDGE_CURVE('',#219,#336,#478,.T.);
#478 = LINE('',#479,#480);
#479 = CARTESIAN_POINT('',(-0.545,-0.4,0.45));
#480 = VECTOR('',#481,1.);
#481 = DIRECTION('',(0.,1.,0.));
#482 = PLANE('',#483);
#483 = AXIS2_PLACEMENT_3D('',#484,#485,#486);
#484 = CARTESIAN_POINT('',(-0.8,-0.4,0.45));
#485 = DIRECTION('',(0.,0.,1.));
#486 = DIRECTION('',(1.,0.,-0.));
#487 = ADVANCED_FACE('',(#488),#499,.T.);
#488 = FACE_BOUND('',#489,.T.);
#489 = EDGE_LOOP('',(#490,#496,#497,#498));
#490 = ORIENTED_EDGE('',*,*,#491,.T.);
#491 = EDGE_CURVE('',#227,#344,#492,.T.);
#492 = LINE('',#493,#494);
#493 = CARTESIAN_POINT('',(-0.5,-0.4,0.405));
#494 = VECTOR('',#495,1.);
#495 = DIRECTION('',(0.,1.,0.));
#496 = ORIENTED_EDGE('',*,*,#343,.T.);
#497 = ORIENTED_EDGE('',*,*,#477,.F.);
#498 = ORIENTED_EDGE('',*,*,#226,.F.);
#499 = CYLINDRICAL_SURFACE('',#500,4.5E-02);
#500 = AXIS2_PLACEMENT_3D('',#501,#502,#503);
#501 = CARTESIAN_POINT('',(-0.545,-0.4,0.405));
#502 = DIRECTION('',(0.,1.,0.));
#503 = DIRECTION('',(1.,0.,0.));
#504 = ADVANCED_FACE('',(#505),#548,.T.);
#505 = FACE_BOUND('',#506,.T.);
#506 = EDGE_LOOP('',(#507,#508,#509,#510,#518,#526,#534,#542));
#507 = ORIENTED_EDGE('',*,*,#368,.F.);
#508 = ORIENTED_EDGE('',*,*,#360,.T.);
#509 = ORIENTED_EDGE('',*,*,#352,.T.);
#510 = ORIENTED_EDGE('',*,*,#511,.T.);
#511 = EDGE_CURVE('',#344,#512,#514,.T.);
#512 = VERTEX_POINT('',#513);
#513 = CARTESIAN_POINT('',(0.5,0.4,0.405));
#514 = LINE('',#515,#516);
#515 = CARTESIAN_POINT('',(-0.5,0.4,0.405));
#516 = VECTOR('',#517,1.);
#517 = DIRECTION('',(1.,0.,0.));
#518 = ORIENTED_EDGE('',*,*,#519,.T.);
#519 = EDGE_CURVE('',#512,#520,#522,.T.);
#520 = VERTEX_POINT('',#521);
#521 = CARTESIAN_POINT('',(0.755,0.4,0.405));
#522 = LINE('',#523,#524);
#523 = CARTESIAN_POINT('',(-0.755,0.4,0.405));
#524 = VECTOR('',#525,1.);
#525 = DIRECTION('',(1.,0.,0.));
#526 = ORIENTED_EDGE('',*,*,#527,.F.);
#527 = EDGE_CURVE('',#528,#520,#530,.T.);
#528 = VERTEX_POINT('',#529);
#529 = CARTESIAN_POINT('',(0.755,0.4,4.5E-02));
#530 = LINE('',#531,#532);
#531 = CARTESIAN_POINT('',(0.755,0.4,4.5E-02));
#532 = VECTOR('',#533,1.);
#533 = DIRECTION('',(0.,0.,1.));
#534 = ORIENTED_EDGE('',*,*,#535,.F.);
#535 = EDGE_CURVE('',#536,#528,#538,.T.);
#536 = VERTEX_POINT('',#537);
#537 = CARTESIAN_POINT('',(0.5,0.4,4.5E-02));
#538 = LINE('',#539,#540);
#539 = CARTESIAN_POINT('',(-0.755,0.4,4.5E-02));
#540 = VECTOR('',#541,1.);
#541 = DIRECTION('',(1.,0.,0.));
#542 = ORIENTED_EDGE('',*,*,#543,.F.);
#543 = EDGE_CURVE('',#369,#536,#544,.T.);
#544 = LINE('',#545,#546);
#545 = CARTESIAN_POINT('',(-0.755,0.4,4.5E-02));
#546 = VECTOR('',#547,1.);
#547 = DIRECTION('',(1.,0.,0.));
#548 = PLANE('',#549);
#549 = AXIS2_PLACEMENT_3D('',#550,#551,#552);
#550 = CARTESIAN_POINT('',(-0.755,0.4,4.5E-02));
#551 = DIRECTION('',(0.,1.,0.));
#552 = DIRECTION('',(0.,-0.,1.));
#553 = ADVANCED_FACE('',(#554),#565,.F.);
#554 = FACE_BOUND('',#555,.F.);
#555 = EDGE_LOOP('',(#556,#557,#558,#564));
#556 = ORIENTED_EDGE('',*,*,#411,.F.);
#557 = ORIENTED_EDGE('',*,*,#460,.T.);
#558 = ORIENTED_EDGE('',*,*,#559,.T.);
#559 = EDGE_CURVE('',#453,#536,#560,.T.);
#560 = LINE('',#561,#562);
#561 = CARTESIAN_POINT('',(0.5,-0.4,4.5E-02));
#562 = VECTOR('',#563,1.);
#563 = DIRECTION('',(0.,1.,0.));
#564 = ORIENTED_EDGE('',*,*,#543,.F.);
#565 = PLANE('',#566);
#566 = AXIS2_PLACEMENT_3D('',#567,#568,#569);
#567 = CARTESIAN_POINT('',(-0.755,-0.4,4.5E-02));
#568 = DIRECTION('',(0.,0.,1.));
#569 = DIRECTION('',(1.,0.,-0.));
#570 = ADVANCED_FACE('',(#571),#634,.F.);
#571 = FACE_BOUND('',#572,.F.);
#572 = EDGE_LOOP('',(#573,#583,#590,#591,#592,#593,#602,#610,#619,#627)
  );
#573 = ORIENTED_EDGE('',*,*,#574,.F.);
#574 = EDGE_CURVE('',#575,#577,#579,.T.);
#575 = VERTEX_POINT('',#576);
#576 = CARTESIAN_POINT('',(0.545,-0.4,-2.775557561563E-17));
#577 = VERTEX_POINT('',#578);
#578 = CARTESIAN_POINT('',(0.755,-0.4,-2.775557561563E-17));
#579 = LINE('',#580,#581);
#580 = CARTESIAN_POINT('',(0.5,-0.4,0.));
#581 = VECTOR('',#582,1.);
#582 = DIRECTION('',(1.,0.,0.));
#583 = ORIENTED_EDGE('',*,*,#584,.F.);
#584 = EDGE_CURVE('',#453,#575,#585,.T.);
#585 = CIRCLE('',#586,4.5E-02);
#586 = AXIS2_PLACEMENT_3D('',#587,#588,#589);
#587 = CARTESIAN_POINT('',(0.545,-0.4,4.5E-02));
#588 = DIRECTION('',(0.,-1.,0.));
#589 = DIRECTION('',(0.,0.,1.));
#590 = ORIENTED_EDGE('',*,*,#452,.T.);
#591 = ORIENTED_EDGE('',*,*,#444,.T.);
#592 = ORIENTED_EDGE('',*,*,#436,.F.);
#593 = ORIENTED_EDGE('',*,*,#594,.T.);
#594 = EDGE_CURVE('',#429,#595,#597,.T.);
#595 = VERTEX_POINT('',#596);
#596 = CARTESIAN_POINT('',(0.545,-0.4,0.45));
#597 = CIRCLE('',#598,4.5E-02);
#598 = AXIS2_PLACEMENT_3D('',#599,#600,#601);
#599 = CARTESIAN_POINT('',(0.545,-0.4,0.405));
#600 = DIRECTION('',(0.,1.,0.));
#601 = DIRECTION('',(0.,-0.,1.));
#602 = ORIENTED_EDGE('',*,*,#603,.T.);
#603 = EDGE_CURVE('',#595,#604,#606,.T.);
#604 = VERTEX_POINT('',#605);
#605 = CARTESIAN_POINT('',(0.755,-0.4,0.45));
#606 = LINE('',#607,#608);
#607 = CARTESIAN_POINT('',(0.5,-0.4,0.45));
#608 = VECTOR('',#609,1.);
#609 = DIRECTION('',(1.,0.,0.));
#610 = ORIENTED_EDGE('',*,*,#611,.F.);
#611 = EDGE_CURVE('',#612,#604,#614,.T.);
#612 = VERTEX_POINT('',#613);
#613 = CARTESIAN_POINT('',(0.8,-0.4,0.405));
#614 = CIRCLE('',#615,4.5E-02);
#615 = AXIS2_PLACEMENT_3D('',#616,#617,#618);
#616 = CARTESIAN_POINT('',(0.755,-0.4,0.405));
#617 = DIRECTION('',(0.,-1.,0.));
#618 = DIRECTION('',(0.,0.,1.));
#619 = ORIENTED_EDGE('',*,*,#620,.F.);
#620 = EDGE_CURVE('',#621,#612,#623,.T.);
#621 = VERTEX_POINT('',#622);
#622 = CARTESIAN_POINT('',(0.8,-0.4,4.5E-02));
#623 = LINE('',#624,#625);
#624 = CARTESIAN_POINT('',(0.8,-0.4,0.));
#625 = VECTOR('',#626,1.);
#626 = DIRECTION('',(0.,0.,1.));
#627 = ORIENTED_EDGE('',*,*,#628,.T.);
#628 = EDGE_CURVE('',#621,#577,#629,.T.);
#629 = CIRCLE('',#630,4.5E-02);
#630 = AXIS2_PLACEMENT_3D('',#631,#632,#633);
#631 = CARTESIAN_POINT('',(0.755,-0.4,4.5E-02));
#632 = DIRECTION('',(0.,1.,0.));
#633 = DIRECTION('',(0.,-0.,1.));
#634 = PLANE('',#635);
#635 = AXIS2_PLACEMENT_3D('',#636,#637,#638);
#636 = CARTESIAN_POINT('',(0.5,-0.4,0.));
#637 = DIRECTION('',(0.,1.,0.));
#638 = DIRECTION('',(0.,-0.,1.));
#639 = ADVANCED_FACE('',(#640),#665,.F.);
#640 = FACE_BOUND('',#641,.F.);
#641 = EDGE_LOOP('',(#642,#643,#651,#659));
#642 = ORIENTED_EDGE('',*,*,#428,.F.);
#643 = ORIENTED_EDGE('',*,*,#644,.T.);
#644 = EDGE_CURVE('',#227,#645,#647,.T.);
#645 = VERTEX_POINT('',#646);
#646 = CARTESIAN_POINT('',(-0.5,-0.4,0.45));
#647 = LINE('',#648,#649);
#648 = CARTESIAN_POINT('',(-0.5,-0.4,0.405));
#649 = VECTOR('',#650,1.);
#650 = DIRECTION('',(0.,0.,1.));
#651 = ORIENTED_EDGE('',*,*,#652,.T.);
#652 = EDGE_CURVE('',#645,#653,#655,.T.);
#653 = VERTEX_POINT('',#654);
#654 = CARTESIAN_POINT('',(0.5,-0.4,0.45));
#655 = LINE('',#656,#657);
#656 = CARTESIAN_POINT('',(-0.5,-0.4,0.45));
#657 = VECTOR('',#658,1.);
#658 = DIRECTION('',(1.,0.,0.));
#659 = ORIENTED_EDGE('',*,*,#660,.F.);
#660 = EDGE_CURVE('',#429,#653,#661,.T.);
#661 = LINE('',#662,#663);
#662 = CARTESIAN_POINT('',(0.5,-0.4,0.405));
#663 = VECTOR('',#664,1.);
#664 = DIRECTION('',(0.,0.,1.));
#665 = PLANE('',#666);
#666 = AXIS2_PLACEMENT_3D('',#667,#668,#669);
#667 = CARTESIAN_POINT('',(-0.5,-0.4,0.405));
#668 = DIRECTION('',(0.,1.,0.));
#669 = DIRECTION('',(0.,-0.,1.));
#670 = ADVANCED_FACE('',(#671),#689,.F.);
#671 = FACE_BOUND('',#672,.F.);
#672 = EDGE_LOOP('',(#673,#674,#675,#683));
#673 = ORIENTED_EDGE('',*,*,#644,.F.);
#674 = ORIENTED_EDGE('',*,*,#491,.T.);
#675 = ORIENTED_EDGE('',*,*,#676,.T.);
#676 = EDGE_CURVE('',#344,#677,#679,.T.);
#677 = VERTEX_POINT('',#678);
#678 = CARTESIAN_POINT('',(-0.5,0.4,0.45));
#679 = LINE('',#680,#681);
#680 = CARTESIAN_POINT('',(-0.5,0.4,0.405));
#681 = VECTOR('',#682,1.);
#682 = DIRECTION('',(0.,0.,1.));
#683 = ORIENTED_EDGE('',*,*,#684,.F.);
#684 = EDGE_CURVE('',#645,#677,#685,.T.);
#685 = LINE('',#686,#687);
#686 = CARTESIAN_POINT('',(-0.5,-0.4,0.45));
#687 = VECTOR('',#688,1.);
#688 = DIRECTION('',(0.,1.,0.));
#689 = PLANE('',#690);
#690 = AXIS2_PLACEMENT_3D('',#691,#692,#693);
#691 = CARTESIAN_POINT('',(-0.5,-0.4,0.405));
#692 = DIRECTION('',(1.,0.,0.));
#693 = DIRECTION('',(0.,0.,1.));
#694 = ADVANCED_FACE('',(#695),#758,.T.);
#695 = FACE_BOUND('',#696,.T.);
#696 = EDGE_LOOP('',(#697,#707,#714,#715,#716,#717,#726,#734,#743,#751)
  );
#697 = ORIENTED_EDGE('',*,*,#698,.F.);
#698 = EDGE_CURVE('',#699,#701,#703,.T.);
#699 = VERTEX_POINT('',#700);
#700 = CARTESIAN_POINT('',(0.545,0.4,-2.775557561563E-17));
#701 = VERTEX_POINT('',#702);
#702 = CARTESIAN_POINT('',(0.755,0.4,-2.775557561563E-17));
#703 = LINE('',#704,#705);
#704 = CARTESIAN_POINT('',(0.5,0.4,0.));
#705 = VECTOR('',#706,1.);
#706 = DIRECTION('',(1.,0.,0.));
#707 = ORIENTED_EDGE('',*,*,#708,.F.);
#708 = EDGE_CURVE('',#536,#699,#709,.T.);
#709 = CIRCLE('',#710,4.5E-02);
#710 = AXIS2_PLACEMENT_3D('',#711,#712,#713);
#711 = CARTESIAN_POINT('',(0.545,0.4,4.5E-02));
#712 = DIRECTION('',(0.,-1.,0.));
#713 = DIRECTION('',(0.,0.,1.));
#714 = ORIENTED_EDGE('',*,*,#535,.T.);
#715 = ORIENTED_EDGE('',*,*,#527,.T.);
#716 = ORIENTED_EDGE('',*,*,#519,.F.);
#717 = ORIENTED_EDGE('',*,*,#718,.T.);
#718 = EDGE_CURVE('',#512,#719,#721,.T.);
#719 = VERTEX_POINT('',#720);
#720 = CARTESIAN_POINT('',(0.545,0.4,0.45));
#721 = CIRCLE('',#722,4.5E-02);
#722 = AXIS2_PLACEMENT_3D('',#723,#724,#725);
#723 = CARTESIAN_POINT('',(0.545,0.4,0.405));
#724 = DIRECTION('',(0.,1.,0.));
#725 = DIRECTION('',(0.,-0.,1.));
#726 = ORIENTED_EDGE('',*,*,#727,.T.);
#727 = EDGE_CURVE('',#719,#728,#730,.T.);
#728 = VERTEX_POINT('',#729);
#729 = CARTESIAN_POINT('',(0.755,0.4,0.45));
#730 = LINE('',#731,#732);
#731 = CARTESIAN_POINT('',(0.5,0.4,0.45));
#732 = VECTOR('',#733,1.);
#733 = DIRECTION('',(1.,0.,0.));
#734 = ORIENTED_EDGE('',*,*,#735,.F.);
#735 = EDGE_CURVE('',#736,#728,#738,.T.);
#736 = VERTEX_POINT('',#737);
#737 = CARTESIAN_POINT('',(0.8,0.4,0.405));
#738 = CIRCLE('',#739,4.5E-02);
#739 = AXIS2_PLACEMENT_3D('',#740,#741,#742);
#740 = CARTESIAN_POINT('',(0.755,0.4,0.405));
#741 = DIRECTION('',(0.,-1.,0.));
#742 = DIRECTION('',(0.,0.,1.));
#743 = ORIENTED_EDGE('',*,*,#744,.F.);
#744 = EDGE_CURVE('',#745,#736,#747,.T.);
#745 = VERTEX_POINT('',#746);
#746 = CARTESIAN_POINT('',(0.8,0.4,4.5E-02));
#747 = LINE('',#748,#749);
#748 = CARTESIAN_POINT('',(0.8,0.4,0.));
#749 = VECTOR('',#750,1.);
#750 = DIRECTION('',(0.,0.,1.));
#751 = ORIENTED_EDGE('',*,*,#752,.T.);
#752 = EDGE_CURVE('',#745,#701,#753,.T.);
#753 = CIRCLE('',#754,4.5E-02);
#754 = AXIS2_PLACEMENT_3D('',#755,#756,#757);
#755 = CARTESIAN_POINT('',(0.755,0.4,4.5E-02));
#756 = DIRECTION('',(0.,1.,0.));
#757 = DIRECTION('',(0.,-0.,1.));
#758 = PLANE('',#759);
#759 = AXIS2_PLACEMENT_3D('',#760,#761,#762);
#760 = CARTESIAN_POINT('',(0.5,0.4,0.));
#761 = DIRECTION('',(0.,1.,0.));
#762 = DIRECTION('',(0.,-0.,1.));
#763 = ADVANCED_FACE('',(#764),#782,.T.);
#764 = FACE_BOUND('',#765,.T.);
#765 = EDGE_LOOP('',(#766,#767,#768,#776));
#766 = ORIENTED_EDGE('',*,*,#511,.F.);
#767 = ORIENTED_EDGE('',*,*,#676,.T.);
#768 = ORIENTED_EDGE('',*,*,#769,.T.);
#769 = EDGE_CURVE('',#677,#770,#772,.T.);
#770 = VERTEX_POINT('',#771);
#771 = CARTESIAN_POINT('',(0.5,0.4,0.45));
#772 = LINE('',#773,#774);
#773 = CARTESIAN_POINT('',(-0.5,0.4,0.45));
#774 = VECTOR('',#775,1.);
#775 = DIRECTION('',(1.,0.,0.));
#776 = ORIENTED_EDGE('',*,*,#777,.F.);
#777 = EDGE_CURVE('',#512,#770,#778,.T.);
#778 = LINE('',#779,#780);
#779 = CARTESIAN_POINT('',(0.5,0.4,0.405));
#780 = VECTOR('',#781,1.);
#781 = DIRECTION('',(0.,0.,1.));
#782 = PLANE('',#783);
#783 = AXIS2_PLACEMENT_3D('',#784,#785,#786);
#784 = CARTESIAN_POINT('',(-0.5,0.4,0.405));
#785 = DIRECTION('',(0.,1.,0.));
#786 = DIRECTION('',(0.,-0.,1.));
#787 = ADVANCED_FACE('',(#788),#799,.T.);
#788 = FACE_BOUND('',#789,.T.);
#789 = EDGE_LOOP('',(#790,#791,#792,#798));
#790 = ORIENTED_EDGE('',*,*,#559,.T.);
#791 = ORIENTED_EDGE('',*,*,#708,.T.);
#792 = ORIENTED_EDGE('',*,*,#793,.F.);
#793 = EDGE_CURVE('',#575,#699,#794,.T.);
#794 = LINE('',#795,#796);
#795 = CARTESIAN_POINT('',(0.545,-0.4,-2.775557561563E-17));
#796 = VECTOR('',#797,1.);
#797 = DIRECTION('',(0.,1.,0.));
#798 = ORIENTED_EDGE('',*,*,#584,.F.);
#799 = CYLINDRICAL_SURFACE('',#800,4.5E-02);
#800 = AXIS2_PLACEMENT_3D('',#801,#802,#803);
#801 = CARTESIAN_POINT('',(0.545,-0.4,4.5E-02));
#802 = DIRECTION('',(0.,1.,0.));
#803 = DIRECTION('',(-1.,0.,0.));
#804 = ADVANCED_FACE('',(#805),#816,.F.);
#805 = FACE_BOUND('',#806,.F.);
#806 = EDGE_LOOP('',(#807,#808,#809,#810));
#807 = ORIENTED_EDGE('',*,*,#698,.F.);
#808 = ORIENTED_EDGE('',*,*,#793,.F.);
#809 = ORIENTED_EDGE('',*,*,#574,.T.);
#810 = ORIENTED_EDGE('',*,*,#811,.T.);
#811 = EDGE_CURVE('',#577,#701,#812,.T.);
#812 = LINE('',#813,#814);
#813 = CARTESIAN_POINT('',(0.755,-0.4,-2.775557561563E-17));
#814 = VECTOR('',#815,1.);
#815 = DIRECTION('',(0.,1.,0.));
#816 = PLANE('',#817);
#817 = AXIS2_PLACEMENT_3D('',#818,#819,#820);
#818 = CARTESIAN_POINT('',(0.5,-0.4,0.));
#819 = DIRECTION('',(0.,0.,1.));
#820 = DIRECTION('',(1.,0.,-0.));
#821 = ADVANCED_FACE('',(#822),#833,.T.);
#822 = FACE_BOUND('',#823,.T.);
#823 = EDGE_LOOP('',(#824,#825,#826,#827));
#824 = ORIENTED_EDGE('',*,*,#628,.T.);
#825 = ORIENTED_EDGE('',*,*,#811,.T.);
#826 = ORIENTED_EDGE('',*,*,#752,.F.);
#827 = ORIENTED_EDGE('',*,*,#828,.F.);
#828 = EDGE_CURVE('',#621,#745,#829,.T.);
#829 = LINE('',#830,#831);
#830 = CARTESIAN_POINT('',(0.8,-0.4,4.5E-02));
#831 = VECTOR('',#832,1.);
#832 = DIRECTION('',(0.,1.,0.));
#833 = CYLINDRICAL_SURFACE('',#834,4.5E-02);
#834 = AXIS2_PLACEMENT_3D('',#835,#836,#837);
#835 = CARTESIAN_POINT('',(0.755,-0.4,4.5E-02));
#836 = DIRECTION('',(0.,1.,0.));
#837 = DIRECTION('',(1.,0.,0.));
#838 = ADVANCED_FACE('',(#839),#850,.T.);
#839 = FACE_BOUND('',#840,.T.);
#840 = EDGE_LOOP('',(#841,#842,#843,#844));
#841 = ORIENTED_EDGE('',*,*,#620,.F.);
#842 = ORIENTED_EDGE('',*,*,#828,.T.);
#843 = ORIENTED_EDGE('',*,*,#744,.T.);
#844 = ORIENTED_EDGE('',*,*,#845,.F.);
#845 = EDGE_CURVE('',#612,#736,#846,.T.);
#846 = LINE('',#847,#848);
#847 = CARTESIAN_POINT('',(0.8,-0.4,0.405));
#848 = VECTOR('',#849,1.);
#849 = DIRECTION('',(0.,1.,0.));
#850 = PLANE('',#851);
#851 = AXIS2_PLACEMENT_3D('',#852,#853,#854);
#852 = CARTESIAN_POINT('',(0.8,-0.4,0.));
#853 = DIRECTION('',(1.,0.,0.));
#854 = DIRECTION('',(0.,0.,1.));
#855 = ADVANCED_FACE('',(#856),#867,.T.);
#856 = FACE_BOUND('',#857,.T.);
#857 = EDGE_LOOP('',(#858,#859,#860,#866));
#858 = ORIENTED_EDGE('',*,*,#845,.T.);
#859 = ORIENTED_EDGE('',*,*,#735,.T.);
#860 = ORIENTED_EDGE('',*,*,#861,.F.);
#861 = EDGE_CURVE('',#604,#728,#862,.T.);
#862 = LINE('',#863,#864);
#863 = CARTESIAN_POINT('',(0.755,-0.4,0.45));
#864 = VECTOR('',#865,1.);
#865 = DIRECTION('',(0.,1.,0.));
#866 = ORIENTED_EDGE('',*,*,#611,.F.);
#867 = CYLINDRICAL_SURFACE('',#868,4.5E-02);
#868 = AXIS2_PLACEMENT_3D('',#869,#870,#871);
#869 = CARTESIAN_POINT('',(0.755,-0.4,0.405));
#870 = DIRECTION('',(0.,1.,0.));
#871 = DIRECTION('',(1.,0.,0.));
#872 = ADVANCED_FACE('',(#873),#884,.T.);
#873 = FACE_BOUND('',#874,.T.);
#874 = EDGE_LOOP('',(#875,#876,#882,#883));
#875 = ORIENTED_EDGE('',*,*,#727,.F.);
#876 = ORIENTED_EDGE('',*,*,#877,.F.);
#877 = EDGE_CURVE('',#595,#719,#878,.T.);
#878 = LINE('',#879,#880);
#879 = CARTESIAN_POINT('',(0.545,-0.4,0.45));
#880 = VECTOR('',#881,1.);
#881 = DIRECTION('',(0.,1.,0.));
#882 = ORIENTED_EDGE('',*,*,#603,.T.);
#883 = ORIENTED_EDGE('',*,*,#861,.T.);
#884 = PLANE('',#885);
#885 = AXIS2_PLACEMENT_3D('',#886,#887,#888);
#886 = CARTESIAN_POINT('',(0.5,-0.4,0.45));
#887 = DIRECTION('',(0.,0.,1.));
#888 = DIRECTION('',(1.,0.,-0.));
#889 = ADVANCED_FACE('',(#890),#901,.T.);
#890 = FACE_BOUND('',#891,.T.);
#891 = EDGE_LOOP('',(#892,#893,#894,#895));
#892 = ORIENTED_EDGE('',*,*,#594,.T.);
#893 = ORIENTED_EDGE('',*,*,#877,.T.);
#894 = ORIENTED_EDGE('',*,*,#718,.F.);
#895 = ORIENTED_EDGE('',*,*,#896,.F.);
#896 = EDGE_CURVE('',#429,#512,#897,.T.);
#897 = LINE('',#898,#899);
#898 = CARTESIAN_POINT('',(0.5,-0.4,0.405));
#899 = VECTOR('',#900,1.);
#900 = DIRECTION('',(0.,1.,0.));
#901 = CYLINDRICAL_SURFACE('',#902,4.5E-02);
#902 = AXIS2_PLACEMENT_3D('',#903,#904,#905);
#903 = CARTESIAN_POINT('',(0.545,-0.4,0.405));
#904 = DIRECTION('',(0.,1.,0.));
#905 = DIRECTION('',(-1.,0.,0.));
#906 = ADVANCED_FACE('',(#907),#918,.T.);
#907 = FACE_BOUND('',#908,.T.);
#908 = EDGE_LOOP('',(#909,#910,#911,#912));
#909 = ORIENTED_EDGE('',*,*,#660,.F.);
#910 = ORIENTED_EDGE('',*,*,#896,.T.);
#911 = ORIENTED_EDGE('',*,*,#777,.T.);
#912 = ORIENTED_EDGE('',*,*,#913,.F.);
#913 = EDGE_CURVE('',#653,#770,#914,.T.);
#914 = LINE('',#915,#916);
#915 = CARTESIAN_POINT('',(0.5,-0.4,0.45));
#916 = VECTOR('',#917,1.);
#917 = DIRECTION('',(0.,1.,0.));
#918 = PLANE('',#919);
#919 = AXIS2_PLACEMENT_3D('',#920,#921,#922);
#920 = CARTESIAN_POINT('',(0.5,-0.4,0.405));
#921 = DIRECTION('',(1.,0.,0.));
#922 = DIRECTION('',(0.,0.,1.));
#923 = ADVANCED_FACE('',(#924),#930,.T.);
#924 = FACE_BOUND('',#925,.T.);
#925 = EDGE_LOOP('',(#926,#927,#928,#929));
#926 = ORIENTED_EDGE('',*,*,#684,.F.);
#927 = ORIENTED_EDGE('',*,*,#652,.T.);
#928 = ORIENTED_EDGE('',*,*,#913,.T.);
#929 = ORIENTED_EDGE('',*,*,#769,.F.);
#930 = PLANE('',#931);
#931 = AXIS2_PLACEMENT_3D('',#932,#933,#934);
#932 = CARTESIAN_POINT('',(-0.5,-0.4,0.45));
#933 = DIRECTION('',(0.,0.,1.));
#934 = DIRECTION('',(1.,0.,-0.));
#935 = ( GEOMETRIC_REPRESENTATION_CONTEXT(3) 
GLOBAL_UNCERTAINTY_ASSIGNED_CONTEXT((#939)) GLOBAL_UNIT_ASSIGNED_CONTEXT
((#936,#937,#938)) REPRESENTATION_CONTEXT('Context #1',
  '3D Context with UNIT and UNCERTAINTY') );
#936 = ( LENGTH_UNIT() NAMED_UNIT(*) SI_UNIT(.MILLI.,.METRE.) );
#937 = ( NAMED_UNIT(*) PLANE_ANGLE_UNIT() SI_UNIT($,.RADIAN.) );
#938 = ( NAMED_UNIT(*) SI_UNIT($,.STERADIAN.) SOLID_ANGLE_UNIT() );
#939 = UNCERTAINTY_MEASURE_WITH_UNIT(LENGTH_MEASURE(1.E-07),#936,
  'distance_accuracy_value','confusion accuracy');
#940 = CONTEXT_DEPENDENT_SHAPE_REPRESENTATION(#941,#943);
#941 = ( REPRESENTATION_RELATIONSHIP('','',#144,#10) 
REPRESENTATION_RELATIONSHIP_WITH_TRANSFORMATION(#942) 
SHAPE_REPRESENTATION_RELATIONSHIP() );
#942 = ITEM_DEFINED_TRANSFORMATION('','',#11,#15);
#943 = PRODUCT_DEFINITION_SHAPE('Placement','Placement of an item',#944
  );
#944 = NEXT_ASSEMBLY_USAGE_OCCURRENCE('1','R3','',#5,#139,$);
#945 = PRODUCT_RELATED_PRODUCT_CATEGORY('part',$,(#141));
#946 = SHAPE_DEFINITION_REPRESENTATION(#947,#953);
#947 = PRODUCT_DEFINITION_SHAPE('','',#948);
#948 = PRODUCT_DEFINITION('design','',#949,#952);
#949 = PRODUCT_DEFINITION_FORMATION('','',#950);
#950 = PRODUCT('C_0603_1608Metric','C_0603_1608Metric','',(#951));
#951 = PRODUCT_CONTEXT('',#2,'mechanical');
#952 = PRODUCT_DEFINITION_CONTEXT('part definition',#2,'design');
#953 = ADVANCED_BREP_SHAPE_REPRESENTATION('',(#11,#954),#1808);
#954 = MANIFOLD_SOLID_BREP('',#955);
#955 = CLOSED_SHELL('',(#956,#1032,#1063,#1088,#1113,#1137,#1161,#1186,
    #1211,#1228,#1314,#1346,#1370,#1395,#1419,#1444,#1468,#1493,#1510,
    #1596,#1627,#1652,#1677,#1701,#1725,#1750,#1775,#1792));
#956 = ADVANCED_FACE('',(#957),#1027,.F.);
#957 = FACE_BOUND('',#958,.F.);
#958 = EDGE_LOOP('',(#959,#969,#978,#986,#995,#1003,#1012,#1020));
#959 = ORIENTED_EDGE('',*,*,#960,.F.);
#960 = EDGE_CURVE('',#961,#963,#965,.T.);
#961 = VERTEX_POINT('',#962);
#962 = CARTESIAN_POINT('',(-0.8,-0.4,3.E-02));
#963 = VERTEX_POINT('',#964);
#964 = CARTESIAN_POINT('',(-0.8,-0.4,0.77));
#965 = LINE('',#966,#967);
#966 = CARTESIAN_POINT('',(-0.8,-0.4,0.));
#967 = VECTOR('',#968,1.);
#968 = DIRECTION('',(0.,0.,1.));
#969 = ORIENTED_EDGE('',*,*,#970,.T.);
#970 = EDGE_CURVE('',#961,#971,#973,.T.);
#971 = VERTEX_POINT('',#972);
#972 = CARTESIAN_POINT('',(-0.8,-0.37,0.));
#973 = CIRCLE('',#974,3.E-02);
#974 = AXIS2_PLACEMENT_3D('',#975,#976,#977);
#975 = CARTESIAN_POINT('',(-0.8,-0.37,3.E-02));
#976 = DIRECTION('',(1.,0.,-0.));
#977 = DIRECTION('',(0.,0.,1.));
#978 = ORIENTED_EDGE('',*,*,#979,.T.);
#979 = EDGE_CURVE('',#971,#980,#982,.T.);
#980 = VERTEX_POINT('',#981);
#981 = CARTESIAN_POINT('',(-0.8,0.37,0.));
#982 = LINE('',#983,#984);
#983 = CARTESIAN_POINT('',(-0.8,-0.4,0.));
#984 = VECTOR('',#985,1.);
#985 = DIRECTION('',(0.,1.,0.));
#986 = ORIENTED_EDGE('',*,*,#987,.F.);
#987 = EDGE_CURVE('',#988,#980,#990,.T.);
#988 = VERTEX_POINT('',#989);
#989 = CARTESIAN_POINT('',(-0.8,0.4,3.E-02));
#990 = CIRCLE('',#991,3.E-02);
#991 = AXIS2_PLACEMENT_3D('',#992,#993,#994);
#992 = CARTESIAN_POINT('',(-0.8,0.37,3.E-02));
#993 = DIRECTION('',(-1.,0.,0.));
#994 = DIRECTION('',(0.,0.,1.));
#995 = ORIENTED_EDGE('',*,*,#996,.T.);
#996 = EDGE_CURVE('',#988,#997,#999,.T.);
#997 = VERTEX_POINT('',#998);
#998 = CARTESIAN_POINT('',(-0.8,0.4,0.77));
#999 = LINE('',#1000,#1001);
#1000 = CARTESIAN_POINT('',(-0.8,0.4,0.));
#1001 = VECTOR('',#1002,1.);
#1002 = DIRECTION('',(0.,0.,1.));
#1003 = ORIENTED_EDGE('',*,*,#1004,.T.);
#1004 = EDGE_CURVE('',#997,#1005,#1007,.T.);
#1005 = VERTEX_POINT('',#1006);
#1006 = CARTESIAN_POINT('',(-0.8,0.37,0.8));
#1007 = CIRCLE('',#1008,3.E-02);
#1008 = AXIS2_PLACEMENT_3D('',#1009,#1010,#1011);
#1009 = CARTESIAN_POINT('',(-0.8,0.37,0.77));
#1010 = DIRECTION('',(1.,0.,-0.));
#1011 = DIRECTION('',(0.,0.,1.));
#1012 = ORIENTED_EDGE('',*,*,#1013,.F.);
#1013 = EDGE_CURVE('',#1014,#1005,#1016,.T.);
#1014 = VERTEX_POINT('',#1015);
#1015 = CARTESIAN_POINT('',(-0.8,-0.37,0.8));
#1016 = LINE('',#1017,#1018);
#1017 = CARTESIAN_POINT('',(-0.8,-0.4,0.8));
#1018 = VECTOR('',#1019,1.);
#1019 = DIRECTION('',(0.,1.,0.));
#1020 = ORIENTED_EDGE('',*,*,#1021,.F.);
#1021 = EDGE_CURVE('',#963,#1014,#1022,.T.);
#1022 = CIRCLE('',#1023,3.E-02);
#1023 = AXIS2_PLACEMENT_3D('',#1024,#1025,#1026);
#1024 = CARTESIAN_POINT('',(-0.8,-0.37,0.77));
#1025 = DIRECTION('',(-1.,0.,0.));
#1026 = DIRECTION('',(0.,0.,1.));
#1027 = PLANE('',#1028);
#1028 = AXIS2_PLACEMENT_3D('',#1029,#1030,#1031);
#1029 = CARTESIAN_POINT('',(-0.8,-0.4,0.));
#1030 = DIRECTION('',(1.,0.,0.));
#1031 = DIRECTION('',(0.,0.,1.));
#1032 = ADVANCED_FACE('',(#1033),#1058,.F.);
#1033 = FACE_BOUND('',#1034,.F.);
#1034 = EDGE_LOOP('',(#1035,#1045,#1051,#1052));
#1035 = ORIENTED_EDGE('',*,*,#1036,.F.);
#1036 = EDGE_CURVE('',#1037,#1039,#1041,.T.);
#1037 = VERTEX_POINT('',#1038);
#1038 = CARTESIAN_POINT('',(-0.5,-0.4,3.E-02));
#1039 = VERTEX_POINT('',#1040);
#1040 = CARTESIAN_POINT('',(-0.5,-0.4,0.77));
#1041 = LINE('',#1042,#1043);
#1042 = CARTESIAN_POINT('',(-0.5,-0.4,0.));
#1043 = VECTOR('',#1044,1.);
#1044 = DIRECTION('',(0.,0.,1.));
#1045 = ORIENTED_EDGE('',*,*,#1046,.F.);
#1046 = EDGE_CURVE('',#961,#1037,#1047,.T.);
#1047 = LINE('',#1048,#1049);
#1048 = CARTESIAN_POINT('',(-0.8,-0.4,3.E-02));
#1049 = VECTOR('',#1050,1.);
#1050 = DIRECTION('',(1.,0.,0.));
#1051 = ORIENTED_EDGE('',*,*,#960,.T.);
#1052 = ORIENTED_EDGE('',*,*,#1053,.T.);
#1053 = EDGE_CURVE('',#963,#1039,#1054,.T.);
#1054 = LINE('',#1055,#1056);
#1055 = CARTESIAN_POINT('',(-0.8,-0.4,0.77));
#1056 = VECTOR('',#1057,1.);
#1057 = DIRECTION('',(1.,0.,0.));
#1058 = PLANE('',#1059);
#1059 = AXIS2_PLACEMENT_3D('',#1060,#1061,#1062);
#1060 = CARTESIAN_POINT('',(-0.8,-0.4,0.));
#1061 = DIRECTION('',(0.,1.,0.));
#1062 = DIRECTION('',(0.,-0.,1.));
#1063 = ADVANCED_FACE('',(#1064),#1083,.T.);
#1064 = FACE_BOUND('',#1065,.T.);
#1065 = EDGE_LOOP('',(#1066,#1067,#1075,#1082));
#1066 = ORIENTED_EDGE('',*,*,#970,.T.);
#1067 = ORIENTED_EDGE('',*,*,#1068,.T.);
#1068 = EDGE_CURVE('',#971,#1069,#1071,.T.);
#1069 = VERTEX_POINT('',#1070);
#1070 = CARTESIAN_POINT('',(-0.5,-0.37,0.));
#1071 = LINE('',#1072,#1073);
#1072 = CARTESIAN_POINT('',(-0.8,-0.37,0.));
#1073 = VECTOR('',#1074,1.);
#1074 = DIRECTION('',(1.,0.,0.));
#1075 = ORIENTED_EDGE('',*,*,#1076,.F.);
#1076 = EDGE_CURVE('',#1037,#1069,#1077,.T.);
#1077 = CIRCLE('',#1078,3.E-02);
#1078 = AXIS2_PLACEMENT_3D('',#1079,#1080,#1081);
#1079 = CARTESIAN_POINT('',(-0.5,-0.37,3.E-02));
#1080 = DIRECTION('',(1.,0.,-0.));
#1081 = DIRECTION('',(0.,0.,1.));
#1082 = ORIENTED_EDGE('',*,*,#1046,.F.);
#1083 = CYLINDRICAL_SURFACE('',#1084,3.E-02);
#1084 = AXIS2_PLACEMENT_3D('',#1085,#1086,#1087);
#1085 = CARTESIAN_POINT('',(-0.8,-0.37,3.E-02));
#1086 = DIRECTION('',(1.,0.,0.));
#1087 = DIRECTION('',(0.,-1.,0.));
#1088 = ADVANCED_FACE('',(#1089),#1108,.T.);
#1089 = FACE_BOUND('',#1090,.T.);
#1090 = EDGE_LOOP('',(#1091,#1092,#1101,#1107));
#1091 = ORIENTED_EDGE('',*,*,#1053,.T.);
#1092 = ORIENTED_EDGE('',*,*,#1093,.T.);
#1093 = EDGE_CURVE('',#1039,#1094,#1096,.T.);
#1094 = VERTEX_POINT('',#1095);
#1095 = CARTESIAN_POINT('',(-0.5,-0.37,0.8));
#1096 = CIRCLE('',#1097,3.E-02);
#1097 = AXIS2_PLACEMENT_3D('',#1098,#1099,#1100);
#1098 = CARTESIAN_POINT('',(-0.5,-0.37,0.77));
#1099 = DIRECTION('',(-1.,0.,0.));
#1100 = DIRECTION('',(0.,0.,1.));
#1101 = ORIENTED_EDGE('',*,*,#1102,.F.);
#1102 = EDGE_CURVE('',#1014,#1094,#1103,.T.);
#1103 = LINE('',#1104,#1105);
#1104 = CARTESIAN_POINT('',(-0.8,-0.37,0.8));
#1105 = VECTOR('',#1106,1.);
#1106 = DIRECTION('',(1.,0.,0.));
#1107 = ORIENTED_EDGE('',*,*,#1021,.F.);
#1108 = CYLINDRICAL_SURFACE('',#1109,3.E-02);
#1109 = AXIS2_PLACEMENT_3D('',#1110,#1111,#1112);
#1110 = CARTESIAN_POINT('',(-0.8,-0.37,0.77));
#1111 = DIRECTION('',(1.,0.,0.));
#1112 = DIRECTION('',(0.,-1.,0.));
#1113 = ADVANCED_FACE('',(#1114),#1132,.F.);
#1114 = FACE_BOUND('',#1115,.F.);
#1115 = EDGE_LOOP('',(#1116,#1117,#1118,#1126));
#1116 = ORIENTED_EDGE('',*,*,#979,.F.);
#1117 = ORIENTED_EDGE('',*,*,#1068,.T.);
#1118 = ORIENTED_EDGE('',*,*,#1119,.T.);
#1119 = EDGE_CURVE('',#1069,#1120,#1122,.T.);
#1120 = VERTEX_POINT('',#1121);
#1121 = CARTESIAN_POINT('',(-0.5,0.37,0.));
#1122 = LINE('',#1123,#1124);
#1123 = CARTESIAN_POINT('',(-0.5,-0.4,0.));
#1124 = VECTOR('',#1125,1.);
#1125 = DIRECTION('',(0.,1.,0.));
#1126 = ORIENTED_EDGE('',*,*,#1127,.F.);
#1127 = EDGE_CURVE('',#980,#1120,#1128,.T.);
#1128 = LINE('',#1129,#1130);
#1129 = CARTESIAN_POINT('',(-0.8,0.37,0.));
#1130 = VECTOR('',#1131,1.);
#1131 = DIRECTION('',(1.,0.,0.));
#1132 = PLANE('',#1133);
#1133 = AXIS2_PLACEMENT_3D('',#1134,#1135,#1136);
#1134 = CARTESIAN_POINT('',(-0.8,-0.4,0.));
#1135 = DIRECTION('',(0.,0.,1.));
#1136 = DIRECTION('',(1.,0.,-0.));
#1137 = ADVANCED_FACE('',(#1138),#1156,.T.);
#1138 = FACE_BOUND('',#1139,.T.);
#1139 = EDGE_LOOP('',(#1140,#1141,#1142,#1150));
#1140 = ORIENTED_EDGE('',*,*,#1013,.F.);
#1141 = ORIENTED_EDGE('',*,*,#1102,.T.);
#1142 = ORIENTED_EDGE('',*,*,#1143,.T.);
#1143 = EDGE_CURVE('',#1094,#1144,#1146,.T.);
#1144 = VERTEX_POINT('',#1145);
#1145 = CARTESIAN_POINT('',(-0.5,0.37,0.8));
#1146 = LINE('',#1147,#1148);
#1147 = CARTESIAN_POINT('',(-0.5,-0.4,0.8));
#1148 = VECTOR('',#1149,1.);
#1149 = DIRECTION('',(0.,1.,0.));
#1150 = ORIENTED_EDGE('',*,*,#1151,.F.);
#1151 = EDGE_CURVE('',#1005,#1144,#1152,.T.);
#1152 = LINE('',#1153,#1154);
#1153 = CARTESIAN_POINT('',(-0.8,0.37,0.8));
#1154 = VECTOR('',#1155,1.);
#1155 = DIRECTION('',(1.,0.,0.));
#1156 = PLANE('',#1157);
#1157 = AXIS2_PLACEMENT_3D('',#1158,#1159,#1160);
#1158 = CARTESIAN_POINT('',(-0.8,-0.4,0.8));
#1159 = DIRECTION('',(0.,0.,1.));
#1160 = DIRECTION('',(1.,0.,-0.));
#1161 = ADVANCED_FACE('',(#1162),#1181,.T.);
#1162 = FACE_BOUND('',#1163,.T.);
#1163 = EDGE_LOOP('',(#1164,#1172,#1179,#1180));
#1164 = ORIENTED_EDGE('',*,*,#1165,.T.);
#1165 = EDGE_CURVE('',#988,#1166,#1168,.T.);
#1166 = VERTEX_POINT('',#1167);
#1167 = CARTESIAN_POINT('',(-0.5,0.4,3.E-02));
#1168 = LINE('',#1169,#1170);
#1169 = CARTESIAN_POINT('',(-0.8,0.4,3.E-02));
#1170 = VECTOR('',#1171,1.);
#1171 = DIRECTION('',(1.,0.,0.));
#1172 = ORIENTED_EDGE('',*,*,#1173,.T.);
#1173 = EDGE_CURVE('',#1166,#1120,#1174,.T.);
#1174 = CIRCLE('',#1175,3.E-02);
#1175 = AXIS2_PLACEMENT_3D('',#1176,#1177,#1178);
#1176 = CARTESIAN_POINT('',(-0.5,0.37,3.E-02));
#1177 = DIRECTION('',(-1.,0.,0.));
#1178 = DIRECTION('',(0.,0.,1.));
#1179 = ORIENTED_EDGE('',*,*,#1127,.F.);
#1180 = ORIENTED_EDGE('',*,*,#987,.F.);
#1181 = CYLINDRICAL_SURFACE('',#1182,3.E-02);
#1182 = AXIS2_PLACEMENT_3D('',#1183,#1184,#1185);
#1183 = CARTESIAN_POINT('',(-0.8,0.37,3.E-02));
#1184 = DIRECTION('',(1.,0.,0.));
#1185 = DIRECTION('',(-0.,1.,0.));
#1186 = ADVANCED_FACE('',(#1187),#1206,.T.);
#1187 = FACE_BOUND('',#1188,.T.);
#1188 = EDGE_LOOP('',(#1189,#1190,#1191,#1200));
#1189 = ORIENTED_EDGE('',*,*,#1004,.T.);
#1190 = ORIENTED_EDGE('',*,*,#1151,.T.);
#1191 = ORIENTED_EDGE('',*,*,#1192,.F.);
#1192 = EDGE_CURVE('',#1193,#1144,#1195,.T.);
#1193 = VERTEX_POINT('',#1194);
#1194 = CARTESIAN_POINT('',(-0.5,0.4,0.77));
#1195 = CIRCLE('',#1196,3.E-02);
#1196 = AXIS2_PLACEMENT_3D('',#1197,#1198,#1199);
#1197 = CARTESIAN_POINT('',(-0.5,0.37,0.77));
#1198 = DIRECTION('',(1.,0.,-0.));
#1199 = DIRECTION('',(0.,0.,1.));
#1200 = ORIENTED_EDGE('',*,*,#1201,.F.);
#1201 = EDGE_CURVE('',#997,#1193,#1202,.T.);
#1202 = LINE('',#1203,#1204);
#1203 = CARTESIAN_POINT('',(-0.8,0.4,0.77));
#1204 = VECTOR('',#1205,1.);
#1205 = DIRECTION('',(1.,0.,0.));
#1206 = CYLINDRICAL_SURFACE('',#1207,3.E-02);
#1207 = AXIS2_PLACEMENT_3D('',#1208,#1209,#1210);
#1208 = CARTESIAN_POINT('',(-0.8,0.37,0.77));
#1209 = DIRECTION('',(1.,0.,0.));
#1210 = DIRECTION('',(-0.,1.,0.));
#1211 = ADVANCED_FACE('',(#1212),#1223,.T.);
#1212 = FACE_BOUND('',#1213,.T.);
#1213 = EDGE_LOOP('',(#1214,#1220,#1221,#1222));
#1214 = ORIENTED_EDGE('',*,*,#1215,.F.);
#1215 = EDGE_CURVE('',#1166,#1193,#1216,.T.);
#1216 = LINE('',#1217,#1218);
#1217 = CARTESIAN_POINT('',(-0.5,0.4,0.));
#1218 = VECTOR('',#1219,1.);
#1219 = DIRECTION('',(0.,0.,1.));
#1220 = ORIENTED_EDGE('',*,*,#1165,.F.);
#1221 = ORIENTED_EDGE('',*,*,#996,.T.);
#1222 = ORIENTED_EDGE('',*,*,#1201,.T.);
#1223 = PLANE('',#1224);
#1224 = AXIS2_PLACEMENT_3D('',#1225,#1226,#1227);
#1225 = CARTESIAN_POINT('',(-0.8,0.4,0.));
#1226 = DIRECTION('',(0.,1.,0.));
#1227 = DIRECTION('',(0.,-0.,1.));
#1228 = ADVANCED_FACE('',(#1229,#1239),#1309,.T.);
#1229 = FACE_BOUND('',#1230,.T.);
#1230 = EDGE_LOOP('',(#1231,#1232,#1233,#1234,#1235,#1236,#1237,#1238));
#1231 = ORIENTED_EDGE('',*,*,#1036,.F.);
#1232 = ORIENTED_EDGE('',*,*,#1076,.T.);
#1233 = ORIENTED_EDGE('',*,*,#1119,.T.);
#1234 = ORIENTED_EDGE('',*,*,#1173,.F.);
#1235 = ORIENTED_EDGE('',*,*,#1215,.T.);
#1236 = ORIENTED_EDGE('',*,*,#1192,.T.);
#1237 = ORIENTED_EDGE('',*,*,#1143,.F.);
#1238 = ORIENTED_EDGE('',*,*,#1093,.F.);
#1239 = FACE_BOUND('',#1240,.T.);
#1240 = EDGE_LOOP('',(#1241,#1252,#1260,#1269,#1277,#1286,#1294,#1303));
#1241 = ORIENTED_EDGE('',*,*,#1242,.F.);
#1242 = EDGE_CURVE('',#1243,#1245,#1247,.T.);
#1243 = VERTEX_POINT('',#1244);
#1244 = CARTESIAN_POINT('',(-0.5,-0.37,6.E-02));
#1245 = VERTEX_POINT('',#1246);
#1246 = CARTESIAN_POINT('',(-0.5,-0.34,3.E-02));
#1247 = CIRCLE('',#1248,3.E-02);
#1248 = AXIS2_PLACEMENT_3D('',#1249,#1250,#1251);
#1249 = CARTESIAN_POINT('',(-0.5,-0.34,6.E-02));
#1250 = DIRECTION('',(1.,0.,-0.));
#1251 = DIRECTION('',(0.,0.,1.));
#1252 = ORIENTED_EDGE('',*,*,#1253,.T.);
#1253 = EDGE_CURVE('',#1243,#1254,#1256,.T.);
#1254 = VERTEX_POINT('',#1255);
#1255 = CARTESIAN_POINT('',(-0.5,-0.37,0.74));
#1256 = LINE('',#1257,#1258);
#1257 = CARTESIAN_POINT('',(-0.5,-0.37,3.E-02));
#1258 = VECTOR('',#1259,1.);
#1259 = DIRECTION('',(0.,0.,1.));
#1260 = ORIENTED_EDGE('',*,*,#1261,.T.);
#1261 = EDGE_CURVE('',#1254,#1262,#1264,.T.);
#1262 = VERTEX_POINT('',#1263);
#1263 = CARTESIAN_POINT('',(-0.5,-0.34,0.77));
#1264 = CIRCLE('',#1265,3.E-02);
#1265 = AXIS2_PLACEMENT_3D('',#1266,#1267,#1268);
#1266 = CARTESIAN_POINT('',(-0.5,-0.34,0.74));
#1267 = DIRECTION('',(-1.,0.,0.));
#1268 = DIRECTION('',(0.,0.,1.));
#1269 = ORIENTED_EDGE('',*,*,#1270,.T.);
#1270 = EDGE_CURVE('',#1262,#1271,#1273,.T.);
#1271 = VERTEX_POINT('',#1272);
#1272 = CARTESIAN_POINT('',(-0.5,0.34,0.77));
#1273 = LINE('',#1274,#1275);
#1274 = CARTESIAN_POINT('',(-0.5,-0.37,0.77));
#1275 = VECTOR('',#1276,1.);
#1276 = DIRECTION('',(0.,1.,0.));
#1277 = ORIENTED_EDGE('',*,*,#1278,.F.);
#1278 = EDGE_CURVE('',#1279,#1271,#1281,.T.);
#1279 = VERTEX_POINT('',#1280);
#1280 = CARTESIAN_POINT('',(-0.5,0.37,0.74));
#1281 = CIRCLE('',#1282,3.E-02);
#1282 = AXIS2_PLACEMENT_3D('',#1283,#1284,#1285);
#1283 = CARTESIAN_POINT('',(-0.5,0.34,0.74));
#1284 = DIRECTION('',(1.,0.,-0.));
#1285 = DIRECTION('',(0.,0.,1.));
#1286 = ORIENTED_EDGE('',*,*,#1287,.F.);
#1287 = EDGE_CURVE('',#1288,#1279,#1290,.T.);
#1288 = VERTEX_POINT('',#1289);
#1289 = CARTESIAN_POINT('',(-0.5,0.37,6.E-02));
#1290 = LINE('',#1291,#1292);
#1291 = CARTESIAN_POINT('',(-0.5,0.37,3.E-02));
#1292 = VECTOR('',#1293,1.);
#1293 = DIRECTION('',(0.,0.,1.));
#1294 = ORIENTED_EDGE('',*,*,#1295,.T.);
#1295 = EDGE_CURVE('',#1288,#1296,#1298,.T.);
#1296 = VERTEX_POINT('',#1297);
#1297 = CARTESIAN_POINT('',(-0.5,0.34,3.E-02));
#1298 = CIRCLE('',#1299,3.E-02);
#1299 = AXIS2_PLACEMENT_3D('',#1300,#1301,#1302);
#1300 = CARTESIAN_POINT('',(-0.5,0.34,6.E-02));
#1301 = DIRECTION('',(-1.,0.,0.));
#1302 = DIRECTION('',(0.,0.,1.));
#1303 = ORIENTED_EDGE('',*,*,#1304,.F.);
#1304 = EDGE_CURVE('',#1245,#1296,#1305,.T.);
#1305 = LINE('',#1306,#1307);
#1306 = CARTESIAN_POINT('',(-0.5,-0.37,3.E-02));
#1307 = VECTOR('',#1308,1.);
#1308 = DIRECTION('',(0.,1.,0.));
#1309 = PLANE('',#1310);
#1310 = AXIS2_PLACEMENT_3D('',#1311,#1312,#1313);
#1311 = CARTESIAN_POINT('',(-0.5,-0.4,0.));
#1312 = DIRECTION('',(1.,0.,0.));
#1313 = DIRECTION('',(0.,0.,1.));
#1314 = ADVANCED_FACE('',(#1315),#1341,.T.);
#1315 = FACE_BOUND('',#1316,.T.);
#1316 = EDGE_LOOP('',(#1317,#1318,#1326,#1335));
#1317 = ORIENTED_EDGE('',*,*,#1242,.T.);
#1318 = ORIENTED_EDGE('',*,*,#1319,.T.);
#1319 = EDGE_CURVE('',#1245,#1320,#1322,.T.);
#1320 = VERTEX_POINT('',#1321);
#1321 = CARTESIAN_POINT('',(0.5,-0.34,3.E-02));
#1322 = LINE('',#1323,#1324);
#1323 = CARTESIAN_POINT('',(-0.5,-0.34,3.E-02));
#1324 = VECTOR('',#1325,1.);
#1325 = DIRECTION('',(1.,0.,0.));
#1326 = ORIENTED_EDGE('',*,*,#1327,.F.);
#1327 = EDGE_CURVE('',#1328,#1320,#1330,.T.);
#1328 = VERTEX_POINT('',#1329);
#1329 = CARTESIAN_POINT('',(0.5,-0.37,6.E-02));
#1330 = CIRCLE('',#1331,3.E-02);
#1331 = AXIS2_PLACEMENT_3D('',#1332,#1333,#1334);
#1332 = CARTESIAN_POINT('',(0.5,-0.34,6.E-02));
#1333 = DIRECTION('',(1.,0.,-0.));
#1334 = DIRECTION('',(0.,0.,1.));
#1335 = ORIENTED_EDGE('',*,*,#1336,.F.);
#1336 = EDGE_CURVE('',#1243,#1328,#1337,.T.);
#1337 = LINE('',#1338,#1339);
#1338 = CARTESIAN_POINT('',(-0.5,-0.37,6.E-02));
#1339 = VECTOR('',#1340,1.);
#1340 = DIRECTION('',(1.,0.,0.));
#1341 = CYLINDRICAL_SURFACE('',#1342,3.E-02);
#1342 = AXIS2_PLACEMENT_3D('',#1343,#1344,#1345);
#1343 = CARTESIAN_POINT('',(-0.5,-0.34,6.E-02));
#1344 = DIRECTION('',(1.,0.,0.));
#1345 = DIRECTION('',(0.,-1.,0.));
#1346 = ADVANCED_FACE('',(#1347),#1365,.F.);
#1347 = FACE_BOUND('',#1348,.F.);
#1348 = EDGE_LOOP('',(#1349,#1350,#1351,#1359));
#1349 = ORIENTED_EDGE('',*,*,#1304,.F.);
#1350 = ORIENTED_EDGE('',*,*,#1319,.T.);
#1351 = ORIENTED_EDGE('',*,*,#1352,.T.);
#1352 = EDGE_CURVE('',#1320,#1353,#1355,.T.);
#1353 = VERTEX_POINT('',#1354);
#1354 = CARTESIAN_POINT('',(0.5,0.34,3.E-02));
#1355 = LINE('',#1356,#1357);
#1356 = CARTESIAN_POINT('',(0.5,-0.37,3.E-02));
#1357 = VECTOR('',#1358,1.);
#1358 = DIRECTION('',(0.,1.,0.));
#1359 = ORIENTED_EDGE('',*,*,#1360,.F.);
#1360 = EDGE_CURVE('',#1296,#1353,#1361,.T.);
#1361 = LINE('',#1362,#1363);
#1362 = CARTESIAN_POINT('',(-0.5,0.34,3.E-02));
#1363 = VECTOR('',#1364,1.);
#1364 = DIRECTION('',(1.,0.,0.));
#1365 = PLANE('',#1366);
#1366 = AXIS2_PLACEMENT_3D('',#1367,#1368,#1369);
#1367 = CARTESIAN_POINT('',(-0.5,-0.37,3.E-02));
#1368 = DIRECTION('',(0.,0.,1.));
#1369 = DIRECTION('',(1.,0.,-0.));
#1370 = ADVANCED_FACE('',(#1371),#1390,.T.);
#1371 = FACE_BOUND('',#1372,.T.);
#1372 = EDGE_LOOP('',(#1373,#1381,#1388,#1389));
#1373 = ORIENTED_EDGE('',*,*,#1374,.T.);
#1374 = EDGE_CURVE('',#1288,#1375,#1377,.T.);
#1375 = VERTEX_POINT('',#1376);
#1376 = CARTESIAN_POINT('',(0.5,0.37,6.E-02));
#1377 = LINE('',#1378,#1379);
#1378 = CARTESIAN_POINT('',(-0.5,0.37,6.E-02));
#1379 = VECTOR('',#1380,1.);
#1380 = DIRECTION('',(1.,0.,0.));
#1381 = ORIENTED_EDGE('',*,*,#1382,.T.);
#1382 = EDGE_CURVE('',#1375,#1353,#1383,.T.);
#1383 = CIRCLE('',#1384,3.E-02);
#1384 = AXIS2_PLACEMENT_3D('',#1385,#1386,#1387);
#1385 = CARTESIAN_POINT('',(0.5,0.34,6.E-02));
#1386 = DIRECTION('',(-1.,0.,0.));
#1387 = DIRECTION('',(0.,0.,1.));
#1388 = ORIENTED_EDGE('',*,*,#1360,.F.);
#1389 = ORIENTED_EDGE('',*,*,#1295,.F.);
#1390 = CYLINDRICAL_SURFACE('',#1391,3.E-02);
#1391 = AXIS2_PLACEMENT_3D('',#1392,#1393,#1394);
#1392 = CARTESIAN_POINT('',(-0.5,0.34,6.E-02));
#1393 = DIRECTION('',(1.,0.,0.));
#1394 = DIRECTION('',(-0.,1.,0.));
#1395 = ADVANCED_FACE('',(#1396),#1414,.T.);
#1396 = FACE_BOUND('',#1397,.T.);
#1397 = EDGE_LOOP('',(#1398,#1406,#1407,#1408));
#1398 = ORIENTED_EDGE('',*,*,#1399,.F.);
#1399 = EDGE_CURVE('',#1375,#1400,#1402,.T.);
#1400 = VERTEX_POINT('',#1401);
#1401 = CARTESIAN_POINT('',(0.5,0.37,0.74));
#1402 = LINE('',#1403,#1404);
#1403 = CARTESIAN_POINT('',(0.5,0.37,3.E-02));
#1404 = VECTOR('',#1405,1.);
#1405 = DIRECTION('',(0.,0.,1.));
#1406 = ORIENTED_EDGE('',*,*,#1374,.F.);
#1407 = ORIENTED_EDGE('',*,*,#1287,.T.);
#1408 = ORIENTED_EDGE('',*,*,#1409,.T.);
#1409 = EDGE_CURVE('',#1279,#1400,#1410,.T.);
#1410 = LINE('',#1411,#1412);
#1411 = CARTESIAN_POINT('',(-0.5,0.37,0.74));
#1412 = VECTOR('',#1413,1.);
#1413 = DIRECTION('',(1.,0.,0.));
#1414 = PLANE('',#1415);
#1415 = AXIS2_PLACEMENT_3D('',#1416,#1417,#1418);
#1416 = CARTESIAN_POINT('',(-0.5,0.37,3.E-02));
#1417 = DIRECTION('',(0.,1.,0.));
#1418 = DIRECTION('',(0.,-0.,1.));
#1419 = ADVANCED_FACE('',(#1420),#1439,.T.);
#1420 = FACE_BOUND('',#1421,.T.);
#1421 = EDGE_LOOP('',(#1422,#1423,#1431,#1438));
#1422 = ORIENTED_EDGE('',*,*,#1278,.T.);
#1423 = ORIENTED_EDGE('',*,*,#1424,.T.);
#1424 = EDGE_CURVE('',#1271,#1425,#1427,.T.);
#1425 = VERTEX_POINT('',#1426);
#1426 = CARTESIAN_POINT('',(0.5,0.34,0.77));
#1427 = LINE('',#1428,#1429);
#1428 = CARTESIAN_POINT('',(-0.5,0.34,0.77));
#1429 = VECTOR('',#1430,1.);
#1430 = DIRECTION('',(1.,0.,0.));
#1431 = ORIENTED_EDGE('',*,*,#1432,.F.);
#1432 = EDGE_CURVE('',#1400,#1425,#1433,.T.);
#1433 = CIRCLE('',#1434,3.E-02);
#1434 = AXIS2_PLACEMENT_3D('',#1435,#1436,#1437);
#1435 = CARTESIAN_POINT('',(0.5,0.34,0.74));
#1436 = DIRECTION('',(1.,0.,-0.));
#1437 = DIRECTION('',(0.,0.,1.));
#1438 = ORIENTED_EDGE('',*,*,#1409,.F.);
#1439 = CYLINDRICAL_SURFACE('',#1440,3.E-02);
#1440 = AXIS2_PLACEMENT_3D('',#1441,#1442,#1443);
#1441 = CARTESIAN_POINT('',(-0.5,0.34,0.74));
#1442 = DIRECTION('',(1.,0.,0.));
#1443 = DIRECTION('',(-0.,1.,0.));
#1444 = ADVANCED_FACE('',(#1445),#1463,.T.);
#1445 = FACE_BOUND('',#1446,.T.);
#1446 = EDGE_LOOP('',(#1447,#1448,#1456,#1462));
#1447 = ORIENTED_EDGE('',*,*,#1270,.F.);
#1448 = ORIENTED_EDGE('',*,*,#1449,.T.);
#1449 = EDGE_CURVE('',#1262,#1450,#1452,.T.);
#1450 = VERTEX_POINT('',#1451);
#1451 = CARTESIAN_POINT('',(0.5,-0.34,0.77));
#1452 = LINE('',#1453,#1454);
#1453 = CARTESIAN_POINT('',(-0.5,-0.34,0.77));
#1454 = VECTOR('',#1455,1.);
#1455 = DIRECTION('',(1.,0.,0.));
#1456 = ORIENTED_EDGE('',*,*,#1457,.T.);
#1457 = EDGE_CURVE('',#1450,#1425,#1458,.T.);
#1458 = LINE('',#1459,#1460);
#1459 = CARTESIAN_POINT('',(0.5,-0.37,0.77));
#1460 = VECTOR('',#1461,1.);
#1461 = DIRECTION('',(0.,1.,0.));
#1462 = ORIENTED_EDGE('',*,*,#1424,.F.);
#1463 = PLANE('',#1464);
#1464 = AXIS2_PLACEMENT_3D('',#1465,#1466,#1467);
#1465 = CARTESIAN_POINT('',(-0.5,-0.37,0.77));
#1466 = DIRECTION('',(0.,0.,1.));
#1467 = DIRECTION('',(1.,0.,-0.));
#1468 = ADVANCED_FACE('',(#1469),#1488,.T.);
#1469 = FACE_BOUND('',#1470,.T.);
#1470 = EDGE_LOOP('',(#1471,#1479,#1486,#1487));
#1471 = ORIENTED_EDGE('',*,*,#1472,.T.);
#1472 = EDGE_CURVE('',#1254,#1473,#1475,.T.);
#1473 = VERTEX_POINT('',#1474);
#1474 = CARTESIAN_POINT('',(0.5,-0.37,0.74));
#1475 = LINE('',#1476,#1477);
#1476 = CARTESIAN_POINT('',(-0.5,-0.37,0.74));
#1477 = VECTOR('',#1478,1.);
#1478 = DIRECTION('',(1.,0.,0.));
#1479 = ORIENTED_EDGE('',*,*,#1480,.T.);
#1480 = EDGE_CURVE('',#1473,#1450,#1481,.T.);
#1481 = CIRCLE('',#1482,3.E-02);
#1482 = AXIS2_PLACEMENT_3D('',#1483,#1484,#1485);
#1483 = CARTESIAN_POINT('',(0.5,-0.34,0.74));
#1484 = DIRECTION('',(-1.,0.,0.));
#1485 = DIRECTION('',(0.,0.,1.));
#1486 = ORIENTED_EDGE('',*,*,#1449,.F.);
#1487 = ORIENTED_EDGE('',*,*,#1261,.F.);
#1488 = CYLINDRICAL_SURFACE('',#1489,3.E-02);
#1489 = AXIS2_PLACEMENT_3D('',#1490,#1491,#1492);
#1490 = CARTESIAN_POINT('',(-0.5,-0.34,0.74));
#1491 = DIRECTION('',(1.,0.,0.));
#1492 = DIRECTION('',(0.,-1.,0.));
#1493 = ADVANCED_FACE('',(#1494),#1505,.F.);
#1494 = FACE_BOUND('',#1495,.F.);
#1495 = EDGE_LOOP('',(#1496,#1502,#1503,#1504));
#1496 = ORIENTED_EDGE('',*,*,#1497,.F.);
#1497 = EDGE_CURVE('',#1328,#1473,#1498,.T.);
#1498 = LINE('',#1499,#1500);
#1499 = CARTESIAN_POINT('',(0.5,-0.37,3.E-02));
#1500 = VECTOR('',#1501,1.);
#1501 = DIRECTION('',(0.,0.,1.));
#1502 = ORIENTED_EDGE('',*,*,#1336,.F.);
#1503 = ORIENTED_EDGE('',*,*,#1253,.T.);
#1504 = ORIENTED_EDGE('',*,*,#1472,.T.);
#1505 = PLANE('',#1506);
#1506 = AXIS2_PLACEMENT_3D('',#1507,#1508,#1509);
#1507 = CARTESIAN_POINT('',(-0.5,-0.37,3.E-02));
#1508 = DIRECTION('',(0.,1.,0.));
#1509 = DIRECTION('',(0.,-0.,1.));
#1510 = ADVANCED_FACE('',(#1511,#1581),#1591,.F.);
#1511 = FACE_BOUND('',#1512,.F.);
#1512 = EDGE_LOOP('',(#1513,#1523,#1532,#1540,#1549,#1557,#1566,#1574));
#1513 = ORIENTED_EDGE('',*,*,#1514,.F.);
#1514 = EDGE_CURVE('',#1515,#1517,#1519,.T.);
#1515 = VERTEX_POINT('',#1516);
#1516 = CARTESIAN_POINT('',(0.5,-0.4,3.E-02));
#1517 = VERTEX_POINT('',#1518);
#1518 = CARTESIAN_POINT('',(0.5,-0.4,0.77));
#1519 = LINE('',#1520,#1521);
#1520 = CARTESIAN_POINT('',(0.5,-0.4,0.));
#1521 = VECTOR('',#1522,1.);
#1522 = DIRECTION('',(0.,0.,1.));
#1523 = ORIENTED_EDGE('',*,*,#1524,.T.);
#1524 = EDGE_CURVE('',#1515,#1525,#1527,.T.);
#1525 = VERTEX_POINT('',#1526);
#1526 = CARTESIAN_POINT('',(0.5,-0.37,0.));
#1527 = CIRCLE('',#1528,3.E-02);
#1528 = AXIS2_PLACEMENT_3D('',#1529,#1530,#1531);
#1529 = CARTESIAN_POINT('',(0.5,-0.37,3.E-02));
#1530 = DIRECTION('',(1.,0.,-0.));
#1531 = DIRECTION('',(0.,0.,1.));
#1532 = ORIENTED_EDGE('',*,*,#1533,.T.);
#1533 = EDGE_CURVE('',#1525,#1534,#1536,.T.);
#1534 = VERTEX_POINT('',#1535);
#1535 = CARTESIAN_POINT('',(0.5,0.37,0.));
#1536 = LINE('',#1537,#1538);
#1537 = CARTESIAN_POINT('',(0.5,-0.4,0.));
#1538 = VECTOR('',#1539,1.);
#1539 = DIRECTION('',(0.,1.,0.));
#1540 = ORIENTED_EDGE('',*,*,#1541,.F.);
#1541 = EDGE_CURVE('',#1542,#1534,#1544,.T.);
#1542 = VERTEX_POINT('',#1543);
#1543 = CARTESIAN_POINT('',(0.5,0.4,3.E-02));
#1544 = CIRCLE('',#1545,3.E-02);
#1545 = AXIS2_PLACEMENT_3D('',#1546,#1547,#1548);
#1546 = CARTESIAN_POINT('',(0.5,0.37,3.E-02));
#1547 = DIRECTION('',(-1.,0.,0.));
#1548 = DIRECTION('',(0.,0.,1.));
#1549 = ORIENTED_EDGE('',*,*,#1550,.T.);
#1550 = EDGE_CURVE('',#1542,#1551,#1553,.T.);
#1551 = VERTEX_POINT('',#1552);
#1552 = CARTESIAN_POINT('',(0.5,0.4,0.77));
#1553 = LINE('',#1554,#1555);
#1554 = CARTESIAN_POINT('',(0.5,0.4,0.));
#1555 = VECTOR('',#1556,1.);
#1556 = DIRECTION('',(0.,0.,1.));
#1557 = ORIENTED_EDGE('',*,*,#1558,.T.);
#1558 = EDGE_CURVE('',#1551,#1559,#1561,.T.);
#1559 = VERTEX_POINT('',#1560);
#1560 = CARTESIAN_POINT('',(0.5,0.37,0.8));
#1561 = CIRCLE('',#1562,3.E-02);
#1562 = AXIS2_PLACEMENT_3D('',#1563,#1564,#1565);
#1563 = CARTESIAN_POINT('',(0.5,0.37,0.77));
#1564 = DIRECTION('',(1.,0.,-0.));
#1565 = DIRECTION('',(0.,0.,1.));
#1566 = ORIENTED_EDGE('',*,*,#1567,.F.);
#1567 = EDGE_CURVE('',#1568,#1559,#1570,.T.);
#1568 = VERTEX_POINT('',#1569);
#1569 = CARTESIAN_POINT('',(0.5,-0.37,0.8));
#1570 = LINE('',#1571,#1572);
#1571 = CARTESIAN_POINT('',(0.5,-0.4,0.8));
#1572 = VECTOR('',#1573,1.);
#1573 = DIRECTION('',(0.,1.,0.));
#1574 = ORIENTED_EDGE('',*,*,#1575,.F.);
#1575 = EDGE_CURVE('',#1517,#1568,#1576,.T.);
#1576 = CIRCLE('',#1577,3.E-02);
#1577 = AXIS2_PLACEMENT_3D('',#1578,#1579,#1580);
#1578 = CARTESIAN_POINT('',(0.5,-0.37,0.77));
#1579 = DIRECTION('',(-1.,0.,0.));
#1580 = DIRECTION('',(0.,0.,1.));
#1581 = FACE_BOUND('',#1582,.F.);
#1582 = EDGE_LOOP('',(#1583,#1584,#1585,#1586,#1587,#1588,#1589,#1590));
#1583 = ORIENTED_EDGE('',*,*,#1327,.F.);
#1584 = ORIENTED_EDGE('',*,*,#1497,.T.);
#1585 = ORIENTED_EDGE('',*,*,#1480,.T.);
#1586 = ORIENTED_EDGE('',*,*,#1457,.T.);
#1587 = ORIENTED_EDGE('',*,*,#1432,.F.);
#1588 = ORIENTED_EDGE('',*,*,#1399,.F.);
#1589 = ORIENTED_EDGE('',*,*,#1382,.T.);
#1590 = ORIENTED_EDGE('',*,*,#1352,.F.);
#1591 = PLANE('',#1592);
#1592 = AXIS2_PLACEMENT_3D('',#1593,#1594,#1595);
#1593 = CARTESIAN_POINT('',(0.5,-0.4,0.));
#1594 = DIRECTION('',(1.,0.,0.));
#1595 = DIRECTION('',(0.,0.,1.));
#1596 = ADVANCED_FACE('',(#1597),#1622,.F.);
#1597 = FACE_BOUND('',#1598,.F.);
#1598 = EDGE_LOOP('',(#1599,#1609,#1615,#1616));
#1599 = ORIENTED_EDGE('',*,*,#1600,.F.);
#1600 = EDGE_CURVE('',#1601,#1603,#1605,.T.);
#1601 = VERTEX_POINT('',#1602);
#1602 = CARTESIAN_POINT('',(0.8,-0.4,3.E-02));
#1603 = VERTEX_POINT('',#1604);
#1604 = CARTESIAN_POINT('',(0.8,-0.4,0.77));
#1605 = LINE('',#1606,#1607);
#1606 = CARTESIAN_POINT('',(0.8,-0.4,0.));
#1607 = VECTOR('',#1608,1.);
#1608 = DIRECTION('',(0.,0.,1.));
#1609 = ORIENTED_EDGE('',*,*,#1610,.F.);
#1610 = EDGE_CURVE('',#1515,#1601,#1611,.T.);
#1611 = LINE('',#1612,#1613);
#1612 = CARTESIAN_POINT('',(0.5,-0.4,3.E-02));
#1613 = VECTOR('',#1614,1.);
#1614 = DIRECTION('',(1.,0.,0.));
#1615 = ORIENTED_EDGE('',*,*,#1514,.T.);
#1616 = ORIENTED_EDGE('',*,*,#1617,.T.);
#1617 = EDGE_CURVE('',#1517,#1603,#1618,.T.);
#1618 = LINE('',#1619,#1620);
#1619 = CARTESIAN_POINT('',(0.5,-0.4,0.77));
#1620 = VECTOR('',#1621,1.);
#1621 = DIRECTION('',(1.,0.,0.));
#1622 = PLANE('',#1623);
#1623 = AXIS2_PLACEMENT_3D('',#1624,#1625,#1626);
#1624 = CARTESIAN_POINT('',(0.5,-0.4,0.));
#1625 = DIRECTION('',(0.,1.,0.));
#1626 = DIRECTION('',(0.,-0.,1.));
#1627 = ADVANCED_FACE('',(#1628),#1647,.T.);
#1628 = FACE_BOUND('',#1629,.T.);
#1629 = EDGE_LOOP('',(#1630,#1631,#1639,#1646));
#1630 = ORIENTED_EDGE('',*,*,#1524,.T.);
#1631 = ORIENTED_EDGE('',*,*,#1632,.T.);
#1632 = EDGE_CURVE('',#1525,#1633,#1635,.T.);
#1633 = VERTEX_POINT('',#1634);
#1634 = CARTESIAN_POINT('',(0.8,-0.37,0.));
#1635 = LINE('',#1636,#1637);
#1636 = CARTESIAN_POINT('',(0.5,-0.37,0.));
#1637 = VECTOR('',#1638,1.);
#1638 = DIRECTION('',(1.,0.,0.));
#1639 = ORIENTED_EDGE('',*,*,#1640,.F.);
#1640 = EDGE_CURVE('',#1601,#1633,#1641,.T.);
#1641 = CIRCLE('',#1642,3.E-02);
#1642 = AXIS2_PLACEMENT_3D('',#1643,#1644,#1645);
#1643 = CARTESIAN_POINT('',(0.8,-0.37,3.E-02));
#1644 = DIRECTION('',(1.,0.,-0.));
#1645 = DIRECTION('',(0.,0.,1.));
#1646 = ORIENTED_EDGE('',*,*,#1610,.F.);
#1647 = CYLINDRICAL_SURFACE('',#1648,3.E-02);
#1648 = AXIS2_PLACEMENT_3D('',#1649,#1650,#1651);
#1649 = CARTESIAN_POINT('',(0.5,-0.37,3.E-02));
#1650 = DIRECTION('',(1.,0.,0.));
#1651 = DIRECTION('',(0.,-1.,0.));
#1652 = ADVANCED_FACE('',(#1653),#1672,.T.);
#1653 = FACE_BOUND('',#1654,.T.);
#1654 = EDGE_LOOP('',(#1655,#1656,#1665,#1671));
#1655 = ORIENTED_EDGE('',*,*,#1617,.T.);
#1656 = ORIENTED_EDGE('',*,*,#1657,.T.);
#1657 = EDGE_CURVE('',#1603,#1658,#1660,.T.);
#1658 = VERTEX_POINT('',#1659);
#1659 = CARTESIAN_POINT('',(0.8,-0.37,0.8));
#1660 = CIRCLE('',#1661,3.E-02);
#1661 = AXIS2_PLACEMENT_3D('',#1662,#1663,#1664);
#1662 = CARTESIAN_POINT('',(0.8,-0.37,0.77));
#1663 = DIRECTION('',(-1.,0.,0.));
#1664 = DIRECTION('',(0.,0.,1.));
#1665 = ORIENTED_EDGE('',*,*,#1666,.F.);
#1666 = EDGE_CURVE('',#1568,#1658,#1667,.T.);
#1667 = LINE('',#1668,#1669);
#1668 = CARTESIAN_POINT('',(0.5,-0.37,0.8));
#1669 = VECTOR('',#1670,1.);
#1670 = DIRECTION('',(1.,0.,0.));
#1671 = ORIENTED_EDGE('',*,*,#1575,.F.);
#1672 = CYLINDRICAL_SURFACE('',#1673,3.E-02);
#1673 = AXIS2_PLACEMENT_3D('',#1674,#1675,#1676);
#1674 = CARTESIAN_POINT('',(0.5,-0.37,0.77));
#1675 = DIRECTION('',(1.,0.,0.));
#1676 = DIRECTION('',(0.,-1.,0.));
#1677 = ADVANCED_FACE('',(#1678),#1696,.F.);
#1678 = FACE_BOUND('',#1679,.F.);
#1679 = EDGE_LOOP('',(#1680,#1681,#1682,#1690));
#1680 = ORIENTED_EDGE('',*,*,#1533,.F.);
#1681 = ORIENTED_EDGE('',*,*,#1632,.T.);
#1682 = ORIENTED_EDGE('',*,*,#1683,.T.);
#1683 = EDGE_CURVE('',#1633,#1684,#1686,.T.);
#1684 = VERTEX_POINT('',#1685);
#1685 = CARTESIAN_POINT('',(0.8,0.37,0.));
#1686 = LINE('',#1687,#1688);
#1687 = CARTESIAN_POINT('',(0.8,-0.4,0.));
#1688 = VECTOR('',#1689,1.);
#1689 = DIRECTION('',(0.,1.,0.));
#1690 = ORIENTED_EDGE('',*,*,#1691,.F.);
#1691 = EDGE_CURVE('',#1534,#1684,#1692,.T.);
#1692 = LINE('',#1693,#1694);
#1693 = CARTESIAN_POINT('',(0.5,0.37,0.));
#1694 = VECTOR('',#1695,1.);
#1695 = DIRECTION('',(1.,0.,0.));
#1696 = PLANE('',#1697);
#1697 = AXIS2_PLACEMENT_3D('',#1698,#1699,#1700);
#1698 = CARTESIAN_POINT('',(0.5,-0.4,0.));
#1699 = DIRECTION('',(0.,0.,1.));
#1700 = DIRECTION('',(1.,0.,-0.));
#1701 = ADVANCED_FACE('',(#1702),#1720,.T.);
#1702 = FACE_BOUND('',#1703,.T.);
#1703 = EDGE_LOOP('',(#1704,#1705,#1706,#1714));
#1704 = ORIENTED_EDGE('',*,*,#1567,.F.);
#1705 = ORIENTED_EDGE('',*,*,#1666,.T.);
#1706 = ORIENTED_EDGE('',*,*,#1707,.T.);
#1707 = EDGE_CURVE('',#1658,#1708,#1710,.T.);
#1708 = VERTEX_POINT('',#1709);
#1709 = CARTESIAN_POINT('',(0.8,0.37,0.8));
#1710 = LINE('',#1711,#1712);
#1711 = CARTESIAN_POINT('',(0.8,-0.4,0.8));
#1712 = VECTOR('',#1713,1.);
#1713 = DIRECTION('',(0.,1.,0.));
#1714 = ORIENTED_EDGE('',*,*,#1715,.F.);
#1715 = EDGE_CURVE('',#1559,#1708,#1716,.T.);
#1716 = LINE('',#1717,#1718);
#1717 = CARTESIAN_POINT('',(0.5,0.37,0.8));
#1718 = VECTOR('',#1719,1.);
#1719 = DIRECTION('',(1.,0.,0.));
#1720 = PLANE('',#1721);
#1721 = AXIS2_PLACEMENT_3D('',#1722,#1723,#1724);
#1722 = CARTESIAN_POINT('',(0.5,-0.4,0.8));
#1723 = DIRECTION('',(0.,0.,1.));
#1724 = DIRECTION('',(1.,0.,-0.));
#1725 = ADVANCED_FACE('',(#1726),#1745,.T.);
#1726 = FACE_BOUND('',#1727,.T.);
#1727 = EDGE_LOOP('',(#1728,#1736,#1743,#1744));
#1728 = ORIENTED_EDGE('',*,*,#1729,.T.);
#1729 = EDGE_CURVE('',#1542,#1730,#1732,.T.);
#1730 = VERTEX_POINT('',#1731);
#1731 = CARTESIAN_POINT('',(0.8,0.4,3.E-02));
#1732 = LINE('',#1733,#1734);
#1733 = CARTESIAN_POINT('',(0.5,0.4,3.E-02));
#1734 = VECTOR('',#1735,1.);
#1735 = DIRECTION('',(1.,0.,0.));
#1736 = ORIENTED_EDGE('',*,*,#1737,.T.);
#1737 = EDGE_CURVE('',#1730,#1684,#1738,.T.);
#1738 = CIRCLE('',#1739,3.E-02);
#1739 = AXIS2_PLACEMENT_3D('',#1740,#1741,#1742);
#1740 = CARTESIAN_POINT('',(0.8,0.37,3.E-02));
#1741 = DIRECTION('',(-1.,0.,0.));
#1742 = DIRECTION('',(0.,0.,1.));
#1743 = ORIENTED_EDGE('',*,*,#1691,.F.);
#1744 = ORIENTED_EDGE('',*,*,#1541,.F.);
#1745 = CYLINDRICAL_SURFACE('',#1746,3.E-02);
#1746 = AXIS2_PLACEMENT_3D('',#1747,#1748,#1749);
#1747 = CARTESIAN_POINT('',(0.5,0.37,3.E-02));
#1748 = DIRECTION('',(1.,0.,0.));
#1749 = DIRECTION('',(-0.,1.,0.));
#1750 = ADVANCED_FACE('',(#1751),#1770,.T.);
#1751 = FACE_BOUND('',#1752,.T.);
#1752 = EDGE_LOOP('',(#1753,#1754,#1755,#1764));
#1753 = ORIENTED_EDGE('',*,*,#1558,.T.);
#1754 = ORIENTED_EDGE('',*,*,#1715,.T.);
#1755 = ORIENTED_EDGE('',*,*,#1756,.F.);
#1756 = EDGE_CURVE('',#1757,#1708,#1759,.T.);
#1757 = VERTEX_POINT('',#1758);
#1758 = CARTESIAN_POINT('',(0.8,0.4,0.77));
#1759 = CIRCLE('',#1760,3.E-02);
#1760 = AXIS2_PLACEMENT_3D('',#1761,#1762,#1763);
#1761 = CARTESIAN_POINT('',(0.8,0.37,0.77));
#1762 = DIRECTION('',(1.,0.,-0.));
#1763 = DIRECTION('',(0.,0.,1.));
#1764 = ORIENTED_EDGE('',*,*,#1765,.F.);
#1765 = EDGE_CURVE('',#1551,#1757,#1766,.T.);
#1766 = LINE('',#1767,#1768);
#1767 = CARTESIAN_POINT('',(0.5,0.4,0.77));
#1768 = VECTOR('',#1769,1.);
#1769 = DIRECTION('',(1.,0.,0.));
#1770 = CYLINDRICAL_SURFACE('',#1771,3.E-02);
#1771 = AXIS2_PLACEMENT_3D('',#1772,#1773,#1774);
#1772 = CARTESIAN_POINT('',(0.5,0.37,0.77));
#1773 = DIRECTION('',(1.,0.,0.));
#1774 = DIRECTION('',(-0.,1.,0.));
#1775 = ADVANCED_FACE('',(#1776),#1787,.T.);
#1776 = FACE_BOUND('',#1777,.T.);
#1777 = EDGE_LOOP('',(#1778,#1784,#1785,#1786));
#1778 = ORIENTED_EDGE('',*,*,#1779,.F.);
#1779 = EDGE_CURVE('',#1730,#1757,#1780,.T.);
#1780 = LINE('',#1781,#1782);
#1781 = CARTESIAN_POINT('',(0.8,0.4,0.));
#1782 = VECTOR('',#1783,1.);
#1783 = DIRECTION('',(0.,0.,1.));
#1784 = ORIENTED_EDGE('',*,*,#1729,.F.);
#1785 = ORIENTED_EDGE('',*,*,#1550,.T.);
#1786 = ORIENTED_EDGE('',*,*,#1765,.T.);
#1787 = PLANE('',#1788);
#1788 = AXIS2_PLACEMENT_3D('',#1789,#1790,#1791);
#1789 = CARTESIAN_POINT('',(0.5,0.4,0.));
#1790 = DIRECTION('',(0.,1.,0.));
#1791 = DIRECTION('',(0.,-0.,1.));
#1792 = ADVANCED_FACE('',(#1793),#1803,.T.);
#1793 = FACE_BOUND('',#1794,.T.);
#1794 = EDGE_LOOP('',(#1795,#1796,#1797,#1798,#1799,#1800,#1801,#1802));
#1795 = ORIENTED_EDGE('',*,*,#1600,.F.);
#1796 = ORIENTED_EDGE('',*,*,#1640,.T.);
#1797 = ORIENTED_EDGE('',*,*,#1683,.T.);
#1798 = ORIENTED_EDGE('',*,*,#1737,.F.);
#1799 = ORIENTED_EDGE('',*,*,#1779,.T.);
#1800 = ORIENTED_EDGE('',*,*,#1756,.T.);
#1801 = ORIENTED_EDGE('',*,*,#1707,.F.);
#1802 = ORIENTED_EDGE('',*,*,#1657,.F.);
#1803 = PLANE('',#1804);
#1804 = AXIS2_PLACEMENT_3D('',#1805,#1806,#1807);
#1805 = CARTESIAN_POINT('',(0.8,-0.4,0.));
#1806 = DIRECTION('',(1.,0.,0.));
#1807 = DIRECTION('',(0.,0.,1.));
#1808 = ( GEOMETRIC_REPRESENTATION_CONTEXT(3) 
GLOBAL_UNCERTAINTY_ASSIGNED_CONTEXT((#1812)) 
GLOBAL_UNIT_ASSIGNED_CONTEXT((#1809,#1810,#1811)) REPRESENTATION_CONTEXT
('Context #1','3D Context with UNIT and UNCERTAINTY') );
#1809 = ( LENGTH_UNIT() NAMED_UNIT(*) SI_UNIT(.MILLI.,.METRE.) );
#1810 = ( NAMED_UNIT(*) PLANE_ANGLE_UNIT() SI_UNIT($,.RADIAN.) );
#1811 = ( NAMED_UNIT(*) SI_UNIT($,.STERADIAN.) SOLID_ANGLE_UNIT() );
#1812 = UNCERTAINTY_MEASURE_WITH_UNIT(LENGTH_MEASURE(1.E-07),#1809,
  'distance_accuracy_value','confusion accuracy');
#1813 = CONTEXT_DEPENDENT_SHAPE_REPRESENTATION(#1814,#1816);
#1814 = ( REPRESENTATION_RELATIONSHIP('','',#953,#10) 
REPRESENTATION_RELATIONSHIP_WITH_TRANSFORMATION(#1815) 
SHAPE_REPRESENTATION_RELATIONSHIP() );
#1815 = ITEM_DEFINED_TRANSFORMATION('','',#11,#19);
#1816 = PRODUCT_DEFINITION_SHAPE('Placement','Placement of an item',
  #1817);
#1817 = NEXT_ASSEMBLY_USAGE_OCCURRENCE('2','C7','',#5,#948,$);
#1818 = PRODUCT_RELATED_PRODUCT_CATEGORY('part',$,(#950));
#1819 = CONTEXT_DEPENDENT_SHAPE_REPRESENTATION(#1820,#1822);
#1820 = ( REPRESENTATION_RELATIONSHIP('','',#144,#10) 
REPRESENTATION_RELATIONSHIP_WITH_TRANSFORMATION(#1821) 
SHAPE_REPRESENTATION_RELATIONSHIP() );
#1821 = ITEM_DEFINED_TRANSFORMATION('','',#11,#23);
#1822 = PRODUCT_DEFINITION_SHAPE('Placement','Placement of an item',
  #1823);
#1823 = NEXT_ASSEMBLY_USAGE_OCCURRENCE('3','R6','',#5,#139,$);
#1824 = CONTEXT_DEPENDENT_SHAPE_REPRESENTATION(#1825,#1827);
#1825 = ( REPRESENTATION_RELATIONSHIP('','',#953,#10) 
REPRESENTATION_RELATIONSHIP_WITH_TRANSFORMATION(#1826) 
SHAPE_REPRESENTATION_RELATIONSHIP() );
#1826 = ITEM_DEFINED_TRANSFORMATION('','',#11,#27);
#1827 = PRODUCT_DEFINITION_SHAPE('Placement','Placement of an item',
  #1828);
#1828 = NEXT_ASSEMBLY_USAGE_OCCURRENCE('4','C9','',#5,#948,$);
#1829 = CONTEXT_DEPENDENT_SHAPE_REPRESENTATION(#1830,#1832);
#1830 = ( REPRESENTATION_RELATIONSHIP('','',#953,#10) 
REPRESENTATION_RELATIONSHIP_WITH_TRANSFORMATION(#1831) 
SHAPE_REPRESENTATION_RELATIONSHIP() );
#1831 = ITEM_DEFINED_TRANSFORMATION('','',#11,#31);
#1832 = PRODUCT_DEFINITION_SHAPE('Placement','Placement of an item',
  #1833);
#1833 = NEXT_ASSEMBLY_USAGE_OCCURRENCE('5','C8','',#5,#948,$);
#1834 = CONTEXT_DEPENDENT_SHAPE_REPRESENTATION(#1835,#1837);
#1835 = ( REPRESENTATION_RELATIONSHIP('','',#144,#10) 
REPRESENTATION_RELATIONSHIP_WITH_TRANSFORMATION(#1836) 
SHAPE_REPRESENTATION_RELATIONSHIP() );
#1836 = ITEM_DEFINED_TRANSFORMATION('','',#11,#35);
#1837 = PRODUCT_DEFINITION_SHAPE('Placement','Placement of an item',
  #1838);
#1838 = NEXT_ASSEMBLY_USAGE_OCCURRENCE('6','R11','',#5,#139,$);
#1839 = CONTEXT_DEPENDENT_SHAPE_REPRESENTATION(#1840,#1842);
#1840 = ( REPRESENTATION_RELATIONSHIP('','',#144,#10) 
REPRESENTATION_RELATIONSHIP_WITH_TRANSFORMATION(#1841) 
SHAPE_REPRESENTATION_RELATIONSHIP() );
#1841 = ITEM_DEFINED_TRANSFORMATION('','',#11,#39);
#1842 = PRODUCT_DEFINITION_SHAPE('Placement','Placement of an item',
  #1843);
#1843 = NEXT_ASSEMBLY_USAGE_OCCURRENCE('7','R5','',#5,#139,$);
#1844 = SHAPE_DEFINITION_REPRESENTATION(#1845,#1851);
#1845 = PRODUCT_DEFINITION_SHAPE('','',#1846);
#1846 = PRODUCT_DEFINITION('design','',#1847,#1850);
#1847 = PRODUCT_DEFINITION_FORMATION('','',#1848);
#1848 = PRODUCT('Same_Sky_TB007-508-12GR','Same_Sky_TB007-508-12GR','',(
    #1849));
#1849 = PRODUCT_CONTEXT('',#2,'mechanical');
#1850 = PRODUCT_DEFINITION_CONTEXT('part definition',#2,'design');
#1851 = SHAPE_REPRESENTATION('',(#11,#1852,#1856,#1860,#1864),#1868);
#1852 = AXIS2_PLACEMENT_3D('',#1853,#1854,#1855);
#1853 = CARTESIAN_POINT('',(0.,0.,-10.16));
#1854 = DIRECTION('',(0.,0.,1.));
#1855 = DIRECTION('',(1.,0.,0.));
#1856 = AXIS2_PLACEMENT_3D('',#1857,#1858,#1859);
#1857 = CARTESIAN_POINT('',(0.,0.,-25.4));
#1858 = DIRECTION('',(0.,0.,1.));
#1859 = DIRECTION('',(1.,0.,0.));
#1860 = AXIS2_PLACEMENT_3D('',#1861,#1862,#1863);
#1861 = CARTESIAN_POINT('',(0.,0.,-40.64));
#1862 = DIRECTION('',(0.,0.,1.));
#1863 = DIRECTION('',(1.,0.,0.));
#1864 = AXIS2_PLACEMENT_3D('',#1865,#1866,#1867);
#1865 = CARTESIAN_POINT('',(0.,0.,-55.88));
#1866 = DIRECTION('',(0.,0.,1.));
#1867 = DIRECTION('',(1.,0.,0.));
#1868 = ( GEOMETRIC_REPRESENTATION_CONTEXT(3) 
GLOBAL_UNCERTAINTY_ASSIGNED_CONTEXT((#1872)) 
GLOBAL_UNIT_ASSIGNED_CONTEXT((#1869,#1870,#1871)) REPRESENTATION_CONTEXT
('Context #1','3D Context with UNIT and UNCERTAINTY') );
#1869 = ( LENGTH_UNIT() NAMED_UNIT(*) SI_UNIT(.MILLI.,.METRE.) );
#1870 = ( NAMED_UNIT(*) PLANE_ANGLE_UNIT() SI_UNIT($,.RADIAN.) );
#1871 = ( NAMED_UNIT(*) SI_UNIT($,.STERADIAN.) SOLID_ANGLE_UNIT() );
#1872 = UNCERTAINTY_MEASURE_WITH_UNIT(LENGTH_MEASURE(1.E-06),#1869,
  'distance_accuracy_value','confusion accuracy');
#1873 = CONTEXT_DEPENDENT_SHAPE_REPRESENTATION(#1874,#1876);
#1874 = ( REPRESENTATION_RELATIONSHIP('','',#1851,#10) 
REPRESENTATION_RELATIONSHIP_WITH_TRANSFORMATION(#1875) 
SHAPE_REPRESENTATION_RELATIONSHIP() );
#1875 = ITEM_DEFINED_TRANSFORMATION('','',#11,#43);
#1876 = PRODUCT_DEFINITION_SHAPE('Placement','Placement of an item',
  #1877);
#1877 = NEXT_ASSEMBLY_USAGE_OCCURRENCE('12','J3','',#5,#1846,$);
#1878 = PRODUCT_RELATED_PRODUCT_CATEGORY('part',$,(#1848));
#1879 = SHAPE_DEFINITION_REPRESENTATION(#1880,#1886);
#1880 = PRODUCT_DEFINITION_SHAPE('','',#1881);
#1881 = PRODUCT_DEFINITION('design','',#1882,#1885);
#1882 = PRODUCT_DEFINITION_FORMATION('','',#1883);
#1883 = PRODUCT('TB007-508-03P_Green - S','TB007-508-03P_Green - S','',(
    #1884));
#1884 = PRODUCT_CONTEXT('',#2,'mechanical');
#1885 = PRODUCT_DEFINITION_CONTEXT('part definition',#2,'design');
#1886 = ADVANCED_BREP_SHAPE_REPRESENTATION('',(#11,#1887),#5994);
#1887 = MANIFOLD_SOLID_BREP('',#1888);
#1888 = CLOSED_SHELL('',(#1889,#1945,#2001,#2057,#2125,#2193,#2261,#2307
    ,#2353,#2399,#2441,#2483,#2525,#2561,#2597,#2633,#2691,#2749,#2807,
    #3077,#3142,#3167,#3192,#3257,#3282,#3307,#3372,#3397,#3422,#3453,
    #3582,#3708,#3830,#3854,#3878,#3902,#3926,#3943,#3967,#3991,#4015,
    #4039,#4056,#4080,#4104,#4128,#4152,#4169,#4186,#4203,#4227,#4251,
    #4275,#4299,#4321,#4373,#4404,#4428,#4452,#4469,#4500,#4524,#4548,
    #4565,#4596,#4620,#4644,#4661,#4678,#4702,#4726,#4743,#4767,#4791,
    #4808,#4824,#4840,#4856,#4868,#4885,#4897,#4914,#4926,#4938,#4950,
    #4968,#4986,#5004,#5016,#5028,#5040,#5052,#5064,#5084,#5104,#5124,
    #5148,#5172,#5196,#5250,#5304,#5358,#5408,#5488,#5538,#5618,#5668,
    #5748,#5764,#5780,#5796,#5812,#5828,#5844,#5863,#5882,#5901,#5920,
    #5939,#5958,#5970,#5982));
#1889 = ADVANCED_FACE('',(#1890),#1928,.T.);
#1890 = FACE_BOUND('',#1891,.T.);
#1891 = EDGE_LOOP('',(#1892,#1903,#1912,#1921));
#1892 = ORIENTED_EDGE('',*,*,#1893,.F.);
#1893 = EDGE_CURVE('',#1894,#1896,#1898,.T.);
#1894 = VERTEX_POINT('',#1895);
#1895 = CARTESIAN_POINT('',(7.25,11.435,2.32682891838E-16));
#1896 = VERTEX_POINT('',#1897);
#1897 = CARTESIAN_POINT('',(3.45,11.435,0.));
#1898 = CIRCLE('',#1899,1.9);
#1899 = AXIS2_PLACEMENT_3D('',#1900,#1901,#1902);
#1900 = CARTESIAN_POINT('',(5.35,11.435,0.));
#1901 = DIRECTION('',(1.171453342316E-15,1.,0.));
#1902 = DIRECTION('',(-1.,1.171453342316E-15,0.));
#1903 = ORIENTED_EDGE('',*,*,#1904,.T.);
#1904 = EDGE_CURVE('',#1894,#1905,#1907,.T.);
#1905 = VERTEX_POINT('',#1906);
#1906 = CARTESIAN_POINT('',(7.05,11.235,1.24913973513E-16));
#1907 = CIRCLE('',#1908,0.2);
#1908 = AXIS2_PLACEMENT_3D('',#1909,#1910,#1911);
#1909 = CARTESIAN_POINT('',(7.05,11.435,2.081899558551E-16));
#1910 = DIRECTION('',(1.224646799147E-16,-1.434616586018E-31,-1.));
#1911 = DIRECTION('',(1.,-3.889384548663E-62,1.224646799147E-16));
#1912 = ORIENTED_EDGE('',*,*,#1913,.T.);
#1913 = EDGE_CURVE('',#1905,#1914,#1916,.T.);
#1914 = VERTEX_POINT('',#1915);
#1915 = CARTESIAN_POINT('',(3.65,11.235,0.));
#1916 = ( BOUNDED_CURVE() B_SPLINE_CURVE(3,(#1917,#1918,#1919,#1920),
.UNSPECIFIED.,.F.,.F.) B_SPLINE_CURVE_WITH_KNOTS((4,4),(0.,1.),
.PIECEWISE_BEZIER_KNOTS.) CURVE() GEOMETRIC_REPRESENTATION_ITEM() 
RATIONAL_B_SPLINE_CURVE((1.,0.333333333333,0.333333333333,1.)) 
REPRESENTATION_ITEM('') );
#1917 = CARTESIAN_POINT('',(7.05,11.235,1.24913973513E-16));
#1918 = CARTESIAN_POINT('',(7.05,11.235,-3.399999999999));
#1919 = CARTESIAN_POINT('',(3.65,11.235,-3.399999999999));
#1920 = CARTESIAN_POINT('',(3.65,11.235,0.));
#1921 = ORIENTED_EDGE('',*,*,#1922,.F.);
#1922 = EDGE_CURVE('',#1896,#1914,#1923,.T.);
#1923 = CIRCLE('',#1924,0.2);
#1924 = AXIS2_PLACEMENT_3D('',#1925,#1926,#1927);
#1925 = CARTESIAN_POINT('',(3.65,11.435,0.));
#1926 = DIRECTION('',(0.,0.,1.));
#1927 = DIRECTION('',(-1.,0.,0.));
#1928 = ( BOUNDED_SURFACE() B_SPLINE_SURFACE(3,3,(
    (#1929,#1930,#1931,#1932)
    ,(#1933,#1934,#1935,#1936)
    ,(#1937,#1938,#1939,#1940)
    ,(#1941,#1942,#1943,#1944
)),.UNSPECIFIED.,.F.,.F.,.F.) B_SPLINE_SURFACE_WITH_KNOTS((4,4),(4,4),(
    0.,1.),(0.,1.),.PIECEWISE_BEZIER_KNOTS.) 
GEOMETRIC_REPRESENTATION_ITEM() RATIONAL_B_SPLINE_SURFACE((
    (1.,0.333333333333,0.333333333333,1.)
    ,(0.804737854124,0.268245951375,0.268245951375,0.804737854124)
    ,(0.804737854124,0.268245951375,0.268245951375,0.804737854124)
,(1.,0.333333333333,0.333333333333,1.
))) REPRESENTATION_ITEM('') SURFACE() );
#1929 = CARTESIAN_POINT('',(7.25,11.435,2.32682891838E-16));
#1930 = CARTESIAN_POINT('',(7.25,11.435,-3.8));
#1931 = CARTESIAN_POINT('',(3.45,11.435,-3.8));
#1932 = CARTESIAN_POINT('',(3.45,11.435,-4.65365783676E-16));
#1933 = CARTESIAN_POINT('',(7.25,11.317842712474,2.32682891838E-16));
#1934 = CARTESIAN_POINT('',(7.25,11.317842712474,-3.8));
#1935 = CARTESIAN_POINT('',(3.45,11.317842712474,-3.8));
#1936 = CARTESIAN_POINT('',(3.45,11.317842712474,-4.65365783676E-16));
#1937 = CARTESIAN_POINT('',(7.167157287525,11.235,2.225375855715E-16));
#1938 = CARTESIAN_POINT('',(7.167157287525,11.235,-3.63431457505));
#1939 = CARTESIAN_POINT('',(3.532842712475,11.235,-3.63431457505));
#1940 = CARTESIAN_POINT('',(3.532842712475,11.235,-4.45075171143E-16));
#1941 = CARTESIAN_POINT('',(7.05,11.235,2.08189955855E-16));
#1942 = CARTESIAN_POINT('',(7.05,11.235,-3.399999999999));
#1943 = CARTESIAN_POINT('',(3.65,11.235,-3.399999999999));
#1944 = CARTESIAN_POINT('',(3.65,11.235,-4.1637991171E-16));
#1945 = ADVANCED_FACE('',(#1946),#1984,.T.);
#1946 = FACE_BOUND('',#1947,.T.);
#1947 = EDGE_LOOP('',(#1948,#1959,#1968,#1977));
#1948 = ORIENTED_EDGE('',*,*,#1949,.F.);
#1949 = EDGE_CURVE('',#1950,#1952,#1954,.T.);
#1950 = VERTEX_POINT('',#1951);
#1951 = CARTESIAN_POINT('',(7.25,11.435,-5.08));
#1952 = VERTEX_POINT('',#1953);
#1953 = CARTESIAN_POINT('',(3.45,11.435,-5.08));
#1954 = CIRCLE('',#1955,1.9);
#1955 = AXIS2_PLACEMENT_3D('',#1956,#1957,#1958);
#1956 = CARTESIAN_POINT('',(5.35,11.435,-5.08));
#1957 = DIRECTION('',(1.171453342316E-15,1.,0.));
#1958 = DIRECTION('',(-1.,1.171453342316E-15,0.));
#1959 = ORIENTED_EDGE('',*,*,#1960,.T.);
#1960 = EDGE_CURVE('',#1950,#1961,#1963,.T.);
#1961 = VERTEX_POINT('',#1962);
#1962 = CARTESIAN_POINT('',(7.05,11.235,-5.08));
#1963 = CIRCLE('',#1964,0.2);
#1964 = AXIS2_PLACEMENT_3D('',#1965,#1966,#1967);
#1965 = CARTESIAN_POINT('',(7.05,11.435,-5.08));
#1966 = DIRECTION('',(1.224646799147E-16,-1.434616586018E-31,-1.));
#1967 = DIRECTION('',(1.,1.756898610071E-47,1.224646799147E-16));
#1968 = ORIENTED_EDGE('',*,*,#1969,.T.);
#1969 = EDGE_CURVE('',#1961,#1970,#1972,.T.);
#1970 = VERTEX_POINT('',#1971);
#1971 = CARTESIAN_POINT('',(3.65,11.235,-5.08));
#1972 = ( BOUNDED_CURVE() B_SPLINE_CURVE(3,(#1973,#1974,#1975,#1976),
.UNSPECIFIED.,.F.,.F.) B_SPLINE_CURVE_WITH_KNOTS((4,4),(0.,1.),
.PIECEWISE_BEZIER_KNOTS.) CURVE() GEOMETRIC_REPRESENTATION_ITEM() 
RATIONAL_B_SPLINE_CURVE((1.,0.333333333333,0.333333333333,1.)) 
REPRESENTATION_ITEM('') );
#1973 = CARTESIAN_POINT('',(7.05,11.235,-5.08));
#1974 = CARTESIAN_POINT('',(7.05,11.235,-8.479999999999));
#1975 = CARTESIAN_POINT('',(3.65,11.235,-8.479999999999));
#1976 = CARTESIAN_POINT('',(3.65,11.235,-5.08));
#1977 = ORIENTED_EDGE('',*,*,#1978,.F.);
#1978 = EDGE_CURVE('',#1952,#1970,#1979,.T.);
#1979 = CIRCLE('',#1980,0.2);
#1980 = AXIS2_PLACEMENT_3D('',#1981,#1982,#1983);
#1981 = CARTESIAN_POINT('',(3.65,11.435,-5.08));
#1982 = DIRECTION('',(0.,0.,1.));
#1983 = DIRECTION('',(-1.,0.,0.));
#1984 = ( BOUNDED_SURFACE() B_SPLINE_SURFACE(3,3,(
    (#1985,#1986,#1987,#1988)
    ,(#1989,#1990,#1991,#1992)
    ,(#1993,#1994,#1995,#1996)
    ,(#1997,#1998,#1999,#2000
)),.UNSPECIFIED.,.F.,.F.,.F.) B_SPLINE_SURFACE_WITH_KNOTS((4,4),(4,4),(
    0.,1.),(0.,1.),.PIECEWISE_BEZIER_KNOTS.) 
GEOMETRIC_REPRESENTATION_ITEM() RATIONAL_B_SPLINE_SURFACE((
    (1.,0.333333333333,0.333333333333,1.)
    ,(0.804737854124,0.268245951375,0.268245951375,0.804737854124)
    ,(0.804737854124,0.268245951375,0.268245951375,0.804737854124)
,(1.,0.333333333333,0.333333333333,1.
))) REPRESENTATION_ITEM('') SURFACE() );
#1985 = CARTESIAN_POINT('',(7.25,11.435,-5.08));
#1986 = CARTESIAN_POINT('',(7.25,11.435,-8.88));
#1987 = CARTESIAN_POINT('',(3.45,11.435,-8.88));
#1988 = CARTESIAN_POINT('',(3.45,11.435,-5.08));
#1989 = CARTESIAN_POINT('',(7.25,11.317842712474,-5.08));
#1990 = CARTESIAN_POINT('',(7.25,11.317842712474,-8.88));
#1991 = CARTESIAN_POINT('',(3.45,11.317842712474,-8.88));
#1992 = CARTESIAN_POINT('',(3.45,11.317842712474,-5.08));
#1993 = CARTESIAN_POINT('',(7.167157287525,11.235,-5.08));
#1994 = CARTESIAN_POINT('',(7.167157287525,11.235,-8.71431457505));
#1995 = CARTESIAN_POINT('',(3.532842712475,11.235,-8.71431457505));
#1996 = CARTESIAN_POINT('',(3.532842712475,11.235,-5.08));
#1997 = CARTESIAN_POINT('',(7.05,11.235,-5.08));
#1998 = CARTESIAN_POINT('',(7.05,11.235,-8.479999999999));
#1999 = CARTESIAN_POINT('',(3.65,11.235,-8.479999999999));
#2000 = CARTESIAN_POINT('',(3.65,11.235,-5.08));
#2001 = ADVANCED_FACE('',(#2002),#2040,.T.);
#2002 = FACE_BOUND('',#2003,.T.);
#2003 = EDGE_LOOP('',(#2004,#2015,#2024,#2033));
#2004 = ORIENTED_EDGE('',*,*,#2005,.F.);
#2005 = EDGE_CURVE('',#2006,#2008,#2010,.T.);
#2006 = VERTEX_POINT('',#2007);
#2007 = CARTESIAN_POINT('',(7.25,11.435,5.08));
#2008 = VERTEX_POINT('',#2009);
#2009 = CARTESIAN_POINT('',(3.45,11.435,5.08));
#2010 = CIRCLE('',#2011,1.9);
#2011 = AXIS2_PLACEMENT_3D('',#2012,#2013,#2014);
#2012 = CARTESIAN_POINT('',(5.35,11.435,5.08));
#2013 = DIRECTION('',(1.171453342316E-15,1.,0.));
#2014 = DIRECTION('',(-1.,1.171453342316E-15,0.));
#2015 = ORIENTED_EDGE('',*,*,#2016,.T.);
#2016 = EDGE_CURVE('',#2006,#2017,#2019,.T.);
#2017 = VERTEX_POINT('',#2018);
#2018 = CARTESIAN_POINT('',(7.05,11.235,5.08));
#2019 = CIRCLE('',#2020,0.2);
#2020 = AXIS2_PLACEMENT_3D('',#2021,#2022,#2023);
#2021 = CARTESIAN_POINT('',(7.05,11.435,5.08));
#2022 = DIRECTION('',(1.224646799147E-16,-1.434616586018E-31,-1.));
#2023 = DIRECTION('',(1.,1.756898610071E-47,1.224646799147E-16));
#2024 = ORIENTED_EDGE('',*,*,#2025,.T.);
#2025 = EDGE_CURVE('',#2017,#2026,#2028,.T.);
#2026 = VERTEX_POINT('',#2027);
#2027 = CARTESIAN_POINT('',(3.65,11.235,5.08));
#2028 = ( BOUNDED_CURVE() B_SPLINE_CURVE(3,(#2029,#2030,#2031,#2032),
.UNSPECIFIED.,.F.,.F.) B_SPLINE_CURVE_WITH_KNOTS((4,4),(0.,1.),
.PIECEWISE_BEZIER_KNOTS.) CURVE() GEOMETRIC_REPRESENTATION_ITEM() 
RATIONAL_B_SPLINE_CURVE((1.,0.333333333333,0.333333333333,1.)) 
REPRESENTATION_ITEM('') );
#2029 = CARTESIAN_POINT('',(7.05,11.235,5.08));
#2030 = CARTESIAN_POINT('',(7.05,11.235,1.680000000001));
#2031 = CARTESIAN_POINT('',(3.65,11.235,1.680000000001));
#2032 = CARTESIAN_POINT('',(3.65,11.235,5.08));
#2033 = ORIENTED_EDGE('',*,*,#2034,.F.);
#2034 = EDGE_CURVE('',#2008,#2026,#2035,.T.);
#2035 = CIRCLE('',#2036,0.2);
#2036 = AXIS2_PLACEMENT_3D('',#2037,#2038,#2039);
#2037 = CARTESIAN_POINT('',(3.65,11.435,5.08));
#2038 = DIRECTION('',(0.,0.,1.));
#2039 = DIRECTION('',(-1.,0.,0.));
#2040 = ( BOUNDED_SURFACE() B_SPLINE_SURFACE(3,3,(
    (#2041,#2042,#2043,#2044)
    ,(#2045,#2046,#2047,#2048)
    ,(#2049,#2050,#2051,#2052)
    ,(#2053,#2054,#2055,#2056
)),.UNSPECIFIED.,.F.,.F.,.F.) B_SPLINE_SURFACE_WITH_KNOTS((4,4),(4,4),(
    0.,1.),(0.,1.),.PIECEWISE_BEZIER_KNOTS.) 
GEOMETRIC_REPRESENTATION_ITEM() RATIONAL_B_SPLINE_SURFACE((
    (1.,0.333333333333,0.333333333333,1.)
    ,(0.804737854124,0.268245951375,0.268245951375,0.804737854124)
    ,(0.804737854124,0.268245951375,0.268245951375,0.804737854124)
,(1.,0.333333333333,0.333333333333,1.
))) REPRESENTATION_ITEM('') SURFACE() );
#2041 = CARTESIAN_POINT('',(7.25,11.435,5.08));
#2042 = CARTESIAN_POINT('',(7.25,11.435,1.28));
#2043 = CARTESIAN_POINT('',(3.45,11.435,1.28));
#2044 = CARTESIAN_POINT('',(3.45,11.435,5.08));
#2045 = CARTESIAN_POINT('',(7.25,11.317842712474,5.08));
#2046 = CARTESIAN_POINT('',(7.25,11.317842712474,1.28));
#2047 = CARTESIAN_POINT('',(3.45,11.317842712474,1.28));
#2048 = CARTESIAN_POINT('',(3.45,11.317842712474,5.08));
#2049 = CARTESIAN_POINT('',(7.167157287525,11.235,5.08));
#2050 = CARTESIAN_POINT('',(7.167157287525,11.235,1.44568542495));
#2051 = CARTESIAN_POINT('',(3.532842712475,11.235,1.44568542495));
#2052 = CARTESIAN_POINT('',(3.532842712475,11.235,5.08));
#2053 = CARTESIAN_POINT('',(7.05,11.235,5.08));
#2054 = CARTESIAN_POINT('',(7.05,11.235,1.680000000001));
#2055 = CARTESIAN_POINT('',(3.65,11.235,1.680000000001));
#2056 = CARTESIAN_POINT('',(3.65,11.235,5.08));
#2057 = ADVANCED_FACE('',(#2058),#2108,.T.);
#2058 = FACE_BOUND('',#2059,.T.);
#2059 = EDGE_LOOP('',(#2060,#2071,#2080,#2089));
#2060 = ORIENTED_EDGE('',*,*,#2061,.T.);
#2061 = EDGE_CURVE('',#2062,#2064,#2066,.T.);
#2062 = VERTEX_POINT('',#2063);
#2063 = CARTESIAN_POINT('',(4.95,12.735,1.612082860991));
#2064 = VERTEX_POINT('',#2065);
#2065 = CARTESIAN_POINT('',(3.689038437083,12.735,-6.514260371342E-09));
#2066 = ( BOUNDED_CURVE() B_SPLINE_CURVE(3,(#2067,#2068,#2069,#2070),
.UNSPECIFIED.,.F.,.F.) B_SPLINE_CURVE_WITH_KNOTS((4,4),(0.,
0.500000000738),.PIECEWISE_BEZIER_KNOTS.) CURVE() 
GEOMETRIC_REPRESENTATION_ITEM() RATIONAL_B_SPLINE_CURVE((1.,
0.858441486496,0.858441486496,1.)) REPRESENTATION_ITEM('') );
#2067 = CARTESIAN_POINT('',(4.95,12.735,1.612082860991));
#2068 = CARTESIAN_POINT('',(4.178667266375,12.735,1.420694998173));
#2069 = CARTESIAN_POINT('',(3.689033065991,12.735,0.794722275278));
#2070 = CARTESIAN_POINT('',(3.689038437083,12.735,-6.514260371342E-09));
#2071 = ORIENTED_EDGE('',*,*,#2072,.T.);
#2072 = EDGE_CURVE('',#2064,#2073,#2075,.T.);
#2073 = VERTEX_POINT('',#2074);
#2074 = CARTESIAN_POINT('',(3.589703979372,12.646564265822,
    2.240463272769E-16));
#2075 = CIRCLE('',#2076,1.E-01);
#2076 = AXIS2_PLACEMENT_3D('',#2077,#2078,#2079);
#2077 = CARTESIAN_POINT('',(3.689033067548,12.635,0.));
#2078 = DIRECTION('',(0.,0.,1.));
#2079 = DIRECTION('',(-1.,0.,0.));
#2080 = ORIENTED_EDGE('',*,*,#2081,.F.);
#2081 = EDGE_CURVE('',#2082,#2073,#2084,.T.);
#2082 = VERTEX_POINT('',#2083);
#2083 = CARTESIAN_POINT('',(4.95,12.646564265829,1.714246796769));
#2084 = CIRCLE('',#2085,1.760296020628);
#2085 = AXIS2_PLACEMENT_3D('',#2086,#2087,#2088);
#2086 = CARTESIAN_POINT('',(5.35,12.646564265822,0.));
#2087 = DIRECTION('',(-1.171453342316E-15,-1.,0.));
#2088 = DIRECTION('',(1.,-1.171453342316E-15,0.));
#2089 = ORIENTED_EDGE('',*,*,#2090,.F.);
#2090 = EDGE_CURVE('',#2062,#2082,#2091,.T.);
#2091 = B_SPLINE_CURVE_WITH_KNOTS('',3,(#2092,#2093,#2094,#2095,#2096,
    #2097,#2098,#2099,#2100,#2101,#2102,#2103,#2104,#2105,#2106,#2107),
  .UNSPECIFIED.,.F.,.F.,(4,3,3,3,3,4),(0.,3.531517381904E-05,
    7.066450544071E-05,1.054618491225E-04,1.392987215212E-04,
    1.469974402481E-04),.UNSPECIFIED.);
#2092 = CARTESIAN_POINT('',(4.95,12.735,1.612082860991));
#2093 = CARTESIAN_POINT('',(4.95,12.735,1.623854585596));
#2094 = CARTESIAN_POINT('',(4.950000000001,12.732989442672,
    1.635789504932));
#2095 = CARTESIAN_POINT('',(4.950000000001,12.729108766958,1.64690318372
    ));
#2096 = CARTESIAN_POINT('',(4.950000000001,12.725225971482,
    1.658022933191));
#2097 = CARTESIAN_POINT('',(4.950000000003,12.719357020034,
    1.668631667042));
#2098 = CARTESIAN_POINT('',(4.950000000003,12.711959811877,
    1.677797158873));
#2099 = CARTESIAN_POINT('',(4.950000000003,12.704678748443,
    1.686818741884));
#2100 = CARTESIAN_POINT('',(4.950000000005,12.695704672545,
    1.694697213585));
#2101 = CARTESIAN_POINT('',(4.950000000005,12.685788475671,
    1.700703200956));
#2102 = CARTESIAN_POINT('',(4.950000000005,12.67614242097,1.706545570108
    ));
#2103 = CARTESIAN_POINT('',(4.950000000004,12.665328905784,
    1.710780456546));
#2104 = CARTESIAN_POINT('',(4.950000000004,12.654274157021,
    1.713010294741));
#2105 = CARTESIAN_POINT('',(4.950000000004,12.651722738224,
    1.713524937923));
#2106 = CARTESIAN_POINT('',(4.95,12.649148667897,1.713937828364));
#2107 = CARTESIAN_POINT('',(4.95,12.646564265829,1.714246796769));
#2108 = ( BOUNDED_SURFACE() B_SPLINE_SURFACE(3,3,(
    (#2109,#2110,#2111,#2112)
    ,(#2113,#2114,#2115,#2116)
    ,(#2117,#2118,#2119,#2120)
    ,(#2121,#2122,#2123,#2124
)),.UNSPECIFIED.,.F.,.F.,.F.) B_SPLINE_SURFACE_WITH_KNOTS((4,4),(4,4),(
    0.,1.),(0.,1.),.PIECEWISE_BEZIER_KNOTS.) 
GEOMETRIC_REPRESENTATION_ITEM() RATIONAL_B_SPLINE_SURFACE((
    (1.,0.853886125735,0.853886125735,1.)
    ,(0.831249582044,0.70979248513,0.70979248513,0.831249582044)
    ,(0.831249582044,0.70979248513,0.70979248513,0.831249582044)
,(1.,0.853886125735,0.853886125735,1.
))) REPRESENTATION_ITEM('') SURFACE() );
#2109 = CARTESIAN_POINT('',(3.689033067548,12.735,-3.253963094637E-09));
#2110 = CARTESIAN_POINT('',(3.689033065961,12.735,0.810162727165));
#2111 = CARTESIAN_POINT('',(4.195177831679,12.735,1.442761435586));
#2112 = CARTESIAN_POINT('',(4.985603046729,12.735,1.620501777582));
#2113 = CARTESIAN_POINT('',(3.635702501172,12.735,-3.35844181207E-09));
#2114 = CARTESIAN_POINT('',(3.635702499534,12.735,0.836175549125));
#2115 = CARTESIAN_POINT('',(4.158098634558,12.735,1.489085828324));
#2116 = CARTESIAN_POINT('',(4.973902936676,12.735,1.672533082915));
#2117 = CARTESIAN_POINT('',(3.595871267846,12.699537031123,
    -3.436474288652E-09));
#2118 = CARTESIAN_POINT('',(3.595871266169,12.699537031123,
    0.855603859219));
#2119 = CARTESIAN_POINT('',(4.130405132455,12.699537031123,
    1.523684330108));
#2120 = CARTESIAN_POINT('',(4.965164424316,12.699537031123,
    1.711393931466));
#2121 = CARTESIAN_POINT('',(3.589703979382,12.646564265828,
    -3.44855648527E-09));
#2122 = CARTESIAN_POINT('',(3.5897039777,12.646564265828,0.8586120511));
#2123 = CARTESIAN_POINT('',(4.126117195533,12.646564265828,
    1.529041406028));
#2124 = CARTESIAN_POINT('',(4.963811392487,12.646564265828,
    1.717410969928));
#2125 = ADVANCED_FACE('',(#2126),#2176,.T.);
#2126 = FACE_BOUND('',#2127,.T.);
#2127 = EDGE_LOOP('',(#2128,#2139,#2148,#2157));
#2128 = ORIENTED_EDGE('',*,*,#2129,.T.);
#2129 = EDGE_CURVE('',#2130,#2132,#2134,.T.);
#2130 = VERTEX_POINT('',#2131);
#2131 = CARTESIAN_POINT('',(4.95,12.735,-3.467917139009));
#2132 = VERTEX_POINT('',#2133);
#2133 = CARTESIAN_POINT('',(3.689038437083,12.735,-5.080000006514));
#2134 = ( BOUNDED_CURVE() B_SPLINE_CURVE(3,(#2135,#2136,#2137,#2138),
.UNSPECIFIED.,.F.,.F.) B_SPLINE_CURVE_WITH_KNOTS((4,4),(0.,
0.500000000738),.PIECEWISE_BEZIER_KNOTS.) CURVE() 
GEOMETRIC_REPRESENTATION_ITEM() RATIONAL_B_SPLINE_CURVE((1.,
0.858441486496,0.858441486496,1.)) REPRESENTATION_ITEM('') );
#2135 = CARTESIAN_POINT('',(4.95,12.735,-3.467917139009));
#2136 = CARTESIAN_POINT('',(4.178667266375,12.735,-3.659305001827));
#2137 = CARTESIAN_POINT('',(3.689033065991,12.735,-4.285277724722));
#2138 = CARTESIAN_POINT('',(3.689038437083,12.735,-5.080000006514));
#2139 = ORIENTED_EDGE('',*,*,#2140,.T.);
#2140 = EDGE_CURVE('',#2132,#2141,#2143,.T.);
#2141 = VERTEX_POINT('',#2142);
#2142 = CARTESIAN_POINT('',(3.589703979372,12.646564265822,-5.08));
#2143 = CIRCLE('',#2144,1.E-01);
#2144 = AXIS2_PLACEMENT_3D('',#2145,#2146,#2147);
#2145 = CARTESIAN_POINT('',(3.689033067548,12.635,-5.08));
#2146 = DIRECTION('',(0.,0.,1.));
#2147 = DIRECTION('',(-1.,0.,0.));
#2148 = ORIENTED_EDGE('',*,*,#2149,.F.);
#2149 = EDGE_CURVE('',#2150,#2141,#2152,.T.);
#2150 = VERTEX_POINT('',#2151);
#2151 = CARTESIAN_POINT('',(4.95,12.646564265829,-3.365753203231));
#2152 = CIRCLE('',#2153,1.760296020628);
#2153 = AXIS2_PLACEMENT_3D('',#2154,#2155,#2156);
#2154 = CARTESIAN_POINT('',(5.35,12.646564265822,-5.08));
#2155 = DIRECTION('',(-1.171453342316E-15,-1.,0.));
#2156 = DIRECTION('',(1.,-1.171453342316E-15,0.));
#2157 = ORIENTED_EDGE('',*,*,#2158,.F.);
#2158 = EDGE_CURVE('',#2130,#2150,#2159,.T.);
#2159 = B_SPLINE_CURVE_WITH_KNOTS('',3,(#2160,#2161,#2162,#2163,#2164,
    #2165,#2166,#2167,#2168,#2169,#2170,#2171,#2172,#2173,#2174,#2175),
  .UNSPECIFIED.,.F.,.F.,(4,3,3,3,3,4),(0.,3.531517381904E-05,
    7.066450544071E-05,1.054618491225E-04,1.392987215212E-04,
    1.469974402481E-04),.UNSPECIFIED.);
#2160 = CARTESIAN_POINT('',(4.95,12.735,-3.467917139009));
#2161 = CARTESIAN_POINT('',(4.95,12.735,-3.456145414404));
#2162 = CARTESIAN_POINT('',(4.950000000001,12.732989442672,
    -3.444210495068));
#2163 = CARTESIAN_POINT('',(4.950000000001,12.729108766958,
    -3.43309681628));
#2164 = CARTESIAN_POINT('',(4.950000000001,12.725225971482,
    -3.421977066809));
#2165 = CARTESIAN_POINT('',(4.950000000003,12.719357020034,
    -3.411368332958));
#2166 = CARTESIAN_POINT('',(4.950000000003,12.711959811877,
    -3.402202841127));
#2167 = CARTESIAN_POINT('',(4.950000000003,12.704678748443,
    -3.393181258116));
#2168 = CARTESIAN_POINT('',(4.950000000005,12.695704672545,
    -3.385302786415));
#2169 = CARTESIAN_POINT('',(4.950000000005,12.685788475671,
    -3.379296799044));
#2170 = CARTESIAN_POINT('',(4.950000000005,12.67614242097,
    -3.373454429892));
#2171 = CARTESIAN_POINT('',(4.950000000004,12.665328905784,
    -3.369219543454));
#2172 = CARTESIAN_POINT('',(4.950000000004,12.654274157021,
    -3.366989705259));
#2173 = CARTESIAN_POINT('',(4.950000000004,12.651722738224,
    -3.366475062077));
#2174 = CARTESIAN_POINT('',(4.95,12.649148667897,-3.366062171636));
#2175 = CARTESIAN_POINT('',(4.95,12.646564265829,-3.365753203231));
#2176 = ( BOUNDED_SURFACE() B_SPLINE_SURFACE(3,3,(
    (#2177,#2178,#2179,#2180)
    ,(#2181,#2182,#2183,#2184)
    ,(#2185,#2186,#2187,#2188)
    ,(#2189,#2190,#2191,#2192
)),.UNSPECIFIED.,.F.,.F.,.F.) B_SPLINE_SURFACE_WITH_KNOTS((4,4),(4,4),(
    0.,1.),(0.,1.),.PIECEWISE_BEZIER_KNOTS.) 
GEOMETRIC_REPRESENTATION_ITEM() RATIONAL_B_SPLINE_SURFACE((
    (1.,0.853886125735,0.853886125735,1.)
    ,(0.831249582044,0.70979248513,0.70979248513,0.831249582044)
    ,(0.831249582044,0.70979248513,0.70979248513,0.831249582044)
,(1.,0.853886125735,0.853886125735,1.
))) REPRESENTATION_ITEM('') SURFACE() );
#2177 = CARTESIAN_POINT('',(3.689033067548,12.735,-5.080000003254));
#2178 = CARTESIAN_POINT('',(3.689033065961,12.735,-4.269837272835));
#2179 = CARTESIAN_POINT('',(4.195177831679,12.735,-3.637238564414));
#2180 = CARTESIAN_POINT('',(4.985603046729,12.735,-3.459498222418));
#2181 = CARTESIAN_POINT('',(3.635702501172,12.735,-5.080000003358));
#2182 = CARTESIAN_POINT('',(3.635702499534,12.735,-4.243824450875));
#2183 = CARTESIAN_POINT('',(4.158098634558,12.735,-3.590914171676));
#2184 = CARTESIAN_POINT('',(4.973902936676,12.735,-3.407466917085));
#2185 = CARTESIAN_POINT('',(3.595871267846,12.699537031123,
    -5.080000003436));
#2186 = CARTESIAN_POINT('',(3.595871266169,12.699537031123,
    -4.224396140781));
#2187 = CARTESIAN_POINT('',(4.130405132455,12.699537031123,
    -3.556315669892));
#2188 = CARTESIAN_POINT('',(4.965164424316,12.699537031123,
    -3.368606068534));
#2189 = CARTESIAN_POINT('',(3.589703979382,12.646564265828,
    -5.080000003449));
#2190 = CARTESIAN_POINT('',(3.5897039777,12.646564265828,-4.2213879489)
  );
#2191 = CARTESIAN_POINT('',(4.126117195533,12.646564265828,
    -3.550958593972));
#2192 = CARTESIAN_POINT('',(4.963811392487,12.646564265828,
    -3.362589030072));
#2193 = ADVANCED_FACE('',(#2194),#2244,.T.);
#2194 = FACE_BOUND('',#2195,.T.);
#2195 = EDGE_LOOP('',(#2196,#2207,#2216,#2225));
#2196 = ORIENTED_EDGE('',*,*,#2197,.T.);
#2197 = EDGE_CURVE('',#2198,#2200,#2202,.T.);
#2198 = VERTEX_POINT('',#2199);
#2199 = CARTESIAN_POINT('',(4.95,12.735,6.692082860991));
#2200 = VERTEX_POINT('',#2201);
#2201 = CARTESIAN_POINT('',(3.689038437083,12.735,5.079999993486));
#2202 = ( BOUNDED_CURVE() B_SPLINE_CURVE(3,(#2203,#2204,#2205,#2206),
.UNSPECIFIED.,.F.,.F.) B_SPLINE_CURVE_WITH_KNOTS((4,4),(0.,
0.500000000738),.PIECEWISE_BEZIER_KNOTS.) CURVE() 
GEOMETRIC_REPRESENTATION_ITEM() RATIONAL_B_SPLINE_CURVE((1.,
0.858441486496,0.858441486496,1.)) REPRESENTATION_ITEM('') );
#2203 = CARTESIAN_POINT('',(4.95,12.735,6.692082860991));
#2204 = CARTESIAN_POINT('',(4.178667266375,12.735,6.500694998173));
#2205 = CARTESIAN_POINT('',(3.689033065991,12.735,5.874722275278));
#2206 = CARTESIAN_POINT('',(3.689038437083,12.735,5.079999993486));
#2207 = ORIENTED_EDGE('',*,*,#2208,.T.);
#2208 = EDGE_CURVE('',#2200,#2209,#2211,.T.);
#2209 = VERTEX_POINT('',#2210);
#2210 = CARTESIAN_POINT('',(3.589703979372,12.646564265822,5.08));
#2211 = CIRCLE('',#2212,1.E-01);
#2212 = AXIS2_PLACEMENT_3D('',#2213,#2214,#2215);
#2213 = CARTESIAN_POINT('',(3.689033067548,12.635,5.08));
#2214 = DIRECTION('',(0.,0.,1.));
#2215 = DIRECTION('',(-1.,0.,0.));
#2216 = ORIENTED_EDGE('',*,*,#2217,.F.);
#2217 = EDGE_CURVE('',#2218,#2209,#2220,.T.);
#2218 = VERTEX_POINT('',#2219);
#2219 = CARTESIAN_POINT('',(4.95,12.646564265829,6.794246796769));
#2220 = CIRCLE('',#2221,1.760296020628);
#2221 = AXIS2_PLACEMENT_3D('',#2222,#2223,#2224);
#2222 = CARTESIAN_POINT('',(5.35,12.646564265822,5.08));
#2223 = DIRECTION('',(-1.171453342316E-15,-1.,0.));
#2224 = DIRECTION('',(1.,-1.171453342316E-15,0.));
#2225 = ORIENTED_EDGE('',*,*,#2226,.F.);
#2226 = EDGE_CURVE('',#2198,#2218,#2227,.T.);
#2227 = B_SPLINE_CURVE_WITH_KNOTS('',3,(#2228,#2229,#2230,#2231,#2232,
    #2233,#2234,#2235,#2236,#2237,#2238,#2239,#2240,#2241,#2242,#2243),
  .UNSPECIFIED.,.F.,.F.,(4,3,3,3,3,4),(0.,3.531517381904E-05,
    7.066450544071E-05,1.054618491225E-04,1.392987215212E-04,
    1.469974402481E-04),.UNSPECIFIED.);
#2228 = CARTESIAN_POINT('',(4.95,12.735,6.692082860991));
#2229 = CARTESIAN_POINT('',(4.95,12.735,6.703854585596));
#2230 = CARTESIAN_POINT('',(4.950000000001,12.732989442672,
    6.715789504932));
#2231 = CARTESIAN_POINT('',(4.950000000001,12.729108766958,6.72690318372
    ));
#2232 = CARTESIAN_POINT('',(4.950000000001,12.725225971482,
    6.738022933191));
#2233 = CARTESIAN_POINT('',(4.950000000003,12.719357020034,
    6.748631667042));
#2234 = CARTESIAN_POINT('',(4.950000000003,12.711959811877,
    6.757797158873));
#2235 = CARTESIAN_POINT('',(4.950000000003,12.704678748443,
    6.766818741884));
#2236 = CARTESIAN_POINT('',(4.950000000005,12.695704672545,
    6.774697213585));
#2237 = CARTESIAN_POINT('',(4.950000000005,12.685788475671,
    6.780703200956));
#2238 = CARTESIAN_POINT('',(4.950000000005,12.67614242097,6.786545570108
    ));
#2239 = CARTESIAN_POINT('',(4.950000000004,12.665328905784,
    6.790780456546));
#2240 = CARTESIAN_POINT('',(4.950000000004,12.654274157021,
    6.793010294741));
#2241 = CARTESIAN_POINT('',(4.950000000004,12.651722738224,
    6.793524937923));
#2242 = CARTESIAN_POINT('',(4.95,12.649148667897,6.793937828364));
#2243 = CARTESIAN_POINT('',(4.95,12.646564265829,6.794246796769));
#2244 = ( BOUNDED_SURFACE() B_SPLINE_SURFACE(3,3,(
    (#2245,#2246,#2247,#2248)
    ,(#2249,#2250,#2251,#2252)
    ,(#2253,#2254,#2255,#2256)
    ,(#2257,#2258,#2259,#2260
)),.UNSPECIFIED.,.F.,.F.,.F.) B_SPLINE_SURFACE_WITH_KNOTS((4,4),(4,4),(
    0.,1.),(0.,1.),.PIECEWISE_BEZIER_KNOTS.) 
GEOMETRIC_REPRESENTATION_ITEM() RATIONAL_B_SPLINE_SURFACE((
    (1.,0.853886125735,0.853886125735,1.)
    ,(0.831249582044,0.70979248513,0.70979248513,0.831249582044)
    ,(0.831249582044,0.70979248513,0.70979248513,0.831249582044)
,(1.,0.853886125735,0.853886125735,1.
))) REPRESENTATION_ITEM('') SURFACE() );
#2245 = CARTESIAN_POINT('',(3.689033067548,12.735,5.079999996746));
#2246 = CARTESIAN_POINT('',(3.689033065961,12.735,5.890162727165));
#2247 = CARTESIAN_POINT('',(4.195177831679,12.735,6.522761435586));
#2248 = CARTESIAN_POINT('',(4.985603046729,12.735,6.700501777582));
#2249 = CARTESIAN_POINT('',(3.635702501172,12.735,5.079999996642));
#2250 = CARTESIAN_POINT('',(3.635702499534,12.735,5.916175549125));
#2251 = CARTESIAN_POINT('',(4.158098634558,12.735,6.569085828324));
#2252 = CARTESIAN_POINT('',(4.973902936676,12.735,6.752533082915));
#2253 = CARTESIAN_POINT('',(3.595871267846,12.699537031123,
    5.079999996564));
#2254 = CARTESIAN_POINT('',(3.595871266169,12.699537031123,
    5.935603859219));
#2255 = CARTESIAN_POINT('',(4.130405132455,12.699537031123,
    6.603684330108));
#2256 = CARTESIAN_POINT('',(4.965164424316,12.699537031123,
    6.791393931466));
#2257 = CARTESIAN_POINT('',(3.589703979382,12.646564265828,
    5.079999996551));
#2258 = CARTESIAN_POINT('',(3.5897039777,12.646564265828,5.9386120511));
#2259 = CARTESIAN_POINT('',(4.126117195533,12.646564265828,
    6.609041406028));
#2260 = CARTESIAN_POINT('',(4.963811392487,12.646564265828,
    6.797410969928));
#2261 = ADVANCED_FACE('',(#2262),#2290,.T.);
#2262 = FACE_BOUND('',#2263,.T.);
#2263 = EDGE_LOOP('',(#2264,#2275,#2282,#2283));
#2264 = ORIENTED_EDGE('',*,*,#2265,.T.);
#2265 = EDGE_CURVE('',#2266,#2268,#2270,.T.);
#2266 = VERTEX_POINT('',#2267);
#2267 = CARTESIAN_POINT('',(3.451341823665,11.45812853168,5.08));
#2268 = VERTEX_POINT('',#2269);
#2269 = CARTESIAN_POINT('',(7.248658176335,11.45812853168,5.08));
#2270 = CIRCLE('',#2271,1.898658176329);
#2271 = AXIS2_PLACEMENT_3D('',#2272,#2273,#2274);
#2272 = CARTESIAN_POINT('',(5.35,11.45812853168,5.08));
#2273 = DIRECTION('',(-1.171453342316E-15,-1.,-0.));
#2274 = DIRECTION('',(-1.,1.171453342316E-15,0.));
#2275 = ORIENTED_EDGE('',*,*,#2276,.T.);
#2276 = EDGE_CURVE('',#2268,#2006,#2277,.T.);
#2277 = CIRCLE('',#2278,0.2);
#2278 = AXIS2_PLACEMENT_3D('',#2279,#2280,#2281);
#2279 = CARTESIAN_POINT('',(7.05,11.435,5.08));
#2280 = DIRECTION('',(1.224646799147E-16,-1.434616586018E-31,-1.));
#2281 = DIRECTION('',(1.,1.756898610071E-47,1.224646799147E-16));
#2282 = ORIENTED_EDGE('',*,*,#2005,.T.);
#2283 = ORIENTED_EDGE('',*,*,#2284,.F.);
#2284 = EDGE_CURVE('',#2266,#2008,#2285,.T.);
#2285 = CIRCLE('',#2286,0.2);
#2286 = AXIS2_PLACEMENT_3D('',#2287,#2288,#2289);
#2287 = CARTESIAN_POINT('',(3.65,11.435,5.08));
#2288 = DIRECTION('',(0.,0.,1.));
#2289 = DIRECTION('',(-1.,0.,0.));
#2290 = ( BOUNDED_SURFACE() B_SPLINE_SURFACE(3,3,(
    (#2291,#2292,#2293,#2294)
    ,(#2295,#2296,#2297,#2298)
    ,(#2299,#2300,#2301,#2302)
    ,(#2303,#2304,#2305,#2306
)),.UNSPECIFIED.,.F.,.F.,.F.) B_SPLINE_SURFACE_WITH_KNOTS((4,4),(4,4),(
    0.,1.),(0.,1.),.PIECEWISE_BEZIER_KNOTS.) 
GEOMETRIC_REPRESENTATION_ITEM() RATIONAL_B_SPLINE_SURFACE((
    (1.,0.333333333333,0.333333333333,1.)
    ,(0.998880874276,0.332960291425,0.332960291425,0.998880874276)
    ,(0.998880874276,0.332960291425,0.332960291425,0.998880874276)
,(1.,0.333333333333,0.333333333333,1.
))) REPRESENTATION_ITEM('') SURFACE() );
#2291 = CARTESIAN_POINT('',(7.248658176329,11.458128531679,5.08));
#2292 = CARTESIAN_POINT('',(7.248658176329,11.458128531679,
    1.282683647342));
#2293 = CARTESIAN_POINT('',(3.451341823671,11.458128531679,
    1.282683647342));
#2294 = CARTESIAN_POINT('',(3.451341823671,11.458128531679,5.08));
#2295 = CARTESIAN_POINT('',(7.249552224326,11.450449274429,5.08));
#2296 = CARTESIAN_POINT('',(7.249552224326,11.450449274429,
    1.280895551349));
#2297 = CARTESIAN_POINT('',(3.450447775674,11.450449274429,
    1.280895551349));
#2298 = CARTESIAN_POINT('',(3.450447775674,11.450449274429,5.08));
#2299 = CARTESIAN_POINT('',(7.25,11.442731126291,5.08));
#2300 = CARTESIAN_POINT('',(7.25,11.442731126291,1.28));
#2301 = CARTESIAN_POINT('',(3.45,11.442731126291,1.28));
#2302 = CARTESIAN_POINT('',(3.45,11.442731126291,5.08));
#2303 = CARTESIAN_POINT('',(7.25,11.435,5.08));
#2304 = CARTESIAN_POINT('',(7.25,11.435,1.28));
#2305 = CARTESIAN_POINT('',(3.45,11.435,1.28));
#2306 = CARTESIAN_POINT('',(3.45,11.435,5.08));
#2307 = ADVANCED_FACE('',(#2308),#2336,.T.);
#2308 = FACE_BOUND('',#2309,.T.);
#2309 = EDGE_LOOP('',(#2310,#2321,#2328,#2329));
#2310 = ORIENTED_EDGE('',*,*,#2311,.T.);
#2311 = EDGE_CURVE('',#2312,#2314,#2316,.T.);
#2312 = VERTEX_POINT('',#2313);
#2313 = CARTESIAN_POINT('',(3.451341823665,11.45812853168,-5.08));
#2314 = VERTEX_POINT('',#2315);
#2315 = CARTESIAN_POINT('',(7.248658176335,11.45812853168,-5.08));
#2316 = CIRCLE('',#2317,1.898658176329);
#2317 = AXIS2_PLACEMENT_3D('',#2318,#2319,#2320);
#2318 = CARTESIAN_POINT('',(5.35,11.45812853168,-5.08));
#2319 = DIRECTION('',(-1.171453342316E-15,-1.,-0.));
#2320 = DIRECTION('',(-1.,1.171453342316E-15,0.));
#2321 = ORIENTED_EDGE('',*,*,#2322,.T.);
#2322 = EDGE_CURVE('',#2314,#1950,#2323,.T.);
#2323 = CIRCLE('',#2324,0.2);
#2324 = AXIS2_PLACEMENT_3D('',#2325,#2326,#2327);
#2325 = CARTESIAN_POINT('',(7.05,11.435,-5.08));
#2326 = DIRECTION('',(1.224646799147E-16,-1.434616586018E-31,-1.));
#2327 = DIRECTION('',(1.,1.756898610071E-47,1.224646799147E-16));
#2328 = ORIENTED_EDGE('',*,*,#1949,.T.);
#2329 = ORIENTED_EDGE('',*,*,#2330,.F.);
#2330 = EDGE_CURVE('',#2312,#1952,#2331,.T.);
#2331 = CIRCLE('',#2332,0.2);
#2332 = AXIS2_PLACEMENT_3D('',#2333,#2334,#2335);
#2333 = CARTESIAN_POINT('',(3.65,11.435,-5.08));
#2334 = DIRECTION('',(0.,0.,1.));
#2335 = DIRECTION('',(-1.,0.,0.));
#2336 = ( BOUNDED_SURFACE() B_SPLINE_SURFACE(3,3,(
    (#2337,#2338,#2339,#2340)
    ,(#2341,#2342,#2343,#2344)
    ,(#2345,#2346,#2347,#2348)
    ,(#2349,#2350,#2351,#2352
)),.UNSPECIFIED.,.F.,.F.,.F.) B_SPLINE_SURFACE_WITH_KNOTS((4,4),(4,4),(
    0.,1.),(0.,1.),.PIECEWISE_BEZIER_KNOTS.) 
GEOMETRIC_REPRESENTATION_ITEM() RATIONAL_B_SPLINE_SURFACE((
    (1.,0.333333333333,0.333333333333,1.)
    ,(0.998880874276,0.332960291425,0.332960291425,0.998880874276)
    ,(0.998880874276,0.332960291425,0.332960291425,0.998880874276)
,(1.,0.333333333333,0.333333333333,1.
))) REPRESENTATION_ITEM('') SURFACE() );
#2337 = CARTESIAN_POINT('',(7.248658176329,11.458128531679,-5.08));
#2338 = CARTESIAN_POINT('',(7.248658176329,11.458128531679,
    -8.877316352658));
#2339 = CARTESIAN_POINT('',(3.451341823671,11.458128531679,
    -8.877316352658));
#2340 = CARTESIAN_POINT('',(3.451341823671,11.458128531679,-5.08));
#2341 = CARTESIAN_POINT('',(7.249552224326,11.450449274429,-5.08));
#2342 = CARTESIAN_POINT('',(7.249552224326,11.450449274429,
    -8.879104448651));
#2343 = CARTESIAN_POINT('',(3.450447775674,11.450449274429,
    -8.879104448651));
#2344 = CARTESIAN_POINT('',(3.450447775674,11.450449274429,-5.08));
#2345 = CARTESIAN_POINT('',(7.25,11.442731126291,-5.08));
#2346 = CARTESIAN_POINT('',(7.25,11.442731126291,-8.88));
#2347 = CARTESIAN_POINT('',(3.45,11.442731126291,-8.88));
#2348 = CARTESIAN_POINT('',(3.45,11.442731126291,-5.08));
#2349 = CARTESIAN_POINT('',(7.25,11.435,-5.08));
#2350 = CARTESIAN_POINT('',(7.25,11.435,-8.88));
#2351 = CARTESIAN_POINT('',(3.45,11.435,-8.88));
#2352 = CARTESIAN_POINT('',(3.45,11.435,-5.08));
#2353 = ADVANCED_FACE('',(#2354),#2382,.T.);
#2354 = FACE_BOUND('',#2355,.T.);
#2355 = EDGE_LOOP('',(#2356,#2367,#2374,#2375));
#2356 = ORIENTED_EDGE('',*,*,#2357,.T.);
#2357 = EDGE_CURVE('',#2358,#2360,#2362,.T.);
#2358 = VERTEX_POINT('',#2359);
#2359 = CARTESIAN_POINT('',(3.451341823665,11.45812853168,
    2.325185658324E-16));
#2360 = VERTEX_POINT('',#2361);
#2361 = CARTESIAN_POINT('',(7.248658176335,11.45812853168,
    -2.206075080607E-41));
#2362 = CIRCLE('',#2363,1.898658176329);
#2363 = AXIS2_PLACEMENT_3D('',#2364,#2365,#2366);
#2364 = CARTESIAN_POINT('',(5.35,11.45812853168,0.));
#2365 = DIRECTION('',(-1.171453342316E-15,-1.,-0.));
#2366 = DIRECTION('',(-1.,1.171453342316E-15,0.));
#2367 = ORIENTED_EDGE('',*,*,#2368,.T.);
#2368 = EDGE_CURVE('',#2360,#1894,#2369,.T.);
#2369 = CIRCLE('',#2370,0.2);
#2370 = AXIS2_PLACEMENT_3D('',#2371,#2372,#2373);
#2371 = CARTESIAN_POINT('',(7.05,11.435,2.081899558551E-16));
#2372 = DIRECTION('',(1.224646799147E-16,-1.434616586018E-31,-1.));
#2373 = DIRECTION('',(1.,-3.889384548663E-62,1.224646799147E-16));
#2374 = ORIENTED_EDGE('',*,*,#1893,.T.);
#2375 = ORIENTED_EDGE('',*,*,#2376,.F.);
#2376 = EDGE_CURVE('',#2358,#1896,#2377,.T.);
#2377 = CIRCLE('',#2378,0.2);
#2378 = AXIS2_PLACEMENT_3D('',#2379,#2380,#2381);
#2379 = CARTESIAN_POINT('',(3.65,11.435,0.));
#2380 = DIRECTION('',(0.,0.,1.));
#2381 = DIRECTION('',(-1.,0.,0.));
#2382 = ( BOUNDED_SURFACE() B_SPLINE_SURFACE(3,3,(
    (#2383,#2384,#2385,#2386)
    ,(#2387,#2388,#2389,#2390)
    ,(#2391,#2392,#2393,#2394)
    ,(#2395,#2396,#2397,#2398
)),.UNSPECIFIED.,.F.,.F.,.F.) B_SPLINE_SURFACE_WITH_KNOTS((4,4),(4,4),(
    0.,1.),(0.,1.),.PIECEWISE_BEZIER_KNOTS.) 
GEOMETRIC_REPRESENTATION_ITEM() RATIONAL_B_SPLINE_SURFACE((
    (1.,0.333333333333,0.333333333333,1.)
    ,(0.998880874276,0.332960291425,0.332960291425,0.998880874276)
    ,(0.998880874276,0.332960291425,0.332960291425,0.998880874276)
,(1.,0.333333333333,0.333333333333,1.
))) REPRESENTATION_ITEM('') SURFACE() );
#2383 = CARTESIAN_POINT('',(7.248658176329,11.458128531679,
    2.325185658316E-16));
#2384 = CARTESIAN_POINT('',(7.248658176329,11.458128531679,
    -3.797316352658));
#2385 = CARTESIAN_POINT('',(3.451341823671,11.458128531679,
    -3.797316352658));
#2386 = CARTESIAN_POINT('',(3.451341823671,11.458128531679,
    -4.650371316633E-16));
#2387 = CARTESIAN_POINT('',(7.249552224326,11.450449274429,
    2.326280551334E-16));
#2388 = CARTESIAN_POINT('',(7.249552224326,11.450449274429,
    -3.799104448651));
#2389 = CARTESIAN_POINT('',(3.450447775674,11.450449274429,
    -3.799104448651));
#2390 = CARTESIAN_POINT('',(3.450447775674,11.450449274429,
    -4.652561102667E-16));
#2391 = CARTESIAN_POINT('',(7.25,11.442731126291,2.32682891838E-16));
#2392 = CARTESIAN_POINT('',(7.25,11.442731126291,-3.8));
#2393 = CARTESIAN_POINT('',(3.45,11.442731126291,-3.8));
#2394 = CARTESIAN_POINT('',(3.45,11.442731126291,-4.65365783676E-16));
#2395 = CARTESIAN_POINT('',(7.25,11.435,2.32682891838E-16));
#2396 = CARTESIAN_POINT('',(7.25,11.435,-3.8));
#2397 = CARTESIAN_POINT('',(3.45,11.435,-3.8));
#2398 = CARTESIAN_POINT('',(3.45,11.435,-4.65365783676E-16));
#2399 = ADVANCED_FACE('',(#2400),#2436,.F.);
#2400 = FACE_BOUND('',#2401,.F.);
#2401 = EDGE_LOOP('',(#2402,#2412,#2421,#2429));
#2402 = ORIENTED_EDGE('',*,*,#2403,.T.);
#2403 = EDGE_CURVE('',#2404,#2406,#2408,.T.);
#2404 = VERTEX_POINT('',#2405);
#2405 = CARTESIAN_POINT('',(7.325,14.,0.));
#2406 = VERTEX_POINT('',#2407);
#2407 = CARTESIAN_POINT('',(7.325,11.235,0.));
#2408 = LINE('',#2409,#2410);
#2409 = CARTESIAN_POINT('',(7.325,10.45,0.));
#2410 = VECTOR('',#2411,1.);
#2411 = DIRECTION('',(-2.501911041409E-16,-1.,0.));
#2412 = ORIENTED_EDGE('',*,*,#2413,.T.);
#2413 = EDGE_CURVE('',#2406,#2414,#2416,.T.);
#2414 = VERTEX_POINT('',#2415);
#2415 = CARTESIAN_POINT('',(3.375,11.235,2.418677428316E-16));
#2416 = CIRCLE('',#2417,1.975);
#2417 = AXIS2_PLACEMENT_3D('',#2418,#2419,#2420);
#2418 = CARTESIAN_POINT('',(5.35,11.235,0.));
#2419 = DIRECTION('',(2.501911041409E-16,1.,0.));
#2420 = DIRECTION('',(1.,-2.501911041409E-16,0.));
#2421 = ORIENTED_EDGE('',*,*,#2422,.F.);
#2422 = EDGE_CURVE('',#2423,#2414,#2425,.T.);
#2423 = VERTEX_POINT('',#2424);
#2424 = CARTESIAN_POINT('',(3.375,14.,2.418677428316E-16));
#2425 = LINE('',#2426,#2427);
#2426 = CARTESIAN_POINT('',(3.375,10.45,2.418677428316E-16));
#2427 = VECTOR('',#2428,1.);
#2428 = DIRECTION('',(-2.501911041409E-16,-1.,0.));
#2429 = ORIENTED_EDGE('',*,*,#2430,.T.);
#2430 = EDGE_CURVE('',#2423,#2404,#2431,.T.);
#2431 = CIRCLE('',#2432,1.975);
#2432 = AXIS2_PLACEMENT_3D('',#2433,#2434,#2435);
#2433 = CARTESIAN_POINT('',(5.35,14.,0.));
#2434 = DIRECTION('',(-2.501911041409E-16,-1.,0.));
#2435 = DIRECTION('',(1.,-2.501911041409E-16,0.));
#2436 = CYLINDRICAL_SURFACE('',#2437,1.975);
#2437 = AXIS2_PLACEMENT_3D('',#2438,#2439,#2440);
#2438 = CARTESIAN_POINT('',(5.35,10.45,0.));
#2439 = DIRECTION('',(-2.501911041409E-16,-1.,0.));
#2440 = DIRECTION('',(1.,-2.501911041409E-16,0.));
#2441 = ADVANCED_FACE('',(#2442),#2478,.F.);
#2442 = FACE_BOUND('',#2443,.F.);
#2443 = EDGE_LOOP('',(#2444,#2454,#2463,#2471));
#2444 = ORIENTED_EDGE('',*,*,#2445,.T.);
#2445 = EDGE_CURVE('',#2446,#2448,#2450,.T.);
#2446 = VERTEX_POINT('',#2447);
#2447 = CARTESIAN_POINT('',(7.325,14.,-5.08));
#2448 = VERTEX_POINT('',#2449);
#2449 = CARTESIAN_POINT('',(7.325,11.235,-5.08));
#2450 = LINE('',#2451,#2452);
#2451 = CARTESIAN_POINT('',(7.325,10.45,-5.08));
#2452 = VECTOR('',#2453,1.);
#2453 = DIRECTION('',(-2.501911041409E-16,-1.,0.));
#2454 = ORIENTED_EDGE('',*,*,#2455,.T.);
#2455 = EDGE_CURVE('',#2448,#2456,#2458,.T.);
#2456 = VERTEX_POINT('',#2457);
#2457 = CARTESIAN_POINT('',(3.375,11.235,-5.08));
#2458 = CIRCLE('',#2459,1.975);
#2459 = AXIS2_PLACEMENT_3D('',#2460,#2461,#2462);
#2460 = CARTESIAN_POINT('',(5.35,11.235,-5.08));
#2461 = DIRECTION('',(2.501911041409E-16,1.,0.));
#2462 = DIRECTION('',(1.,-2.501911041409E-16,0.));
#2463 = ORIENTED_EDGE('',*,*,#2464,.F.);
#2464 = EDGE_CURVE('',#2465,#2456,#2467,.T.);
#2465 = VERTEX_POINT('',#2466);
#2466 = CARTESIAN_POINT('',(3.375,14.,-5.08));
#2467 = LINE('',#2468,#2469);
#2468 = CARTESIAN_POINT('',(3.375,10.45,-5.08));
#2469 = VECTOR('',#2470,1.);
#2470 = DIRECTION('',(-2.501911041409E-16,-1.,0.));
#2471 = ORIENTED_EDGE('',*,*,#2472,.T.);
#2472 = EDGE_CURVE('',#2465,#2446,#2473,.T.);
#2473 = CIRCLE('',#2474,1.975);
#2474 = AXIS2_PLACEMENT_3D('',#2475,#2476,#2477);
#2475 = CARTESIAN_POINT('',(5.35,14.,-5.08));
#2476 = DIRECTION('',(-2.501911041409E-16,-1.,0.));
#2477 = DIRECTION('',(1.,-2.501911041409E-16,0.));
#2478 = CYLINDRICAL_SURFACE('',#2479,1.975);
#2479 = AXIS2_PLACEMENT_3D('',#2480,#2481,#2482);
#2480 = CARTESIAN_POINT('',(5.35,10.45,-5.08));
#2481 = DIRECTION('',(-2.501911041409E-16,-1.,0.));
#2482 = DIRECTION('',(1.,-2.501911041409E-16,0.));
#2483 = ADVANCED_FACE('',(#2484),#2520,.F.);
#2484 = FACE_BOUND('',#2485,.F.);
#2485 = EDGE_LOOP('',(#2486,#2496,#2505,#2513));
#2486 = ORIENTED_EDGE('',*,*,#2487,.T.);
#2487 = EDGE_CURVE('',#2488,#2490,#2492,.T.);
#2488 = VERTEX_POINT('',#2489);
#2489 = CARTESIAN_POINT('',(7.325,14.,5.08));
#2490 = VERTEX_POINT('',#2491);
#2491 = CARTESIAN_POINT('',(7.325,11.235,5.08));
#2492 = LINE('',#2493,#2494);
#2493 = CARTESIAN_POINT('',(7.325,10.45,5.08));
#2494 = VECTOR('',#2495,1.);
#2495 = DIRECTION('',(-2.501911041409E-16,-1.,0.));
#2496 = ORIENTED_EDGE('',*,*,#2497,.T.);
#2497 = EDGE_CURVE('',#2490,#2498,#2500,.T.);
#2498 = VERTEX_POINT('',#2499);
#2499 = CARTESIAN_POINT('',(3.375,11.235,5.08));
#2500 = CIRCLE('',#2501,1.975);
#2501 = AXIS2_PLACEMENT_3D('',#2502,#2503,#2504);
#2502 = CARTESIAN_POINT('',(5.35,11.235,5.08));
#2503 = DIRECTION('',(2.501911041409E-16,1.,0.));
#2504 = DIRECTION('',(1.,-2.501911041409E-16,0.));
#2505 = ORIENTED_EDGE('',*,*,#2506,.F.);
#2506 = EDGE_CURVE('',#2507,#2498,#2509,.T.);
#2507 = VERTEX_POINT('',#2508);
#2508 = CARTESIAN_POINT('',(3.375,14.,5.08));
#2509 = LINE('',#2510,#2511);
#2510 = CARTESIAN_POINT('',(3.375,10.45,5.08));
#2511 = VECTOR('',#2512,1.);
#2512 = DIRECTION('',(-2.501911041409E-16,-1.,0.));
#2513 = ORIENTED_EDGE('',*,*,#2514,.T.);
#2514 = EDGE_CURVE('',#2507,#2488,#2515,.T.);
#2515 = CIRCLE('',#2516,1.975);
#2516 = AXIS2_PLACEMENT_3D('',#2517,#2518,#2519);
#2517 = CARTESIAN_POINT('',(5.35,14.,5.08));
#2518 = DIRECTION('',(-2.501911041409E-16,-1.,0.));
#2519 = DIRECTION('',(1.,-2.501911041409E-16,0.));
#2520 = CYLINDRICAL_SURFACE('',#2521,1.975);
#2521 = AXIS2_PLACEMENT_3D('',#2522,#2523,#2524);
#2522 = CARTESIAN_POINT('',(5.35,10.45,5.08));
#2523 = DIRECTION('',(-2.501911041409E-16,-1.,0.));
#2524 = DIRECTION('',(1.,-2.501911041409E-16,0.));
#2525 = ADVANCED_FACE('',(#2526),#2544,.T.);
#2526 = FACE_BOUND('',#2527,.T.);
#2527 = EDGE_LOOP('',(#2528,#2529,#2536,#2537));
#2528 = ORIENTED_EDGE('',*,*,#2368,.F.);
#2529 = ORIENTED_EDGE('',*,*,#2530,.T.);
#2530 = EDGE_CURVE('',#2360,#2358,#2531,.T.);
#2531 = CIRCLE('',#2532,1.898658176329);
#2532 = AXIS2_PLACEMENT_3D('',#2533,#2534,#2535);
#2533 = CARTESIAN_POINT('',(5.35,11.45812853168,0.));
#2534 = DIRECTION('',(-1.171453342316E-15,-1.,-0.));
#2535 = DIRECTION('',(-1.,1.171453342316E-15,0.));
#2536 = ORIENTED_EDGE('',*,*,#2376,.T.);
#2537 = ORIENTED_EDGE('',*,*,#2538,.T.);
#2538 = EDGE_CURVE('',#1896,#1894,#2539,.T.);
#2539 = CIRCLE('',#2540,1.9);
#2540 = AXIS2_PLACEMENT_3D('',#2541,#2542,#2543);
#2541 = CARTESIAN_POINT('',(5.35,11.435,0.));
#2542 = DIRECTION('',(1.171453342316E-15,1.,0.));
#2543 = DIRECTION('',(-1.,1.171453342316E-15,0.));
#2544 = ( BOUNDED_SURFACE() B_SPLINE_SURFACE(3,3,(
    (#2545,#2546,#2547,#2548)
    ,(#2549,#2550,#2551,#2552)
    ,(#2553,#2554,#2555,#2556)
    ,(#2557,#2558,#2559,#2560
)),.UNSPECIFIED.,.F.,.F.,.F.) B_SPLINE_SURFACE_WITH_KNOTS((4,4),(4,4),(
    0.,1.),(0.,1.),.PIECEWISE_BEZIER_KNOTS.) 
GEOMETRIC_REPRESENTATION_ITEM() RATIONAL_B_SPLINE_SURFACE((
    (1.,0.333333333333,0.333333333333,1.)
    ,(0.998880874276,0.332960291425,0.332960291425,0.998880874276)
    ,(0.998880874276,0.332960291425,0.332960291425,0.998880874276)
,(1.,0.333333333333,0.333333333333,1.
))) REPRESENTATION_ITEM('') SURFACE() );
#2545 = CARTESIAN_POINT('',(3.451341823671,11.458128531679,0.));
#2546 = CARTESIAN_POINT('',(3.451341823671,11.458128531679,
    3.797316352658));
#2547 = CARTESIAN_POINT('',(7.248658176329,11.458128531679,
    3.797316352658));
#2548 = CARTESIAN_POINT('',(7.248658176329,11.458128531679,
    2.325185658316E-16));
#2549 = CARTESIAN_POINT('',(3.450447775674,11.450449274429,0.));
#2550 = CARTESIAN_POINT('',(3.450447775674,11.450449274429,
    3.799104448651));
#2551 = CARTESIAN_POINT('',(7.249552224326,11.450449274429,
    3.799104448651));
#2552 = CARTESIAN_POINT('',(7.249552224326,11.450449274429,
    2.326280551334E-16));
#2553 = CARTESIAN_POINT('',(3.45,11.442731126291,0.));
#2554 = CARTESIAN_POINT('',(3.45,11.442731126291,3.8));
#2555 = CARTESIAN_POINT('',(7.25,11.442731126291,3.8));
#2556 = CARTESIAN_POINT('',(7.25,11.442731126291,2.32682891838E-16));
#2557 = CARTESIAN_POINT('',(3.45,11.435,0.));
#2558 = CARTESIAN_POINT('',(3.45,11.435,3.8));
#2559 = CARTESIAN_POINT('',(7.25,11.435,3.8));
#2560 = CARTESIAN_POINT('',(7.25,11.435,2.32682891838E-16));
#2561 = ADVANCED_FACE('',(#2562),#2580,.T.);
#2562 = FACE_BOUND('',#2563,.T.);
#2563 = EDGE_LOOP('',(#2564,#2565,#2572,#2573));
#2564 = ORIENTED_EDGE('',*,*,#2322,.F.);
#2565 = ORIENTED_EDGE('',*,*,#2566,.T.);
#2566 = EDGE_CURVE('',#2314,#2312,#2567,.T.);
#2567 = CIRCLE('',#2568,1.898658176329);
#2568 = AXIS2_PLACEMENT_3D('',#2569,#2570,#2571);
#2569 = CARTESIAN_POINT('',(5.35,11.45812853168,-5.08));
#2570 = DIRECTION('',(-1.171453342316E-15,-1.,-0.));
#2571 = DIRECTION('',(-1.,1.171453342316E-15,0.));
#2572 = ORIENTED_EDGE('',*,*,#2330,.T.);
#2573 = ORIENTED_EDGE('',*,*,#2574,.T.);
#2574 = EDGE_CURVE('',#1952,#1950,#2575,.T.);
#2575 = CIRCLE('',#2576,1.9);
#2576 = AXIS2_PLACEMENT_3D('',#2577,#2578,#2579);
#2577 = CARTESIAN_POINT('',(5.35,11.435,-5.08));
#2578 = DIRECTION('',(1.171453342316E-15,1.,0.));
#2579 = DIRECTION('',(-1.,1.171453342316E-15,0.));
#2580 = ( BOUNDED_SURFACE() B_SPLINE_SURFACE(3,3,(
    (#2581,#2582,#2583,#2584)
    ,(#2585,#2586,#2587,#2588)
    ,(#2589,#2590,#2591,#2592)
    ,(#2593,#2594,#2595,#2596
)),.UNSPECIFIED.,.F.,.F.,.F.) B_SPLINE_SURFACE_WITH_KNOTS((4,4),(4,4),(
    0.,1.),(0.,1.),.PIECEWISE_BEZIER_KNOTS.) 
GEOMETRIC_REPRESENTATION_ITEM() RATIONAL_B_SPLINE_SURFACE((
    (1.,0.333333333333,0.333333333333,1.)
    ,(0.998880874276,0.332960291425,0.332960291425,0.998880874276)
    ,(0.998880874276,0.332960291425,0.332960291425,0.998880874276)
,(1.,0.333333333333,0.333333333333,1.
))) REPRESENTATION_ITEM('') SURFACE() );
#2581 = CARTESIAN_POINT('',(3.451341823671,11.458128531679,-5.08));
#2582 = CARTESIAN_POINT('',(3.451341823671,11.458128531679,
    -1.282683647342));
#2583 = CARTESIAN_POINT('',(7.248658176329,11.458128531679,
    -1.282683647342));
#2584 = CARTESIAN_POINT('',(7.248658176329,11.458128531679,-5.08));
#2585 = CARTESIAN_POINT('',(3.450447775674,11.450449274429,-5.08));
#2586 = CARTESIAN_POINT('',(3.450447775674,11.450449274429,
    -1.280895551349));
#2587 = CARTESIAN_POINT('',(7.249552224326,11.450449274429,
    -1.280895551349));
#2588 = CARTESIAN_POINT('',(7.249552224326,11.450449274429,-5.08));
#2589 = CARTESIAN_POINT('',(3.45,11.442731126291,-5.08));
#2590 = CARTESIAN_POINT('',(3.45,11.442731126291,-1.28));
#2591 = CARTESIAN_POINT('',(7.25,11.442731126291,-1.28));
#2592 = CARTESIAN_POINT('',(7.25,11.442731126291,-5.08));
#2593 = CARTESIAN_POINT('',(3.45,11.435,-5.08));
#2594 = CARTESIAN_POINT('',(3.45,11.435,-1.28));
#2595 = CARTESIAN_POINT('',(7.25,11.435,-1.28));
#2596 = CARTESIAN_POINT('',(7.25,11.435,-5.08));
#2597 = ADVANCED_FACE('',(#2598),#2616,.T.);
#2598 = FACE_BOUND('',#2599,.T.);
#2599 = EDGE_LOOP('',(#2600,#2601,#2608,#2609));
#2600 = ORIENTED_EDGE('',*,*,#2276,.F.);
#2601 = ORIENTED_EDGE('',*,*,#2602,.T.);
#2602 = EDGE_CURVE('',#2268,#2266,#2603,.T.);
#2603 = CIRCLE('',#2604,1.898658176329);
#2604 = AXIS2_PLACEMENT_3D('',#2605,#2606,#2607);
#2605 = CARTESIAN_POINT('',(5.35,11.45812853168,5.08));
#2606 = DIRECTION('',(-1.171453342316E-15,-1.,-0.));
#2607 = DIRECTION('',(-1.,1.171453342316E-15,0.));
#2608 = ORIENTED_EDGE('',*,*,#2284,.T.);
#2609 = ORIENTED_EDGE('',*,*,#2610,.T.);
#2610 = EDGE_CURVE('',#2008,#2006,#2611,.T.);
#2611 = CIRCLE('',#2612,1.9);
#2612 = AXIS2_PLACEMENT_3D('',#2613,#2614,#2615);
#2613 = CARTESIAN_POINT('',(5.35,11.435,5.08));
#2614 = DIRECTION('',(1.171453342316E-15,1.,0.));
#2615 = DIRECTION('',(-1.,1.171453342316E-15,0.));
#2616 = ( BOUNDED_SURFACE() B_SPLINE_SURFACE(3,3,(
    (#2617,#2618,#2619,#2620)
    ,(#2621,#2622,#2623,#2624)
    ,(#2625,#2626,#2627,#2628)
    ,(#2629,#2630,#2631,#2632
)),.UNSPECIFIED.,.F.,.F.,.F.) B_SPLINE_SURFACE_WITH_KNOTS((4,4),(4,4),(
    0.,1.),(0.,1.),.PIECEWISE_BEZIER_KNOTS.) 
GEOMETRIC_REPRESENTATION_ITEM() RATIONAL_B_SPLINE_SURFACE((
    (1.,0.333333333333,0.333333333333,1.)
    ,(0.998880874276,0.332960291425,0.332960291425,0.998880874276)
    ,(0.998880874276,0.332960291425,0.332960291425,0.998880874276)
,(1.,0.333333333333,0.333333333333,1.
))) REPRESENTATION_ITEM('') SURFACE() );
#2617 = CARTESIAN_POINT('',(3.451341823671,11.458128531679,5.08));
#2618 = CARTESIAN_POINT('',(3.451341823671,11.458128531679,
    8.877316352658));
#2619 = CARTESIAN_POINT('',(7.248658176329,11.458128531679,
    8.877316352658));
#2620 = CARTESIAN_POINT('',(7.248658176329,11.458128531679,5.08));
#2621 = CARTESIAN_POINT('',(3.450447775674,11.450449274429,5.08));
#2622 = CARTESIAN_POINT('',(3.450447775674,11.450449274429,
    8.879104448651));
#2623 = CARTESIAN_POINT('',(7.249552224326,11.450449274429,
    8.879104448651));
#2624 = CARTESIAN_POINT('',(7.249552224326,11.450449274429,5.08));
#2625 = CARTESIAN_POINT('',(3.45,11.442731126291,5.08));
#2626 = CARTESIAN_POINT('',(3.45,11.442731126291,8.88));
#2627 = CARTESIAN_POINT('',(7.25,11.442731126291,8.88));
#2628 = CARTESIAN_POINT('',(7.25,11.442731126291,5.08));
#2629 = CARTESIAN_POINT('',(3.45,11.435,5.08));
#2630 = CARTESIAN_POINT('',(3.45,11.435,8.88));
#2631 = CARTESIAN_POINT('',(7.25,11.435,8.88));
#2632 = CARTESIAN_POINT('',(7.25,11.435,5.08));
#2633 = ADVANCED_FACE('',(#2634),#2686,.T.);
#2634 = FACE_BOUND('',#2635,.T.);
#2635 = EDGE_LOOP('',(#2636,#2637,#2643,#2644,#2652,#2661,#2670,#2679));
#2636 = ORIENTED_EDGE('',*,*,#2081,.T.);
#2637 = ORIENTED_EDGE('',*,*,#2638,.T.);
#2638 = EDGE_CURVE('',#2073,#2358,#2639,.T.);
#2639 = LINE('',#2640,#2641);
#2640 = CARTESIAN_POINT('',(3.451341823677,11.458128531785,
    2.325185658309E-16));
#2641 = VECTOR('',#2642,1.);
#2642 = DIRECTION('',(-0.115642658397,-0.993290881645,1.416214114513E-17
    ));
#2643 = ORIENTED_EDGE('',*,*,#2530,.F.);
#2644 = ORIENTED_EDGE('',*,*,#2645,.F.);
#2645 = EDGE_CURVE('',#2646,#2360,#2648,.T.);
#2646 = VERTEX_POINT('',#2647);
#2647 = CARTESIAN_POINT('',(7.110296020628,12.646564265822,
    1.240088438882E-31));
#2648 = LINE('',#2649,#2650);
#2649 = CARTESIAN_POINT('',(7.248658176323,11.458128531785,
    1.607708950454E-61));
#2650 = VECTOR('',#2651,1.);
#2651 = DIRECTION('',(0.115642658397,-0.993290881645,-2.072924102819E-31
    ));
#2652 = ORIENTED_EDGE('',*,*,#2653,.T.);
#2653 = EDGE_CURVE('',#2646,#2654,#2656,.T.);
#2654 = VERTEX_POINT('',#2655);
#2655 = CARTESIAN_POINT('',(5.75,12.646564265829,1.714246796765));
#2656 = CIRCLE('',#2657,1.760296020628);
#2657 = AXIS2_PLACEMENT_3D('',#2658,#2659,#2660);
#2658 = CARTESIAN_POINT('',(5.35,12.646564265822,0.));
#2659 = DIRECTION('',(-1.171453342316E-15,-1.,0.));
#2660 = DIRECTION('',(1.,-1.171453342316E-15,0.));
#2661 = ORIENTED_EDGE('',*,*,#2662,.F.);
#2662 = EDGE_CURVE('',#2663,#2654,#2665,.T.);
#2663 = VERTEX_POINT('',#2664);
#2664 = CARTESIAN_POINT('',(5.75,11.934999999997,1.799211327336));
#2665 = B_SPLINE_CURVE_WITH_KNOTS('',3,(#2666,#2667,#2668,#2669),
  .UNSPECIFIED.,.F.,.F.,(4,4),(2.734128518929E-15,7.166189195524E-04),
  .PIECEWISE_BEZIER_KNOTS.);
#2666 = CARTESIAN_POINT('',(5.75,11.934999999997,1.799211327336));
#2667 = CARTESIAN_POINT('',(5.75,12.172191968891,1.770922332791));
#2668 = CARTESIAN_POINT('',(5.75,12.409380254482,1.742602432482));
#2669 = CARTESIAN_POINT('',(5.75,12.646564265829,1.714246796765));
#2670 = ORIENTED_EDGE('',*,*,#2671,.T.);
#2671 = EDGE_CURVE('',#2663,#2672,#2674,.T.);
#2672 = VERTEX_POINT('',#2673);
#2673 = CARTESIAN_POINT('',(4.95,11.934999999997,1.799211327336));
#2674 = CIRCLE('',#2675,1.84313900735);
#2675 = AXIS2_PLACEMENT_3D('',#2676,#2677,#2678);
#2676 = CARTESIAN_POINT('',(5.35,11.934999999994,9.951952430688E-32));
#2677 = DIRECTION('',(-9.136576017787E-16,-1.,-2.08692553322E-31));
#2678 = DIRECTION('',(1.,-9.136576017787E-16,5.743482352849E-48));
#2679 = ORIENTED_EDGE('',*,*,#2680,.F.);
#2680 = EDGE_CURVE('',#2082,#2672,#2681,.T.);
#2681 = B_SPLINE_CURVE_WITH_KNOTS('',3,(#2682,#2683,#2684,#2685),
  .UNSPECIFIED.,.F.,.F.,(4,4),(7.695742672741E-15,7.166189195626E-04),
  .PIECEWISE_BEZIER_KNOTS.);
#2682 = CARTESIAN_POINT('',(4.95,12.646564265829,1.714246796769));
#2683 = CARTESIAN_POINT('',(4.95,12.409380254482,1.742602432482));
#2684 = CARTESIAN_POINT('',(4.95,12.172191968891,1.770922332791));
#2685 = CARTESIAN_POINT('',(4.95,11.934999999997,1.799211327336));
#2686 = CONICAL_SURFACE('',#2687,1.898658176323,0.115901974538);
#2687 = AXIS2_PLACEMENT_3D('',#2688,#2689,#2690);
#2688 = CARTESIAN_POINT('',(5.35,11.458128531785,1.607708950454E-61));
#2689 = DIRECTION('',(-9.136576017787E-16,-1.,-2.08692553322E-31));
#2690 = DIRECTION('',(1.,-9.136576017787E-16,-1.166815364599E-61));
#2691 = ADVANCED_FACE('',(#2692),#2744,.T.);
#2692 = FACE_BOUND('',#2693,.T.);
#2693 = EDGE_LOOP('',(#2694,#2695,#2701,#2702,#2710,#2719,#2728,#2737));
#2694 = ORIENTED_EDGE('',*,*,#2149,.T.);
#2695 = ORIENTED_EDGE('',*,*,#2696,.T.);
#2696 = EDGE_CURVE('',#2141,#2312,#2697,.T.);
#2697 = LINE('',#2698,#2699);
#2698 = CARTESIAN_POINT('',(3.451341823677,11.458128531785,-5.08));
#2699 = VECTOR('',#2700,1.);
#2700 = DIRECTION('',(-0.115642658397,-0.993290881645,1.416214114513E-17
    ));
#2701 = ORIENTED_EDGE('',*,*,#2566,.F.);
#2702 = ORIENTED_EDGE('',*,*,#2703,.F.);
#2703 = EDGE_CURVE('',#2704,#2314,#2706,.T.);
#2704 = VERTEX_POINT('',#2705);
#2705 = CARTESIAN_POINT('',(7.110296020628,12.646564265822,-5.08));
#2706 = LINE('',#2707,#2708);
#2707 = CARTESIAN_POINT('',(7.248658176323,11.458128531785,-5.08));
#2708 = VECTOR('',#2709,1.);
#2709 = DIRECTION('',(0.115642658397,-0.993290881645,-2.072924102819E-31
    ));
#2710 = ORIENTED_EDGE('',*,*,#2711,.T.);
#2711 = EDGE_CURVE('',#2704,#2712,#2714,.T.);
#2712 = VERTEX_POINT('',#2713);
#2713 = CARTESIAN_POINT('',(5.75,12.646564265829,-3.365753203235));
#2714 = CIRCLE('',#2715,1.760296020628);
#2715 = AXIS2_PLACEMENT_3D('',#2716,#2717,#2718);
#2716 = CARTESIAN_POINT('',(5.35,12.646564265822,-5.08));
#2717 = DIRECTION('',(-1.171453342316E-15,-1.,0.));
#2718 = DIRECTION('',(1.,-1.171453342316E-15,0.));
#2719 = ORIENTED_EDGE('',*,*,#2720,.F.);
#2720 = EDGE_CURVE('',#2721,#2712,#2723,.T.);
#2721 = VERTEX_POINT('',#2722);
#2722 = CARTESIAN_POINT('',(5.75,11.934999999997,-3.280788672664));
#2723 = B_SPLINE_CURVE_WITH_KNOTS('',3,(#2724,#2725,#2726,#2727),
  .UNSPECIFIED.,.F.,.F.,(4,4),(2.734102817364E-15,7.166189195524E-04),
  .PIECEWISE_BEZIER_KNOTS.);
#2724 = CARTESIAN_POINT('',(5.75,11.934999999997,-3.280788672664));
#2725 = CARTESIAN_POINT('',(5.75,12.172191968891,-3.309077667209));
#2726 = CARTESIAN_POINT('',(5.75,12.409380254482,-3.337397567518));
#2727 = CARTESIAN_POINT('',(5.75,12.646564265829,-3.365753203235));
#2728 = ORIENTED_EDGE('',*,*,#2729,.T.);
#2729 = EDGE_CURVE('',#2721,#2730,#2732,.T.);
#2730 = VERTEX_POINT('',#2731);
#2731 = CARTESIAN_POINT('',(4.95,11.934999999997,-3.280788672664));
#2732 = CIRCLE('',#2733,1.84313900735);
#2733 = AXIS2_PLACEMENT_3D('',#2734,#2735,#2736);
#2734 = CARTESIAN_POINT('',(5.35,11.934999999994,-5.08));
#2735 = DIRECTION('',(-9.136576017787E-16,-1.,-2.08692553322E-31));
#2736 = DIRECTION('',(1.,-9.136576017787E-16,5.743482352849E-48));
#2737 = ORIENTED_EDGE('',*,*,#2738,.F.);
#2738 = EDGE_CURVE('',#2150,#2730,#2739,.T.);
#2739 = B_SPLINE_CURVE_WITH_KNOTS('',3,(#2740,#2741,#2742,#2743),
  .UNSPECIFIED.,.F.,.F.,(4,4),(7.695742672741E-15,7.166189195626E-04),
  .PIECEWISE_BEZIER_KNOTS.);
#2740 = CARTESIAN_POINT('',(4.95,12.646564265829,-3.365753203231));
#2741 = CARTESIAN_POINT('',(4.95,12.409380254482,-3.337397567518));
#2742 = CARTESIAN_POINT('',(4.95,12.172191968891,-3.309077667209));
#2743 = CARTESIAN_POINT('',(4.95,11.934999999997,-3.280788672664));
#2744 = CONICAL_SURFACE('',#2745,1.898658176323,0.115901974538);
#2745 = AXIS2_PLACEMENT_3D('',#2746,#2747,#2748);
#2746 = CARTESIAN_POINT('',(5.35,11.458128531785,-5.08));
#2747 = DIRECTION('',(-9.136576017787E-16,-1.,-2.08692553322E-31));
#2748 = DIRECTION('',(1.,-9.136576017787E-16,-1.555753819465E-61));
#2749 = ADVANCED_FACE('',(#2750),#2802,.T.);
#2750 = FACE_BOUND('',#2751,.T.);
#2751 = EDGE_LOOP('',(#2752,#2753,#2759,#2760,#2768,#2777,#2786,#2795));
#2752 = ORIENTED_EDGE('',*,*,#2217,.T.);
#2753 = ORIENTED_EDGE('',*,*,#2754,.T.);
#2754 = EDGE_CURVE('',#2209,#2266,#2755,.T.);
#2755 = LINE('',#2756,#2757);
#2756 = CARTESIAN_POINT('',(3.451341823677,11.458128531785,5.08));
#2757 = VECTOR('',#2758,1.);
#2758 = DIRECTION('',(-0.115642658397,-0.993290881645,1.416214114513E-17
    ));
#2759 = ORIENTED_EDGE('',*,*,#2602,.F.);
#2760 = ORIENTED_EDGE('',*,*,#2761,.F.);
#2761 = EDGE_CURVE('',#2762,#2268,#2764,.T.);
#2762 = VERTEX_POINT('',#2763);
#2763 = CARTESIAN_POINT('',(7.110296020628,12.646564265822,5.08));
#2764 = LINE('',#2765,#2766);
#2765 = CARTESIAN_POINT('',(7.248658176323,11.458128531785,5.08));
#2766 = VECTOR('',#2767,1.);
#2767 = DIRECTION('',(0.115642658397,-0.993290881645,-2.072924102819E-31
    ));
#2768 = ORIENTED_EDGE('',*,*,#2769,.T.);
#2769 = EDGE_CURVE('',#2762,#2770,#2772,.T.);
#2770 = VERTEX_POINT('',#2771);
#2771 = CARTESIAN_POINT('',(5.75,12.646564265829,6.794246796765));
#2772 = CIRCLE('',#2773,1.760296020628);
#2773 = AXIS2_PLACEMENT_3D('',#2774,#2775,#2776);
#2774 = CARTESIAN_POINT('',(5.35,12.646564265822,5.08));
#2775 = DIRECTION('',(-1.171453342316E-15,-1.,0.));
#2776 = DIRECTION('',(1.,-1.171453342316E-15,0.));
#2777 = ORIENTED_EDGE('',*,*,#2778,.F.);
#2778 = EDGE_CURVE('',#2779,#2770,#2781,.T.);
#2779 = VERTEX_POINT('',#2780);
#2780 = CARTESIAN_POINT('',(5.75,11.934999999997,6.879211327336));
#2781 = B_SPLINE_CURVE_WITH_KNOTS('',3,(#2782,#2783,#2784,#2785),
  .UNSPECIFIED.,.F.,.F.,(4,4),(2.73415423745E-15,7.166189195524E-04),
  .PIECEWISE_BEZIER_KNOTS.);
#2782 = CARTESIAN_POINT('',(5.75,11.934999999997,6.879211327336));
#2783 = CARTESIAN_POINT('',(5.75,12.172191968891,6.850922332791));
#2784 = CARTESIAN_POINT('',(5.75,12.409380254482,6.822602432482));
#2785 = CARTESIAN_POINT('',(5.75,12.646564265829,6.794246796765));
#2786 = ORIENTED_EDGE('',*,*,#2787,.T.);
#2787 = EDGE_CURVE('',#2779,#2788,#2790,.T.);
#2788 = VERTEX_POINT('',#2789);
#2789 = CARTESIAN_POINT('',(4.95,11.934999999997,6.879211327336));
#2790 = CIRCLE('',#2791,1.84313900735);
#2791 = AXIS2_PLACEMENT_3D('',#2792,#2793,#2794);
#2792 = CARTESIAN_POINT('',(5.35,11.934999999994,5.08));
#2793 = DIRECTION('',(-9.136576017787E-16,-1.,-2.08692553322E-31));
#2794 = DIRECTION('',(1.,-9.136576017787E-16,5.743482352849E-48));
#2795 = ORIENTED_EDGE('',*,*,#2796,.F.);
#2796 = EDGE_CURVE('',#2218,#2788,#2797,.T.);
#2797 = B_SPLINE_CURVE_WITH_KNOTS('',3,(#2798,#2799,#2800,#2801),
  .UNSPECIFIED.,.F.,.F.,(4,4),(7.695742672741E-15,7.166189195626E-04),
  .PIECEWISE_BEZIER_KNOTS.);
#2798 = CARTESIAN_POINT('',(4.95,12.646564265829,6.794246796769));
#2799 = CARTESIAN_POINT('',(4.95,12.409380254482,6.822602432482));
#2800 = CARTESIAN_POINT('',(4.95,12.172191968891,6.850922332791));
#2801 = CARTESIAN_POINT('',(4.95,11.934999999997,6.879211327336));
#2802 = CONICAL_SURFACE('',#2803,1.898658176323,0.115901974538);
#2803 = AXIS2_PLACEMENT_3D('',#2804,#2805,#2806);
#2804 = CARTESIAN_POINT('',(5.35,11.458128531785,5.08));
#2805 = DIRECTION('',(-9.136576017787E-16,-1.,-2.08692553322E-31));
#2806 = DIRECTION('',(1.,-9.136576017787E-16,-1.166815364599E-61));
#2807 = ADVANCED_FACE('',(#2808,#2842,#2876,#2910),#3072,.T.);
#2808 = FACE_BOUND('',#2809,.T.);
#2809 = EDGE_LOOP('',(#2810,#2820,#2828,#2836));
#2810 = ORIENTED_EDGE('',*,*,#2811,.T.);
#2811 = EDGE_CURVE('',#2812,#2814,#2816,.T.);
#2812 = VERTEX_POINT('',#2813);
#2813 = CARTESIAN_POINT('',(5.3,-4.770489558936E-15,-5.584196010977));
#2814 = VERTEX_POINT('',#2815);
#2815 = CARTESIAN_POINT('',(4.5,0.,-5.584196010977));
#2816 = LINE('',#2817,#2818);
#2817 = CARTESIAN_POINT('',(10.25,0.,-5.584196010977));
#2818 = VECTOR('',#2819,1.);
#2819 = DIRECTION('',(-1.,-0.,-0.));
#2820 = ORIENTED_EDGE('',*,*,#2821,.T.);
#2821 = EDGE_CURVE('',#2814,#2822,#2824,.T.);
#2822 = VERTEX_POINT('',#2823);
#2823 = CARTESIAN_POINT('',(4.5,0.,-4.575803989023));
#2824 = LINE('',#2825,#2826);
#2825 = CARTESIAN_POINT('',(4.5,0.,7.62));
#2826 = VECTOR('',#2827,1.);
#2827 = DIRECTION('',(-0.,0.,1.));
#2828 = ORIENTED_EDGE('',*,*,#2829,.T.);
#2829 = EDGE_CURVE('',#2822,#2830,#2832,.T.);
#2830 = VERTEX_POINT('',#2831);
#2831 = CARTESIAN_POINT('',(5.3,-4.770489558936E-15,-4.575803989023));
#2832 = LINE('',#2833,#2834);
#2833 = CARTESIAN_POINT('',(10.25,0.,-4.575803989023));
#2834 = VECTOR('',#2835,1.);
#2835 = DIRECTION('',(1.,0.,0.));
#2836 = ORIENTED_EDGE('',*,*,#2837,.T.);
#2837 = EDGE_CURVE('',#2830,#2812,#2838,.T.);
#2838 = LINE('',#2839,#2840);
#2839 = CARTESIAN_POINT('',(5.3,-9.540979117872E-15,-4.08));
#2840 = VECTOR('',#2841,1.);
#2841 = DIRECTION('',(1.794541526873E-14,-0.,-1.));
#2842 = FACE_BOUND('',#2843,.T.);
#2843 = EDGE_LOOP('',(#2844,#2854,#2862,#2870));
#2844 = ORIENTED_EDGE('',*,*,#2845,.T.);
#2845 = EDGE_CURVE('',#2846,#2848,#2850,.T.);
#2846 = VERTEX_POINT('',#2847);
#2847 = CARTESIAN_POINT('',(5.3,-4.770489558936E-15,4.575803989023));
#2848 = VERTEX_POINT('',#2849);
#2849 = CARTESIAN_POINT('',(4.5,0.,4.575803989023));
#2850 = LINE('',#2851,#2852);
#2851 = CARTESIAN_POINT('',(10.25,0.,4.575803989023));
#2852 = VECTOR('',#2853,1.);
#2853 = DIRECTION('',(-1.,-0.,-0.));
#2854 = ORIENTED_EDGE('',*,*,#2855,.T.);
#2855 = EDGE_CURVE('',#2848,#2856,#2858,.T.);
#2856 = VERTEX_POINT('',#2857);
#2857 = CARTESIAN_POINT('',(4.5,0.,5.584196010977));
#2858 = LINE('',#2859,#2860);
#2859 = CARTESIAN_POINT('',(4.5,0.,7.62));
#2860 = VECTOR('',#2861,1.);
#2861 = DIRECTION('',(-0.,0.,1.));
#2862 = ORIENTED_EDGE('',*,*,#2863,.T.);
#2863 = EDGE_CURVE('',#2856,#2864,#2866,.T.);
#2864 = VERTEX_POINT('',#2865);
#2865 = CARTESIAN_POINT('',(5.3,-4.770489558936E-15,5.584196010977));
#2866 = LINE('',#2867,#2868);
#2867 = CARTESIAN_POINT('',(10.25,0.,5.584196010977));
#2868 = VECTOR('',#2869,1.);
#2869 = DIRECTION('',(1.,0.,0.));
#2870 = ORIENTED_EDGE('',*,*,#2871,.T.);
#2871 = EDGE_CURVE('',#2864,#2846,#2872,.T.);
#2872 = LINE('',#2873,#2874);
#2873 = CARTESIAN_POINT('',(5.3,-9.540979117872E-15,6.08));
#2874 = VECTOR('',#2875,1.);
#2875 = DIRECTION('',(1.794541526873E-14,-0.,-1.));
#2876 = FACE_BOUND('',#2877,.T.);
#2877 = EDGE_LOOP('',(#2878,#2888,#2896,#2904));
#2878 = ORIENTED_EDGE('',*,*,#2879,.T.);
#2879 = EDGE_CURVE('',#2880,#2882,#2884,.T.);
#2880 = VERTEX_POINT('',#2881);
#2881 = CARTESIAN_POINT('',(5.3,-4.770489558936E-15,-0.504196010977));
#2882 = VERTEX_POINT('',#2883);
#2883 = CARTESIAN_POINT('',(4.5,0.,-0.504196010977));
#2884 = LINE('',#2885,#2886);
#2885 = CARTESIAN_POINT('',(10.25,0.,-0.504196010977));
#2886 = VECTOR('',#2887,1.);
#2887 = DIRECTION('',(-1.,-0.,-0.));
#2888 = ORIENTED_EDGE('',*,*,#2889,.T.);
#2889 = EDGE_CURVE('',#2882,#2890,#2892,.T.);
#2890 = VERTEX_POINT('',#2891);
#2891 = CARTESIAN_POINT('',(4.5,0.,0.504196010977));
#2892 = LINE('',#2893,#2894);
#2893 = CARTESIAN_POINT('',(4.5,0.,7.62));
#2894 = VECTOR('',#2895,1.);
#2895 = DIRECTION('',(-0.,0.,1.));
#2896 = ORIENTED_EDGE('',*,*,#2897,.T.);
#2897 = EDGE_CURVE('',#2890,#2898,#2900,.T.);
#2898 = VERTEX_POINT('',#2899);
#2899 = CARTESIAN_POINT('',(5.3,-4.770489558936E-15,0.504196010977));
#2900 = LINE('',#2901,#2902);
#2901 = CARTESIAN_POINT('',(10.25,0.,0.504196010977));
#2902 = VECTOR('',#2903,1.);
#2903 = DIRECTION('',(1.,0.,0.));
#2904 = ORIENTED_EDGE('',*,*,#2905,.T.);
#2905 = EDGE_CURVE('',#2898,#2880,#2906,.T.);
#2906 = LINE('',#2907,#2908);
#2907 = CARTESIAN_POINT('',(5.3,-9.540979117872E-15,1.));
#2908 = VECTOR('',#2909,1.);
#2909 = DIRECTION('',(1.794541526873E-14,-0.,-1.));
#2910 = FACE_BOUND('',#2911,.T.);
#2911 = EDGE_LOOP('',(#2912,#2922,#2930,#2938,#2946,#2954,#2962,#2970,
    #2978,#2986,#2994,#3002,#3010,#3018,#3026,#3034,#3042,#3050,#3058,
    #3066));
#2912 = ORIENTED_EDGE('',*,*,#2913,.F.);
#2913 = EDGE_CURVE('',#2914,#2916,#2918,.T.);
#2914 = VERTEX_POINT('',#2915);
#2915 = CARTESIAN_POINT('',(2.146410161514,2.168404344971E-16,-8.22));
#2916 = VERTEX_POINT('',#2917);
#2917 = CARTESIAN_POINT('',(0.853589838486,0.,-8.22));
#2918 = LINE('',#2919,#2920);
#2919 = CARTESIAN_POINT('',(1.07875644347,0.,-8.22));
#2920 = VECTOR('',#2921,1.);
#2921 = DIRECTION('',(-1.,0.,-0.));
#2922 = ORIENTED_EDGE('',*,*,#2923,.F.);
#2923 = EDGE_CURVE('',#2924,#2914,#2926,.T.);
#2924 = VERTEX_POINT('',#2925);
#2925 = CARTESIAN_POINT('',(1.8,4.336808689942E-16,-7.62));
#2926 = LINE('',#2927,#2928);
#2927 = CARTESIAN_POINT('',(2.033826859022,8.673617379884E-16,-8.025));
#2928 = VECTOR('',#2929,1.);
#2929 = DIRECTION('',(0.5,0.,-0.866025403784));
#2930 = ORIENTED_EDGE('',*,*,#2931,.T.);
#2931 = EDGE_CURVE('',#2924,#2932,#2934,.T.);
#2932 = VERTEX_POINT('',#2933);
#2933 = CARTESIAN_POINT('',(8.7,-3.469446951954E-15,-7.62));
#2934 = LINE('',#2935,#2936);
#2935 = CARTESIAN_POINT('',(10.25,0.,-7.62));
#2936 = VECTOR('',#2937,1.);
#2937 = DIRECTION('',(1.,0.,0.));
#2938 = ORIENTED_EDGE('',*,*,#2939,.T.);
#2939 = EDGE_CURVE('',#2932,#2940,#2942,.T.);
#2940 = VERTEX_POINT('',#2941);
#2941 = CARTESIAN_POINT('',(8.353589838486,0.,-8.22));
#2942 = LINE('',#2943,#2944);
#2943 = CARTESIAN_POINT('',(8.466173140978,-5.20417042793E-15,-8.025));
#2944 = VECTOR('',#2945,1.);
#2945 = DIRECTION('',(-0.5,0.,-0.866025403784));
#2946 = ORIENTED_EDGE('',*,*,#2947,.T.);
#2947 = EDGE_CURVE('',#2940,#2948,#2950,.T.);
#2948 = VERTEX_POINT('',#2949);
#2949 = CARTESIAN_POINT('',(9.646410161514,-4.625929269271E-15,-8.22));
#2950 = LINE('',#2951,#2952);
#2951 = CARTESIAN_POINT('',(9.42124355653,0.,-8.22));
#2952 = VECTOR('',#2953,1.);
#2953 = DIRECTION('',(1.,0.,-0.));
#2954 = ORIENTED_EDGE('',*,*,#2955,.T.);
#2955 = EDGE_CURVE('',#2948,#2956,#2958,.T.);
#2956 = VERTEX_POINT('',#2957);
#2957 = CARTESIAN_POINT('',(9.3,-1.734723475977E-15,-7.62));
#2958 = LINE('',#2959,#2960);
#2959 = CARTESIAN_POINT('',(9.3,-5.20417042793E-15,-7.62));
#2960 = VECTOR('',#2961,1.);
#2961 = DIRECTION('',(-0.5,0.,0.866025403784));
#2962 = ORIENTED_EDGE('',*,*,#2963,.F.);
#2963 = EDGE_CURVE('',#2964,#2956,#2966,.T.);
#2964 = VERTEX_POINT('',#2965);
#2965 = CARTESIAN_POINT('',(10.25,0.,-7.62));
#2966 = LINE('',#2967,#2968);
#2967 = CARTESIAN_POINT('',(9.45,0.,-7.62));
#2968 = VECTOR('',#2969,1.);
#2969 = DIRECTION('',(-1.,0.,-0.));
#2970 = ORIENTED_EDGE('',*,*,#2971,.T.);
#2971 = EDGE_CURVE('',#2964,#2972,#2974,.T.);
#2972 = VERTEX_POINT('',#2973);
#2973 = CARTESIAN_POINT('',(10.25,0.,7.62));
#2974 = LINE('',#2975,#2976);
#2975 = CARTESIAN_POINT('',(10.25,0.,7.62));
#2976 = VECTOR('',#2977,1.);
#2977 = DIRECTION('',(-0.,0.,1.));
#2978 = ORIENTED_EDGE('',*,*,#2979,.T.);
#2979 = EDGE_CURVE('',#2972,#2980,#2982,.T.);
#2980 = VERTEX_POINT('',#2981);
#2981 = CARTESIAN_POINT('',(9.31,0.,7.62));
#2982 = LINE('',#2983,#2984);
#2983 = CARTESIAN_POINT('',(10.25,0.,7.62));
#2984 = VECTOR('',#2985,1.);
#2985 = DIRECTION('',(-1.,-0.,-0.));
#2986 = ORIENTED_EDGE('',*,*,#2987,.T.);
#2987 = EDGE_CURVE('',#2980,#2988,#2990,.T.);
#2988 = VERTEX_POINT('',#2989);
#2989 = CARTESIAN_POINT('',(9.667957166898,0.,7.));
#2990 = LINE('',#2991,#2992);
#2991 = CARTESIAN_POINT('',(9.555373864406,0.,7.195));
#2992 = VECTOR('',#2993,1.);
#2993 = DIRECTION('',(0.5,0.,-0.866025403784));
#2994 = ORIENTED_EDGE('',*,*,#2995,.T.);
#2995 = EDGE_CURVE('',#2988,#2996,#2998,.T.);
#2996 = VERTEX_POINT('',#2997);
#2997 = CARTESIAN_POINT('',(8.332042833102,0.,7.));
#2998 = LINE('',#2999,#3000);
#2999 = CARTESIAN_POINT('',(8.557209438086,0.,7.));
#3000 = VECTOR('',#3001,1.);
#3001 = DIRECTION('',(-1.,0.,-0.));
#3002 = ORIENTED_EDGE('',*,*,#3003,.T.);
#3003 = EDGE_CURVE('',#2996,#3004,#3006,.T.);
#3004 = VERTEX_POINT('',#3005);
#3005 = CARTESIAN_POINT('',(8.69,0.,7.62));
#3006 = LINE('',#3007,#3008);
#3007 = CARTESIAN_POINT('',(8.69,0.,7.62));
#3008 = VECTOR('',#3009,1.);
#3009 = DIRECTION('',(0.5,0.,0.866025403784));
#3010 = ORIENTED_EDGE('',*,*,#3011,.T.);
#3011 = EDGE_CURVE('',#3004,#3012,#3014,.T.);
#3012 = VERTEX_POINT('',#3013);
#3013 = CARTESIAN_POINT('',(1.81,-1.51788304148E-15,7.62));
#3014 = LINE('',#3015,#3016);
#3015 = CARTESIAN_POINT('',(10.25,0.,7.62));
#3016 = VECTOR('',#3017,1.);
#3017 = DIRECTION('',(-1.,-0.,-0.));
#3018 = ORIENTED_EDGE('',*,*,#3019,.F.);
#3019 = EDGE_CURVE('',#3020,#3012,#3022,.T.);
#3020 = VERTEX_POINT('',#3021);
#3021 = CARTESIAN_POINT('',(2.167957166898,-7.589415207399E-16,7.));
#3022 = LINE('',#3023,#3024);
#3023 = CARTESIAN_POINT('',(1.81,-3.469446951954E-15,7.62));
#3024 = VECTOR('',#3025,1.);
#3025 = DIRECTION('',(-0.5,0.,0.866025403784));
#3026 = ORIENTED_EDGE('',*,*,#3027,.F.);
#3027 = EDGE_CURVE('',#3028,#3020,#3030,.T.);
#3028 = VERTEX_POINT('',#3029);
#3029 = CARTESIAN_POINT('',(0.832042833102,2.168404344971E-16,7.));
#3030 = LINE('',#3031,#3032);
#3031 = CARTESIAN_POINT('',(1.942790561914,0.,7.));
#3032 = VECTOR('',#3033,1.);
#3033 = DIRECTION('',(1.,0.,-0.));
#3034 = ORIENTED_EDGE('',*,*,#3035,.F.);
#3035 = EDGE_CURVE('',#3036,#3028,#3038,.T.);
#3036 = VERTEX_POINT('',#3037);
#3037 = CARTESIAN_POINT('',(1.19,4.336808689942E-16,7.62));
#3038 = LINE('',#3039,#3040);
#3039 = CARTESIAN_POINT('',(0.944626135594,8.673617379884E-16,7.195));
#3040 = VECTOR('',#3041,1.);
#3041 = DIRECTION('',(-0.5,0.,-0.866025403784));
#3042 = ORIENTED_EDGE('',*,*,#3043,.T.);
#3043 = EDGE_CURVE('',#3036,#3044,#3046,.T.);
#3044 = VERTEX_POINT('',#3045);
#3045 = CARTESIAN_POINT('',(0.,0.,7.62));
#3046 = LINE('',#3047,#3048);
#3047 = CARTESIAN_POINT('',(9.45,0.,7.62));
#3048 = VECTOR('',#3049,1.);
#3049 = DIRECTION('',(-1.,0.,-0.));
#3050 = ORIENTED_EDGE('',*,*,#3051,.T.);
#3051 = EDGE_CURVE('',#3044,#3052,#3054,.T.);
#3052 = VERTEX_POINT('',#3053);
#3053 = CARTESIAN_POINT('',(0.,0.,-7.62));
#3054 = LINE('',#3055,#3056);
#3055 = CARTESIAN_POINT('',(0.,0.,7.62));
#3056 = VECTOR('',#3057,1.);
#3057 = DIRECTION('',(0.,-0.,-1.));
#3058 = ORIENTED_EDGE('',*,*,#3059,.F.);
#3059 = EDGE_CURVE('',#3060,#3052,#3062,.T.);
#3060 = VERTEX_POINT('',#3061);
#3061 = CARTESIAN_POINT('',(1.2,0.,-7.62));
#3062 = LINE('',#3063,#3064);
#3063 = CARTESIAN_POINT('',(9.45,0.,-7.62));
#3064 = VECTOR('',#3065,1.);
#3065 = DIRECTION('',(-1.,0.,-0.));
#3066 = ORIENTED_EDGE('',*,*,#3067,.F.);
#3067 = EDGE_CURVE('',#2916,#3060,#3068,.T.);
#3068 = LINE('',#3069,#3070);
#3069 = CARTESIAN_POINT('',(1.2,0.,-7.62));
#3070 = VECTOR('',#3071,1.);
#3071 = DIRECTION('',(0.5,0.,0.866025403784));
#3072 = PLANE('',#3073);
#3073 = AXIS2_PLACEMENT_3D('',#3074,#3075,#3076);
#3074 = CARTESIAN_POINT('',(10.25,0.,7.62));
#3075 = DIRECTION('',(0.,-1.,0.));
#3076 = DIRECTION('',(0.,-0.,-1.));
#3077 = ADVANCED_FACE('',(#3078),#3137,.T.);
#3078 = FACE_BOUND('',#3079,.T.);
#3079 = EDGE_LOOP('',(#3080,#3090,#3097,#3098,#3107,#3115,#3123,#3131));
#3080 = ORIENTED_EDGE('',*,*,#3081,.T.);
#3081 = EDGE_CURVE('',#3082,#3084,#3086,.T.);
#3082 = VERTEX_POINT('',#3083);
#3083 = CARTESIAN_POINT('',(4.5,-2.7,-4.58));
#3084 = VERTEX_POINT('',#3085);
#3085 = CARTESIAN_POINT('',(4.5,-5.000000078162E-02,-4.58));
#3086 = LINE('',#3087,#3088);
#3087 = CARTESIAN_POINT('',(4.5,4.784159144,-4.58));
#3088 = VECTOR('',#3089,1.);
#3089 = DIRECTION('',(3.334909476822E-28,1.,5.984633544518E-42));
#3090 = ORIENTED_EDGE('',*,*,#3091,.T.);
#3091 = EDGE_CURVE('',#3084,#2822,#3092,.T.);
#3092 = CIRCLE('',#3093,0.3);
#3093 = AXIS2_PLACEMENT_3D('',#3094,#3095,#3096);
#3094 = CARTESIAN_POINT('',(4.5,-5.000000078162E-02,-4.28));
#3095 = DIRECTION('',(1.,-3.338853781348E-28,1.794541526873E-14));
#3096 = DIRECTION('',(-1.794541526873E-14,1.99723725426E-43,1.));
#3097 = ORIENTED_EDGE('',*,*,#2821,.F.);
#3098 = ORIENTED_EDGE('',*,*,#3099,.T.);
#3099 = EDGE_CURVE('',#2814,#3100,#3102,.T.);
#3100 = VERTEX_POINT('',#3101);
#3101 = CARTESIAN_POINT('',(4.5,-5.000000078158E-02,-5.58));
#3102 = CIRCLE('',#3103,0.3);
#3103 = AXIS2_PLACEMENT_3D('',#3104,#3105,#3106);
#3104 = CARTESIAN_POINT('',(4.5,-5.000000078158E-02,-5.88));
#3105 = DIRECTION('',(1.,-3.338853781348E-28,1.794541526873E-14));
#3106 = DIRECTION('',(-1.794541526873E-14,-6.211574946532E-15,1.));
#3107 = ORIENTED_EDGE('',*,*,#3108,.T.);
#3108 = EDGE_CURVE('',#3100,#3109,#3111,.T.);
#3109 = VERTEX_POINT('',#3110);
#3110 = CARTESIAN_POINT('',(4.5,-2.7,-5.58));
#3111 = LINE('',#3112,#3113);
#3112 = CARTESIAN_POINT('',(4.5,4.784159144,-5.58));
#3113 = VECTOR('',#3114,1.);
#3114 = DIRECTION('',(-3.334909476822E-28,-1.,-5.984633544518E-42));
#3115 = ORIENTED_EDGE('',*,*,#3116,.T.);
#3116 = EDGE_CURVE('',#3109,#3117,#3119,.T.);
#3117 = VERTEX_POINT('',#3118);
#3118 = CARTESIAN_POINT('',(4.5,-3.7,-5.38));
#3119 = LINE('',#3120,#3121);
#3120 = CARTESIAN_POINT('',(4.5,-2.7,-5.58));
#3121 = VECTOR('',#3122,1.);
#3122 = DIRECTION('',(-3.402072636421E-15,-0.980580675691,0.196116135138
    ));
#3123 = ORIENTED_EDGE('',*,*,#3124,.T.);
#3124 = EDGE_CURVE('',#3117,#3125,#3127,.T.);
#3125 = VERTEX_POINT('',#3126);
#3126 = CARTESIAN_POINT('',(4.5,-3.7,-4.78));
#3127 = LINE('',#3128,#3129);
#3128 = CARTESIAN_POINT('',(4.5,-3.7,-4.08));
#3129 = VECTOR('',#3130,1.);
#3130 = DIRECTION('',(-1.794541526873E-14,0.,1.));
#3131 = ORIENTED_EDGE('',*,*,#3132,.T.);
#3132 = EDGE_CURVE('',#3125,#3082,#3133,.T.);
#3133 = LINE('',#3134,#3135);
#3134 = CARTESIAN_POINT('',(4.5,-3.7,-4.78));
#3135 = VECTOR('',#3136,1.);
#3136 = DIRECTION('',(-3.40207263642E-15,0.980580675691,0.196116135138)
  );
#3137 = PLANE('',#3138);
#3138 = AXIS2_PLACEMENT_3D('',#3139,#3140,#3141);
#3139 = CARTESIAN_POINT('',(4.5,4.784159144,-4.08));
#3140 = DIRECTION('',(-1.,3.334909476822E-28,-1.794541526873E-14));
#3141 = DIRECTION('',(-1.794541526873E-14,0.,1.));
#3142 = ADVANCED_FACE('',(#3143),#3162,.F.);
#3143 = FACE_BOUND('',#3144,.F.);
#3144 = EDGE_LOOP('',(#3145,#3154,#3155,#3156));
#3145 = ORIENTED_EDGE('',*,*,#3146,.F.);
#3146 = EDGE_CURVE('',#2812,#3147,#3149,.T.);
#3147 = VERTEX_POINT('',#3148);
#3148 = CARTESIAN_POINT('',(5.3,-5.000000078158E-02,-5.58));
#3149 = CIRCLE('',#3150,0.3);
#3150 = AXIS2_PLACEMENT_3D('',#3151,#3152,#3153);
#3151 = CARTESIAN_POINT('',(5.3,-5.000000078158E-02,-5.88));
#3152 = DIRECTION('',(1.,-3.338853781348E-28,1.794541526873E-14));
#3153 = DIRECTION('',(-1.794541526873E-14,3.277452817243E-13,1.));
#3154 = ORIENTED_EDGE('',*,*,#2811,.T.);
#3155 = ORIENTED_EDGE('',*,*,#3099,.T.);
#3156 = ORIENTED_EDGE('',*,*,#3157,.T.);
#3157 = EDGE_CURVE('',#3100,#3147,#3158,.T.);
#3158 = LINE('',#3159,#3160);
#3159 = CARTESIAN_POINT('',(5.5,-5.000000078158E-02,-5.58));
#3160 = VECTOR('',#3161,1.);
#3161 = DIRECTION('',(1.,-3.338853781348E-28,1.794541526873E-14));
#3162 = CYLINDRICAL_SURFACE('',#3163,0.3);
#3163 = AXIS2_PLACEMENT_3D('',#3164,#3165,#3166);
#3164 = CARTESIAN_POINT('',(5.5,-5.000000078158E-02,-5.88));
#3165 = DIRECTION('',(-1.,3.338853781348E-28,-1.794541526873E-14));
#3166 = DIRECTION('',(-1.794541526873E-14,1.99723725426E-43,1.));
#3167 = ADVANCED_FACE('',(#3168),#3187,.F.);
#3168 = FACE_BOUND('',#3169,.F.);
#3169 = EDGE_LOOP('',(#3170,#3171,#3172,#3181));
#3170 = ORIENTED_EDGE('',*,*,#3091,.T.);
#3171 = ORIENTED_EDGE('',*,*,#2829,.T.);
#3172 = ORIENTED_EDGE('',*,*,#3173,.F.);
#3173 = EDGE_CURVE('',#3174,#2830,#3176,.T.);
#3174 = VERTEX_POINT('',#3175);
#3175 = CARTESIAN_POINT('',(5.3,-5.000000078161E-02,-4.58));
#3176 = CIRCLE('',#3177,0.3);
#3177 = AXIS2_PLACEMENT_3D('',#3178,#3179,#3180);
#3178 = CARTESIAN_POINT('',(5.3,-5.000000078162E-02,-4.28));
#3179 = DIRECTION('',(1.,-3.338853781348E-28,1.794541526873E-14));
#3180 = DIRECTION('',(-1.794541526873E-14,-8.876905287225E-15,1.));
#3181 = ORIENTED_EDGE('',*,*,#3182,.T.);
#3182 = EDGE_CURVE('',#3174,#3084,#3183,.T.);
#3183 = LINE('',#3184,#3185);
#3184 = CARTESIAN_POINT('',(5.5,-5.000000078161E-02,-4.58));
#3185 = VECTOR('',#3186,1.);
#3186 = DIRECTION('',(-1.,3.338853781348E-28,-1.794541526873E-14));
#3187 = CYLINDRICAL_SURFACE('',#3188,0.3);
#3188 = AXIS2_PLACEMENT_3D('',#3189,#3190,#3191);
#3189 = CARTESIAN_POINT('',(5.5,-5.000000078162E-02,-4.28));
#3190 = DIRECTION('',(-1.,3.338853781348E-28,-1.794541526873E-14));
#3191 = DIRECTION('',(-1.794541526873E-14,1.99723725426E-43,1.));
#3192 = ADVANCED_FACE('',(#3193),#3252,.T.);
#3193 = FACE_BOUND('',#3194,.T.);
#3194 = EDGE_LOOP('',(#3195,#3205,#3212,#3213,#3222,#3230,#3238,#3246));
#3195 = ORIENTED_EDGE('',*,*,#3196,.T.);
#3196 = EDGE_CURVE('',#3197,#3199,#3201,.T.);
#3197 = VERTEX_POINT('',#3198);
#3198 = CARTESIAN_POINT('',(4.5,-2.7,5.58));
#3199 = VERTEX_POINT('',#3200);
#3200 = CARTESIAN_POINT('',(4.5,-5.000000078162E-02,5.58));
#3201 = LINE('',#3202,#3203);
#3202 = CARTESIAN_POINT('',(4.5,4.784159144,5.58));
#3203 = VECTOR('',#3204,1.);
#3204 = DIRECTION('',(3.334909476822E-28,1.,5.984633544518E-42));
#3205 = ORIENTED_EDGE('',*,*,#3206,.T.);
#3206 = EDGE_CURVE('',#3199,#2856,#3207,.T.);
#3207 = CIRCLE('',#3208,0.3);
#3208 = AXIS2_PLACEMENT_3D('',#3209,#3210,#3211);
#3209 = CARTESIAN_POINT('',(4.5,-5.000000078162E-02,5.88));
#3210 = DIRECTION('',(1.,-3.338853781348E-28,1.794541526873E-14));
#3211 = DIRECTION('',(-1.794541526873E-14,1.99723725426E-43,1.));
#3212 = ORIENTED_EDGE('',*,*,#2855,.F.);
#3213 = ORIENTED_EDGE('',*,*,#3214,.T.);
#3214 = EDGE_CURVE('',#2848,#3215,#3217,.T.);
#3215 = VERTEX_POINT('',#3216);
#3216 = CARTESIAN_POINT('',(4.5,-5.000000078158E-02,4.58));
#3217 = CIRCLE('',#3218,0.3);
#3218 = AXIS2_PLACEMENT_3D('',#3219,#3220,#3221);
#3219 = CARTESIAN_POINT('',(4.5,-5.000000078158E-02,4.28));
#3220 = DIRECTION('',(1.,-3.338853781348E-28,1.794541526873E-14));
#3221 = DIRECTION('',(-1.794541526873E-14,5.330660681387E-15,1.));
#3222 = ORIENTED_EDGE('',*,*,#3223,.T.);
#3223 = EDGE_CURVE('',#3215,#3224,#3226,.T.);
#3224 = VERTEX_POINT('',#3225);
#3225 = CARTESIAN_POINT('',(4.5,-2.7,4.58));
#3226 = LINE('',#3227,#3228);
#3227 = CARTESIAN_POINT('',(4.5,4.784159144,4.58));
#3228 = VECTOR('',#3229,1.);
#3229 = DIRECTION('',(-3.334909476822E-28,-1.,-5.984633544518E-42));
#3230 = ORIENTED_EDGE('',*,*,#3231,.T.);
#3231 = EDGE_CURVE('',#3224,#3232,#3234,.T.);
#3232 = VERTEX_POINT('',#3233);
#3233 = CARTESIAN_POINT('',(4.5,-3.7,4.78));
#3234 = LINE('',#3235,#3236);
#3235 = CARTESIAN_POINT('',(4.5,-2.7,4.58));
#3236 = VECTOR('',#3237,1.);
#3237 = DIRECTION('',(-3.402072636421E-15,-0.980580675691,0.196116135138
    ));
#3238 = ORIENTED_EDGE('',*,*,#3239,.T.);
#3239 = EDGE_CURVE('',#3232,#3240,#3242,.T.);
#3240 = VERTEX_POINT('',#3241);
#3241 = CARTESIAN_POINT('',(4.5,-3.7,5.38));
#3242 = LINE('',#3243,#3244);
#3243 = CARTESIAN_POINT('',(4.5,-3.7,6.08));
#3244 = VECTOR('',#3245,1.);
#3245 = DIRECTION('',(-1.794541526873E-14,0.,1.));
#3246 = ORIENTED_EDGE('',*,*,#3247,.T.);
#3247 = EDGE_CURVE('',#3240,#3197,#3248,.T.);
#3248 = LINE('',#3249,#3250);
#3249 = CARTESIAN_POINT('',(4.5,-3.7,5.38));
#3250 = VECTOR('',#3251,1.);
#3251 = DIRECTION('',(-3.402072636419E-15,0.980580675691,0.196116135138)
  );
#3252 = PLANE('',#3253);
#3253 = AXIS2_PLACEMENT_3D('',#3254,#3255,#3256);
#3254 = CARTESIAN_POINT('',(4.5,4.784159144,6.08));
#3255 = DIRECTION('',(-1.,3.334909476822E-28,-1.794541526873E-14));
#3256 = DIRECTION('',(-1.794541526873E-14,0.,1.));
#3257 = ADVANCED_FACE('',(#3258),#3277,.F.);
#3258 = FACE_BOUND('',#3259,.F.);
#3259 = EDGE_LOOP('',(#3260,#3269,#3270,#3271));
#3260 = ORIENTED_EDGE('',*,*,#3261,.F.);
#3261 = EDGE_CURVE('',#2846,#3262,#3264,.T.);
#3262 = VERTEX_POINT('',#3263);
#3263 = CARTESIAN_POINT('',(5.3,-5.000000078158E-02,4.58));
#3264 = CIRCLE('',#3265,0.3);
#3265 = AXIS2_PLACEMENT_3D('',#3266,#3267,#3268);
#3266 = CARTESIAN_POINT('',(5.3,-5.000000078158E-02,4.28));
#3267 = DIRECTION('',(1.,-3.338853781348E-28,1.794541526873E-14));
#3268 = DIRECTION('',(-1.794541526873E-14,3.099688836046E-13,1.));
#3269 = ORIENTED_EDGE('',*,*,#2845,.T.);
#3270 = ORIENTED_EDGE('',*,*,#3214,.T.);
#3271 = ORIENTED_EDGE('',*,*,#3272,.T.);
#3272 = EDGE_CURVE('',#3215,#3262,#3273,.T.);
#3273 = LINE('',#3274,#3275);
#3274 = CARTESIAN_POINT('',(5.5,-5.000000078158E-02,4.58));
#3275 = VECTOR('',#3276,1.);
#3276 = DIRECTION('',(1.,-3.338853781348E-28,1.794541526873E-14));
#3277 = CYLINDRICAL_SURFACE('',#3278,0.3);
#3278 = AXIS2_PLACEMENT_3D('',#3279,#3280,#3281);
#3279 = CARTESIAN_POINT('',(5.5,-5.000000078158E-02,4.28));
#3280 = DIRECTION('',(-1.,3.338853781348E-28,-1.794541526873E-14));
#3281 = DIRECTION('',(-1.794541526873E-14,1.99723725426E-43,1.));
#3282 = ADVANCED_FACE('',(#3283),#3302,.F.);
#3283 = FACE_BOUND('',#3284,.F.);
#3284 = EDGE_LOOP('',(#3285,#3286,#3287,#3296));
#3285 = ORIENTED_EDGE('',*,*,#3206,.T.);
#3286 = ORIENTED_EDGE('',*,*,#2863,.T.);
#3287 = ORIENTED_EDGE('',*,*,#3288,.F.);
#3288 = EDGE_CURVE('',#3289,#2864,#3291,.T.);
#3289 = VERTEX_POINT('',#3290);
#3290 = CARTESIAN_POINT('',(5.3,-5.000000078161E-02,5.58));
#3291 = CIRCLE('',#3292,0.3);
#3292 = AXIS2_PLACEMENT_3D('',#3293,#3294,#3295);
#3293 = CARTESIAN_POINT('',(5.3,-5.000000078162E-02,5.88));
#3294 = DIRECTION('',(1.,-3.338853781348E-28,1.794541526873E-14));
#3295 = DIRECTION('',(-1.794541526873E-14,-8.876905287225E-15,1.));
#3296 = ORIENTED_EDGE('',*,*,#3297,.T.);
#3297 = EDGE_CURVE('',#3289,#3199,#3298,.T.);
#3298 = LINE('',#3299,#3300);
#3299 = CARTESIAN_POINT('',(5.5,-5.000000078161E-02,5.58));
#3300 = VECTOR('',#3301,1.);
#3301 = DIRECTION('',(-1.,3.338853781348E-28,-1.794541526873E-14));
#3302 = CYLINDRICAL_SURFACE('',#3303,0.3);
#3303 = AXIS2_PLACEMENT_3D('',#3304,#3305,#3306);
#3304 = CARTESIAN_POINT('',(5.5,-5.000000078162E-02,5.88));
#3305 = DIRECTION('',(-1.,3.338853781348E-28,-1.794541526873E-14));
#3306 = DIRECTION('',(-1.794541526873E-14,1.99723725426E-43,1.));
#3307 = ADVANCED_FACE('',(#3308),#3367,.T.);
#3308 = FACE_BOUND('',#3309,.T.);
#3309 = EDGE_LOOP('',(#3310,#3320,#3327,#3328,#3337,#3345,#3353,#3361));
#3310 = ORIENTED_EDGE('',*,*,#3311,.T.);
#3311 = EDGE_CURVE('',#3312,#3314,#3316,.T.);
#3312 = VERTEX_POINT('',#3313);
#3313 = CARTESIAN_POINT('',(4.5,-2.7,0.5));
#3314 = VERTEX_POINT('',#3315);
#3315 = CARTESIAN_POINT('',(4.5,-5.000000078162E-02,0.5));
#3316 = LINE('',#3317,#3318);
#3317 = CARTESIAN_POINT('',(4.5,4.784159144,0.5));
#3318 = VECTOR('',#3319,1.);
#3319 = DIRECTION('',(3.334909476822E-28,1.,5.984633544518E-42));
#3320 = ORIENTED_EDGE('',*,*,#3321,.T.);
#3321 = EDGE_CURVE('',#3314,#2890,#3322,.T.);
#3322 = CIRCLE('',#3323,0.3);
#3323 = AXIS2_PLACEMENT_3D('',#3324,#3325,#3326);
#3324 = CARTESIAN_POINT('',(4.5,-5.000000078162E-02,0.8));
#3325 = DIRECTION('',(1.,-3.338853781348E-28,1.794541526873E-14));
#3326 = DIRECTION('',(-1.794541526873E-14,1.99723725426E-43,1.));
#3327 = ORIENTED_EDGE('',*,*,#2889,.F.);
#3328 = ORIENTED_EDGE('',*,*,#3329,.T.);
#3329 = EDGE_CURVE('',#2882,#3330,#3332,.T.);
#3330 = VERTEX_POINT('',#3331);
#3331 = CARTESIAN_POINT('',(4.5,-5.000000078158E-02,-0.5));
#3332 = CIRCLE('',#3333,0.3);
#3333 = AXIS2_PLACEMENT_3D('',#3334,#3335,#3336);
#3334 = CARTESIAN_POINT('',(4.5,-5.000000078158E-02,-0.8));
#3335 = DIRECTION('',(1.,-3.338853781348E-28,1.794541526873E-14));
#3336 = DIRECTION('',(-1.794541526873E-14,1.508848023376E-14,1.));
#3337 = ORIENTED_EDGE('',*,*,#3338,.T.);
#3338 = EDGE_CURVE('',#3330,#3339,#3341,.T.);
#3339 = VERTEX_POINT('',#3340);
#3340 = CARTESIAN_POINT('',(4.5,-2.7,-0.5));
#3341 = LINE('',#3342,#3343);
#3342 = CARTESIAN_POINT('',(4.5,4.784159144,-0.5));
#3343 = VECTOR('',#3344,1.);
#3344 = DIRECTION('',(-3.334909476822E-28,-1.,-5.984633544518E-42));
#3345 = ORIENTED_EDGE('',*,*,#3346,.T.);
#3346 = EDGE_CURVE('',#3339,#3347,#3349,.T.);
#3347 = VERTEX_POINT('',#3348);
#3348 = CARTESIAN_POINT('',(4.5,-3.7,-0.3));
#3349 = LINE('',#3350,#3351);
#3350 = CARTESIAN_POINT('',(4.5,-2.7,-0.5));
#3351 = VECTOR('',#3352,1.);
#3352 = DIRECTION('',(-3.402072636421E-15,-0.980580675691,0.196116135138
    ));
#3353 = ORIENTED_EDGE('',*,*,#3354,.T.);
#3354 = EDGE_CURVE('',#3347,#3355,#3357,.T.);
#3355 = VERTEX_POINT('',#3356);
#3356 = CARTESIAN_POINT('',(4.5,-3.7,0.3));
#3357 = LINE('',#3358,#3359);
#3358 = CARTESIAN_POINT('',(4.5,-3.7,1.));
#3359 = VECTOR('',#3360,1.);
#3360 = DIRECTION('',(-1.794541526873E-14,0.,1.));
#3361 = ORIENTED_EDGE('',*,*,#3362,.T.);
#3362 = EDGE_CURVE('',#3355,#3312,#3363,.T.);
#3363 = LINE('',#3364,#3365);
#3364 = CARTESIAN_POINT('',(4.5,-3.7,0.3));
#3365 = VECTOR('',#3366,1.);
#3366 = DIRECTION('',(-3.402072636419E-15,0.980580675691,0.196116135138)
  );
#3367 = PLANE('',#3368);
#3368 = AXIS2_PLACEMENT_3D('',#3369,#3370,#3371);
#3369 = CARTESIAN_POINT('',(4.5,4.784159144,1.));
#3370 = DIRECTION('',(-1.,3.334909476822E-28,-1.794541526873E-14));
#3371 = DIRECTION('',(-1.794541526873E-14,0.,1.));
#3372 = ADVANCED_FACE('',(#3373),#3392,.F.);
#3373 = FACE_BOUND('',#3374,.F.);
#3374 = EDGE_LOOP('',(#3375,#3384,#3385,#3386));
#3375 = ORIENTED_EDGE('',*,*,#3376,.F.);
#3376 = EDGE_CURVE('',#2880,#3377,#3379,.T.);
#3377 = VERTEX_POINT('',#3378);
#3378 = CARTESIAN_POINT('',(5.3,-5.000000078158E-02,-0.5));
#3379 = CIRCLE('',#3380,0.3);
#3380 = AXIS2_PLACEMENT_3D('',#3381,#3382,#3383);
#3381 = CARTESIAN_POINT('',(5.3,-5.000000078158E-02,-0.8));
#3382 = DIRECTION('',(1.,-3.338853781348E-28,1.794541526873E-14));
#3383 = DIRECTION('',(-1.794541526873E-14,3.188457888918E-13,1.));
#3384 = ORIENTED_EDGE('',*,*,#2879,.T.);
#3385 = ORIENTED_EDGE('',*,*,#3329,.T.);
#3386 = ORIENTED_EDGE('',*,*,#3387,.T.);
#3387 = EDGE_CURVE('',#3330,#3377,#3388,.T.);
#3388 = LINE('',#3389,#3390);
#3389 = CARTESIAN_POINT('',(5.5,-5.000000078158E-02,-0.5));
#3390 = VECTOR('',#3391,1.);
#3391 = DIRECTION('',(1.,-3.338853781348E-28,1.794541526873E-14));
#3392 = CYLINDRICAL_SURFACE('',#3393,0.3);
#3393 = AXIS2_PLACEMENT_3D('',#3394,#3395,#3396);
#3394 = CARTESIAN_POINT('',(5.5,-5.000000078158E-02,-0.8));
#3395 = DIRECTION('',(-1.,3.338853781348E-28,-1.794541526873E-14));
#3396 = DIRECTION('',(-1.794541526873E-14,1.99723725426E-43,1.));
#3397 = ADVANCED_FACE('',(#3398),#3417,.F.);
#3398 = FACE_BOUND('',#3399,.F.);
#3399 = EDGE_LOOP('',(#3400,#3401,#3402,#3411));
#3400 = ORIENTED_EDGE('',*,*,#3321,.T.);
#3401 = ORIENTED_EDGE('',*,*,#2897,.T.);
#3402 = ORIENTED_EDGE('',*,*,#3403,.F.);
#3403 = EDGE_CURVE('',#3404,#2898,#3406,.T.);
#3404 = VERTEX_POINT('',#3405);
#3405 = CARTESIAN_POINT('',(5.3,-5.000000078161E-02,0.5));
#3406 = CIRCLE('',#3407,0.3);
#3407 = AXIS2_PLACEMENT_3D('',#3408,#3409,#3410);
#3408 = CARTESIAN_POINT('',(5.3,-5.000000078162E-02,0.8));
#3409 = DIRECTION('',(1.,-3.338853781348E-28,1.794541526873E-14));
#3410 = DIRECTION('',(-1.794541526873E-14,1.99723725426E-43,1.));
#3411 = ORIENTED_EDGE('',*,*,#3412,.T.);
#3412 = EDGE_CURVE('',#3404,#3314,#3413,.T.);
#3413 = LINE('',#3414,#3415);
#3414 = CARTESIAN_POINT('',(5.5,-5.000000078161E-02,0.5));
#3415 = VECTOR('',#3416,1.);
#3416 = DIRECTION('',(-1.,3.338853781348E-28,-1.794541526873E-14));
#3417 = CYLINDRICAL_SURFACE('',#3418,0.3);
#3418 = AXIS2_PLACEMENT_3D('',#3419,#3420,#3421);
#3419 = CARTESIAN_POINT('',(5.5,-5.000000078162E-02,0.8));
#3420 = DIRECTION('',(-1.,3.338853781348E-28,-1.794541526873E-14));
#3421 = DIRECTION('',(-1.794541526873E-14,1.99723725426E-43,1.));
#3422 = ADVANCED_FACE('',(#3423),#3448,.T.);
#3423 = FACE_BOUND('',#3424,.T.);
#3424 = EDGE_LOOP('',(#3425,#3426,#3434,#3442));
#3425 = ORIENTED_EDGE('',*,*,#3051,.F.);
#3426 = ORIENTED_EDGE('',*,*,#3427,.T.);
#3427 = EDGE_CURVE('',#3044,#3428,#3430,.T.);
#3428 = VERTEX_POINT('',#3429);
#3429 = CARTESIAN_POINT('',(0.,10.,7.62));
#3430 = LINE('',#3431,#3432);
#3431 = CARTESIAN_POINT('',(0.,0.,7.62));
#3432 = VECTOR('',#3433,1.);
#3433 = DIRECTION('',(0.,1.,-0.));
#3434 = ORIENTED_EDGE('',*,*,#3435,.T.);
#3435 = EDGE_CURVE('',#3428,#3436,#3438,.T.);
#3436 = VERTEX_POINT('',#3437);
#3437 = CARTESIAN_POINT('',(0.,10.,-7.62));
#3438 = LINE('',#3439,#3440);
#3439 = CARTESIAN_POINT('',(0.,10.,7.62));
#3440 = VECTOR('',#3441,1.);
#3441 = DIRECTION('',(-0.,-0.,-1.));
#3442 = ORIENTED_EDGE('',*,*,#3443,.T.);
#3443 = EDGE_CURVE('',#3436,#3052,#3444,.T.);
#3444 = LINE('',#3445,#3446);
#3445 = CARTESIAN_POINT('',(0.,0.,-7.62));
#3446 = VECTOR('',#3447,1.);
#3447 = DIRECTION('',(-0.,-1.,0.));
#3448 = PLANE('',#3449);
#3449 = AXIS2_PLACEMENT_3D('',#3450,#3451,#3452);
#3450 = CARTESIAN_POINT('',(0.,0.,7.62));
#3451 = DIRECTION('',(-1.,0.,0.));
#3452 = DIRECTION('',(0.,0.,1.));
#3453 = ADVANCED_FACE('',(#3454),#3577,.F.);
#3454 = FACE_BOUND('',#3455,.T.);
#3455 = EDGE_LOOP('',(#3456,#3466,#3472,#3473,#3474,#3482,#3490,#3496,
    #3497,#3505,#3513,#3519,#3520,#3528,#3537,#3545,#3553,#3562,#3570));
#3456 = ORIENTED_EDGE('',*,*,#3457,.F.);
#3457 = EDGE_CURVE('',#3458,#3460,#3462,.T.);
#3458 = VERTEX_POINT('',#3459);
#3459 = CARTESIAN_POINT('',(1.25,10.,7.62));
#3460 = VERTEX_POINT('',#3461);
#3461 = CARTESIAN_POINT('',(2.337581515396,13.782892227464,7.62));
#3462 = LINE('',#3463,#3464);
#3463 = CARTESIAN_POINT('',(1.25,10.,7.62));
#3464 = VECTOR('',#3465,1.);
#3465 = DIRECTION('',(0.27630742488,0.96106930393,0.));
#3466 = ORIENTED_EDGE('',*,*,#3467,.F.);
#3467 = EDGE_CURVE('',#3428,#3458,#3468,.T.);
#3468 = LINE('',#3469,#3470);
#3469 = CARTESIAN_POINT('',(9.45,10.,7.62));
#3470 = VECTOR('',#3471,1.);
#3471 = DIRECTION('',(1.,-0.,0.));
#3472 = ORIENTED_EDGE('',*,*,#3427,.F.);
#3473 = ORIENTED_EDGE('',*,*,#3043,.F.);
#3474 = ORIENTED_EDGE('',*,*,#3475,.F.);
#3475 = EDGE_CURVE('',#3476,#3036,#3478,.T.);
#3476 = VERTEX_POINT('',#3477);
#3477 = CARTESIAN_POINT('',(1.19,6.6,7.62));
#3478 = LINE('',#3479,#3480);
#3479 = CARTESIAN_POINT('',(1.19,6.8,7.62));
#3480 = VECTOR('',#3481,1.);
#3481 = DIRECTION('',(-0.,-1.,-0.));
#3482 = ORIENTED_EDGE('',*,*,#3483,.T.);
#3483 = EDGE_CURVE('',#3476,#3484,#3486,.T.);
#3484 = VERTEX_POINT('',#3485);
#3485 = CARTESIAN_POINT('',(1.81,6.6,7.62));
#3486 = LINE('',#3487,#3488);
#3487 = CARTESIAN_POINT('',(1.942790561914,6.6,7.62));
#3488 = VECTOR('',#3489,1.);
#3489 = DIRECTION('',(1.,-1.33226762955E-15,-0.));
#3490 = ORIENTED_EDGE('',*,*,#3491,.F.);
#3491 = EDGE_CURVE('',#3012,#3484,#3492,.T.);
#3492 = LINE('',#3493,#3494);
#3493 = CARTESIAN_POINT('',(1.81,6.8,7.62));
#3494 = VECTOR('',#3495,1.);
#3495 = DIRECTION('',(0.,1.,0.));
#3496 = ORIENTED_EDGE('',*,*,#3011,.F.);
#3497 = ORIENTED_EDGE('',*,*,#3498,.F.);
#3498 = EDGE_CURVE('',#3499,#3004,#3501,.T.);
#3499 = VERTEX_POINT('',#3500);
#3500 = CARTESIAN_POINT('',(8.69,6.6,7.62));
#3501 = LINE('',#3502,#3503);
#3502 = CARTESIAN_POINT('',(8.69,6.8,7.62));
#3503 = VECTOR('',#3504,1.);
#3504 = DIRECTION('',(-0.,-1.,-0.));
#3505 = ORIENTED_EDGE('',*,*,#3506,.F.);
#3506 = EDGE_CURVE('',#3507,#3499,#3509,.T.);
#3507 = VERTEX_POINT('',#3508);
#3508 = CARTESIAN_POINT('',(9.31,6.6,7.62));
#3509 = LINE('',#3510,#3511);
#3510 = CARTESIAN_POINT('',(8.557209438086,6.6,7.62));
#3511 = VECTOR('',#3512,1.);
#3512 = DIRECTION('',(-1.,-0.,-0.));
#3513 = ORIENTED_EDGE('',*,*,#3514,.F.);
#3514 = EDGE_CURVE('',#2980,#3507,#3515,.T.);
#3515 = LINE('',#3516,#3517);
#3516 = CARTESIAN_POINT('',(9.31,6.8,7.62));
#3517 = VECTOR('',#3518,1.);
#3518 = DIRECTION('',(0.,1.,0.));
#3519 = ORIENTED_EDGE('',*,*,#2979,.F.);
#3520 = ORIENTED_EDGE('',*,*,#3521,.F.);
#3521 = EDGE_CURVE('',#3522,#2972,#3524,.T.);
#3522 = VERTEX_POINT('',#3523);
#3523 = CARTESIAN_POINT('',(10.25,6.8,7.62));
#3524 = LINE('',#3525,#3526);
#3525 = CARTESIAN_POINT('',(10.25,6.8,7.62));
#3526 = VECTOR('',#3527,1.);
#3527 = DIRECTION('',(-0.,-1.,-0.));
#3528 = ORIENTED_EDGE('',*,*,#3529,.F.);
#3529 = EDGE_CURVE('',#3530,#3522,#3532,.T.);
#3530 = VERTEX_POINT('',#3531);
#3531 = CARTESIAN_POINT('',(9.45,7.6,7.62));
#3532 = CIRCLE('',#3533,0.8);
#3533 = AXIS2_PLACEMENT_3D('',#3534,#3535,#3536);
#3534 = CARTESIAN_POINT('',(9.45,6.8,7.62));
#3535 = DIRECTION('',(0.,0.,-1.));
#3536 = DIRECTION('',(-1.,0.,0.));
#3537 = ORIENTED_EDGE('',*,*,#3538,.F.);
#3538 = EDGE_CURVE('',#3539,#3530,#3541,.T.);
#3539 = VERTEX_POINT('',#3540);
#3540 = CARTESIAN_POINT('',(9.25,7.6,7.62));
#3541 = LINE('',#3542,#3543);
#3542 = CARTESIAN_POINT('',(9.25,7.6,7.62));
#3543 = VECTOR('',#3544,1.);
#3544 = DIRECTION('',(1.,0.,-0.));
#3545 = ORIENTED_EDGE('',*,*,#3546,.F.);
#3546 = EDGE_CURVE('',#3547,#3539,#3549,.T.);
#3547 = VERTEX_POINT('',#3548);
#3548 = CARTESIAN_POINT('',(8.289638583737,13.746313064082,7.62));
#3549 = LINE('',#3550,#3551);
#3550 = CARTESIAN_POINT('',(8.289638583737,13.746313064082,7.62));
#3551 = VECTOR('',#3552,1.);
#3552 = DIRECTION('',(0.154376880274,-0.988012033751,0.));
#3553 = ORIENTED_EDGE('',*,*,#3554,.F.);
#3554 = EDGE_CURVE('',#3555,#3547,#3557,.T.);
#3555 = VERTEX_POINT('',#3556);
#3556 = CARTESIAN_POINT('',(7.993234973612,14.,7.62));
#3557 = CIRCLE('',#3558,0.3);
#3558 = AXIS2_PLACEMENT_3D('',#3559,#3560,#3561);
#3559 = CARTESIAN_POINT('',(7.993234973612,13.7,7.62));
#3560 = DIRECTION('',(0.,0.,-1.));
#3561 = DIRECTION('',(-1.,0.,0.));
#3562 = ORIENTED_EDGE('',*,*,#3563,.F.);
#3563 = EDGE_CURVE('',#3564,#3555,#3566,.T.);
#3564 = VERTEX_POINT('',#3565);
#3565 = CARTESIAN_POINT('',(2.625902306575,14.,7.62));
#3566 = LINE('',#3567,#3568);
#3567 = CARTESIAN_POINT('',(9.45,14.,7.62));
#3568 = VECTOR('',#3569,1.);
#3569 = DIRECTION('',(1.,-0.,0.));
#3570 = ORIENTED_EDGE('',*,*,#3571,.F.);
#3571 = EDGE_CURVE('',#3460,#3564,#3572,.T.);
#3572 = CIRCLE('',#3573,0.3);
#3573 = AXIS2_PLACEMENT_3D('',#3574,#3575,#3576);
#3574 = CARTESIAN_POINT('',(2.625902306575,13.7,7.62));
#3575 = DIRECTION('',(0.,0.,-1.));
#3576 = DIRECTION('',(-1.,0.,0.));
#3577 = PLANE('',#3578);
#3578 = AXIS2_PLACEMENT_3D('',#3579,#3580,#3581);
#3579 = CARTESIAN_POINT('',(9.45,6.8,7.62));
#3580 = DIRECTION('',(0.,0.,-1.));
#3581 = DIRECTION('',(-1.,0.,-0.));
#3582 = ADVANCED_FACE('',(#3583,#3617,#3651,#3685),#3703,.T.);
#3583 = FACE_BOUND('',#3584,.T.);
#3584 = EDGE_LOOP('',(#3585,#3595,#3603,#3611));
#3585 = ORIENTED_EDGE('',*,*,#3586,.T.);
#3586 = EDGE_CURVE('',#3587,#3589,#3591,.T.);
#3587 = VERTEX_POINT('',#3588);
#3588 = CARTESIAN_POINT('',(10.25,1.7,-1.8));
#3589 = VERTEX_POINT('',#3590);
#3590 = CARTESIAN_POINT('',(10.25,1.7,1.8));
#3591 = LINE('',#3592,#3593);
#3592 = CARTESIAN_POINT('',(10.25,1.7,7.62));
#3593 = VECTOR('',#3594,1.);
#3594 = DIRECTION('',(-0.,-0.,1.));
#3595 = ORIENTED_EDGE('',*,*,#3596,.T.);
#3596 = EDGE_CURVE('',#3589,#3597,#3599,.T.);
#3597 = VERTEX_POINT('',#3598);
#3598 = CARTESIAN_POINT('',(10.25,6.2,1.8));
#3599 = LINE('',#3600,#3601);
#3600 = CARTESIAN_POINT('',(10.25,6.8,1.8));
#3601 = VECTOR('',#3602,1.);
#3602 = DIRECTION('',(0.,1.,0.));
#3603 = ORIENTED_EDGE('',*,*,#3604,.T.);
#3604 = EDGE_CURVE('',#3597,#3605,#3607,.T.);
#3605 = VERTEX_POINT('',#3606);
#3606 = CARTESIAN_POINT('',(10.25,6.2,-1.8));
#3607 = LINE('',#3608,#3609);
#3608 = CARTESIAN_POINT('',(10.25,6.2,7.62));
#3609 = VECTOR('',#3610,1.);
#3610 = DIRECTION('',(0.,0.,-1.));
#3611 = ORIENTED_EDGE('',*,*,#3612,.T.);
#3612 = EDGE_CURVE('',#3605,#3587,#3613,.T.);
#3613 = LINE('',#3614,#3615);
#3614 = CARTESIAN_POINT('',(10.25,6.8,-1.8));
#3615 = VECTOR('',#3616,1.);
#3616 = DIRECTION('',(-0.,-1.,-0.));
#3617 = FACE_BOUND('',#3618,.T.);
#3618 = EDGE_LOOP('',(#3619,#3629,#3637,#3645));
#3619 = ORIENTED_EDGE('',*,*,#3620,.T.);
#3620 = EDGE_CURVE('',#3621,#3623,#3625,.T.);
#3621 = VERTEX_POINT('',#3622);
#3622 = CARTESIAN_POINT('',(10.25,1.7,-6.88));
#3623 = VERTEX_POINT('',#3624);
#3624 = CARTESIAN_POINT('',(10.25,1.7,-3.28));
#3625 = LINE('',#3626,#3627);
#3626 = CARTESIAN_POINT('',(10.25,1.7,7.62));
#3627 = VECTOR('',#3628,1.);
#3628 = DIRECTION('',(-0.,-0.,1.));
#3629 = ORIENTED_EDGE('',*,*,#3630,.T.);
#3630 = EDGE_CURVE('',#3623,#3631,#3633,.T.);
#3631 = VERTEX_POINT('',#3632);
#3632 = CARTESIAN_POINT('',(10.25,6.2,-3.28));
#3633 = LINE('',#3634,#3635);
#3634 = CARTESIAN_POINT('',(10.25,6.8,-3.28));
#3635 = VECTOR('',#3636,1.);
#3636 = DIRECTION('',(0.,1.,0.));
#3637 = ORIENTED_EDGE('',*,*,#3638,.T.);
#3638 = EDGE_CURVE('',#3631,#3639,#3641,.T.);
#3639 = VERTEX_POINT('',#3640);
#3640 = CARTESIAN_POINT('',(10.25,6.2,-6.88));
#3641 = LINE('',#3642,#3643);
#3642 = CARTESIAN_POINT('',(10.25,6.2,7.62));
#3643 = VECTOR('',#3644,1.);
#3644 = DIRECTION('',(0.,0.,-1.));
#3645 = ORIENTED_EDGE('',*,*,#3646,.T.);
#3646 = EDGE_CURVE('',#3639,#3621,#3647,.T.);
#3647 = LINE('',#3648,#3649);
#3648 = CARTESIAN_POINT('',(10.25,6.8,-6.88));
#3649 = VECTOR('',#3650,1.);
#3650 = DIRECTION('',(-0.,-1.,-0.));
#3651 = FACE_BOUND('',#3652,.T.);
#3652 = EDGE_LOOP('',(#3653,#3663,#3671,#3679));
#3653 = ORIENTED_EDGE('',*,*,#3654,.T.);
#3654 = EDGE_CURVE('',#3655,#3657,#3659,.T.);
#3655 = VERTEX_POINT('',#3656);
#3656 = CARTESIAN_POINT('',(10.25,1.7,3.28));
#3657 = VERTEX_POINT('',#3658);
#3658 = CARTESIAN_POINT('',(10.25,1.7,6.88));
#3659 = LINE('',#3660,#3661);
#3660 = CARTESIAN_POINT('',(10.25,1.7,7.62));
#3661 = VECTOR('',#3662,1.);
#3662 = DIRECTION('',(-0.,-0.,1.));
#3663 = ORIENTED_EDGE('',*,*,#3664,.T.);
#3664 = EDGE_CURVE('',#3657,#3665,#3667,.T.);
#3665 = VERTEX_POINT('',#3666);
#3666 = CARTESIAN_POINT('',(10.25,6.2,6.88));
#3667 = LINE('',#3668,#3669);
#3668 = CARTESIAN_POINT('',(10.25,6.8,6.88));
#3669 = VECTOR('',#3670,1.);
#3670 = DIRECTION('',(0.,1.,0.));
#3671 = ORIENTED_EDGE('',*,*,#3672,.T.);
#3672 = EDGE_CURVE('',#3665,#3673,#3675,.T.);
#3673 = VERTEX_POINT('',#3674);
#3674 = CARTESIAN_POINT('',(10.25,6.2,3.28));
#3675 = LINE('',#3676,#3677);
#3676 = CARTESIAN_POINT('',(10.25,6.2,7.62));
#3677 = VECTOR('',#3678,1.);
#3678 = DIRECTION('',(0.,0.,-1.));
#3679 = ORIENTED_EDGE('',*,*,#3680,.T.);
#3680 = EDGE_CURVE('',#3673,#3655,#3681,.T.);
#3681 = LINE('',#3682,#3683);
#3682 = CARTESIAN_POINT('',(10.25,6.8,3.28));
#3683 = VECTOR('',#3684,1.);
#3684 = DIRECTION('',(-0.,-1.,-0.));
#3685 = FACE_BOUND('',#3686,.T.);
#3686 = EDGE_LOOP('',(#3687,#3688,#3696,#3702));
#3687 = ORIENTED_EDGE('',*,*,#2971,.F.);
#3688 = ORIENTED_EDGE('',*,*,#3689,.T.);
#3689 = EDGE_CURVE('',#2964,#3690,#3692,.T.);
#3690 = VERTEX_POINT('',#3691);
#3691 = CARTESIAN_POINT('',(10.25,6.8,-7.62));
#3692 = LINE('',#3693,#3694);
#3693 = CARTESIAN_POINT('',(10.25,6.8,-7.62));
#3694 = VECTOR('',#3695,1.);
#3695 = DIRECTION('',(0.,1.,0.));
#3696 = ORIENTED_EDGE('',*,*,#3697,.T.);
#3697 = EDGE_CURVE('',#3690,#3522,#3698,.T.);
#3698 = LINE('',#3699,#3700);
#3699 = CARTESIAN_POINT('',(10.25,6.8,7.62));
#3700 = VECTOR('',#3701,1.);
#3701 = DIRECTION('',(-0.,-0.,1.));
#3702 = ORIENTED_EDGE('',*,*,#3521,.T.);
#3703 = PLANE('',#3704);
#3704 = AXIS2_PLACEMENT_3D('',#3705,#3706,#3707);
#3705 = CARTESIAN_POINT('',(10.25,6.8,7.62));
#3706 = DIRECTION('',(1.,-0.,0.));
#3707 = DIRECTION('',(0.,0.,-1.));
#3708 = ADVANCED_FACE('',(#3709),#3825,.T.);
#3709 = FACE_BOUND('',#3710,.T.);
#3710 = EDGE_LOOP('',(#3711,#3712,#3720,#3728,#3737,#3745,#3754,#3762,
    #3770,#3777,#3778,#3779,#3787,#3795,#3801,#3802,#3810,#3818,#3824));
#3711 = ORIENTED_EDGE('',*,*,#3443,.F.);
#3712 = ORIENTED_EDGE('',*,*,#3713,.T.);
#3713 = EDGE_CURVE('',#3436,#3714,#3716,.T.);
#3714 = VERTEX_POINT('',#3715);
#3715 = CARTESIAN_POINT('',(1.25,10.,-7.62));
#3716 = LINE('',#3717,#3718);
#3717 = CARTESIAN_POINT('',(9.45,10.,-7.62));
#3718 = VECTOR('',#3719,1.);
#3719 = DIRECTION('',(1.,-0.,0.));
#3720 = ORIENTED_EDGE('',*,*,#3721,.T.);
#3721 = EDGE_CURVE('',#3714,#3722,#3724,.T.);
#3722 = VERTEX_POINT('',#3723);
#3723 = CARTESIAN_POINT('',(2.337581515396,13.782892227464,-7.62));
#3724 = LINE('',#3725,#3726);
#3725 = CARTESIAN_POINT('',(1.25,10.,-7.62));
#3726 = VECTOR('',#3727,1.);
#3727 = DIRECTION('',(0.27630742488,0.96106930393,0.));
#3728 = ORIENTED_EDGE('',*,*,#3729,.F.);
#3729 = EDGE_CURVE('',#3730,#3722,#3732,.T.);
#3730 = VERTEX_POINT('',#3731);
#3731 = CARTESIAN_POINT('',(2.625902306575,14.,-7.62));
#3732 = CIRCLE('',#3733,0.3);
#3733 = AXIS2_PLACEMENT_3D('',#3734,#3735,#3736);
#3734 = CARTESIAN_POINT('',(2.625902306575,13.7,-7.62));
#3735 = DIRECTION('',(0.,-0.,1.));
#3736 = DIRECTION('',(-1.,0.,0.));
#3737 = ORIENTED_EDGE('',*,*,#3738,.T.);
#3738 = EDGE_CURVE('',#3730,#3739,#3741,.T.);
#3739 = VERTEX_POINT('',#3740);
#3740 = CARTESIAN_POINT('',(7.993234973612,14.,-7.62));
#3741 = LINE('',#3742,#3743);
#3742 = CARTESIAN_POINT('',(9.45,14.,-7.62));
#3743 = VECTOR('',#3744,1.);
#3744 = DIRECTION('',(1.,-0.,0.));
#3745 = ORIENTED_EDGE('',*,*,#3746,.F.);
#3746 = EDGE_CURVE('',#3747,#3739,#3749,.T.);
#3747 = VERTEX_POINT('',#3748);
#3748 = CARTESIAN_POINT('',(8.289638583737,13.746313064082,-7.62));
#3749 = CIRCLE('',#3750,0.3);
#3750 = AXIS2_PLACEMENT_3D('',#3751,#3752,#3753);
#3751 = CARTESIAN_POINT('',(7.993234973612,13.7,-7.62));
#3752 = DIRECTION('',(0.,-0.,1.));
#3753 = DIRECTION('',(-1.,0.,0.));
#3754 = ORIENTED_EDGE('',*,*,#3755,.T.);
#3755 = EDGE_CURVE('',#3747,#3756,#3758,.T.);
#3756 = VERTEX_POINT('',#3757);
#3757 = CARTESIAN_POINT('',(9.25,7.6,-7.62));
#3758 = LINE('',#3759,#3760);
#3759 = CARTESIAN_POINT('',(8.289638583737,13.746313064082,-7.62));
#3760 = VECTOR('',#3761,1.);
#3761 = DIRECTION('',(0.154376880274,-0.988012033751,0.));
#3762 = ORIENTED_EDGE('',*,*,#3763,.F.);
#3763 = EDGE_CURVE('',#3764,#3756,#3766,.T.);
#3764 = VERTEX_POINT('',#3765);
#3765 = CARTESIAN_POINT('',(9.45,7.6,-7.62));
#3766 = LINE('',#3767,#3768);
#3767 = CARTESIAN_POINT('',(9.25,7.6,-7.62));
#3768 = VECTOR('',#3769,1.);
#3769 = DIRECTION('',(-1.,-0.,0.));
#3770 = ORIENTED_EDGE('',*,*,#3771,.T.);
#3771 = EDGE_CURVE('',#3764,#3690,#3772,.T.);
#3772 = CIRCLE('',#3773,0.8);
#3773 = AXIS2_PLACEMENT_3D('',#3774,#3775,#3776);
#3774 = CARTESIAN_POINT('',(9.45,6.8,-7.62));
#3775 = DIRECTION('',(0.,0.,-1.));
#3776 = DIRECTION('',(-1.,0.,0.));
#3777 = ORIENTED_EDGE('',*,*,#3689,.F.);
#3778 = ORIENTED_EDGE('',*,*,#2963,.T.);
#3779 = ORIENTED_EDGE('',*,*,#3780,.T.);
#3780 = EDGE_CURVE('',#2956,#3781,#3783,.T.);
#3781 = VERTEX_POINT('',#3782);
#3782 = CARTESIAN_POINT('',(9.3,6.6,-7.62));
#3783 = LINE('',#3784,#3785);
#3784 = CARTESIAN_POINT('',(9.3,6.8,-7.62));
#3785 = VECTOR('',#3786,1.);
#3786 = DIRECTION('',(0.,1.,0.));
#3787 = ORIENTED_EDGE('',*,*,#3788,.T.);
#3788 = EDGE_CURVE('',#3781,#3789,#3791,.T.);
#3789 = VERTEX_POINT('',#3790);
#3790 = CARTESIAN_POINT('',(8.7,6.6,-7.62));
#3791 = LINE('',#3792,#3793);
#3792 = CARTESIAN_POINT('',(9.45,6.6,-7.62));
#3793 = VECTOR('',#3794,1.);
#3794 = DIRECTION('',(-1.,0.,-0.));
#3795 = ORIENTED_EDGE('',*,*,#3796,.T.);
#3796 = EDGE_CURVE('',#3789,#2932,#3797,.T.);
#3797 = LINE('',#3798,#3799);
#3798 = CARTESIAN_POINT('',(8.7,6.8,-7.62));
#3799 = VECTOR('',#3800,1.);
#3800 = DIRECTION('',(-0.,-1.,-0.));
#3801 = ORIENTED_EDGE('',*,*,#2931,.F.);
#3802 = ORIENTED_EDGE('',*,*,#3803,.T.);
#3803 = EDGE_CURVE('',#2924,#3804,#3806,.T.);
#3804 = VERTEX_POINT('',#3805);
#3805 = CARTESIAN_POINT('',(1.8,6.6,-7.62));
#3806 = LINE('',#3807,#3808);
#3807 = CARTESIAN_POINT('',(1.8,6.8,-7.62));
#3808 = VECTOR('',#3809,1.);
#3809 = DIRECTION('',(0.,1.,0.));
#3810 = ORIENTED_EDGE('',*,*,#3811,.T.);
#3811 = EDGE_CURVE('',#3804,#3812,#3814,.T.);
#3812 = VERTEX_POINT('',#3813);
#3813 = CARTESIAN_POINT('',(1.2,6.6,-7.62));
#3814 = LINE('',#3815,#3816);
#3815 = CARTESIAN_POINT('',(9.45,6.6,-7.62));
#3816 = VECTOR('',#3817,1.);
#3817 = DIRECTION('',(-1.,0.,-0.));
#3818 = ORIENTED_EDGE('',*,*,#3819,.T.);
#3819 = EDGE_CURVE('',#3812,#3060,#3820,.T.);
#3820 = LINE('',#3821,#3822);
#3821 = CARTESIAN_POINT('',(1.2,6.8,-7.62));
#3822 = VECTOR('',#3823,1.);
#3823 = DIRECTION('',(-0.,-1.,-0.));
#3824 = ORIENTED_EDGE('',*,*,#3059,.T.);
#3825 = PLANE('',#3826);
#3826 = AXIS2_PLACEMENT_3D('',#3827,#3828,#3829);
#3827 = CARTESIAN_POINT('',(9.45,6.8,-7.62));
#3828 = DIRECTION('',(0.,0.,-1.));
#3829 = DIRECTION('',(-1.,0.,-0.));
#3830 = ADVANCED_FACE('',(#3831),#3849,.F.);
#3831 = FACE_BOUND('',#3832,.T.);
#3832 = EDGE_LOOP('',(#3833,#3841,#3842,#3843));
#3833 = ORIENTED_EDGE('',*,*,#3834,.F.);
#3834 = EDGE_CURVE('',#3174,#3835,#3837,.T.);
#3835 = VERTEX_POINT('',#3836);
#3836 = CARTESIAN_POINT('',(5.3,-2.7,-4.58));
#3837 = LINE('',#3838,#3839);
#3838 = CARTESIAN_POINT('',(5.3,-5.000000078161E-02,-4.58));
#3839 = VECTOR('',#3840,1.);
#3840 = DIRECTION('',(-0.,-1.,-1.889646980599E-14));
#3841 = ORIENTED_EDGE('',*,*,#3182,.T.);
#3842 = ORIENTED_EDGE('',*,*,#3081,.F.);
#3843 = ORIENTED_EDGE('',*,*,#3844,.F.);
#3844 = EDGE_CURVE('',#3835,#3082,#3845,.T.);
#3845 = LINE('',#3846,#3847);
#3846 = CARTESIAN_POINT('',(5.3,-2.7,-4.58));
#3847 = VECTOR('',#3848,1.);
#3848 = DIRECTION('',(-1.,3.391049977815E-28,-1.794541526873E-14));
#3849 = PLANE('',#3850);
#3850 = AXIS2_PLACEMENT_3D('',#3851,#3852,#3853);
#3851 = CARTESIAN_POINT('',(5.3,-5.000000078161E-02,-4.58));
#3852 = DIRECTION('',(1.794541526873E-14,1.889646980599E-14,-1.));
#3853 = DIRECTION('',(0.,1.,1.889646980599E-14));
#3854 = ADVANCED_FACE('',(#3855),#3873,.T.);
#3855 = FACE_BOUND('',#3856,.T.);
#3856 = EDGE_LOOP('',(#3857,#3858,#3859,#3867));
#3857 = ORIENTED_EDGE('',*,*,#3844,.T.);
#3858 = ORIENTED_EDGE('',*,*,#3132,.F.);
#3859 = ORIENTED_EDGE('',*,*,#3860,.T.);
#3860 = EDGE_CURVE('',#3125,#3861,#3863,.T.);
#3861 = VERTEX_POINT('',#3862);
#3862 = CARTESIAN_POINT('',(5.3,-3.7,-4.78));
#3863 = LINE('',#3864,#3865);
#3864 = CARTESIAN_POINT('',(-0.7,-3.7,-4.78));
#3865 = VECTOR('',#3866,1.);
#3866 = DIRECTION('',(1.,0.,0.));
#3867 = ORIENTED_EDGE('',*,*,#3868,.T.);
#3868 = EDGE_CURVE('',#3861,#3835,#3869,.T.);
#3869 = LINE('',#3870,#3871);
#3870 = CARTESIAN_POINT('',(5.3,-2.7,-4.58));
#3871 = VECTOR('',#3872,1.);
#3872 = DIRECTION('',(-0.,0.980580675691,0.196116135138));
#3873 = PLANE('',#3874);
#3874 = AXIS2_PLACEMENT_3D('',#3875,#3876,#3877);
#3875 = CARTESIAN_POINT('',(-0.7,-2.7,-4.58));
#3876 = DIRECTION('',(0.,-0.196116135138,0.980580675691));
#3877 = DIRECTION('',(0.,-0.980580675691,-0.196116135138));
#3878 = ADVANCED_FACE('',(#3879),#3897,.T.);
#3879 = FACE_BOUND('',#3880,.T.);
#3880 = EDGE_LOOP('',(#3881,#3889,#3895,#3896));
#3881 = ORIENTED_EDGE('',*,*,#3882,.T.);
#3882 = EDGE_CURVE('',#3117,#3883,#3885,.T.);
#3883 = VERTEX_POINT('',#3884);
#3884 = CARTESIAN_POINT('',(5.3,-3.7,-5.38));
#3885 = LINE('',#3886,#3887);
#3886 = CARTESIAN_POINT('',(4.5,-3.7,-5.38));
#3887 = VECTOR('',#3888,1.);
#3888 = DIRECTION('',(1.,0.,0.));
#3889 = ORIENTED_EDGE('',*,*,#3890,.T.);
#3890 = EDGE_CURVE('',#3883,#3861,#3891,.T.);
#3891 = LINE('',#3892,#3893);
#3892 = CARTESIAN_POINT('',(5.3,-3.7,-10.08));
#3893 = VECTOR('',#3894,1.);
#3894 = DIRECTION('',(-0.,0.,1.));
#3895 = ORIENTED_EDGE('',*,*,#3860,.F.);
#3896 = ORIENTED_EDGE('',*,*,#3124,.F.);
#3897 = PLANE('',#3898);
#3898 = AXIS2_PLACEMENT_3D('',#3899,#3900,#3901);
#3899 = CARTESIAN_POINT('',(4.5,-3.7,-10.08));
#3900 = DIRECTION('',(0.,-1.,0.));
#3901 = DIRECTION('',(0.,-0.,-1.));
#3902 = ADVANCED_FACE('',(#3903),#3921,.T.);
#3903 = FACE_BOUND('',#3904,.T.);
#3904 = EDGE_LOOP('',(#3905,#3906,#3907,#3915));
#3905 = ORIENTED_EDGE('',*,*,#3882,.F.);
#3906 = ORIENTED_EDGE('',*,*,#3116,.F.);
#3907 = ORIENTED_EDGE('',*,*,#3908,.T.);
#3908 = EDGE_CURVE('',#3109,#3909,#3911,.T.);
#3909 = VERTEX_POINT('',#3910);
#3910 = CARTESIAN_POINT('',(5.3,-2.7,-5.58));
#3911 = LINE('',#3912,#3913);
#3912 = CARTESIAN_POINT('',(4.5,-2.7,-5.58));
#3913 = VECTOR('',#3914,1.);
#3914 = DIRECTION('',(1.,-0.,0.));
#3915 = ORIENTED_EDGE('',*,*,#3916,.T.);
#3916 = EDGE_CURVE('',#3909,#3883,#3917,.T.);
#3917 = LINE('',#3918,#3919);
#3918 = CARTESIAN_POINT('',(5.3,-3.7,-5.38));
#3919 = VECTOR('',#3920,1.);
#3920 = DIRECTION('',(-0.,-0.980580675691,0.196116135138));
#3921 = PLANE('',#3922);
#3922 = AXIS2_PLACEMENT_3D('',#3923,#3924,#3925);
#3923 = CARTESIAN_POINT('',(4.5,-3.7,-5.38));
#3924 = DIRECTION('',(0.,-0.196116135138,-0.980580675691));
#3925 = DIRECTION('',(0.,0.980580675691,-0.196116135138));
#3926 = ADVANCED_FACE('',(#3927),#3938,.F.);
#3927 = FACE_BOUND('',#3928,.T.);
#3928 = EDGE_LOOP('',(#3929,#3930,#3931,#3937));
#3929 = ORIENTED_EDGE('',*,*,#3108,.F.);
#3930 = ORIENTED_EDGE('',*,*,#3157,.T.);
#3931 = ORIENTED_EDGE('',*,*,#3932,.F.);
#3932 = EDGE_CURVE('',#3909,#3147,#3933,.T.);
#3933 = LINE('',#3934,#3935);
#3934 = CARTESIAN_POINT('',(5.3,-5.750000000782,-5.58));
#3935 = VECTOR('',#3936,1.);
#3936 = DIRECTION('',(-3.22037929167E-28,1.,1.794541526873E-14));
#3937 = ORIENTED_EDGE('',*,*,#3908,.F.);
#3938 = PLANE('',#3939);
#3939 = AXIS2_PLACEMENT_3D('',#3940,#3941,#3942);
#3940 = CARTESIAN_POINT('',(5.3,-5.750000000782,-5.58));
#3941 = DIRECTION('',(-1.794541526873E-14,-1.794541526873E-14,1.));
#3942 = DIRECTION('',(1.,0.,1.794541526873E-14));
#3943 = ADVANCED_FACE('',(#3944),#3962,.F.);
#3944 = FACE_BOUND('',#3945,.T.);
#3945 = EDGE_LOOP('',(#3946,#3954,#3955,#3956));
#3946 = ORIENTED_EDGE('',*,*,#3947,.F.);
#3947 = EDGE_CURVE('',#3289,#3948,#3950,.T.);
#3948 = VERTEX_POINT('',#3949);
#3949 = CARTESIAN_POINT('',(5.3,-2.7,5.58));
#3950 = LINE('',#3951,#3952);
#3951 = CARTESIAN_POINT('',(5.3,-5.000000078161E-02,5.58));
#3952 = VECTOR('',#3953,1.);
#3953 = DIRECTION('',(-0.,-1.,-1.889646980599E-14));
#3954 = ORIENTED_EDGE('',*,*,#3297,.T.);
#3955 = ORIENTED_EDGE('',*,*,#3196,.F.);
#3956 = ORIENTED_EDGE('',*,*,#3957,.F.);
#3957 = EDGE_CURVE('',#3948,#3197,#3958,.T.);
#3958 = LINE('',#3959,#3960);
#3959 = CARTESIAN_POINT('',(5.3,-2.7,5.58));
#3960 = VECTOR('',#3961,1.);
#3961 = DIRECTION('',(-1.,3.391049977815E-28,-1.794541526873E-14));
#3962 = PLANE('',#3963);
#3963 = AXIS2_PLACEMENT_3D('',#3964,#3965,#3966);
#3964 = CARTESIAN_POINT('',(5.3,-5.000000078161E-02,5.58));
#3965 = DIRECTION('',(1.794541526873E-14,1.889646980599E-14,-1.));
#3966 = DIRECTION('',(0.,1.,1.889646980599E-14));
#3967 = ADVANCED_FACE('',(#3968),#3986,.T.);
#3968 = FACE_BOUND('',#3969,.T.);
#3969 = EDGE_LOOP('',(#3970,#3971,#3972,#3980));
#3970 = ORIENTED_EDGE('',*,*,#3957,.T.);
#3971 = ORIENTED_EDGE('',*,*,#3247,.F.);
#3972 = ORIENTED_EDGE('',*,*,#3973,.T.);
#3973 = EDGE_CURVE('',#3240,#3974,#3976,.T.);
#3974 = VERTEX_POINT('',#3975);
#3975 = CARTESIAN_POINT('',(5.3,-3.7,5.38));
#3976 = LINE('',#3977,#3978);
#3977 = CARTESIAN_POINT('',(-0.7,-3.7,5.38));
#3978 = VECTOR('',#3979,1.);
#3979 = DIRECTION('',(1.,0.,0.));
#3980 = ORIENTED_EDGE('',*,*,#3981,.T.);
#3981 = EDGE_CURVE('',#3974,#3948,#3982,.T.);
#3982 = LINE('',#3983,#3984);
#3983 = CARTESIAN_POINT('',(5.3,-2.7,5.58));
#3984 = VECTOR('',#3985,1.);
#3985 = DIRECTION('',(-0.,0.980580675691,0.196116135138));
#3986 = PLANE('',#3987);
#3987 = AXIS2_PLACEMENT_3D('',#3988,#3989,#3990);
#3988 = CARTESIAN_POINT('',(-0.7,-2.7,5.58));
#3989 = DIRECTION('',(0.,-0.196116135138,0.980580675691));
#3990 = DIRECTION('',(0.,-0.980580675691,-0.196116135138));
#3991 = ADVANCED_FACE('',(#3992),#4010,.T.);
#3992 = FACE_BOUND('',#3993,.T.);
#3993 = EDGE_LOOP('',(#3994,#4002,#4008,#4009));
#3994 = ORIENTED_EDGE('',*,*,#3995,.T.);
#3995 = EDGE_CURVE('',#3232,#3996,#3998,.T.);
#3996 = VERTEX_POINT('',#3997);
#3997 = CARTESIAN_POINT('',(5.3,-3.7,4.78));
#3998 = LINE('',#3999,#4000);
#3999 = CARTESIAN_POINT('',(4.5,-3.7,4.78));
#4000 = VECTOR('',#4001,1.);
#4001 = DIRECTION('',(1.,0.,0.));
#4002 = ORIENTED_EDGE('',*,*,#4003,.T.);
#4003 = EDGE_CURVE('',#3996,#3974,#4004,.T.);
#4004 = LINE('',#4005,#4006);
#4005 = CARTESIAN_POINT('',(5.3,-3.7,8.E-02));
#4006 = VECTOR('',#4007,1.);
#4007 = DIRECTION('',(-0.,0.,1.));
#4008 = ORIENTED_EDGE('',*,*,#3973,.F.);
#4009 = ORIENTED_EDGE('',*,*,#3239,.F.);
#4010 = PLANE('',#4011);
#4011 = AXIS2_PLACEMENT_3D('',#4012,#4013,#4014);
#4012 = CARTESIAN_POINT('',(4.5,-3.7,8.E-02));
#4013 = DIRECTION('',(0.,-1.,0.));
#4014 = DIRECTION('',(0.,-0.,-1.));
#4015 = ADVANCED_FACE('',(#4016),#4034,.T.);
#4016 = FACE_BOUND('',#4017,.T.);
#4017 = EDGE_LOOP('',(#4018,#4019,#4020,#4028));
#4018 = ORIENTED_EDGE('',*,*,#3995,.F.);
#4019 = ORIENTED_EDGE('',*,*,#3231,.F.);
#4020 = ORIENTED_EDGE('',*,*,#4021,.T.);
#4021 = EDGE_CURVE('',#3224,#4022,#4024,.T.);
#4022 = VERTEX_POINT('',#4023);
#4023 = CARTESIAN_POINT('',(5.3,-2.7,4.58));
#4024 = LINE('',#4025,#4026);
#4025 = CARTESIAN_POINT('',(4.5,-2.7,4.58));
#4026 = VECTOR('',#4027,1.);
#4027 = DIRECTION('',(1.,-0.,0.));
#4028 = ORIENTED_EDGE('',*,*,#4029,.T.);
#4029 = EDGE_CURVE('',#4022,#3996,#4030,.T.);
#4030 = LINE('',#4031,#4032);
#4031 = CARTESIAN_POINT('',(5.3,-3.7,4.78));
#4032 = VECTOR('',#4033,1.);
#4033 = DIRECTION('',(-0.,-0.980580675691,0.196116135138));
#4034 = PLANE('',#4035);
#4035 = AXIS2_PLACEMENT_3D('',#4036,#4037,#4038);
#4036 = CARTESIAN_POINT('',(4.5,-3.7,4.78));
#4037 = DIRECTION('',(0.,-0.196116135138,-0.980580675691));
#4038 = DIRECTION('',(0.,0.980580675691,-0.196116135138));
#4039 = ADVANCED_FACE('',(#4040),#4051,.F.);
#4040 = FACE_BOUND('',#4041,.T.);
#4041 = EDGE_LOOP('',(#4042,#4043,#4044,#4050));
#4042 = ORIENTED_EDGE('',*,*,#3223,.F.);
#4043 = ORIENTED_EDGE('',*,*,#3272,.T.);
#4044 = ORIENTED_EDGE('',*,*,#4045,.F.);
#4045 = EDGE_CURVE('',#4022,#3262,#4046,.T.);
#4046 = LINE('',#4047,#4048);
#4047 = CARTESIAN_POINT('',(5.3,-5.750000000782,4.58));
#4048 = VECTOR('',#4049,1.);
#4049 = DIRECTION('',(-3.22037929167E-28,1.,1.794541526873E-14));
#4050 = ORIENTED_EDGE('',*,*,#4021,.F.);
#4051 = PLANE('',#4052);
#4052 = AXIS2_PLACEMENT_3D('',#4053,#4054,#4055);
#4053 = CARTESIAN_POINT('',(5.3,-5.750000000782,4.58));
#4054 = DIRECTION('',(-1.794541526873E-14,-1.794541526873E-14,1.));
#4055 = DIRECTION('',(1.,0.,1.794541526873E-14));
#4056 = ADVANCED_FACE('',(#4057),#4075,.F.);
#4057 = FACE_BOUND('',#4058,.T.);
#4058 = EDGE_LOOP('',(#4059,#4067,#4068,#4069));
#4059 = ORIENTED_EDGE('',*,*,#4060,.F.);
#4060 = EDGE_CURVE('',#3404,#4061,#4063,.T.);
#4061 = VERTEX_POINT('',#4062);
#4062 = CARTESIAN_POINT('',(5.3,-2.7,0.5));
#4063 = LINE('',#4064,#4065);
#4064 = CARTESIAN_POINT('',(5.3,-5.000000078161E-02,0.5));
#4065 = VECTOR('',#4066,1.);
#4066 = DIRECTION('',(-0.,-1.,-1.889646980599E-14));
#4067 = ORIENTED_EDGE('',*,*,#3412,.T.);
#4068 = ORIENTED_EDGE('',*,*,#3311,.F.);
#4069 = ORIENTED_EDGE('',*,*,#4070,.F.);
#4070 = EDGE_CURVE('',#4061,#3312,#4071,.T.);
#4071 = LINE('',#4072,#4073);
#4072 = CARTESIAN_POINT('',(5.3,-2.7,0.5));
#4073 = VECTOR('',#4074,1.);
#4074 = DIRECTION('',(-1.,3.391049977815E-28,-1.794541526873E-14));
#4075 = PLANE('',#4076);
#4076 = AXIS2_PLACEMENT_3D('',#4077,#4078,#4079);
#4077 = CARTESIAN_POINT('',(5.3,-5.000000078161E-02,0.5));
#4078 = DIRECTION('',(1.794541526873E-14,1.889646980599E-14,-1.));
#4079 = DIRECTION('',(0.,1.,1.889646980599E-14));
#4080 = ADVANCED_FACE('',(#4081),#4099,.T.);
#4081 = FACE_BOUND('',#4082,.T.);
#4082 = EDGE_LOOP('',(#4083,#4084,#4085,#4093));
#4083 = ORIENTED_EDGE('',*,*,#4070,.T.);
#4084 = ORIENTED_EDGE('',*,*,#3362,.F.);
#4085 = ORIENTED_EDGE('',*,*,#4086,.T.);
#4086 = EDGE_CURVE('',#3355,#4087,#4089,.T.);
#4087 = VERTEX_POINT('',#4088);
#4088 = CARTESIAN_POINT('',(5.3,-3.7,0.3));
#4089 = LINE('',#4090,#4091);
#4090 = CARTESIAN_POINT('',(-0.7,-3.7,0.3));
#4091 = VECTOR('',#4092,1.);
#4092 = DIRECTION('',(1.,0.,0.));
#4093 = ORIENTED_EDGE('',*,*,#4094,.T.);
#4094 = EDGE_CURVE('',#4087,#4061,#4095,.T.);
#4095 = LINE('',#4096,#4097);
#4096 = CARTESIAN_POINT('',(5.3,-2.7,0.5));
#4097 = VECTOR('',#4098,1.);
#4098 = DIRECTION('',(-0.,0.980580675691,0.196116135138));
#4099 = PLANE('',#4100);
#4100 = AXIS2_PLACEMENT_3D('',#4101,#4102,#4103);
#4101 = CARTESIAN_POINT('',(-0.7,-2.7,0.5));
#4102 = DIRECTION('',(0.,-0.196116135138,0.980580675691));
#4103 = DIRECTION('',(0.,-0.980580675691,-0.196116135138));
#4104 = ADVANCED_FACE('',(#4105),#4123,.T.);
#4105 = FACE_BOUND('',#4106,.T.);
#4106 = EDGE_LOOP('',(#4107,#4115,#4121,#4122));
#4107 = ORIENTED_EDGE('',*,*,#4108,.T.);
#4108 = EDGE_CURVE('',#3347,#4109,#4111,.T.);
#4109 = VERTEX_POINT('',#4110);
#4110 = CARTESIAN_POINT('',(5.3,-3.7,-0.3));
#4111 = LINE('',#4112,#4113);
#4112 = CARTESIAN_POINT('',(4.5,-3.7,-0.3));
#4113 = VECTOR('',#4114,1.);
#4114 = DIRECTION('',(1.,0.,0.));
#4115 = ORIENTED_EDGE('',*,*,#4116,.T.);
#4116 = EDGE_CURVE('',#4109,#4087,#4117,.T.);
#4117 = LINE('',#4118,#4119);
#4118 = CARTESIAN_POINT('',(5.3,-3.7,-5.));
#4119 = VECTOR('',#4120,1.);
#4120 = DIRECTION('',(-0.,0.,1.));
#4121 = ORIENTED_EDGE('',*,*,#4086,.F.);
#4122 = ORIENTED_EDGE('',*,*,#3354,.F.);
#4123 = PLANE('',#4124);
#4124 = AXIS2_PLACEMENT_3D('',#4125,#4126,#4127);
#4125 = CARTESIAN_POINT('',(4.5,-3.7,-5.));
#4126 = DIRECTION('',(0.,-1.,0.));
#4127 = DIRECTION('',(0.,-0.,-1.));
#4128 = ADVANCED_FACE('',(#4129),#4147,.T.);
#4129 = FACE_BOUND('',#4130,.T.);
#4130 = EDGE_LOOP('',(#4131,#4132,#4133,#4141));
#4131 = ORIENTED_EDGE('',*,*,#4108,.F.);
#4132 = ORIENTED_EDGE('',*,*,#3346,.F.);
#4133 = ORIENTED_EDGE('',*,*,#4134,.T.);
#4134 = EDGE_CURVE('',#3339,#4135,#4137,.T.);
#4135 = VERTEX_POINT('',#4136);
#4136 = CARTESIAN_POINT('',(5.3,-2.7,-0.5));
#4137 = LINE('',#4138,#4139);
#4138 = CARTESIAN_POINT('',(4.5,-2.7,-0.5));
#4139 = VECTOR('',#4140,1.);
#4140 = DIRECTION('',(1.,-0.,0.));
#4141 = ORIENTED_EDGE('',*,*,#4142,.T.);
#4142 = EDGE_CURVE('',#4135,#4109,#4143,.T.);
#4143 = LINE('',#4144,#4145);
#4144 = CARTESIAN_POINT('',(5.3,-3.7,-0.3));
#4145 = VECTOR('',#4146,1.);
#4146 = DIRECTION('',(-0.,-0.980580675691,0.196116135138));
#4147 = PLANE('',#4148);
#4148 = AXIS2_PLACEMENT_3D('',#4149,#4150,#4151);
#4149 = CARTESIAN_POINT('',(4.5,-3.7,-0.3));
#4150 = DIRECTION('',(0.,-0.196116135138,-0.980580675691));
#4151 = DIRECTION('',(0.,0.980580675691,-0.196116135138));
#4152 = ADVANCED_FACE('',(#4153),#4164,.F.);
#4153 = FACE_BOUND('',#4154,.T.);
#4154 = EDGE_LOOP('',(#4155,#4156,#4157,#4163));
#4155 = ORIENTED_EDGE('',*,*,#3338,.F.);
#4156 = ORIENTED_EDGE('',*,*,#3387,.T.);
#4157 = ORIENTED_EDGE('',*,*,#4158,.F.);
#4158 = EDGE_CURVE('',#4135,#3377,#4159,.T.);
#4159 = LINE('',#4160,#4161);
#4160 = CARTESIAN_POINT('',(5.3,-5.750000000782,-0.5));
#4161 = VECTOR('',#4162,1.);
#4162 = DIRECTION('',(-3.22037929167E-28,1.,1.794541526873E-14));
#4163 = ORIENTED_EDGE('',*,*,#4134,.F.);
#4164 = PLANE('',#4165);
#4165 = AXIS2_PLACEMENT_3D('',#4166,#4167,#4168);
#4166 = CARTESIAN_POINT('',(5.3,-5.750000000782,-0.5));
#4167 = DIRECTION('',(-1.794541526873E-14,-1.794541526873E-14,1.));
#4168 = DIRECTION('',(1.,0.,1.794541526873E-14));
#4169 = ADVANCED_FACE('',(#4170),#4181,.T.);
#4170 = FACE_BOUND('',#4171,.T.);
#4171 = EDGE_LOOP('',(#4172,#4173,#4174,#4175));
#4172 = ORIENTED_EDGE('',*,*,#3713,.F.);
#4173 = ORIENTED_EDGE('',*,*,#3435,.F.);
#4174 = ORIENTED_EDGE('',*,*,#3467,.T.);
#4175 = ORIENTED_EDGE('',*,*,#4176,.T.);
#4176 = EDGE_CURVE('',#3458,#3714,#4177,.T.);
#4177 = LINE('',#4178,#4179);
#4178 = CARTESIAN_POINT('',(1.25,10.,7.62));
#4179 = VECTOR('',#4180,1.);
#4180 = DIRECTION('',(-0.,0.,-1.));
#4181 = PLANE('',#4182);
#4182 = AXIS2_PLACEMENT_3D('',#4183,#4184,#4185);
#4183 = CARTESIAN_POINT('',(0.,10.,7.62));
#4184 = DIRECTION('',(0.,1.,0.));
#4185 = DIRECTION('',(0.,-0.,1.));
#4186 = ADVANCED_FACE('',(#4187),#4198,.T.);
#4187 = FACE_BOUND('',#4188,.T.);
#4188 = EDGE_LOOP('',(#4189,#4190,#4191,#4197));
#4189 = ORIENTED_EDGE('',*,*,#4176,.F.);
#4190 = ORIENTED_EDGE('',*,*,#3457,.T.);
#4191 = ORIENTED_EDGE('',*,*,#4192,.T.);
#4192 = EDGE_CURVE('',#3460,#3722,#4193,.T.);
#4193 = LINE('',#4194,#4195);
#4194 = CARTESIAN_POINT('',(2.337581515396,13.782892227464,7.62));
#4195 = VECTOR('',#4196,1.);
#4196 = DIRECTION('',(-0.,-0.,-1.));
#4197 = ORIENTED_EDGE('',*,*,#3721,.F.);
#4198 = PLANE('',#4199);
#4199 = AXIS2_PLACEMENT_3D('',#4200,#4201,#4202);
#4200 = CARTESIAN_POINT('',(1.25,10.,7.62));
#4201 = DIRECTION('',(-0.96106930393,0.27630742488,0.));
#4202 = DIRECTION('',(-0.27630742488,-0.96106930393,0.));
#4203 = ADVANCED_FACE('',(#4204),#4222,.T.);
#4204 = FACE_BOUND('',#4205,.T.);
#4205 = EDGE_LOOP('',(#4206,#4207,#4208,#4216));
#4206 = ORIENTED_EDGE('',*,*,#3475,.T.);
#4207 = ORIENTED_EDGE('',*,*,#3035,.T.);
#4208 = ORIENTED_EDGE('',*,*,#4209,.T.);
#4209 = EDGE_CURVE('',#3028,#4210,#4212,.T.);
#4210 = VERTEX_POINT('',#4211);
#4211 = CARTESIAN_POINT('',(0.832042833102,6.6,7.));
#4212 = LINE('',#4213,#4214);
#4213 = CARTESIAN_POINT('',(0.832042833102,6.6,7.));
#4214 = VECTOR('',#4215,1.);
#4215 = DIRECTION('',(0.,1.,0.));
#4216 = ORIENTED_EDGE('',*,*,#4217,.T.);
#4217 = EDGE_CURVE('',#4210,#3476,#4218,.T.);
#4218 = LINE('',#4219,#4220);
#4219 = CARTESIAN_POINT('',(0.944626135594,6.6,7.195));
#4220 = VECTOR('',#4221,1.);
#4221 = DIRECTION('',(0.5,-0.,0.866025403784));
#4222 = PLANE('',#4223);
#4223 = AXIS2_PLACEMENT_3D('',#4224,#4225,#4226);
#4224 = CARTESIAN_POINT('',(0.944626135594,6.6,7.195));
#4225 = DIRECTION('',(0.866025403784,0.,-0.5));
#4226 = DIRECTION('',(-0.5,0.,-0.866025403784));
#4227 = ADVANCED_FACE('',(#4228),#4246,.T.);
#4228 = FACE_BOUND('',#4229,.T.);
#4229 = EDGE_LOOP('',(#4230,#4238,#4239,#4240));
#4230 = ORIENTED_EDGE('',*,*,#4231,.T.);
#4231 = EDGE_CURVE('',#4232,#3020,#4234,.T.);
#4232 = VERTEX_POINT('',#4233);
#4233 = CARTESIAN_POINT('',(2.167957166898,6.6,7.));
#4234 = LINE('',#4235,#4236);
#4235 = CARTESIAN_POINT('',(2.167957166898,6.6,7.));
#4236 = VECTOR('',#4237,1.);
#4237 = DIRECTION('',(-0.,-1.,-0.));
#4238 = ORIENTED_EDGE('',*,*,#3019,.T.);
#4239 = ORIENTED_EDGE('',*,*,#3491,.T.);
#4240 = ORIENTED_EDGE('',*,*,#4241,.T.);
#4241 = EDGE_CURVE('',#3484,#4232,#4242,.T.);
#4242 = LINE('',#4243,#4244);
#4243 = CARTESIAN_POINT('',(1.81,6.6,7.62));
#4244 = VECTOR('',#4245,1.);
#4245 = DIRECTION('',(0.5,-0.,-0.866025403784));
#4246 = PLANE('',#4247);
#4247 = AXIS2_PLACEMENT_3D('',#4248,#4249,#4250);
#4248 = CARTESIAN_POINT('',(1.81,6.6,7.62));
#4249 = DIRECTION('',(-0.866025403784,0.,-0.5));
#4250 = DIRECTION('',(-0.5,0.,0.866025403784));
#4251 = ADVANCED_FACE('',(#4252),#4270,.F.);
#4252 = FACE_BOUND('',#4253,.T.);
#4253 = EDGE_LOOP('',(#4254,#4262,#4263,#4264));
#4254 = ORIENTED_EDGE('',*,*,#4255,.F.);
#4255 = EDGE_CURVE('',#3499,#4256,#4258,.T.);
#4256 = VERTEX_POINT('',#4257);
#4257 = CARTESIAN_POINT('',(8.332042833102,6.6,7.));
#4258 = LINE('',#4259,#4260);
#4259 = CARTESIAN_POINT('',(8.69,6.6,7.62));
#4260 = VECTOR('',#4261,1.);
#4261 = DIRECTION('',(-0.5,-0.,-0.866025403784));
#4262 = ORIENTED_EDGE('',*,*,#3498,.T.);
#4263 = ORIENTED_EDGE('',*,*,#3003,.F.);
#4264 = ORIENTED_EDGE('',*,*,#4265,.F.);
#4265 = EDGE_CURVE('',#4256,#2996,#4266,.T.);
#4266 = LINE('',#4267,#4268);
#4267 = CARTESIAN_POINT('',(8.332042833102,6.6,7.));
#4268 = VECTOR('',#4269,1.);
#4269 = DIRECTION('',(-0.,-1.,0.));
#4270 = PLANE('',#4271);
#4271 = AXIS2_PLACEMENT_3D('',#4272,#4273,#4274);
#4272 = CARTESIAN_POINT('',(8.69,6.6,7.62));
#4273 = DIRECTION('',(-0.866025403784,0.,0.5));
#4274 = DIRECTION('',(0.5,0.,0.866025403784));
#4275 = ADVANCED_FACE('',(#4276),#4294,.F.);
#4276 = FACE_BOUND('',#4277,.T.);
#4277 = EDGE_LOOP('',(#4278,#4286,#4292,#4293));
#4278 = ORIENTED_EDGE('',*,*,#4279,.F.);
#4279 = EDGE_CURVE('',#4280,#3507,#4282,.T.);
#4280 = VERTEX_POINT('',#4281);
#4281 = CARTESIAN_POINT('',(9.667957166898,6.6,7.));
#4282 = LINE('',#4283,#4284);
#4283 = CARTESIAN_POINT('',(9.555373864406,6.6,7.195));
#4284 = VECTOR('',#4285,1.);
#4285 = DIRECTION('',(-0.5,-0.,0.866025403784));
#4286 = ORIENTED_EDGE('',*,*,#4287,.F.);
#4287 = EDGE_CURVE('',#2988,#4280,#4288,.T.);
#4288 = LINE('',#4289,#4290);
#4289 = CARTESIAN_POINT('',(9.667957166898,6.6,7.));
#4290 = VECTOR('',#4291,1.);
#4291 = DIRECTION('',(0.,1.,0.));
#4292 = ORIENTED_EDGE('',*,*,#2987,.F.);
#4293 = ORIENTED_EDGE('',*,*,#3514,.T.);
#4294 = PLANE('',#4295);
#4295 = AXIS2_PLACEMENT_3D('',#4296,#4297,#4298);
#4296 = CARTESIAN_POINT('',(9.555373864406,6.6,7.195));
#4297 = DIRECTION('',(0.866025403784,-0.,0.5));
#4298 = DIRECTION('',(0.5,0.,-0.866025403784));
#4299 = ADVANCED_FACE('',(#4300),#4316,.T.);
#4300 = FACE_BOUND('',#4301,.T.);
#4301 = EDGE_LOOP('',(#4302,#4308,#4309,#4315));
#4302 = ORIENTED_EDGE('',*,*,#4303,.T.);
#4303 = EDGE_CURVE('',#3539,#3756,#4304,.T.);
#4304 = LINE('',#4305,#4306);
#4305 = CARTESIAN_POINT('',(9.25,7.6,7.62));
#4306 = VECTOR('',#4307,1.);
#4307 = DIRECTION('',(-0.,-0.,-1.));
#4308 = ORIENTED_EDGE('',*,*,#3755,.F.);
#4309 = ORIENTED_EDGE('',*,*,#4310,.T.);
#4310 = EDGE_CURVE('',#3747,#3547,#4311,.T.);
#4311 = LINE('',#4312,#4313);
#4312 = CARTESIAN_POINT('',(8.289638583737,13.746313064082,7.62));
#4313 = VECTOR('',#4314,1.);
#4314 = DIRECTION('',(0.,0.,1.));
#4315 = ORIENTED_EDGE('',*,*,#3546,.T.);
#4316 = PLANE('',#4317);
#4317 = AXIS2_PLACEMENT_3D('',#4318,#4319,#4320);
#4318 = CARTESIAN_POINT('',(8.25,14.,7.62));
#4319 = DIRECTION('',(0.988012033751,0.154376880274,-0.));
#4320 = DIRECTION('',(-0.154376880274,0.988012033751,0.));
#4321 = ADVANCED_FACE('',(#4322,#4332,#4342,#4352),#4368,.T.);
#4322 = FACE_BOUND('',#4323,.T.);
#4323 = EDGE_LOOP('',(#4324,#4331));
#4324 = ORIENTED_EDGE('',*,*,#4325,.T.);
#4325 = EDGE_CURVE('',#2404,#2423,#4326,.T.);
#4326 = CIRCLE('',#4327,1.975);
#4327 = AXIS2_PLACEMENT_3D('',#4328,#4329,#4330);
#4328 = CARTESIAN_POINT('',(5.35,14.,0.));
#4329 = DIRECTION('',(-2.501911041409E-16,-1.,0.));
#4330 = DIRECTION('',(1.,-2.501911041409E-16,0.));
#4331 = ORIENTED_EDGE('',*,*,#2430,.T.);
#4332 = FACE_BOUND('',#4333,.T.);
#4333 = EDGE_LOOP('',(#4334,#4341));
#4334 = ORIENTED_EDGE('',*,*,#4335,.T.);
#4335 = EDGE_CURVE('',#2446,#2465,#4336,.T.);
#4336 = CIRCLE('',#4337,1.975);
#4337 = AXIS2_PLACEMENT_3D('',#4338,#4339,#4340);
#4338 = CARTESIAN_POINT('',(5.35,14.,-5.08));
#4339 = DIRECTION('',(-2.501911041409E-16,-1.,0.));
#4340 = DIRECTION('',(1.,-2.501911041409E-16,0.));
#4341 = ORIENTED_EDGE('',*,*,#2472,.T.);
#4342 = FACE_BOUND('',#4343,.T.);
#4343 = EDGE_LOOP('',(#4344,#4351));
#4344 = ORIENTED_EDGE('',*,*,#4345,.T.);
#4345 = EDGE_CURVE('',#2488,#2507,#4346,.T.);
#4346 = CIRCLE('',#4347,1.975);
#4347 = AXIS2_PLACEMENT_3D('',#4348,#4349,#4350);
#4348 = CARTESIAN_POINT('',(5.35,14.,5.08));
#4349 = DIRECTION('',(-2.501911041409E-16,-1.,0.));
#4350 = DIRECTION('',(1.,-2.501911041409E-16,0.));
#4351 = ORIENTED_EDGE('',*,*,#2514,.T.);
#4352 = FACE_BOUND('',#4353,.T.);
#4353 = EDGE_LOOP('',(#4354,#4360,#4361,#4367));
#4354 = ORIENTED_EDGE('',*,*,#4355,.T.);
#4355 = EDGE_CURVE('',#3555,#3739,#4356,.T.);
#4356 = LINE('',#4357,#4358);
#4357 = CARTESIAN_POINT('',(7.993234973612,14.,7.62));
#4358 = VECTOR('',#4359,1.);
#4359 = DIRECTION('',(-0.,0.,-1.));
#4360 = ORIENTED_EDGE('',*,*,#3738,.F.);
#4361 = ORIENTED_EDGE('',*,*,#4362,.T.);
#4362 = EDGE_CURVE('',#3730,#3564,#4363,.T.);
#4363 = LINE('',#4364,#4365);
#4364 = CARTESIAN_POINT('',(2.625902306575,14.,7.62));
#4365 = VECTOR('',#4366,1.);
#4366 = DIRECTION('',(0.,-0.,1.));
#4367 = ORIENTED_EDGE('',*,*,#3563,.T.);
#4368 = PLANE('',#4369);
#4369 = AXIS2_PLACEMENT_3D('',#4370,#4371,#4372);
#4370 = CARTESIAN_POINT('',(2.4,14.,7.62));
#4371 = DIRECTION('',(0.,1.,0.));
#4372 = DIRECTION('',(0.,-0.,1.));
#4373 = ADVANCED_FACE('',(#4374),#4399,.F.);
#4374 = FACE_BOUND('',#4375,.T.);
#4375 = EDGE_LOOP('',(#4376,#4384,#4385,#4393));
#4376 = ORIENTED_EDGE('',*,*,#4377,.F.);
#4377 = EDGE_CURVE('',#3597,#4378,#4380,.T.);
#4378 = VERTEX_POINT('',#4379);
#4379 = CARTESIAN_POINT('',(9.25,5.2,1.3));
#4380 = LINE('',#4381,#4382);
#4381 = CARTESIAN_POINT('',(10.25,6.2,1.8));
#4382 = VECTOR('',#4383,1.);
#4383 = DIRECTION('',(-0.666666666667,-0.666666666667,-0.333333333333));
#4384 = ORIENTED_EDGE('',*,*,#3596,.F.);
#4385 = ORIENTED_EDGE('',*,*,#4386,.F.);
#4386 = EDGE_CURVE('',#4387,#3589,#4389,.T.);
#4387 = VERTEX_POINT('',#4388);
#4388 = CARTESIAN_POINT('',(9.25,2.2,1.3));
#4389 = LINE('',#4390,#4391);
#4390 = CARTESIAN_POINT('',(9.25,2.2,1.3));
#4391 = VECTOR('',#4392,1.);
#4392 = DIRECTION('',(0.816496580928,-0.408248290464,0.408248290464));
#4393 = ORIENTED_EDGE('',*,*,#4394,.F.);
#4394 = EDGE_CURVE('',#4378,#4387,#4395,.T.);
#4395 = LINE('',#4396,#4397);
#4396 = CARTESIAN_POINT('',(9.25,6.8,1.3));
#4397 = VECTOR('',#4398,1.);
#4398 = DIRECTION('',(-0.,-1.,0.));
#4399 = PLANE('',#4400);
#4400 = AXIS2_PLACEMENT_3D('',#4401,#4402,#4403);
#4401 = CARTESIAN_POINT('',(10.25,6.8,1.8));
#4402 = DIRECTION('',(-0.4472135955,0.,0.894427191));
#4403 = DIRECTION('',(0.894427191,0.,0.4472135955));
#4404 = ADVANCED_FACE('',(#4405),#4423,.T.);
#4405 = FACE_BOUND('',#4406,.T.);
#4406 = EDGE_LOOP('',(#4407,#4408,#4409,#4417));
#4407 = ORIENTED_EDGE('',*,*,#4386,.T.);
#4408 = ORIENTED_EDGE('',*,*,#3586,.F.);
#4409 = ORIENTED_EDGE('',*,*,#4410,.T.);
#4410 = EDGE_CURVE('',#3587,#4411,#4413,.T.);
#4411 = VERTEX_POINT('',#4412);
#4412 = CARTESIAN_POINT('',(9.25,2.2,-1.3));
#4413 = LINE('',#4414,#4415);
#4414 = CARTESIAN_POINT('',(10.25,1.7,-1.8));
#4415 = VECTOR('',#4416,1.);
#4416 = DIRECTION('',(-0.816496580928,0.408248290464,0.408248290464));
#4417 = ORIENTED_EDGE('',*,*,#4418,.T.);
#4418 = EDGE_CURVE('',#4411,#4387,#4419,.T.);
#4419 = LINE('',#4420,#4421);
#4420 = CARTESIAN_POINT('',(9.25,2.2,1.3));
#4421 = VECTOR('',#4422,1.);
#4422 = DIRECTION('',(0.,0.,1.));
#4423 = PLANE('',#4424);
#4424 = AXIS2_PLACEMENT_3D('',#4425,#4426,#4427);
#4425 = CARTESIAN_POINT('',(9.25,2.2,1.3));
#4426 = DIRECTION('',(0.4472135955,0.894427191,-0.));
#4427 = DIRECTION('',(-0.894427191,0.4472135955,0.));
#4428 = ADVANCED_FACE('',(#4429),#4447,.T.);
#4429 = FACE_BOUND('',#4430,.T.);
#4430 = EDGE_LOOP('',(#4431,#4439,#4440,#4441));
#4431 = ORIENTED_EDGE('',*,*,#4432,.T.);
#4432 = EDGE_CURVE('',#4433,#4411,#4435,.T.);
#4433 = VERTEX_POINT('',#4434);
#4434 = CARTESIAN_POINT('',(9.25,5.2,-1.3));
#4435 = LINE('',#4436,#4437);
#4436 = CARTESIAN_POINT('',(9.25,6.3,-1.3));
#4437 = VECTOR('',#4438,1.);
#4438 = DIRECTION('',(-0.,-1.,-0.));
#4439 = ORIENTED_EDGE('',*,*,#4410,.F.);
#4440 = ORIENTED_EDGE('',*,*,#3612,.F.);
#4441 = ORIENTED_EDGE('',*,*,#4442,.T.);
#4442 = EDGE_CURVE('',#3605,#4433,#4443,.T.);
#4443 = LINE('',#4444,#4445);
#4444 = CARTESIAN_POINT('',(10.25,6.2,-1.8));
#4445 = VECTOR('',#4446,1.);
#4446 = DIRECTION('',(-0.666666666667,-0.666666666667,0.333333333333));
#4447 = PLANE('',#4448);
#4448 = AXIS2_PLACEMENT_3D('',#4449,#4450,#4451);
#4449 = CARTESIAN_POINT('',(9.25,6.3,-1.3));
#4450 = DIRECTION('',(0.4472135955,-0.,0.894427191));
#4451 = DIRECTION('',(0.894427191,0.,-0.4472135955));
#4452 = ADVANCED_FACE('',(#4453),#4464,.T.);
#4453 = FACE_BOUND('',#4454,.T.);
#4454 = EDGE_LOOP('',(#4455,#4456,#4462,#4463));
#4455 = ORIENTED_EDGE('',*,*,#4377,.T.);
#4456 = ORIENTED_EDGE('',*,*,#4457,.T.);
#4457 = EDGE_CURVE('',#4378,#4433,#4458,.T.);
#4458 = LINE('',#4459,#4460);
#4459 = CARTESIAN_POINT('',(9.25,5.2,1.3));
#4460 = VECTOR('',#4461,1.);
#4461 = DIRECTION('',(0.,-0.,-1.));
#4462 = ORIENTED_EDGE('',*,*,#4442,.F.);
#4463 = ORIENTED_EDGE('',*,*,#3604,.F.);
#4464 = PLANE('',#4465);
#4465 = AXIS2_PLACEMENT_3D('',#4466,#4467,#4468);
#4466 = CARTESIAN_POINT('',(10.25,6.2,1.3));
#4467 = DIRECTION('',(0.707106781187,-0.707106781187,0.));
#4468 = DIRECTION('',(0.707106781187,0.707106781187,0.));
#4469 = ADVANCED_FACE('',(#4470),#4495,.F.);
#4470 = FACE_BOUND('',#4471,.T.);
#4471 = EDGE_LOOP('',(#4472,#4480,#4481,#4489));
#4472 = ORIENTED_EDGE('',*,*,#4473,.F.);
#4473 = EDGE_CURVE('',#3631,#4474,#4476,.T.);
#4474 = VERTEX_POINT('',#4475);
#4475 = CARTESIAN_POINT('',(9.25,5.2,-3.78));
#4476 = LINE('',#4477,#4478);
#4477 = CARTESIAN_POINT('',(10.25,6.2,-3.28));
#4478 = VECTOR('',#4479,1.);
#4479 = DIRECTION('',(-0.666666666667,-0.666666666667,-0.333333333333));
#4480 = ORIENTED_EDGE('',*,*,#3630,.F.);
#4481 = ORIENTED_EDGE('',*,*,#4482,.F.);
#4482 = EDGE_CURVE('',#4483,#3623,#4485,.T.);
#4483 = VERTEX_POINT('',#4484);
#4484 = CARTESIAN_POINT('',(9.25,2.2,-3.78));
#4485 = LINE('',#4486,#4487);
#4486 = CARTESIAN_POINT('',(9.25,2.2,-3.78));
#4487 = VECTOR('',#4488,1.);
#4488 = DIRECTION('',(0.816496580928,-0.408248290464,0.408248290464));
#4489 = ORIENTED_EDGE('',*,*,#4490,.F.);
#4490 = EDGE_CURVE('',#4474,#4483,#4491,.T.);
#4491 = LINE('',#4492,#4493);
#4492 = CARTESIAN_POINT('',(9.25,6.8,-3.78));
#4493 = VECTOR('',#4494,1.);
#4494 = DIRECTION('',(-0.,-1.,0.));
#4495 = PLANE('',#4496);
#4496 = AXIS2_PLACEMENT_3D('',#4497,#4498,#4499);
#4497 = CARTESIAN_POINT('',(10.25,6.8,-3.28));
#4498 = DIRECTION('',(-0.4472135955,0.,0.894427191));
#4499 = DIRECTION('',(0.894427191,0.,0.4472135955));
#4500 = ADVANCED_FACE('',(#4501),#4519,.T.);
#4501 = FACE_BOUND('',#4502,.T.);
#4502 = EDGE_LOOP('',(#4503,#4504,#4505,#4513));
#4503 = ORIENTED_EDGE('',*,*,#4482,.T.);
#4504 = ORIENTED_EDGE('',*,*,#3620,.F.);
#4505 = ORIENTED_EDGE('',*,*,#4506,.T.);
#4506 = EDGE_CURVE('',#3621,#4507,#4509,.T.);
#4507 = VERTEX_POINT('',#4508);
#4508 = CARTESIAN_POINT('',(9.25,2.2,-6.38));
#4509 = LINE('',#4510,#4511);
#4510 = CARTESIAN_POINT('',(10.25,1.7,-6.88));
#4511 = VECTOR('',#4512,1.);
#4512 = DIRECTION('',(-0.816496580928,0.408248290464,0.408248290464));
#4513 = ORIENTED_EDGE('',*,*,#4514,.T.);
#4514 = EDGE_CURVE('',#4507,#4483,#4515,.T.);
#4515 = LINE('',#4516,#4517);
#4516 = CARTESIAN_POINT('',(9.25,2.2,-3.78));
#4517 = VECTOR('',#4518,1.);
#4518 = DIRECTION('',(0.,0.,1.));
#4519 = PLANE('',#4520);
#4520 = AXIS2_PLACEMENT_3D('',#4521,#4522,#4523);
#4521 = CARTESIAN_POINT('',(9.25,2.2,-3.78));
#4522 = DIRECTION('',(0.4472135955,0.894427191,-0.));
#4523 = DIRECTION('',(-0.894427191,0.4472135955,0.));
#4524 = ADVANCED_FACE('',(#4525),#4543,.T.);
#4525 = FACE_BOUND('',#4526,.T.);
#4526 = EDGE_LOOP('',(#4527,#4535,#4536,#4537));
#4527 = ORIENTED_EDGE('',*,*,#4528,.T.);
#4528 = EDGE_CURVE('',#4529,#4507,#4531,.T.);
#4529 = VERTEX_POINT('',#4530);
#4530 = CARTESIAN_POINT('',(9.25,5.2,-6.38));
#4531 = LINE('',#4532,#4533);
#4532 = CARTESIAN_POINT('',(9.25,6.3,-6.38));
#4533 = VECTOR('',#4534,1.);
#4534 = DIRECTION('',(-0.,-1.,-0.));
#4535 = ORIENTED_EDGE('',*,*,#4506,.F.);
#4536 = ORIENTED_EDGE('',*,*,#3646,.F.);
#4537 = ORIENTED_EDGE('',*,*,#4538,.T.);
#4538 = EDGE_CURVE('',#3639,#4529,#4539,.T.);
#4539 = LINE('',#4540,#4541);
#4540 = CARTESIAN_POINT('',(10.25,6.2,-6.88));
#4541 = VECTOR('',#4542,1.);
#4542 = DIRECTION('',(-0.666666666667,-0.666666666667,0.333333333333));
#4543 = PLANE('',#4544);
#4544 = AXIS2_PLACEMENT_3D('',#4545,#4546,#4547);
#4545 = CARTESIAN_POINT('',(9.25,6.3,-6.38));
#4546 = DIRECTION('',(0.4472135955,-0.,0.894427191));
#4547 = DIRECTION('',(0.894427191,0.,-0.4472135955));
#4548 = ADVANCED_FACE('',(#4549),#4560,.T.);
#4549 = FACE_BOUND('',#4550,.T.);
#4550 = EDGE_LOOP('',(#4551,#4552,#4558,#4559));
#4551 = ORIENTED_EDGE('',*,*,#4473,.T.);
#4552 = ORIENTED_EDGE('',*,*,#4553,.T.);
#4553 = EDGE_CURVE('',#4474,#4529,#4554,.T.);
#4554 = LINE('',#4555,#4556);
#4555 = CARTESIAN_POINT('',(9.25,5.2,-3.78));
#4556 = VECTOR('',#4557,1.);
#4557 = DIRECTION('',(0.,-0.,-1.));
#4558 = ORIENTED_EDGE('',*,*,#4538,.F.);
#4559 = ORIENTED_EDGE('',*,*,#3638,.F.);
#4560 = PLANE('',#4561);
#4561 = AXIS2_PLACEMENT_3D('',#4562,#4563,#4564);
#4562 = CARTESIAN_POINT('',(10.25,6.2,-3.78));
#4563 = DIRECTION('',(0.707106781187,-0.707106781187,0.));
#4564 = DIRECTION('',(0.707106781187,0.707106781187,0.));
#4565 = ADVANCED_FACE('',(#4566),#4591,.F.);
#4566 = FACE_BOUND('',#4567,.T.);
#4567 = EDGE_LOOP('',(#4568,#4576,#4577,#4585));
#4568 = ORIENTED_EDGE('',*,*,#4569,.F.);
#4569 = EDGE_CURVE('',#3665,#4570,#4572,.T.);
#4570 = VERTEX_POINT('',#4571);
#4571 = CARTESIAN_POINT('',(9.25,5.2,6.38));
#4572 = LINE('',#4573,#4574);
#4573 = CARTESIAN_POINT('',(10.25,6.2,6.88));
#4574 = VECTOR('',#4575,1.);
#4575 = DIRECTION('',(-0.666666666667,-0.666666666667,-0.333333333333));
#4576 = ORIENTED_EDGE('',*,*,#3664,.F.);
#4577 = ORIENTED_EDGE('',*,*,#4578,.F.);
#4578 = EDGE_CURVE('',#4579,#3657,#4581,.T.);
#4579 = VERTEX_POINT('',#4580);
#4580 = CARTESIAN_POINT('',(9.25,2.2,6.38));
#4581 = LINE('',#4582,#4583);
#4582 = CARTESIAN_POINT('',(9.25,2.2,6.38));
#4583 = VECTOR('',#4584,1.);
#4584 = DIRECTION('',(0.816496580928,-0.408248290464,0.408248290464));
#4585 = ORIENTED_EDGE('',*,*,#4586,.F.);
#4586 = EDGE_CURVE('',#4570,#4579,#4587,.T.);
#4587 = LINE('',#4588,#4589);
#4588 = CARTESIAN_POINT('',(9.25,6.8,6.38));
#4589 = VECTOR('',#4590,1.);
#4590 = DIRECTION('',(-0.,-1.,0.));
#4591 = PLANE('',#4592);
#4592 = AXIS2_PLACEMENT_3D('',#4593,#4594,#4595);
#4593 = CARTESIAN_POINT('',(10.25,6.8,6.88));
#4594 = DIRECTION('',(-0.4472135955,0.,0.894427191));
#4595 = DIRECTION('',(0.894427191,0.,0.4472135955));
#4596 = ADVANCED_FACE('',(#4597),#4615,.T.);
#4597 = FACE_BOUND('',#4598,.T.);
#4598 = EDGE_LOOP('',(#4599,#4600,#4601,#4609));
#4599 = ORIENTED_EDGE('',*,*,#4578,.T.);
#4600 = ORIENTED_EDGE('',*,*,#3654,.F.);
#4601 = ORIENTED_EDGE('',*,*,#4602,.T.);
#4602 = EDGE_CURVE('',#3655,#4603,#4605,.T.);
#4603 = VERTEX_POINT('',#4604);
#4604 = CARTESIAN_POINT('',(9.25,2.2,3.78));
#4605 = LINE('',#4606,#4607);
#4606 = CARTESIAN_POINT('',(10.25,1.7,3.28));
#4607 = VECTOR('',#4608,1.);
#4608 = DIRECTION('',(-0.816496580928,0.408248290464,0.408248290464));
#4609 = ORIENTED_EDGE('',*,*,#4610,.T.);
#4610 = EDGE_CURVE('',#4603,#4579,#4611,.T.);
#4611 = LINE('',#4612,#4613);
#4612 = CARTESIAN_POINT('',(9.25,2.2,6.38));
#4613 = VECTOR('',#4614,1.);
#4614 = DIRECTION('',(0.,0.,1.));
#4615 = PLANE('',#4616);
#4616 = AXIS2_PLACEMENT_3D('',#4617,#4618,#4619);
#4617 = CARTESIAN_POINT('',(9.25,2.2,6.38));
#4618 = DIRECTION('',(0.4472135955,0.894427191,-0.));
#4619 = DIRECTION('',(-0.894427191,0.4472135955,0.));
#4620 = ADVANCED_FACE('',(#4621),#4639,.T.);
#4621 = FACE_BOUND('',#4622,.T.);
#4622 = EDGE_LOOP('',(#4623,#4631,#4632,#4633));
#4623 = ORIENTED_EDGE('',*,*,#4624,.T.);
#4624 = EDGE_CURVE('',#4625,#4603,#4627,.T.);
#4625 = VERTEX_POINT('',#4626);
#4626 = CARTESIAN_POINT('',(9.25,5.2,3.78));
#4627 = LINE('',#4628,#4629);
#4628 = CARTESIAN_POINT('',(9.25,6.3,3.78));
#4629 = VECTOR('',#4630,1.);
#4630 = DIRECTION('',(-0.,-1.,-0.));
#4631 = ORIENTED_EDGE('',*,*,#4602,.F.);
#4632 = ORIENTED_EDGE('',*,*,#3680,.F.);
#4633 = ORIENTED_EDGE('',*,*,#4634,.T.);
#4634 = EDGE_CURVE('',#3673,#4625,#4635,.T.);
#4635 = LINE('',#4636,#4637);
#4636 = CARTESIAN_POINT('',(10.25,6.2,3.28));
#4637 = VECTOR('',#4638,1.);
#4638 = DIRECTION('',(-0.666666666667,-0.666666666667,0.333333333333));
#4639 = PLANE('',#4640);
#4640 = AXIS2_PLACEMENT_3D('',#4641,#4642,#4643);
#4641 = CARTESIAN_POINT('',(9.25,6.3,3.78));
#4642 = DIRECTION('',(0.4472135955,-0.,0.894427191));
#4643 = DIRECTION('',(0.894427191,0.,-0.4472135955));
#4644 = ADVANCED_FACE('',(#4645),#4656,.T.);
#4645 = FACE_BOUND('',#4646,.T.);
#4646 = EDGE_LOOP('',(#4647,#4648,#4654,#4655));
#4647 = ORIENTED_EDGE('',*,*,#4569,.T.);
#4648 = ORIENTED_EDGE('',*,*,#4649,.T.);
#4649 = EDGE_CURVE('',#4570,#4625,#4650,.T.);
#4650 = LINE('',#4651,#4652);
#4651 = CARTESIAN_POINT('',(9.25,5.2,6.38));
#4652 = VECTOR('',#4653,1.);
#4653 = DIRECTION('',(0.,-0.,-1.));
#4654 = ORIENTED_EDGE('',*,*,#4634,.F.);
#4655 = ORIENTED_EDGE('',*,*,#3672,.F.);
#4656 = PLANE('',#4657);
#4657 = AXIS2_PLACEMENT_3D('',#4658,#4659,#4660);
#4658 = CARTESIAN_POINT('',(10.25,6.2,6.38));
#4659 = DIRECTION('',(0.707106781187,-0.707106781187,0.));
#4660 = DIRECTION('',(0.707106781187,0.707106781187,0.));
#4661 = ADVANCED_FACE('',(#4662),#4673,.T.);
#4662 = FACE_BOUND('',#4663,.T.);
#4663 = EDGE_LOOP('',(#4664,#4665,#4666,#4672));
#4664 = ORIENTED_EDGE('',*,*,#3697,.F.);
#4665 = ORIENTED_EDGE('',*,*,#3771,.F.);
#4666 = ORIENTED_EDGE('',*,*,#4667,.T.);
#4667 = EDGE_CURVE('',#3764,#3530,#4668,.T.);
#4668 = LINE('',#4669,#4670);
#4669 = CARTESIAN_POINT('',(9.45,7.6,7.62));
#4670 = VECTOR('',#4671,1.);
#4671 = DIRECTION('',(-0.,-0.,1.));
#4672 = ORIENTED_EDGE('',*,*,#3529,.T.);
#4673 = CYLINDRICAL_SURFACE('',#4674,0.8);
#4674 = AXIS2_PLACEMENT_3D('',#4675,#4676,#4677);
#4675 = CARTESIAN_POINT('',(9.45,6.8,7.62));
#4676 = DIRECTION('',(0.,0.,-1.));
#4677 = DIRECTION('',(-1.,0.,0.));
#4678 = ADVANCED_FACE('',(#4679),#4697,.T.);
#4679 = FACE_BOUND('',#4680,.T.);
#4680 = EDGE_LOOP('',(#4681,#4689,#4690,#4691));
#4681 = ORIENTED_EDGE('',*,*,#4682,.T.);
#4682 = EDGE_CURVE('',#4683,#2916,#4685,.T.);
#4683 = VERTEX_POINT('',#4684);
#4684 = CARTESIAN_POINT('',(0.853589838486,6.6,-8.22));
#4685 = LINE('',#4686,#4687);
#4686 = CARTESIAN_POINT('',(0.853589838486,6.6,-8.22));
#4687 = VECTOR('',#4688,1.);
#4688 = DIRECTION('',(-0.,-1.,0.));
#4689 = ORIENTED_EDGE('',*,*,#3067,.T.);
#4690 = ORIENTED_EDGE('',*,*,#3819,.F.);
#4691 = ORIENTED_EDGE('',*,*,#4692,.T.);
#4692 = EDGE_CURVE('',#3812,#4683,#4693,.T.);
#4693 = LINE('',#4694,#4695);
#4694 = CARTESIAN_POINT('',(1.2,6.6,-7.62));
#4695 = VECTOR('',#4696,1.);
#4696 = DIRECTION('',(-0.5,-0.,-0.866025403784));
#4697 = PLANE('',#4698);
#4698 = AXIS2_PLACEMENT_3D('',#4699,#4700,#4701);
#4699 = CARTESIAN_POINT('',(1.2,6.6,-7.62));
#4700 = DIRECTION('',(-0.866025403784,0.,0.5));
#4701 = DIRECTION('',(0.5,0.,0.866025403784));
#4702 = ADVANCED_FACE('',(#4703),#4721,.F.);
#4703 = FACE_BOUND('',#4704,.T.);
#4704 = EDGE_LOOP('',(#4705,#4713,#4719,#4720));
#4705 = ORIENTED_EDGE('',*,*,#4706,.F.);
#4706 = EDGE_CURVE('',#4707,#3804,#4709,.T.);
#4707 = VERTEX_POINT('',#4708);
#4708 = CARTESIAN_POINT('',(2.146410161514,6.6,-8.22));
#4709 = LINE('',#4710,#4711);
#4710 = CARTESIAN_POINT('',(2.146410161514,6.6,-8.22));
#4711 = VECTOR('',#4712,1.);
#4712 = DIRECTION('',(-0.5,0.,0.866025403784));
#4713 = ORIENTED_EDGE('',*,*,#4714,.F.);
#4714 = EDGE_CURVE('',#4683,#4707,#4715,.T.);
#4715 = LINE('',#4716,#4717);
#4716 = CARTESIAN_POINT('',(1.07875644347,6.6,-8.22));
#4717 = VECTOR('',#4718,1.);
#4718 = DIRECTION('',(1.,0.,0.));
#4719 = ORIENTED_EDGE('',*,*,#4692,.F.);
#4720 = ORIENTED_EDGE('',*,*,#3811,.F.);
#4721 = PLANE('',#4722);
#4722 = AXIS2_PLACEMENT_3D('',#4723,#4724,#4725);
#4723 = CARTESIAN_POINT('',(1.07875644347,6.6,-8.09));
#4724 = DIRECTION('',(0.,-1.,0.));
#4725 = DIRECTION('',(0.,-0.,-1.));
#4726 = ADVANCED_FACE('',(#4727),#4738,.T.);
#4727 = FACE_BOUND('',#4728,.T.);
#4728 = EDGE_LOOP('',(#4729,#4730,#4731,#4737));
#4729 = ORIENTED_EDGE('',*,*,#3803,.F.);
#4730 = ORIENTED_EDGE('',*,*,#2923,.T.);
#4731 = ORIENTED_EDGE('',*,*,#4732,.T.);
#4732 = EDGE_CURVE('',#2914,#4707,#4733,.T.);
#4733 = LINE('',#4734,#4735);
#4734 = CARTESIAN_POINT('',(2.146410161514,6.6,-8.22));
#4735 = VECTOR('',#4736,1.);
#4736 = DIRECTION('',(0.,1.,0.));
#4737 = ORIENTED_EDGE('',*,*,#4706,.T.);
#4738 = PLANE('',#4739);
#4739 = AXIS2_PLACEMENT_3D('',#4740,#4741,#4742);
#4740 = CARTESIAN_POINT('',(2.033826859022,6.6,-8.025));
#4741 = DIRECTION('',(0.866025403784,-0.,0.5));
#4742 = DIRECTION('',(0.5,0.,-0.866025403784));
#4743 = ADVANCED_FACE('',(#4744),#4762,.F.);
#4744 = FACE_BOUND('',#4745,.T.);
#4745 = EDGE_LOOP('',(#4746,#4754,#4760,#4761));
#4746 = ORIENTED_EDGE('',*,*,#4747,.F.);
#4747 = EDGE_CURVE('',#4748,#3789,#4750,.T.);
#4748 = VERTEX_POINT('',#4749);
#4749 = CARTESIAN_POINT('',(8.353589838486,6.6,-8.22));
#4750 = LINE('',#4751,#4752);
#4751 = CARTESIAN_POINT('',(8.466173140978,6.6,-8.025));
#4752 = VECTOR('',#4753,1.);
#4753 = DIRECTION('',(0.5,-0.,0.866025403784));
#4754 = ORIENTED_EDGE('',*,*,#4755,.F.);
#4755 = EDGE_CURVE('',#2940,#4748,#4756,.T.);
#4756 = LINE('',#4757,#4758);
#4757 = CARTESIAN_POINT('',(8.353589838486,6.6,-8.22));
#4758 = VECTOR('',#4759,1.);
#4759 = DIRECTION('',(0.,1.,0.));
#4760 = ORIENTED_EDGE('',*,*,#2939,.F.);
#4761 = ORIENTED_EDGE('',*,*,#3796,.F.);
#4762 = PLANE('',#4763);
#4763 = AXIS2_PLACEMENT_3D('',#4764,#4765,#4766);
#4764 = CARTESIAN_POINT('',(8.466173140978,6.6,-8.025));
#4765 = DIRECTION('',(0.866025403784,0.,-0.5));
#4766 = DIRECTION('',(-0.5,0.,-0.866025403784));
#4767 = ADVANCED_FACE('',(#4768),#4786,.T.);
#4768 = FACE_BOUND('',#4769,.T.);
#4769 = EDGE_LOOP('',(#4770,#4771,#4779,#4785));
#4770 = ORIENTED_EDGE('',*,*,#3788,.F.);
#4771 = ORIENTED_EDGE('',*,*,#4772,.T.);
#4772 = EDGE_CURVE('',#3781,#4773,#4775,.T.);
#4773 = VERTEX_POINT('',#4774);
#4774 = CARTESIAN_POINT('',(9.646410161514,6.6,-8.22));
#4775 = LINE('',#4776,#4777);
#4776 = CARTESIAN_POINT('',(9.3,6.6,-7.62));
#4777 = VECTOR('',#4778,1.);
#4778 = DIRECTION('',(0.5,-1.251928832281E-15,-0.866025403784));
#4779 = ORIENTED_EDGE('',*,*,#4780,.T.);
#4780 = EDGE_CURVE('',#4773,#4748,#4781,.T.);
#4781 = LINE('',#4782,#4783);
#4782 = CARTESIAN_POINT('',(9.42124355653,6.6,-8.22));
#4783 = VECTOR('',#4784,1.);
#4784 = DIRECTION('',(-1.,1.33226762955E-15,0.));
#4785 = ORIENTED_EDGE('',*,*,#4747,.T.);
#4786 = PLANE('',#4787);
#4787 = AXIS2_PLACEMENT_3D('',#4788,#4789,#4790);
#4788 = CARTESIAN_POINT('',(9.42124355653,6.6,-8.09));
#4789 = DIRECTION('',(1.33226762955E-15,1.,-1.209806994168E-15));
#4790 = DIRECTION('',(-1.,1.33226762955E-15,0.));
#4791 = ADVANCED_FACE('',(#4792),#4803,.F.);
#4792 = FACE_BOUND('',#4793,.T.);
#4793 = EDGE_LOOP('',(#4794,#4795,#4796,#4797));
#4794 = ORIENTED_EDGE('',*,*,#4772,.F.);
#4795 = ORIENTED_EDGE('',*,*,#3780,.F.);
#4796 = ORIENTED_EDGE('',*,*,#2955,.F.);
#4797 = ORIENTED_EDGE('',*,*,#4798,.F.);
#4798 = EDGE_CURVE('',#4773,#2948,#4799,.T.);
#4799 = LINE('',#4800,#4801);
#4800 = CARTESIAN_POINT('',(9.646410161514,6.6,-8.22));
#4801 = VECTOR('',#4802,1.);
#4802 = DIRECTION('',(-0.,-1.,-0.));
#4803 = PLANE('',#4804);
#4804 = AXIS2_PLACEMENT_3D('',#4805,#4806,#4807);
#4805 = CARTESIAN_POINT('',(9.3,6.6,-7.62));
#4806 = DIRECTION('',(-0.866025403784,0.,-0.5));
#4807 = DIRECTION('',(-0.5,0.,0.866025403784));
#4808 = ADVANCED_FACE('',(#4809),#4819,.F.);
#4809 = FACE_BOUND('',#4810,.T.);
#4810 = EDGE_LOOP('',(#4811,#4812,#4813,#4814,#4815,#4816,#4817,#4818));
#4811 = ORIENTED_EDGE('',*,*,#3834,.T.);
#4812 = ORIENTED_EDGE('',*,*,#3868,.F.);
#4813 = ORIENTED_EDGE('',*,*,#3890,.F.);
#4814 = ORIENTED_EDGE('',*,*,#3916,.F.);
#4815 = ORIENTED_EDGE('',*,*,#3932,.T.);
#4816 = ORIENTED_EDGE('',*,*,#3146,.F.);
#4817 = ORIENTED_EDGE('',*,*,#2837,.F.);
#4818 = ORIENTED_EDGE('',*,*,#3173,.F.);
#4819 = PLANE('',#4820);
#4820 = AXIS2_PLACEMENT_3D('',#4821,#4822,#4823);
#4821 = CARTESIAN_POINT('',(5.3,4.784159144,-4.08));
#4822 = DIRECTION('',(-1.,3.334909476822E-28,-1.794541526873E-14));
#4823 = DIRECTION('',(-1.794541526873E-14,0.,1.));
#4824 = ADVANCED_FACE('',(#4825),#4835,.F.);
#4825 = FACE_BOUND('',#4826,.T.);
#4826 = EDGE_LOOP('',(#4827,#4828,#4829,#4830,#4831,#4832,#4833,#4834));
#4827 = ORIENTED_EDGE('',*,*,#3947,.T.);
#4828 = ORIENTED_EDGE('',*,*,#3981,.F.);
#4829 = ORIENTED_EDGE('',*,*,#4003,.F.);
#4830 = ORIENTED_EDGE('',*,*,#4029,.F.);
#4831 = ORIENTED_EDGE('',*,*,#4045,.T.);
#4832 = ORIENTED_EDGE('',*,*,#3261,.F.);
#4833 = ORIENTED_EDGE('',*,*,#2871,.F.);
#4834 = ORIENTED_EDGE('',*,*,#3288,.F.);
#4835 = PLANE('',#4836);
#4836 = AXIS2_PLACEMENT_3D('',#4837,#4838,#4839);
#4837 = CARTESIAN_POINT('',(5.3,4.784159144,6.08));
#4838 = DIRECTION('',(-1.,3.334909476822E-28,-1.794541526873E-14));
#4839 = DIRECTION('',(-1.794541526873E-14,0.,1.));
#4840 = ADVANCED_FACE('',(#4841),#4851,.F.);
#4841 = FACE_BOUND('',#4842,.T.);
#4842 = EDGE_LOOP('',(#4843,#4844,#4845,#4846,#4847,#4848,#4849,#4850));
#4843 = ORIENTED_EDGE('',*,*,#4060,.T.);
#4844 = ORIENTED_EDGE('',*,*,#4094,.F.);
#4845 = ORIENTED_EDGE('',*,*,#4116,.F.);
#4846 = ORIENTED_EDGE('',*,*,#4142,.F.);
#4847 = ORIENTED_EDGE('',*,*,#4158,.T.);
#4848 = ORIENTED_EDGE('',*,*,#3376,.F.);
#4849 = ORIENTED_EDGE('',*,*,#2905,.F.);
#4850 = ORIENTED_EDGE('',*,*,#3403,.F.);
#4851 = PLANE('',#4852);
#4852 = AXIS2_PLACEMENT_3D('',#4853,#4854,#4855);
#4853 = CARTESIAN_POINT('',(5.3,4.784159144,1.));
#4854 = DIRECTION('',(-1.,3.334909476822E-28,-1.794541526873E-14));
#4855 = DIRECTION('',(-1.794541526873E-14,0.,1.));
#4856 = ADVANCED_FACE('',(#4857),#4863,.T.);
#4857 = FACE_BOUND('',#4858,.T.);
#4858 = EDGE_LOOP('',(#4859,#4860,#4861,#4862));
#4859 = ORIENTED_EDGE('',*,*,#4192,.F.);
#4860 = ORIENTED_EDGE('',*,*,#3571,.T.);
#4861 = ORIENTED_EDGE('',*,*,#4362,.F.);
#4862 = ORIENTED_EDGE('',*,*,#3729,.T.);
#4863 = CYLINDRICAL_SURFACE('',#4864,0.3);
#4864 = AXIS2_PLACEMENT_3D('',#4865,#4866,#4867);
#4865 = CARTESIAN_POINT('',(2.625902306575,13.7,7.62));
#4866 = DIRECTION('',(0.,0.,-1.));
#4867 = DIRECTION('',(-1.,0.,0.));
#4868 = ADVANCED_FACE('',(#4869),#4880,.F.);
#4869 = FACE_BOUND('',#4870,.T.);
#4870 = EDGE_LOOP('',(#4871,#4872,#4878,#4879));
#4871 = ORIENTED_EDGE('',*,*,#4217,.F.);
#4872 = ORIENTED_EDGE('',*,*,#4873,.F.);
#4873 = EDGE_CURVE('',#4232,#4210,#4874,.T.);
#4874 = LINE('',#4875,#4876);
#4875 = CARTESIAN_POINT('',(1.942790561914,6.6,7.));
#4876 = VECTOR('',#4877,1.);
#4877 = DIRECTION('',(-1.,1.33226762955E-15,0.));
#4878 = ORIENTED_EDGE('',*,*,#4241,.F.);
#4879 = ORIENTED_EDGE('',*,*,#3483,.F.);
#4880 = PLANE('',#4881);
#4881 = AXIS2_PLACEMENT_3D('',#4882,#4883,#4884);
#4882 = CARTESIAN_POINT('',(1.942790561914,6.6,7.13));
#4883 = DIRECTION('',(1.33226762955E-15,1.,-1.209806994168E-15));
#4884 = DIRECTION('',(-1.,1.33226762955E-15,0.));
#4885 = ADVANCED_FACE('',(#4886),#4892,.T.);
#4886 = FACE_BOUND('',#4887,.T.);
#4887 = EDGE_LOOP('',(#4888,#4889,#4890,#4891));
#4888 = ORIENTED_EDGE('',*,*,#4209,.F.);
#4889 = ORIENTED_EDGE('',*,*,#3027,.T.);
#4890 = ORIENTED_EDGE('',*,*,#4231,.F.);
#4891 = ORIENTED_EDGE('',*,*,#4873,.T.);
#4892 = PLANE('',#4893);
#4893 = AXIS2_PLACEMENT_3D('',#4894,#4895,#4896);
#4894 = CARTESIAN_POINT('',(1.942790561914,6.6,7.));
#4895 = DIRECTION('',(0.,0.,1.));
#4896 = DIRECTION('',(1.,0.,-0.));
#4897 = ADVANCED_FACE('',(#4898),#4909,.F.);
#4898 = FACE_BOUND('',#4899,.T.);
#4899 = EDGE_LOOP('',(#4900,#4906,#4907,#4908));
#4900 = ORIENTED_EDGE('',*,*,#4901,.F.);
#4901 = EDGE_CURVE('',#4256,#4280,#4902,.T.);
#4902 = LINE('',#4903,#4904);
#4903 = CARTESIAN_POINT('',(8.557209438086,6.6,7.));
#4904 = VECTOR('',#4905,1.);
#4905 = DIRECTION('',(1.,-0.,0.));
#4906 = ORIENTED_EDGE('',*,*,#4265,.T.);
#4907 = ORIENTED_EDGE('',*,*,#2995,.F.);
#4908 = ORIENTED_EDGE('',*,*,#4287,.T.);
#4909 = PLANE('',#4910);
#4910 = AXIS2_PLACEMENT_3D('',#4911,#4912,#4913);
#4911 = CARTESIAN_POINT('',(8.557209438086,6.6,7.));
#4912 = DIRECTION('',(0.,0.,-1.));
#4913 = DIRECTION('',(-1.,0.,-0.));
#4914 = ADVANCED_FACE('',(#4915),#4921,.T.);
#4915 = FACE_BOUND('',#4916,.T.);
#4916 = EDGE_LOOP('',(#4917,#4918,#4919,#4920));
#4917 = ORIENTED_EDGE('',*,*,#3506,.T.);
#4918 = ORIENTED_EDGE('',*,*,#4255,.T.);
#4919 = ORIENTED_EDGE('',*,*,#4901,.T.);
#4920 = ORIENTED_EDGE('',*,*,#4279,.T.);
#4921 = PLANE('',#4922);
#4922 = AXIS2_PLACEMENT_3D('',#4923,#4924,#4925);
#4923 = CARTESIAN_POINT('',(8.557209438086,6.6,7.13));
#4924 = DIRECTION('',(0.,-1.,0.));
#4925 = DIRECTION('',(0.,-0.,-1.));
#4926 = ADVANCED_FACE('',(#4927),#4933,.T.);
#4927 = FACE_BOUND('',#4928,.T.);
#4928 = EDGE_LOOP('',(#4929,#4930,#4931,#4932));
#4929 = ORIENTED_EDGE('',*,*,#4667,.F.);
#4930 = ORIENTED_EDGE('',*,*,#3763,.T.);
#4931 = ORIENTED_EDGE('',*,*,#4303,.F.);
#4932 = ORIENTED_EDGE('',*,*,#3538,.T.);
#4933 = PLANE('',#4934);
#4934 = AXIS2_PLACEMENT_3D('',#4935,#4936,#4937);
#4935 = CARTESIAN_POINT('',(9.25,7.6,7.62));
#4936 = DIRECTION('',(0.,1.,0.));
#4937 = DIRECTION('',(0.,-0.,1.));
#4938 = ADVANCED_FACE('',(#4939),#4945,.T.);
#4939 = FACE_BOUND('',#4940,.T.);
#4940 = EDGE_LOOP('',(#4941,#4942,#4943,#4944));
#4941 = ORIENTED_EDGE('',*,*,#4355,.F.);
#4942 = ORIENTED_EDGE('',*,*,#3554,.T.);
#4943 = ORIENTED_EDGE('',*,*,#4310,.F.);
#4944 = ORIENTED_EDGE('',*,*,#3746,.T.);
#4945 = CYLINDRICAL_SURFACE('',#4946,0.3);
#4946 = AXIS2_PLACEMENT_3D('',#4947,#4948,#4949);
#4947 = CARTESIAN_POINT('',(7.993234973612,13.7,7.62));
#4948 = DIRECTION('',(0.,0.,-1.));
#4949 = DIRECTION('',(-1.,0.,0.));
#4950 = ADVANCED_FACE('',(#4951),#4963,.F.);
#4951 = FACE_BOUND('',#4952,.F.);
#4952 = EDGE_LOOP('',(#4953,#4960,#4961,#4962));
#4953 = ORIENTED_EDGE('',*,*,#4954,.T.);
#4954 = EDGE_CURVE('',#2414,#2406,#4955,.T.);
#4955 = CIRCLE('',#4956,1.975);
#4956 = AXIS2_PLACEMENT_3D('',#4957,#4958,#4959);
#4957 = CARTESIAN_POINT('',(5.35,11.235,0.));
#4958 = DIRECTION('',(2.501911041409E-16,1.,0.));
#4959 = DIRECTION('',(1.,-2.501911041409E-16,0.));
#4960 = ORIENTED_EDGE('',*,*,#2403,.F.);
#4961 = ORIENTED_EDGE('',*,*,#4325,.T.);
#4962 = ORIENTED_EDGE('',*,*,#2422,.T.);
#4963 = CYLINDRICAL_SURFACE('',#4964,1.975);
#4964 = AXIS2_PLACEMENT_3D('',#4965,#4966,#4967);
#4965 = CARTESIAN_POINT('',(5.35,10.45,0.));
#4966 = DIRECTION('',(-2.501911041409E-16,-1.,0.));
#4967 = DIRECTION('',(1.,-2.501911041409E-16,0.));
#4968 = ADVANCED_FACE('',(#4969),#4981,.F.);
#4969 = FACE_BOUND('',#4970,.F.);
#4970 = EDGE_LOOP('',(#4971,#4978,#4979,#4980));
#4971 = ORIENTED_EDGE('',*,*,#4972,.T.);
#4972 = EDGE_CURVE('',#2456,#2448,#4973,.T.);
#4973 = CIRCLE('',#4974,1.975);
#4974 = AXIS2_PLACEMENT_3D('',#4975,#4976,#4977);
#4975 = CARTESIAN_POINT('',(5.35,11.235,-5.08));
#4976 = DIRECTION('',(2.501911041409E-16,1.,0.));
#4977 = DIRECTION('',(1.,-2.501911041409E-16,0.));
#4978 = ORIENTED_EDGE('',*,*,#2445,.F.);
#4979 = ORIENTED_EDGE('',*,*,#4335,.T.);
#4980 = ORIENTED_EDGE('',*,*,#2464,.T.);
#4981 = CYLINDRICAL_SURFACE('',#4982,1.975);
#4982 = AXIS2_PLACEMENT_3D('',#4983,#4984,#4985);
#4983 = CARTESIAN_POINT('',(5.35,10.45,-5.08));
#4984 = DIRECTION('',(-2.501911041409E-16,-1.,0.));
#4985 = DIRECTION('',(1.,-2.501911041409E-16,0.));
#4986 = ADVANCED_FACE('',(#4987),#4999,.F.);
#4987 = FACE_BOUND('',#4988,.F.);
#4988 = EDGE_LOOP('',(#4989,#4996,#4997,#4998));
#4989 = ORIENTED_EDGE('',*,*,#4990,.T.);
#4990 = EDGE_CURVE('',#2498,#2490,#4991,.T.);
#4991 = CIRCLE('',#4992,1.975);
#4992 = AXIS2_PLACEMENT_3D('',#4993,#4994,#4995);
#4993 = CARTESIAN_POINT('',(5.35,11.235,5.08));
#4994 = DIRECTION('',(2.501911041409E-16,1.,0.));
#4995 = DIRECTION('',(1.,-2.501911041409E-16,0.));
#4996 = ORIENTED_EDGE('',*,*,#2487,.F.);
#4997 = ORIENTED_EDGE('',*,*,#4345,.T.);
#4998 = ORIENTED_EDGE('',*,*,#2506,.T.);
#4999 = CYLINDRICAL_SURFACE('',#5000,1.975);
#5000 = AXIS2_PLACEMENT_3D('',#5001,#5002,#5003);
#5001 = CARTESIAN_POINT('',(5.35,10.45,5.08));
#5002 = DIRECTION('',(-2.501911041409E-16,-1.,0.));
#5003 = DIRECTION('',(1.,-2.501911041409E-16,0.));
#5004 = ADVANCED_FACE('',(#5005),#5011,.F.);
#5005 = FACE_BOUND('',#5006,.T.);
#5006 = EDGE_LOOP('',(#5007,#5008,#5009,#5010));
#5007 = ORIENTED_EDGE('',*,*,#4394,.T.);
#5008 = ORIENTED_EDGE('',*,*,#4418,.F.);
#5009 = ORIENTED_EDGE('',*,*,#4432,.F.);
#5010 = ORIENTED_EDGE('',*,*,#4457,.F.);
#5011 = PLANE('',#5012);
#5012 = AXIS2_PLACEMENT_3D('',#5013,#5014,#5015);
#5013 = CARTESIAN_POINT('',(9.25,6.3,-119.944));
#5014 = DIRECTION('',(-1.,0.,0.));
#5015 = DIRECTION('',(0.,0.,1.));
#5016 = ADVANCED_FACE('',(#5017),#5023,.F.);
#5017 = FACE_BOUND('',#5018,.T.);
#5018 = EDGE_LOOP('',(#5019,#5020,#5021,#5022));
#5019 = ORIENTED_EDGE('',*,*,#4514,.F.);
#5020 = ORIENTED_EDGE('',*,*,#4528,.F.);
#5021 = ORIENTED_EDGE('',*,*,#4553,.F.);
#5022 = ORIENTED_EDGE('',*,*,#4490,.T.);
#5023 = PLANE('',#5024);
#5024 = AXIS2_PLACEMENT_3D('',#5025,#5026,#5027);
#5025 = CARTESIAN_POINT('',(9.25,6.3,-119.944));
#5026 = DIRECTION('',(-1.,0.,0.));
#5027 = DIRECTION('',(0.,0.,1.));
#5028 = ADVANCED_FACE('',(#5029),#5035,.F.);
#5029 = FACE_BOUND('',#5030,.T.);
#5030 = EDGE_LOOP('',(#5031,#5032,#5033,#5034));
#5031 = ORIENTED_EDGE('',*,*,#4586,.T.);
#5032 = ORIENTED_EDGE('',*,*,#4610,.F.);
#5033 = ORIENTED_EDGE('',*,*,#4624,.F.);
#5034 = ORIENTED_EDGE('',*,*,#4649,.F.);
#5035 = PLANE('',#5036);
#5036 = AXIS2_PLACEMENT_3D('',#5037,#5038,#5039);
#5037 = CARTESIAN_POINT('',(9.25,6.3,-119.944));
#5038 = DIRECTION('',(-1.,0.,0.));
#5039 = DIRECTION('',(0.,0.,1.));
#5040 = ADVANCED_FACE('',(#5041),#5047,.T.);
#5041 = FACE_BOUND('',#5042,.T.);
#5042 = EDGE_LOOP('',(#5043,#5044,#5045,#5046));
#5043 = ORIENTED_EDGE('',*,*,#4732,.F.);
#5044 = ORIENTED_EDGE('',*,*,#2913,.T.);
#5045 = ORIENTED_EDGE('',*,*,#4682,.F.);
#5046 = ORIENTED_EDGE('',*,*,#4714,.T.);
#5047 = PLANE('',#5048);
#5048 = AXIS2_PLACEMENT_3D('',#5049,#5050,#5051);
#5049 = CARTESIAN_POINT('',(1.07875644347,6.6,-8.22));
#5050 = DIRECTION('',(0.,0.,-1.));
#5051 = DIRECTION('',(-1.,0.,-0.));
#5052 = ADVANCED_FACE('',(#5053),#5059,.F.);
#5053 = FACE_BOUND('',#5054,.T.);
#5054 = EDGE_LOOP('',(#5055,#5056,#5057,#5058));
#5055 = ORIENTED_EDGE('',*,*,#4780,.F.);
#5056 = ORIENTED_EDGE('',*,*,#4798,.T.);
#5057 = ORIENTED_EDGE('',*,*,#2947,.F.);
#5058 = ORIENTED_EDGE('',*,*,#4755,.T.);
#5059 = PLANE('',#5060);
#5060 = AXIS2_PLACEMENT_3D('',#5061,#5062,#5063);
#5061 = CARTESIAN_POINT('',(9.42124355653,6.6,-8.22));
#5062 = DIRECTION('',(0.,0.,1.));
#5063 = DIRECTION('',(1.,0.,-0.));
#5064 = ADVANCED_FACE('',(#5065,#5075),#5079,.F.);
#5065 = FACE_BOUND('',#5066,.T.);
#5066 = EDGE_LOOP('',(#5067,#5068));
#5067 = ORIENTED_EDGE('',*,*,#1913,.F.);
#5068 = ORIENTED_EDGE('',*,*,#5069,.F.);
#5069 = EDGE_CURVE('',#1914,#1905,#5070,.T.);
#5070 = ( BOUNDED_CURVE() B_SPLINE_CURVE(3,(#5071,#5072,#5073,#5074),
.UNSPECIFIED.,.F.,.F.) B_SPLINE_CURVE_WITH_KNOTS((4,4),(0.,1.),
.PIECEWISE_BEZIER_KNOTS.) CURVE() GEOMETRIC_REPRESENTATION_ITEM() 
RATIONAL_B_SPLINE_CURVE((1.,0.333333333333,0.333333333333,1.)) 
REPRESENTATION_ITEM('') );
#5071 = CARTESIAN_POINT('',(3.65,11.235,0.));
#5072 = CARTESIAN_POINT('',(3.65,11.235,3.399999999999));
#5073 = CARTESIAN_POINT('',(7.05,11.235,3.399999999999));
#5074 = CARTESIAN_POINT('',(7.05,11.235,1.24913973513E-16));
#5075 = FACE_BOUND('',#5076,.T.);
#5076 = EDGE_LOOP('',(#5077,#5078));
#5077 = ORIENTED_EDGE('',*,*,#2413,.T.);
#5078 = ORIENTED_EDGE('',*,*,#4954,.T.);
#5079 = PLANE('',#5080);
#5080 = AXIS2_PLACEMENT_3D('',#5081,#5082,#5083);
#5081 = CARTESIAN_POINT('',(2.932077519088,11.235,-143.256));
#5082 = DIRECTION('',(0.,-1.,0.));
#5083 = DIRECTION('',(0.,-0.,-1.));
#5084 = ADVANCED_FACE('',(#5085,#5095),#5099,.F.);
#5085 = FACE_BOUND('',#5086,.T.);
#5086 = EDGE_LOOP('',(#5087,#5088));
#5087 = ORIENTED_EDGE('',*,*,#1969,.F.);
#5088 = ORIENTED_EDGE('',*,*,#5089,.F.);
#5089 = EDGE_CURVE('',#1970,#1961,#5090,.T.);
#5090 = ( BOUNDED_CURVE() B_SPLINE_CURVE(3,(#5091,#5092,#5093,#5094),
.UNSPECIFIED.,.F.,.F.) B_SPLINE_CURVE_WITH_KNOTS((4,4),(0.,1.),
.PIECEWISE_BEZIER_KNOTS.) CURVE() GEOMETRIC_REPRESENTATION_ITEM() 
RATIONAL_B_SPLINE_CURVE((1.,0.333333333333,0.333333333333,1.)) 
REPRESENTATION_ITEM('') );
#5091 = CARTESIAN_POINT('',(3.65,11.235,-5.08));
#5092 = CARTESIAN_POINT('',(3.65,11.235,-1.680000000001));
#5093 = CARTESIAN_POINT('',(7.05,11.235,-1.680000000001));
#5094 = CARTESIAN_POINT('',(7.05,11.235,-5.08));
#5095 = FACE_BOUND('',#5096,.T.);
#5096 = EDGE_LOOP('',(#5097,#5098));
#5097 = ORIENTED_EDGE('',*,*,#2455,.T.);
#5098 = ORIENTED_EDGE('',*,*,#4972,.T.);
#5099 = PLANE('',#5100);
#5100 = AXIS2_PLACEMENT_3D('',#5101,#5102,#5103);
#5101 = CARTESIAN_POINT('',(2.932077519088,11.235,-143.256));
#5102 = DIRECTION('',(0.,-1.,0.));
#5103 = DIRECTION('',(0.,-0.,-1.));
#5104 = ADVANCED_FACE('',(#5105,#5115),#5119,.F.);
#5105 = FACE_BOUND('',#5106,.T.);
#5106 = EDGE_LOOP('',(#5107,#5108));
#5107 = ORIENTED_EDGE('',*,*,#2025,.F.);
#5108 = ORIENTED_EDGE('',*,*,#5109,.F.);
#5109 = EDGE_CURVE('',#2026,#2017,#5110,.T.);
#5110 = ( BOUNDED_CURVE() B_SPLINE_CURVE(3,(#5111,#5112,#5113,#5114),
.UNSPECIFIED.,.F.,.F.) B_SPLINE_CURVE_WITH_KNOTS((4,4),(0.,1.),
.PIECEWISE_BEZIER_KNOTS.) CURVE() GEOMETRIC_REPRESENTATION_ITEM() 
RATIONAL_B_SPLINE_CURVE((1.,0.333333333333,0.333333333333,1.)) 
REPRESENTATION_ITEM('') );
#5111 = CARTESIAN_POINT('',(3.65,11.235,5.08));
#5112 = CARTESIAN_POINT('',(3.65,11.235,8.479999999999));
#5113 = CARTESIAN_POINT('',(7.05,11.235,8.479999999999));
#5114 = CARTESIAN_POINT('',(7.05,11.235,5.08));
#5115 = FACE_BOUND('',#5116,.T.);
#5116 = EDGE_LOOP('',(#5117,#5118));
#5117 = ORIENTED_EDGE('',*,*,#2497,.T.);
#5118 = ORIENTED_EDGE('',*,*,#4990,.T.);
#5119 = PLANE('',#5120);
#5120 = AXIS2_PLACEMENT_3D('',#5121,#5122,#5123);
#5121 = CARTESIAN_POINT('',(2.932077519088,11.235,-143.256));
#5122 = DIRECTION('',(0.,-1.,0.));
#5123 = DIRECTION('',(0.,-0.,-1.));
#5124 = ADVANCED_FACE('',(#5125),#5131,.T.);
#5125 = FACE_BOUND('',#5126,.T.);
#5126 = EDGE_LOOP('',(#5127,#5128,#5129,#5130));
#5127 = ORIENTED_EDGE('',*,*,#1904,.F.);
#5128 = ORIENTED_EDGE('',*,*,#2538,.F.);
#5129 = ORIENTED_EDGE('',*,*,#1922,.T.);
#5130 = ORIENTED_EDGE('',*,*,#5069,.T.);
#5131 = ( BOUNDED_SURFACE() B_SPLINE_SURFACE(3,3,(
    (#5132,#5133,#5134,#5135)
    ,(#5136,#5137,#5138,#5139)
    ,(#5140,#5141,#5142,#5143)
    ,(#5144,#5145,#5146,#5147
)),.UNSPECIFIED.,.F.,.F.,.F.) B_SPLINE_SURFACE_WITH_KNOTS((4,4),(4,4),(
    0.,1.),(0.,1.),.PIECEWISE_BEZIER_KNOTS.) 
GEOMETRIC_REPRESENTATION_ITEM() RATIONAL_B_SPLINE_SURFACE((
    (1.,0.333333333333,0.333333333333,1.)
    ,(0.804737854124,0.268245951375,0.268245951375,0.804737854124)
    ,(0.804737854124,0.268245951375,0.268245951375,0.804737854124)
,(1.,0.333333333333,0.333333333333,1.
))) REPRESENTATION_ITEM('') SURFACE() );
#5132 = CARTESIAN_POINT('',(3.45,11.435,0.));
#5133 = CARTESIAN_POINT('',(3.45,11.435,3.8));
#5134 = CARTESIAN_POINT('',(7.25,11.435,3.8));
#5135 = CARTESIAN_POINT('',(7.25,11.435,2.32682891838E-16));
#5136 = CARTESIAN_POINT('',(3.45,11.317842712474,0.));
#5137 = CARTESIAN_POINT('',(3.45,11.317842712474,3.8));
#5138 = CARTESIAN_POINT('',(7.25,11.317842712474,3.8));
#5139 = CARTESIAN_POINT('',(7.25,11.317842712474,2.32682891838E-16));
#5140 = CARTESIAN_POINT('',(3.532842712475,11.235,0.));
#5141 = CARTESIAN_POINT('',(3.532842712475,11.235,3.63431457505));
#5142 = CARTESIAN_POINT('',(7.167157287525,11.235,3.63431457505));
#5143 = CARTESIAN_POINT('',(7.167157287525,11.235,2.225375855715E-16));
#5144 = CARTESIAN_POINT('',(3.65,11.235,0.));
#5145 = CARTESIAN_POINT('',(3.65,11.235,3.399999999999));
#5146 = CARTESIAN_POINT('',(7.05,11.235,3.399999999999));
#5147 = CARTESIAN_POINT('',(7.05,11.235,2.08189955855E-16));
#5148 = ADVANCED_FACE('',(#5149),#5155,.T.);
#5149 = FACE_BOUND('',#5150,.T.);
#5150 = EDGE_LOOP('',(#5151,#5152,#5153,#5154));
#5151 = ORIENTED_EDGE('',*,*,#1960,.F.);
#5152 = ORIENTED_EDGE('',*,*,#2574,.F.);
#5153 = ORIENTED_EDGE('',*,*,#1978,.T.);
#5154 = ORIENTED_EDGE('',*,*,#5089,.T.);
#5155 = ( BOUNDED_SURFACE() B_SPLINE_SURFACE(3,3,(
    (#5156,#5157,#5158,#5159)
    ,(#5160,#5161,#5162,#5163)
    ,(#5164,#5165,#5166,#5167)
    ,(#5168,#5169,#5170,#5171
)),.UNSPECIFIED.,.F.,.F.,.F.) B_SPLINE_SURFACE_WITH_KNOTS((4,4),(4,4),(
    0.,1.),(0.,1.),.PIECEWISE_BEZIER_KNOTS.) 
GEOMETRIC_REPRESENTATION_ITEM() RATIONAL_B_SPLINE_SURFACE((
    (1.,0.333333333333,0.333333333333,1.)
    ,(0.804737854124,0.268245951375,0.268245951375,0.804737854124)
    ,(0.804737854124,0.268245951375,0.268245951375,0.804737854124)
,(1.,0.333333333333,0.333333333333,1.
))) REPRESENTATION_ITEM('') SURFACE() );
#5156 = CARTESIAN_POINT('',(3.45,11.435,-5.08));
#5157 = CARTESIAN_POINT('',(3.45,11.435,-1.28));
#5158 = CARTESIAN_POINT('',(7.25,11.435,-1.28));
#5159 = CARTESIAN_POINT('',(7.25,11.435,-5.08));
#5160 = CARTESIAN_POINT('',(3.45,11.317842712474,-5.08));
#5161 = CARTESIAN_POINT('',(3.45,11.317842712474,-1.28));
#5162 = CARTESIAN_POINT('',(7.25,11.317842712474,-1.28));
#5163 = CARTESIAN_POINT('',(7.25,11.317842712474,-5.08));
#5164 = CARTESIAN_POINT('',(3.532842712475,11.235,-5.08));
#5165 = CARTESIAN_POINT('',(3.532842712475,11.235,-1.44568542495));
#5166 = CARTESIAN_POINT('',(7.167157287525,11.235,-1.44568542495));
#5167 = CARTESIAN_POINT('',(7.167157287525,11.235,-5.08));
#5168 = CARTESIAN_POINT('',(3.65,11.235,-5.08));
#5169 = CARTESIAN_POINT('',(3.65,11.235,-1.680000000001));
#5170 = CARTESIAN_POINT('',(7.05,11.235,-1.680000000001));
#5171 = CARTESIAN_POINT('',(7.05,11.235,-5.08));
#5172 = ADVANCED_FACE('',(#5173),#5179,.T.);
#5173 = FACE_BOUND('',#5174,.T.);
#5174 = EDGE_LOOP('',(#5175,#5176,#5177,#5178));
#5175 = ORIENTED_EDGE('',*,*,#2016,.F.);
#5176 = ORIENTED_EDGE('',*,*,#2610,.F.);
#5177 = ORIENTED_EDGE('',*,*,#2034,.T.);
#5178 = ORIENTED_EDGE('',*,*,#5109,.T.);
#5179 = ( BOUNDED_SURFACE() B_SPLINE_SURFACE(3,3,(
    (#5180,#5181,#5182,#5183)
    ,(#5184,#5185,#5186,#5187)
    ,(#5188,#5189,#5190,#5191)
    ,(#5192,#5193,#5194,#5195
)),.UNSPECIFIED.,.F.,.F.,.F.) B_SPLINE_SURFACE_WITH_KNOTS((4,4),(4,4),(
    0.,1.),(0.,1.),.PIECEWISE_BEZIER_KNOTS.) 
GEOMETRIC_REPRESENTATION_ITEM() RATIONAL_B_SPLINE_SURFACE((
    (1.,0.333333333333,0.333333333333,1.)
    ,(0.804737854124,0.268245951375,0.268245951375,0.804737854124)
    ,(0.804737854124,0.268245951375,0.268245951375,0.804737854124)
,(1.,0.333333333333,0.333333333333,1.
))) REPRESENTATION_ITEM('') SURFACE() );
#5180 = CARTESIAN_POINT('',(3.45,11.435,5.08));
#5181 = CARTESIAN_POINT('',(3.45,11.435,8.88));
#5182 = CARTESIAN_POINT('',(7.25,11.435,8.88));
#5183 = CARTESIAN_POINT('',(7.25,11.435,5.08));
#5184 = CARTESIAN_POINT('',(3.45,11.317842712474,5.08));
#5185 = CARTESIAN_POINT('',(3.45,11.317842712474,8.88));
#5186 = CARTESIAN_POINT('',(7.25,11.317842712474,8.88));
#5187 = CARTESIAN_POINT('',(7.25,11.317842712474,5.08));
#5188 = CARTESIAN_POINT('',(3.532842712475,11.235,5.08));
#5189 = CARTESIAN_POINT('',(3.532842712475,11.235,8.71431457505));
#5190 = CARTESIAN_POINT('',(7.167157287525,11.235,8.71431457505));
#5191 = CARTESIAN_POINT('',(7.167157287525,11.235,5.08));
#5192 = CARTESIAN_POINT('',(3.65,11.235,5.08));
#5193 = CARTESIAN_POINT('',(3.65,11.235,8.479999999999));
#5194 = CARTESIAN_POINT('',(7.05,11.235,8.479999999999));
#5195 = CARTESIAN_POINT('',(7.05,11.235,5.08));
#5196 = ADVANCED_FACE('',(#5197),#5245,.T.);
#5197 = FACE_BOUND('',#5198,.T.);
#5198 = EDGE_LOOP('',(#5199,#5200,#5209,#5218,#5227,#5236,#5243,#5244));
#5199 = ORIENTED_EDGE('',*,*,#2638,.F.);
#5200 = ORIENTED_EDGE('',*,*,#5201,.T.);
#5201 = EDGE_CURVE('',#2073,#5202,#5204,.T.);
#5202 = VERTEX_POINT('',#5203);
#5203 = CARTESIAN_POINT('',(4.95,12.646564265829,-1.714246796765));
#5204 = CIRCLE('',#5205,1.760296020628);
#5205 = AXIS2_PLACEMENT_3D('',#5206,#5207,#5208);
#5206 = CARTESIAN_POINT('',(5.35,12.646564265822,0.));
#5207 = DIRECTION('',(-1.171453342316E-15,-1.,0.));
#5208 = DIRECTION('',(1.,-1.171453342316E-15,0.));
#5209 = ORIENTED_EDGE('',*,*,#5210,.F.);
#5210 = EDGE_CURVE('',#5211,#5202,#5213,.T.);
#5211 = VERTEX_POINT('',#5212);
#5212 = CARTESIAN_POINT('',(4.95,11.934999999997,-1.799211327336));
#5213 = B_SPLINE_CURVE_WITH_KNOTS('',3,(#5214,#5215,#5216,#5217),
  .UNSPECIFIED.,.F.,.F.,(4,4),(2.697442093119E-15,7.166189195523E-04),
  .PIECEWISE_BEZIER_KNOTS.);
#5214 = CARTESIAN_POINT('',(4.95,11.934999999997,-1.799211327336));
#5215 = CARTESIAN_POINT('',(4.95,12.172191968891,-1.770922332791));
#5216 = CARTESIAN_POINT('',(4.95,12.409380254482,-1.742602432482));
#5217 = CARTESIAN_POINT('',(4.95,12.646564265829,-1.714246796765));
#5218 = ORIENTED_EDGE('',*,*,#5219,.T.);
#5219 = EDGE_CURVE('',#5211,#5220,#5222,.T.);
#5220 = VERTEX_POINT('',#5221);
#5221 = CARTESIAN_POINT('',(5.75,11.934999999997,-1.799211327336));
#5222 = CIRCLE('',#5223,1.84313900735);
#5223 = AXIS2_PLACEMENT_3D('',#5224,#5225,#5226);
#5224 = CARTESIAN_POINT('',(5.35,11.934999999994,9.951952430688E-32));
#5225 = DIRECTION('',(-9.136576017787E-16,-1.,-2.08692553322E-31));
#5226 = DIRECTION('',(1.,-9.136576017787E-16,5.743482352849E-48));
#5227 = ORIENTED_EDGE('',*,*,#5228,.F.);
#5228 = EDGE_CURVE('',#5229,#5220,#5231,.T.);
#5229 = VERTEX_POINT('',#5230);
#5230 = CARTESIAN_POINT('',(5.75,12.646564265825,-1.714246796769));
#5231 = B_SPLINE_CURVE_WITH_KNOTS('',3,(#5232,#5233,#5234,#5235),
  .UNSPECIFIED.,.F.,.F.,(4,4),(3.41199186446E-15,7.16618919554E-04),
  .PIECEWISE_BEZIER_KNOTS.);
#5232 = CARTESIAN_POINT('',(5.75,12.646564265825,-1.714246796769));
#5233 = CARTESIAN_POINT('',(5.75,12.409380254477,-1.742602432483));
#5234 = CARTESIAN_POINT('',(5.75,12.172191968888,-1.770922332791));
#5235 = CARTESIAN_POINT('',(5.75,11.934999999997,-1.799211327336));
#5236 = ORIENTED_EDGE('',*,*,#5237,.T.);
#5237 = EDGE_CURVE('',#5229,#2646,#5238,.T.);
#5238 = CIRCLE('',#5239,1.760296020628);
#5239 = AXIS2_PLACEMENT_3D('',#5240,#5241,#5242);
#5240 = CARTESIAN_POINT('',(5.35,12.646564265822,0.));
#5241 = DIRECTION('',(-1.171453342316E-15,-1.,0.));
#5242 = DIRECTION('',(1.,-1.171453342316E-15,0.));
#5243 = ORIENTED_EDGE('',*,*,#2645,.T.);
#5244 = ORIENTED_EDGE('',*,*,#2357,.F.);
#5245 = CONICAL_SURFACE('',#5246,1.898658176323,0.115901974538);
#5246 = AXIS2_PLACEMENT_3D('',#5247,#5248,#5249);
#5247 = CARTESIAN_POINT('',(5.35,11.458128531785,1.607708950454E-61));
#5248 = DIRECTION('',(-9.136576017787E-16,-1.,-2.08692553322E-31));
#5249 = DIRECTION('',(1.,-9.136576017787E-16,-1.166815364599E-61));
#5250 = ADVANCED_FACE('',(#5251),#5299,.T.);
#5251 = FACE_BOUND('',#5252,.T.);
#5252 = EDGE_LOOP('',(#5253,#5254,#5263,#5272,#5281,#5290,#5297,#5298));
#5253 = ORIENTED_EDGE('',*,*,#2696,.F.);
#5254 = ORIENTED_EDGE('',*,*,#5255,.T.);
#5255 = EDGE_CURVE('',#2141,#5256,#5258,.T.);
#5256 = VERTEX_POINT('',#5257);
#5257 = CARTESIAN_POINT('',(4.95,12.646564265829,-6.794246796765));
#5258 = CIRCLE('',#5259,1.760296020628);
#5259 = AXIS2_PLACEMENT_3D('',#5260,#5261,#5262);
#5260 = CARTESIAN_POINT('',(5.35,12.646564265822,-5.08));
#5261 = DIRECTION('',(-1.171453342316E-15,-1.,0.));
#5262 = DIRECTION('',(1.,-1.171453342316E-15,0.));
#5263 = ORIENTED_EDGE('',*,*,#5264,.F.);
#5264 = EDGE_CURVE('',#5265,#5256,#5267,.T.);
#5265 = VERTEX_POINT('',#5266);
#5266 = CARTESIAN_POINT('',(4.95,11.934999999997,-6.879211327336));
#5267 = B_SPLINE_CURVE_WITH_KNOTS('',3,(#5268,#5269,#5270,#5271),
  .UNSPECIFIED.,.F.,.F.,(4,4),(2.697467812798E-15,7.166189195523E-04),
  .PIECEWISE_BEZIER_KNOTS.);
#5268 = CARTESIAN_POINT('',(4.95,11.934999999997,-6.879211327336));
#5269 = CARTESIAN_POINT('',(4.95,12.172191968891,-6.850922332791));
#5270 = CARTESIAN_POINT('',(4.95,12.409380254482,-6.822602432482));
#5271 = CARTESIAN_POINT('',(4.95,12.646564265829,-6.794246796765));
#5272 = ORIENTED_EDGE('',*,*,#5273,.T.);
#5273 = EDGE_CURVE('',#5265,#5274,#5276,.T.);
#5274 = VERTEX_POINT('',#5275);
#5275 = CARTESIAN_POINT('',(5.75,11.934999999997,-6.879211327336));
#5276 = CIRCLE('',#5277,1.84313900735);
#5277 = AXIS2_PLACEMENT_3D('',#5278,#5279,#5280);
#5278 = CARTESIAN_POINT('',(5.35,11.934999999994,-5.08));
#5279 = DIRECTION('',(-9.136576017787E-16,-1.,-2.08692553322E-31));
#5280 = DIRECTION('',(1.,-9.136576017787E-16,5.743482352849E-48));
#5281 = ORIENTED_EDGE('',*,*,#5282,.F.);
#5282 = EDGE_CURVE('',#5283,#5274,#5285,.T.);
#5283 = VERTEX_POINT('',#5284);
#5284 = CARTESIAN_POINT('',(5.75,12.646564265825,-6.794246796769));
#5285 = B_SPLINE_CURVE_WITH_KNOTS('',3,(#5286,#5287,#5288,#5289),
  .UNSPECIFIED.,.F.,.F.,(4,4),(3.411940461911E-15,7.16618919554E-04),
  .PIECEWISE_BEZIER_KNOTS.);
#5286 = CARTESIAN_POINT('',(5.75,12.646564265825,-6.794246796769));
#5287 = CARTESIAN_POINT('',(5.75,12.409380254477,-6.822602432483));
#5288 = CARTESIAN_POINT('',(5.75,12.172191968888,-6.850922332791));
#5289 = CARTESIAN_POINT('',(5.75,11.934999999997,-6.879211327336));
#5290 = ORIENTED_EDGE('',*,*,#5291,.T.);
#5291 = EDGE_CURVE('',#5283,#2704,#5292,.T.);
#5292 = CIRCLE('',#5293,1.760296020628);
#5293 = AXIS2_PLACEMENT_3D('',#5294,#5295,#5296);
#5294 = CARTESIAN_POINT('',(5.35,12.646564265822,-5.08));
#5295 = DIRECTION('',(-1.171453342316E-15,-1.,0.));
#5296 = DIRECTION('',(1.,-1.171453342316E-15,0.));
#5297 = ORIENTED_EDGE('',*,*,#2703,.T.);
#5298 = ORIENTED_EDGE('',*,*,#2311,.F.);
#5299 = CONICAL_SURFACE('',#5300,1.898658176323,0.115901974538);
#5300 = AXIS2_PLACEMENT_3D('',#5301,#5302,#5303);
#5301 = CARTESIAN_POINT('',(5.35,11.458128531785,-5.08));
#5302 = DIRECTION('',(-9.136576017787E-16,-1.,-2.08692553322E-31));
#5303 = DIRECTION('',(1.,-9.136576017787E-16,-1.555753819465E-61));
#5304 = ADVANCED_FACE('',(#5305),#5353,.T.);
#5305 = FACE_BOUND('',#5306,.T.);
#5306 = EDGE_LOOP('',(#5307,#5308,#5317,#5326,#5335,#5344,#5351,#5352));
#5307 = ORIENTED_EDGE('',*,*,#2754,.F.);
#5308 = ORIENTED_EDGE('',*,*,#5309,.T.);
#5309 = EDGE_CURVE('',#2209,#5310,#5312,.T.);
#5310 = VERTEX_POINT('',#5311);
#5311 = CARTESIAN_POINT('',(4.95,12.646564265829,3.365753203235));
#5312 = CIRCLE('',#5313,1.760296020628);
#5313 = AXIS2_PLACEMENT_3D('',#5314,#5315,#5316);
#5314 = CARTESIAN_POINT('',(5.35,12.646564265822,5.08));
#5315 = DIRECTION('',(-1.171453342316E-15,-1.,0.));
#5316 = DIRECTION('',(1.,-1.171453342316E-15,0.));
#5317 = ORIENTED_EDGE('',*,*,#5318,.F.);
#5318 = EDGE_CURVE('',#5319,#5310,#5321,.T.);
#5319 = VERTEX_POINT('',#5320);
#5320 = CARTESIAN_POINT('',(4.95,11.934999999997,3.280788672664));
#5321 = B_SPLINE_CURVE_WITH_KNOTS('',3,(#5322,#5323,#5324,#5325),
  .UNSPECIFIED.,.F.,.F.,(4,4),(2.697416390625E-15,7.166189195523E-04),
  .PIECEWISE_BEZIER_KNOTS.);
#5322 = CARTESIAN_POINT('',(4.95,11.934999999997,3.280788672664));
#5323 = CARTESIAN_POINT('',(4.95,12.172191968891,3.309077667209));
#5324 = CARTESIAN_POINT('',(4.95,12.409380254482,3.337397567518));
#5325 = CARTESIAN_POINT('',(4.95,12.646564265829,3.365753203235));
#5326 = ORIENTED_EDGE('',*,*,#5327,.T.);
#5327 = EDGE_CURVE('',#5319,#5328,#5330,.T.);
#5328 = VERTEX_POINT('',#5329);
#5329 = CARTESIAN_POINT('',(5.75,11.934999999997,3.280788672664));
#5330 = CIRCLE('',#5331,1.84313900735);
#5331 = AXIS2_PLACEMENT_3D('',#5332,#5333,#5334);
#5332 = CARTESIAN_POINT('',(5.35,11.934999999994,5.08));
#5333 = DIRECTION('',(-9.136576017787E-16,-1.,-2.08692553322E-31));
#5334 = DIRECTION('',(1.,-9.136576017787E-16,5.743482352849E-48));
#5335 = ORIENTED_EDGE('',*,*,#5336,.F.);
#5336 = EDGE_CURVE('',#5337,#5328,#5339,.T.);
#5337 = VERTEX_POINT('',#5338);
#5338 = CARTESIAN_POINT('',(5.75,12.646564265825,3.365753203231));
#5339 = B_SPLINE_CURVE_WITH_KNOTS('',3,(#5340,#5341,#5342,#5343),
  .UNSPECIFIED.,.F.,.F.,(4,4),(3.41199186446E-15,7.16618919554E-04),
  .PIECEWISE_BEZIER_KNOTS.);
#5340 = CARTESIAN_POINT('',(5.75,12.646564265825,3.365753203231));
#5341 = CARTESIAN_POINT('',(5.75,12.409380254477,3.337397567517));
#5342 = CARTESIAN_POINT('',(5.75,12.172191968888,3.309077667209));
#5343 = CARTESIAN_POINT('',(5.75,11.934999999997,3.280788672664));
#5344 = ORIENTED_EDGE('',*,*,#5345,.T.);
#5345 = EDGE_CURVE('',#5337,#2762,#5346,.T.);
#5346 = CIRCLE('',#5347,1.760296020628);
#5347 = AXIS2_PLACEMENT_3D('',#5348,#5349,#5350);
#5348 = CARTESIAN_POINT('',(5.35,12.646564265822,5.08));
#5349 = DIRECTION('',(-1.171453342316E-15,-1.,0.));
#5350 = DIRECTION('',(1.,-1.171453342316E-15,0.));
#5351 = ORIENTED_EDGE('',*,*,#2761,.T.);
#5352 = ORIENTED_EDGE('',*,*,#2265,.F.);
#5353 = CONICAL_SURFACE('',#5354,1.898658176323,0.115901974538);
#5354 = AXIS2_PLACEMENT_3D('',#5355,#5356,#5357);
#5355 = CARTESIAN_POINT('',(5.35,11.458128531785,5.08));
#5356 = DIRECTION('',(-9.136576017787E-16,-1.,-2.08692553322E-31));
#5357 = DIRECTION('',(1.,-9.136576017787E-16,-1.166815364599E-61));
#5358 = ADVANCED_FACE('',(#5359),#5391,.T.);
#5359 = FACE_BOUND('',#5360,.T.);
#5360 = EDGE_LOOP('',(#5361,#5362,#5371,#5390));
#5361 = ORIENTED_EDGE('',*,*,#2072,.F.);
#5362 = ORIENTED_EDGE('',*,*,#5363,.T.);
#5363 = EDGE_CURVE('',#2064,#5364,#5366,.T.);
#5364 = VERTEX_POINT('',#5365);
#5365 = CARTESIAN_POINT('',(4.95,12.735,-1.612082860991));
#5366 = ( BOUNDED_CURVE() B_SPLINE_CURVE(3,(#5367,#5368,#5369,#5370),
.UNSPECIFIED.,.F.,.F.) B_SPLINE_CURVE_WITH_KNOTS((4,4),(0.500000000738,
1.),.PIECEWISE_BEZIER_KNOTS.) CURVE() GEOMETRIC_REPRESENTATION_ITEM() 
RATIONAL_B_SPLINE_CURVE((1.,0.858441487301,0.858441487301,1.)) 
REPRESENTATION_ITEM('') );
#5367 = CARTESIAN_POINT('',(3.689038437083,12.735,-6.514260371342E-09));
#5368 = CARTESIAN_POINT('',(3.689033069105,12.735,-0.79472227905));
#5369 = CARTESIAN_POINT('',(4.17866726903,12.735,-1.420694998832));
#5370 = CARTESIAN_POINT('',(4.95,12.735,-1.612082860991));
#5371 = ORIENTED_EDGE('',*,*,#5372,.F.);
#5372 = EDGE_CURVE('',#5202,#5364,#5373,.T.);
#5373 = B_SPLINE_CURVE_WITH_KNOTS('',3,(#5374,#5375,#5376,#5377,#5378,
    #5379,#5380,#5381,#5382,#5383,#5384,#5385,#5386,#5387,#5388,#5389),
  .UNSPECIFIED.,.F.,.F.,(4,3,3,3,3,4),(8.218057895188E-15,
    3.308388942449E-05,6.613717211494E-05,9.966070390111E-05,
    1.340858777774E-04,1.469394654601E-04),.UNSPECIFIED.);
#5374 = CARTESIAN_POINT('',(4.95,12.646564265829,-1.714246796765));
#5375 = CARTESIAN_POINT('',(4.95,12.65751425528,-1.712937712265));
#5376 = CARTESIAN_POINT('',(4.950000000001,12.668385901916,
    -1.709697409983));
#5377 = CARTESIAN_POINT('',(4.950000000001,12.678276810322,
    -1.704820330739));
#5378 = CARTESIAN_POINT('',(4.950000000001,12.688162490615,
    -1.699945829409));
#5379 = CARTESIAN_POINT('',(4.95,12.697339023275,-1.693307792453));
#5380 = CARTESIAN_POINT('',(4.95,12.705093704529,-1.685475017932));
#5381 = CARTESIAN_POINT('',(4.95,12.712959485277,-1.677530025092));
#5382 = CARTESIAN_POINT('',(4.95,12.719574967779,-1.668147016353));
#5383 = CARTESIAN_POINT('',(4.95,12.724458801314,-1.658090098932));
#5384 = CARTESIAN_POINT('',(4.95,12.729472539204,-1.647765679072));
#5385 = CARTESIAN_POINT('',(4.95,12.732797370823,-1.636456345333));
#5386 = CARTESIAN_POINT('',(4.95,12.734202611741,-1.625065273783));
#5387 = CARTESIAN_POINT('',(4.95,12.734733445149,-1.620762266915));
#5388 = CARTESIAN_POINT('',(4.95,12.735,-1.616418486922));
#5389 = CARTESIAN_POINT('',(4.95,12.735,-1.612082860991));
#5390 = ORIENTED_EDGE('',*,*,#5201,.F.);
#5391 = ( BOUNDED_SURFACE() B_SPLINE_SURFACE(3,3,(
    (#5392,#5393,#5394,#5395)
    ,(#5396,#5397,#5398,#5399)
    ,(#5400,#5401,#5402,#5403)
    ,(#5404,#5405,#5406,#5407
)),.UNSPECIFIED.,.F.,.F.,.F.) B_SPLINE_SURFACE_WITH_KNOTS((4,4),(4,4),(
    0.,1.),(0.,1.),.PIECEWISE_BEZIER_KNOTS.) 
GEOMETRIC_REPRESENTATION_ITEM() RATIONAL_B_SPLINE_SURFACE((
    (1.,0.853886126146,0.853886126146,1.)
    ,(0.831249582027,0.709792485457,0.709792485457,0.831249582027)
    ,(0.831249582027,0.709792485457,0.709792485457,0.831249582027)
,(1.,0.853886126146,0.853886126146,1.
))) REPRESENTATION_ITEM('') SURFACE() );
#5392 = CARTESIAN_POINT('',(4.985603046709,12.735,-1.620501777577));
#5393 = CARTESIAN_POINT('',(4.195177833015,12.735,-1.442761435876));
#5394 = CARTESIAN_POINT('',(3.689033067548,12.735,-0.810162729031));
#5395 = CARTESIAN_POINT('',(3.689033067548,12.735,0.));
#5396 = CARTESIAN_POINT('',(4.973902936655,12.735,-1.672533082914));
#5397 = CARTESIAN_POINT('',(4.158098635935,12.735,-1.489085828627));
#5398 = CARTESIAN_POINT('',(3.635702501169,12.735,-0.836175551053));
#5399 = CARTESIAN_POINT('',(3.635702501169,12.735,0.));
#5400 = CARTESIAN_POINT('',(4.965164424294,12.699537031119,
    -1.711393931465));
#5401 = CARTESIAN_POINT('',(4.130405133863,12.699537031119,
    -1.523684330419));
#5402 = CARTESIAN_POINT('',(3.595871267841,12.699537031119,
    -0.855603861192));
#5403 = CARTESIAN_POINT('',(3.595871267841,12.699537031119,
    8.673617379884E-16));
#5404 = CARTESIAN_POINT('',(4.963811392466,12.646564265821,
    -1.717410969925));
#5405 = CARTESIAN_POINT('',(4.126117196948,12.646564265821,
    -1.529041406336));
#5406 = CARTESIAN_POINT('',(3.589703979381,12.646564265821,
    -0.858612053078));
#5407 = CARTESIAN_POINT('',(3.589703979381,12.646564265821,
    8.673617379884E-16));
#5408 = ADVANCED_FACE('',(#5409),#5471,.T.);
#5409 = FACE_BOUND('',#5410,.T.);
#5410 = EDGE_LOOP('',(#5411,#5432,#5433,#5434,#5455,#5464));
#5411 = ORIENTED_EDGE('',*,*,#5412,.F.);
#5412 = EDGE_CURVE('',#2654,#5413,#5415,.T.);
#5413 = VERTEX_POINT('',#5414);
#5414 = CARTESIAN_POINT('',(5.75,12.735,1.612082860991));
#5415 = B_SPLINE_CURVE_WITH_KNOTS('',3,(#5416,#5417,#5418,#5419,#5420,
    #5421,#5422,#5423,#5424,#5425,#5426,#5427,#5428,#5429,#5430,#5431),
  .UNSPECIFIED.,.F.,.F.,(4,3,3,3,3,4),(8.348284007425E-15,
    3.308388942449E-05,6.613717211494E-05,9.966070390112E-05,
    1.340858777774E-04,1.469394654598E-04),.UNSPECIFIED.);
#5416 = CARTESIAN_POINT('',(5.75,12.646564265829,1.714246796765));
#5417 = CARTESIAN_POINT('',(5.75,12.657514255281,1.712937712265));
#5418 = CARTESIAN_POINT('',(5.749999999999,12.668385901917,
    1.709697409983));
#5419 = CARTESIAN_POINT('',(5.749999999999,12.678276810322,
    1.704820330738));
#5420 = CARTESIAN_POINT('',(5.749999999999,12.688162490615,
    1.699945829409));
#5421 = CARTESIAN_POINT('',(5.75,12.697339023276,1.693307792453));
#5422 = CARTESIAN_POINT('',(5.75,12.705093704529,1.685475017931));
#5423 = CARTESIAN_POINT('',(5.75,12.712959485277,1.677530025091));
#5424 = CARTESIAN_POINT('',(5.75,12.71957496778,1.668147016353));
#5425 = CARTESIAN_POINT('',(5.75,12.724458801314,1.658090098932));
#5426 = CARTESIAN_POINT('',(5.75,12.729472539204,1.647765679072));
#5427 = CARTESIAN_POINT('',(5.75,12.732797370823,1.636456345333));
#5428 = CARTESIAN_POINT('',(5.75,12.734202611741,1.625065273783));
#5429 = CARTESIAN_POINT('',(5.75,12.734733445149,1.620762266915));
#5430 = CARTESIAN_POINT('',(5.75,12.735,1.616418486922));
#5431 = CARTESIAN_POINT('',(5.75,12.735,1.612082860991));
#5432 = ORIENTED_EDGE('',*,*,#2653,.F.);
#5433 = ORIENTED_EDGE('',*,*,#5237,.F.);
#5434 = ORIENTED_EDGE('',*,*,#5435,.F.);
#5435 = EDGE_CURVE('',#5436,#5229,#5438,.T.);
#5436 = VERTEX_POINT('',#5437);
#5437 = CARTESIAN_POINT('',(5.75,12.735,-1.612082860991));
#5438 = B_SPLINE_CURVE_WITH_KNOTS('',3,(#5439,#5440,#5441,#5442,#5443,
    #5444,#5445,#5446,#5447,#5448,#5449,#5450,#5451,#5452,#5453,#5454),
  .UNSPECIFIED.,.F.,.F.,(4,3,3,3,3,4),(4.336808689942E-19,
    3.531517381803E-05,7.066450543868E-05,1.054618491195E-04,
    1.392987215172E-04,1.469974402523E-04),.UNSPECIFIED.);
#5439 = CARTESIAN_POINT('',(5.75,12.735,-1.612082860991));
#5440 = CARTESIAN_POINT('',(5.75,12.735,-1.623854585596));
#5441 = CARTESIAN_POINT('',(5.749999999999,12.732989442672,
    -1.635789504932));
#5442 = CARTESIAN_POINT('',(5.749999999999,12.729108766958,
    -1.64690318372));
#5443 = CARTESIAN_POINT('',(5.749999999999,12.725225971482,
    -1.658022933191));
#5444 = CARTESIAN_POINT('',(5.749999999997,12.719357020034,
    -1.668631667042));
#5445 = CARTESIAN_POINT('',(5.749999999997,12.711959811877,
    -1.677797158873));
#5446 = CARTESIAN_POINT('',(5.749999999997,12.704678748443,
    -1.686818741884));
#5447 = CARTESIAN_POINT('',(5.749999999995,12.695704672545,
    -1.694697213585));
#5448 = CARTESIAN_POINT('',(5.749999999995,12.685788475671,
    -1.700703200956));
#5449 = CARTESIAN_POINT('',(5.749999999995,12.67614242097,
    -1.706545570108));
#5450 = CARTESIAN_POINT('',(5.749999999996,12.665328905784,
    -1.710780456546));
#5451 = CARTESIAN_POINT('',(5.749999999996,12.654274157021,
    -1.713010294741));
#5452 = CARTESIAN_POINT('',(5.749999999996,12.651722738222,
    -1.713524937924));
#5453 = CARTESIAN_POINT('',(5.75,12.649148667891,-1.713937828365));
#5454 = CARTESIAN_POINT('',(5.75,12.646564265825,-1.714246796769));
#5455 = ORIENTED_EDGE('',*,*,#5456,.T.);
#5456 = EDGE_CURVE('',#5436,#5457,#5459,.T.);
#5457 = VERTEX_POINT('',#5458);
#5458 = CARTESIAN_POINT('',(7.010966932452,12.735,1.017048918659E-16));
#5459 = ( BOUNDED_CURVE() B_SPLINE_CURVE(3,(#5460,#5461,#5462,#5463),
.UNSPECIFIED.,.F.,.F.) B_SPLINE_CURVE_WITH_KNOTS((4,4),(0.,1.),
.PIECEWISE_BEZIER_KNOTS.) CURVE() GEOMETRIC_REPRESENTATION_ITEM() 
RATIONAL_B_SPLINE_CURVE((1.,0.858441486899,0.858441486899,1.)) 
REPRESENTATION_ITEM('') );
#5460 = CARTESIAN_POINT('',(5.75,12.735,-1.612082860991));
#5461 = CARTESIAN_POINT('',(6.521332732297,12.735,-1.420694998502));
#5462 = CARTESIAN_POINT('',(7.010966932452,12.735,-0.794722277164));
#5463 = CARTESIAN_POINT('',(7.010966932452,12.735,1.017048918659E-16));
#5464 = ORIENTED_EDGE('',*,*,#5465,.T.);
#5465 = EDGE_CURVE('',#5457,#5413,#5466,.T.);
#5466 = ( BOUNDED_CURVE() B_SPLINE_CURVE(3,(#5467,#5468,#5469,#5470),
.UNSPECIFIED.,.F.,.F.) B_SPLINE_CURVE_WITH_KNOTS((4,4),(0.,1.),
.PIECEWISE_BEZIER_KNOTS.) CURVE() GEOMETRIC_REPRESENTATION_ITEM() 
RATIONAL_B_SPLINE_CURVE((1.,0.858441486899,0.858441486899,1.)) 
REPRESENTATION_ITEM('') );
#5467 = CARTESIAN_POINT('',(7.010966932452,12.735,1.017048918659E-16));
#5468 = CARTESIAN_POINT('',(7.010966932452,12.735,0.794722277164));
#5469 = CARTESIAN_POINT('',(6.521332732297,12.735,1.420694998502));
#5470 = CARTESIAN_POINT('',(5.75,12.735,1.612082860991));
#5471 = ( BOUNDED_SURFACE() B_SPLINE_SURFACE(3,3,(
    (#5472,#5473,#5474,#5475)
    ,(#5476,#5477,#5478,#5479)
    ,(#5480,#5481,#5482,#5483)
    ,(#5484,#5485,#5486,#5487
)),.UNSPECIFIED.,.F.,.F.,.F.) B_SPLINE_SURFACE_WITH_KNOTS((4,4),(4,4),(
    0.,1.),(0.,1.),.PIECEWISE_BEZIER_KNOTS.) 
GEOMETRIC_REPRESENTATION_ITEM() RATIONAL_B_SPLINE_SURFACE((
    (1.,0.474352112318,0.474352112318,1.)
    ,(0.831249582034,0.394304995101,0.394304995101,0.831249582034)
    ,(0.831249582034,0.394304995101,0.394304995101,0.831249582034)
,(1.,0.474352112318,0.474352112318,1.
))) REPRESENTATION_ITEM('') SURFACE() );
#5472 = CARTESIAN_POINT('',(5.701341293123,12.735,1.623382409183));
#5473 = CARTESIAN_POINT('',(7.931257721595,12.735,1.14077170877));
#5474 = CARTESIAN_POINT('',(7.931257721594,12.735,-1.140771708771));
#5475 = CARTESIAN_POINT('',(5.701341293122,12.735,-1.623382409184));
#5476 = CARTESIAN_POINT('',(5.712622210153,12.735,1.675506206254));
#5477 = CARTESIAN_POINT('',(8.014137117668,12.735,1.177399771705));
#5478 = CARTESIAN_POINT('',(8.014137117667,12.735,-1.177399771707));
#5479 = CARTESIAN_POINT('',(5.712622210152,12.735,-1.675506206255));
#5480 = CARTESIAN_POINT('',(5.721047637987,12.699537031121,
    1.714436134513));
#5481 = CARTESIAN_POINT('',(8.076037614648,12.699537031121,
    1.204756333246));
#5482 = CARTESIAN_POINT('',(8.076037614648,12.699537031121,
    -1.204756333248));
#5483 = CARTESIAN_POINT('',(5.721047637986,12.699537031121,
    -1.714436134513));
#5484 = CARTESIAN_POINT('',(5.722352193219,12.646564265824,
    1.720463868964));
#5485 = CARTESIAN_POINT('',(8.085622008324,12.646564265824,
    1.208992099811));
#5486 = CARTESIAN_POINT('',(8.085622008323,12.646564265824,
    -1.208992099812));
#5487 = CARTESIAN_POINT('',(5.722352193218,12.646564265824,
    -1.720463868964));
#5488 = ADVANCED_FACE('',(#5489),#5521,.T.);
#5489 = FACE_BOUND('',#5490,.T.);
#5490 = EDGE_LOOP('',(#5491,#5492,#5501,#5520));
#5491 = ORIENTED_EDGE('',*,*,#2140,.F.);
#5492 = ORIENTED_EDGE('',*,*,#5493,.T.);
#5493 = EDGE_CURVE('',#2132,#5494,#5496,.T.);
#5494 = VERTEX_POINT('',#5495);
#5495 = CARTESIAN_POINT('',(4.95,12.735,-6.692082860991));
#5496 = ( BOUNDED_CURVE() B_SPLINE_CURVE(3,(#5497,#5498,#5499,#5500),
.UNSPECIFIED.,.F.,.F.) B_SPLINE_CURVE_WITH_KNOTS((4,4),(0.500000000738,
1.),.PIECEWISE_BEZIER_KNOTS.) CURVE() GEOMETRIC_REPRESENTATION_ITEM() 
RATIONAL_B_SPLINE_CURVE((1.,0.858441487301,0.858441487301,1.)) 
REPRESENTATION_ITEM('') );
#5497 = CARTESIAN_POINT('',(3.689038437083,12.735,-5.080000006514));
#5498 = CARTESIAN_POINT('',(3.689033069105,12.735,-5.87472227905));
#5499 = CARTESIAN_POINT('',(4.17866726903,12.735,-6.500694998832));
#5500 = CARTESIAN_POINT('',(4.95,12.735,-6.692082860991));
#5501 = ORIENTED_EDGE('',*,*,#5502,.F.);
#5502 = EDGE_CURVE('',#5256,#5494,#5503,.T.);
#5503 = B_SPLINE_CURVE_WITH_KNOTS('',3,(#5504,#5505,#5506,#5507,#5508,
    #5509,#5510,#5511,#5512,#5513,#5514,#5515,#5516,#5517,#5518,#5519),
  .UNSPECIFIED.,.F.,.F.,(4,3,3,3,3,4),(8.218119684499E-15,
    3.308388942449E-05,6.613717211494E-05,9.966070390111E-05,
    1.340858777774E-04,1.469394654601E-04),.UNSPECIFIED.);
#5504 = CARTESIAN_POINT('',(4.95,12.646564265829,-6.794246796765));
#5505 = CARTESIAN_POINT('',(4.95,12.65751425528,-6.792937712265));
#5506 = CARTESIAN_POINT('',(4.950000000001,12.668385901916,
    -6.789697409983));
#5507 = CARTESIAN_POINT('',(4.950000000001,12.678276810322,
    -6.784820330739));
#5508 = CARTESIAN_POINT('',(4.950000000001,12.688162490615,
    -6.779945829409));
#5509 = CARTESIAN_POINT('',(4.95,12.697339023275,-6.773307792453));
#5510 = CARTESIAN_POINT('',(4.95,12.705093704529,-6.765475017932));
#5511 = CARTESIAN_POINT('',(4.95,12.712959485277,-6.757530025092));
#5512 = CARTESIAN_POINT('',(4.95,12.719574967779,-6.748147016353));
#5513 = CARTESIAN_POINT('',(4.95,12.724458801314,-6.738090098932));
#5514 = CARTESIAN_POINT('',(4.95,12.729472539204,-6.727765679072));
#5515 = CARTESIAN_POINT('',(4.95,12.732797370823,-6.716456345333));
#5516 = CARTESIAN_POINT('',(4.95,12.734202611741,-6.705065273783));
#5517 = CARTESIAN_POINT('',(4.95,12.734733445149,-6.700762266915));
#5518 = CARTESIAN_POINT('',(4.95,12.735,-6.696418486922));
#5519 = CARTESIAN_POINT('',(4.95,12.735,-6.692082860991));
#5520 = ORIENTED_EDGE('',*,*,#5255,.F.);
#5521 = ( BOUNDED_SURFACE() B_SPLINE_SURFACE(3,3,(
    (#5522,#5523,#5524,#5525)
    ,(#5526,#5527,#5528,#5529)
    ,(#5530,#5531,#5532,#5533)
    ,(#5534,#5535,#5536,#5537
)),.UNSPECIFIED.,.F.,.F.,.F.) B_SPLINE_SURFACE_WITH_KNOTS((4,4),(4,4),(
    0.,1.),(0.,1.),.PIECEWISE_BEZIER_KNOTS.) 
GEOMETRIC_REPRESENTATION_ITEM() RATIONAL_B_SPLINE_SURFACE((
    (1.,0.853886126146,0.853886126146,1.)
    ,(0.831249582027,0.709792485457,0.709792485457,0.831249582027)
    ,(0.831249582027,0.709792485457,0.709792485457,0.831249582027)
,(1.,0.853886126146,0.853886126146,1.
))) REPRESENTATION_ITEM('') SURFACE() );
#5522 = CARTESIAN_POINT('',(4.985603046709,12.735,-6.700501777577));
#5523 = CARTESIAN_POINT('',(4.195177833015,12.735,-6.522761435876));
#5524 = CARTESIAN_POINT('',(3.689033067548,12.735,-5.890162729031));
#5525 = CARTESIAN_POINT('',(3.689033067548,12.735,-5.08));
#5526 = CARTESIAN_POINT('',(4.973902936655,12.735,-6.752533082914));
#5527 = CARTESIAN_POINT('',(4.158098635935,12.735,-6.569085828627));
#5528 = CARTESIAN_POINT('',(3.635702501169,12.735,-5.916175551053));
#5529 = CARTESIAN_POINT('',(3.635702501169,12.735,-5.08));
#5530 = CARTESIAN_POINT('',(4.965164424294,12.699537031119,
    -6.791393931465));
#5531 = CARTESIAN_POINT('',(4.130405133863,12.699537031119,
    -6.603684330419));
#5532 = CARTESIAN_POINT('',(3.595871267841,12.699537031119,
    -5.935603861192));
#5533 = CARTESIAN_POINT('',(3.595871267841,12.699537031119,-5.08));
#5534 = CARTESIAN_POINT('',(4.963811392466,12.646564265821,
    -6.797410969925));
#5535 = CARTESIAN_POINT('',(4.126117196948,12.646564265821,
    -6.609041406336));
#5536 = CARTESIAN_POINT('',(3.589703979381,12.646564265821,
    -5.938612053078));
#5537 = CARTESIAN_POINT('',(3.589703979381,12.646564265821,-5.08));
#5538 = ADVANCED_FACE('',(#5539),#5601,.T.);
#5539 = FACE_BOUND('',#5540,.T.);
#5540 = EDGE_LOOP('',(#5541,#5562,#5563,#5564,#5585,#5594));
#5541 = ORIENTED_EDGE('',*,*,#5542,.F.);
#5542 = EDGE_CURVE('',#2712,#5543,#5545,.T.);
#5543 = VERTEX_POINT('',#5544);
#5544 = CARTESIAN_POINT('',(5.75,12.735,-3.467917139009));
#5545 = B_SPLINE_CURVE_WITH_KNOTS('',3,(#5546,#5547,#5548,#5549,#5550,
    #5551,#5552,#5553,#5554,#5555,#5556,#5557,#5558,#5559,#5560,#5561),
  .UNSPECIFIED.,.F.,.F.,(4,3,3,3,3,4),(8.348222229663E-15,
    3.308388942449E-05,6.613717211494E-05,9.966070390112E-05,
    1.340858777774E-04,1.469394654598E-04),.UNSPECIFIED.);
#5546 = CARTESIAN_POINT('',(5.75,12.646564265829,-3.365753203235));
#5547 = CARTESIAN_POINT('',(5.75,12.657514255281,-3.367062287735));
#5548 = CARTESIAN_POINT('',(5.749999999999,12.668385901917,
    -3.370302590017));
#5549 = CARTESIAN_POINT('',(5.749999999999,12.678276810322,
    -3.375179669262));
#5550 = CARTESIAN_POINT('',(5.749999999999,12.688162490615,
    -3.380054170591));
#5551 = CARTESIAN_POINT('',(5.75,12.697339023276,-3.386692207547));
#5552 = CARTESIAN_POINT('',(5.75,12.705093704529,-3.394524982069));
#5553 = CARTESIAN_POINT('',(5.75,12.712959485277,-3.402469974909));
#5554 = CARTESIAN_POINT('',(5.75,12.71957496778,-3.411852983647));
#5555 = CARTESIAN_POINT('',(5.75,12.724458801314,-3.421909901068));
#5556 = CARTESIAN_POINT('',(5.75,12.729472539204,-3.432234320928));
#5557 = CARTESIAN_POINT('',(5.75,12.732797370823,-3.443543654667));
#5558 = CARTESIAN_POINT('',(5.75,12.734202611741,-3.454934726217));
#5559 = CARTESIAN_POINT('',(5.75,12.734733445149,-3.459237733085));
#5560 = CARTESIAN_POINT('',(5.75,12.735,-3.463581513078));
#5561 = CARTESIAN_POINT('',(5.75,12.735,-3.467917139009));
#5562 = ORIENTED_EDGE('',*,*,#2711,.F.);
#5563 = ORIENTED_EDGE('',*,*,#5291,.F.);
#5564 = ORIENTED_EDGE('',*,*,#5565,.F.);
#5565 = EDGE_CURVE('',#5566,#5283,#5568,.T.);
#5566 = VERTEX_POINT('',#5567);
#5567 = CARTESIAN_POINT('',(5.75,12.735,-6.692082860991));
#5568 = B_SPLINE_CURVE_WITH_KNOTS('',3,(#5569,#5570,#5571,#5572,#5573,
    #5574,#5575,#5576,#5577,#5578,#5579,#5580,#5581,#5582,#5583,#5584),
  .UNSPECIFIED.,.F.,.F.,(4,3,3,3,3,4),(0.,3.531517381803E-05,
    7.066450543868E-05,1.054618491195E-04,1.392987215172E-04,
    1.469974402523E-04),.UNSPECIFIED.);
#5569 = CARTESIAN_POINT('',(5.75,12.735,-6.692082860991));
#5570 = CARTESIAN_POINT('',(5.75,12.735,-6.703854585596));
#5571 = CARTESIAN_POINT('',(5.749999999999,12.732989442672,
    -6.715789504932));
#5572 = CARTESIAN_POINT('',(5.749999999999,12.729108766958,
    -6.72690318372));
#5573 = CARTESIAN_POINT('',(5.749999999999,12.725225971482,
    -6.738022933191));
#5574 = CARTESIAN_POINT('',(5.749999999997,12.719357020034,
    -6.748631667042));
#5575 = CARTESIAN_POINT('',(5.749999999997,12.711959811877,
    -6.757797158873));
#5576 = CARTESIAN_POINT('',(5.749999999997,12.704678748443,
    -6.766818741884));
#5577 = CARTESIAN_POINT('',(5.749999999995,12.695704672545,
    -6.774697213585));
#5578 = CARTESIAN_POINT('',(5.749999999995,12.685788475671,
    -6.780703200956));
#5579 = CARTESIAN_POINT('',(5.749999999995,12.67614242097,
    -6.786545570108));
#5580 = CARTESIAN_POINT('',(5.749999999996,12.665328905784,
    -6.790780456546));
#5581 = CARTESIAN_POINT('',(5.749999999996,12.654274157021,
    -6.793010294741));
#5582 = CARTESIAN_POINT('',(5.749999999996,12.651722738222,
    -6.793524937924));
#5583 = CARTESIAN_POINT('',(5.75,12.649148667891,-6.793937828365));
#5584 = CARTESIAN_POINT('',(5.75,12.646564265825,-6.794246796769));
#5585 = ORIENTED_EDGE('',*,*,#5586,.T.);
#5586 = EDGE_CURVE('',#5566,#5587,#5589,.T.);
#5587 = VERTEX_POINT('',#5588);
#5588 = CARTESIAN_POINT('',(7.010966932452,12.735,-5.08));
#5589 = ( BOUNDED_CURVE() B_SPLINE_CURVE(3,(#5590,#5591,#5592,#5593),
.UNSPECIFIED.,.F.,.F.) B_SPLINE_CURVE_WITH_KNOTS((4,4),(0.,1.),
.PIECEWISE_BEZIER_KNOTS.) CURVE() GEOMETRIC_REPRESENTATION_ITEM() 
RATIONAL_B_SPLINE_CURVE((1.,0.858441486899,0.858441486899,1.)) 
REPRESENTATION_ITEM('') );
#5590 = CARTESIAN_POINT('',(5.75,12.735,-6.692082860991));
#5591 = CARTESIAN_POINT('',(6.521332732297,12.735,-6.500694998502));
#5592 = CARTESIAN_POINT('',(7.010966932452,12.735,-5.874722277164));
#5593 = CARTESIAN_POINT('',(7.010966932452,12.735,-5.08));
#5594 = ORIENTED_EDGE('',*,*,#5595,.T.);
#5595 = EDGE_CURVE('',#5587,#5543,#5596,.T.);
#5596 = ( BOUNDED_CURVE() B_SPLINE_CURVE(3,(#5597,#5598,#5599,#5600),
.UNSPECIFIED.,.F.,.F.) B_SPLINE_CURVE_WITH_KNOTS((4,4),(0.,1.),
.PIECEWISE_BEZIER_KNOTS.) CURVE() GEOMETRIC_REPRESENTATION_ITEM() 
RATIONAL_B_SPLINE_CURVE((1.,0.858441486899,0.858441486899,1.)) 
REPRESENTATION_ITEM('') );
#5597 = CARTESIAN_POINT('',(7.010966932452,12.735,-5.08));
#5598 = CARTESIAN_POINT('',(7.010966932452,12.735,-4.285277722836));
#5599 = CARTESIAN_POINT('',(6.521332732297,12.735,-3.659305001498));
#5600 = CARTESIAN_POINT('',(5.75,12.735,-3.467917139009));
#5601 = ( BOUNDED_SURFACE() B_SPLINE_SURFACE(3,3,(
    (#5602,#5603,#5604,#5605)
    ,(#5606,#5607,#5608,#5609)
    ,(#5610,#5611,#5612,#5613)
    ,(#5614,#5615,#5616,#5617
)),.UNSPECIFIED.,.F.,.F.,.F.) B_SPLINE_SURFACE_WITH_KNOTS((4,4),(4,4),(
    0.,1.),(0.,1.),.PIECEWISE_BEZIER_KNOTS.) 
GEOMETRIC_REPRESENTATION_ITEM() RATIONAL_B_SPLINE_SURFACE((
    (1.,0.474352112318,0.474352112318,1.)
    ,(0.831249582034,0.394304995101,0.394304995101,0.831249582034)
    ,(0.831249582034,0.394304995101,0.394304995101,0.831249582034)
,(1.,0.474352112318,0.474352112318,1.
))) REPRESENTATION_ITEM('') SURFACE() );
#5602 = CARTESIAN_POINT('',(5.701341293123,12.735,-3.456617590817));
#5603 = CARTESIAN_POINT('',(7.931257721595,12.735,-3.93922829123));
#5604 = CARTESIAN_POINT('',(7.931257721594,12.735,-6.220771708771));
#5605 = CARTESIAN_POINT('',(5.701341293122,12.735,-6.703382409184));
#5606 = CARTESIAN_POINT('',(5.712622210153,12.735,-3.404493793746));
#5607 = CARTESIAN_POINT('',(8.014137117668,12.735,-3.902600228295));
#5608 = CARTESIAN_POINT('',(8.014137117667,12.735,-6.257399771707));
#5609 = CARTESIAN_POINT('',(5.712622210152,12.735,-6.755506206255));
#5610 = CARTESIAN_POINT('',(5.721047637987,12.699537031121,
    -3.365563865487));
#5611 = CARTESIAN_POINT('',(8.076037614648,12.699537031121,
    -3.875243666754));
#5612 = CARTESIAN_POINT('',(8.076037614648,12.699537031121,
    -6.284756333248));
#5613 = CARTESIAN_POINT('',(5.721047637986,12.699537031121,
    -6.794436134513));
#5614 = CARTESIAN_POINT('',(5.722352193219,12.646564265824,
    -3.359536131036));
#5615 = CARTESIAN_POINT('',(8.085622008324,12.646564265824,
    -3.871007900189));
#5616 = CARTESIAN_POINT('',(8.085622008323,12.646564265824,
    -6.288992099812));
#5617 = CARTESIAN_POINT('',(5.722352193218,12.646564265824,
    -6.800463868964));
#5618 = ADVANCED_FACE('',(#5619),#5651,.T.);
#5619 = FACE_BOUND('',#5620,.T.);
#5620 = EDGE_LOOP('',(#5621,#5622,#5631,#5650));
#5621 = ORIENTED_EDGE('',*,*,#2208,.F.);
#5622 = ORIENTED_EDGE('',*,*,#5623,.T.);
#5623 = EDGE_CURVE('',#2200,#5624,#5626,.T.);
#5624 = VERTEX_POINT('',#5625);
#5625 = CARTESIAN_POINT('',(4.95,12.735,3.467917139009));
#5626 = ( BOUNDED_CURVE() B_SPLINE_CURVE(3,(#5627,#5628,#5629,#5630),
.UNSPECIFIED.,.F.,.F.) B_SPLINE_CURVE_WITH_KNOTS((4,4),(0.500000000738,
1.),.PIECEWISE_BEZIER_KNOTS.) CURVE() GEOMETRIC_REPRESENTATION_ITEM() 
RATIONAL_B_SPLINE_CURVE((1.,0.858441487301,0.858441487301,1.)) 
REPRESENTATION_ITEM('') );
#5627 = CARTESIAN_POINT('',(3.689038437083,12.735,5.079999993486));
#5628 = CARTESIAN_POINT('',(3.689033069105,12.735,4.28527772095));
#5629 = CARTESIAN_POINT('',(4.17866726903,12.735,3.659305001168));
#5630 = CARTESIAN_POINT('',(4.95,12.735,3.467917139009));
#5631 = ORIENTED_EDGE('',*,*,#5632,.F.);
#5632 = EDGE_CURVE('',#5310,#5624,#5633,.T.);
#5633 = B_SPLINE_CURVE_WITH_KNOTS('',3,(#5634,#5635,#5636,#5637,#5638,
    #5639,#5640,#5641,#5642,#5643,#5644,#5645,#5646,#5647,#5648,#5649),
  .UNSPECIFIED.,.F.,.F.,(4,3,3,3,3,4),(8.218119684499E-15,
    3.308388942449E-05,6.613717211493E-05,9.966070390111E-05,
    1.340858777774E-04,1.469394654601E-04),.UNSPECIFIED.);
#5634 = CARTESIAN_POINT('',(4.95,12.646564265829,3.365753203235));
#5635 = CARTESIAN_POINT('',(4.95,12.65751425528,3.367062287735));
#5636 = CARTESIAN_POINT('',(4.950000000001,12.668385901916,
    3.370302590017));
#5637 = CARTESIAN_POINT('',(4.950000000001,12.678276810322,
    3.375179669261));
#5638 = CARTESIAN_POINT('',(4.950000000001,12.688162490615,
    3.380054170591));
#5639 = CARTESIAN_POINT('',(4.95,12.697339023275,3.386692207547));
#5640 = CARTESIAN_POINT('',(4.95,12.705093704529,3.394524982068));
#5641 = CARTESIAN_POINT('',(4.95,12.712959485277,3.402469974908));
#5642 = CARTESIAN_POINT('',(4.95,12.719574967779,3.411852983647));
#5643 = CARTESIAN_POINT('',(4.95,12.724458801314,3.421909901068));
#5644 = CARTESIAN_POINT('',(4.95,12.729472539204,3.432234320928));
#5645 = CARTESIAN_POINT('',(4.95,12.732797370823,3.443543654667));
#5646 = CARTESIAN_POINT('',(4.95,12.734202611741,3.454934726217));
#5647 = CARTESIAN_POINT('',(4.95,12.734733445149,3.459237733085));
#5648 = CARTESIAN_POINT('',(4.95,12.735,3.463581513078));
#5649 = CARTESIAN_POINT('',(4.95,12.735,3.467917139009));
#5650 = ORIENTED_EDGE('',*,*,#5309,.F.);
#5651 = ( BOUNDED_SURFACE() B_SPLINE_SURFACE(3,3,(
    (#5652,#5653,#5654,#5655)
    ,(#5656,#5657,#5658,#5659)
    ,(#5660,#5661,#5662,#5663)
    ,(#5664,#5665,#5666,#5667
)),.UNSPECIFIED.,.F.,.F.,.F.) B_SPLINE_SURFACE_WITH_KNOTS((4,4),(4,4),(
    0.,1.),(0.,1.),.PIECEWISE_BEZIER_KNOTS.) 
GEOMETRIC_REPRESENTATION_ITEM() RATIONAL_B_SPLINE_SURFACE((
    (1.,0.853886126146,0.853886126146,1.)
    ,(0.831249582027,0.709792485457,0.709792485457,0.831249582027)
    ,(0.831249582027,0.709792485457,0.709792485457,0.831249582027)
,(1.,0.853886126146,0.853886126146,1.
))) REPRESENTATION_ITEM('') SURFACE() );
#5652 = CARTESIAN_POINT('',(4.985603046709,12.735,3.459498222423));
#5653 = CARTESIAN_POINT('',(4.195177833015,12.735,3.637238564124));
#5654 = CARTESIAN_POINT('',(3.689033067548,12.735,4.269837270969));
#5655 = CARTESIAN_POINT('',(3.689033067548,12.735,5.08));
#5656 = CARTESIAN_POINT('',(4.973902936655,12.735,3.407466917086));
#5657 = CARTESIAN_POINT('',(4.158098635935,12.735,3.590914171373));
#5658 = CARTESIAN_POINT('',(3.635702501169,12.735,4.243824448947));
#5659 = CARTESIAN_POINT('',(3.635702501169,12.735,5.08));
#5660 = CARTESIAN_POINT('',(4.965164424294,12.699537031119,
    3.368606068535));
#5661 = CARTESIAN_POINT('',(4.130405133863,12.699537031119,
    3.556315669581));
#5662 = CARTESIAN_POINT('',(3.595871267841,12.699537031119,
    4.224396138808));
#5663 = CARTESIAN_POINT('',(3.595871267841,12.699537031119,5.08));
#5664 = CARTESIAN_POINT('',(4.963811392466,12.646564265821,
    3.362589030075));
#5665 = CARTESIAN_POINT('',(4.126117196948,12.646564265821,
    3.550958593664));
#5666 = CARTESIAN_POINT('',(3.589703979381,12.646564265821,
    4.221387946922));
#5667 = CARTESIAN_POINT('',(3.589703979381,12.646564265821,5.08));
#5668 = ADVANCED_FACE('',(#5669),#5731,.T.);
#5669 = FACE_BOUND('',#5670,.T.);
#5670 = EDGE_LOOP('',(#5671,#5692,#5693,#5694,#5715,#5724));
#5671 = ORIENTED_EDGE('',*,*,#5672,.F.);
#5672 = EDGE_CURVE('',#2770,#5673,#5675,.T.);
#5673 = VERTEX_POINT('',#5674);
#5674 = CARTESIAN_POINT('',(5.75,12.735,6.692082860991));
#5675 = B_SPLINE_CURVE_WITH_KNOTS('',3,(#5676,#5677,#5678,#5679,#5680,
    #5681,#5682,#5683,#5684,#5685,#5686,#5687,#5688,#5689,#5690,#5691),
  .UNSPECIFIED.,.F.,.F.,(4,3,3,3,3,4),(8.348222229663E-15,
    3.308388942449E-05,6.613717211494E-05,9.966070390113E-05,
    1.340858777774E-04,1.469394654598E-04),.UNSPECIFIED.);
#5676 = CARTESIAN_POINT('',(5.75,12.646564265829,6.794246796765));
#5677 = CARTESIAN_POINT('',(5.75,12.657514255281,6.792937712265));
#5678 = CARTESIAN_POINT('',(5.749999999999,12.668385901917,
    6.789697409983));
#5679 = CARTESIAN_POINT('',(5.749999999999,12.678276810322,
    6.784820330738));
#5680 = CARTESIAN_POINT('',(5.749999999999,12.688162490615,
    6.779945829409));
#5681 = CARTESIAN_POINT('',(5.75,12.697339023276,6.773307792453));
#5682 = CARTESIAN_POINT('',(5.75,12.705093704529,6.765475017931));
#5683 = CARTESIAN_POINT('',(5.75,12.712959485277,6.757530025091));
#5684 = CARTESIAN_POINT('',(5.75,12.71957496778,6.748147016353));
#5685 = CARTESIAN_POINT('',(5.75,12.724458801314,6.738090098932));
#5686 = CARTESIAN_POINT('',(5.75,12.729472539204,6.727765679072));
#5687 = CARTESIAN_POINT('',(5.75,12.732797370823,6.716456345333));
#5688 = CARTESIAN_POINT('',(5.75,12.734202611741,6.705065273783));
#5689 = CARTESIAN_POINT('',(5.75,12.734733445149,6.700762266915));
#5690 = CARTESIAN_POINT('',(5.75,12.735,6.696418486922));
#5691 = CARTESIAN_POINT('',(5.75,12.735,6.692082860991));
#5692 = ORIENTED_EDGE('',*,*,#2769,.F.);
#5693 = ORIENTED_EDGE('',*,*,#5345,.F.);
#5694 = ORIENTED_EDGE('',*,*,#5695,.F.);
#5695 = EDGE_CURVE('',#5696,#5337,#5698,.T.);
#5696 = VERTEX_POINT('',#5697);
#5697 = CARTESIAN_POINT('',(5.75,12.735,3.467917139009));
#5698 = B_SPLINE_CURVE_WITH_KNOTS('',3,(#5699,#5700,#5701,#5702,#5703,
    #5704,#5705,#5706,#5707,#5708,#5709,#5710,#5711,#5712,#5713,#5714),
  .UNSPECIFIED.,.F.,.F.,(4,3,3,3,3,4),(0.,3.531517381803E-05,
    7.066450543868E-05,1.054618491195E-04,1.392987215172E-04,
    1.469974402523E-04),.UNSPECIFIED.);
#5699 = CARTESIAN_POINT('',(5.75,12.735,3.467917139009));
#5700 = CARTESIAN_POINT('',(5.75,12.735,3.456145414404));
#5701 = CARTESIAN_POINT('',(5.749999999999,12.732989442672,
    3.444210495068));
#5702 = CARTESIAN_POINT('',(5.749999999999,12.729108766958,3.43309681628
    ));
#5703 = CARTESIAN_POINT('',(5.749999999999,12.725225971482,
    3.421977066809));
#5704 = CARTESIAN_POINT('',(5.749999999997,12.719357020034,
    3.411368332958));
#5705 = CARTESIAN_POINT('',(5.749999999997,12.711959811877,
    3.402202841127));
#5706 = CARTESIAN_POINT('',(5.749999999997,12.704678748443,
    3.393181258116));
#5707 = CARTESIAN_POINT('',(5.749999999995,12.695704672545,
    3.385302786415));
#5708 = CARTESIAN_POINT('',(5.749999999995,12.685788475671,
    3.379296799044));
#5709 = CARTESIAN_POINT('',(5.749999999995,12.67614242097,3.373454429892
    ));
#5710 = CARTESIAN_POINT('',(5.749999999996,12.665328905784,
    3.369219543454));
#5711 = CARTESIAN_POINT('',(5.749999999996,12.654274157021,
    3.366989705259));
#5712 = CARTESIAN_POINT('',(5.749999999996,12.651722738222,
    3.366475062076));
#5713 = CARTESIAN_POINT('',(5.75,12.649148667891,3.366062171635));
#5714 = CARTESIAN_POINT('',(5.75,12.646564265825,3.365753203231));
#5715 = ORIENTED_EDGE('',*,*,#5716,.T.);
#5716 = EDGE_CURVE('',#5696,#5717,#5719,.T.);
#5717 = VERTEX_POINT('',#5718);
#5718 = CARTESIAN_POINT('',(7.010966932452,12.735,5.08));
#5719 = ( BOUNDED_CURVE() B_SPLINE_CURVE(3,(#5720,#5721,#5722,#5723),
.UNSPECIFIED.,.F.,.F.) B_SPLINE_CURVE_WITH_KNOTS((4,4),(0.,1.),
.PIECEWISE_BEZIER_KNOTS.) CURVE() GEOMETRIC_REPRESENTATION_ITEM() 
RATIONAL_B_SPLINE_CURVE((1.,0.858441486899,0.858441486899,1.)) 
REPRESENTATION_ITEM('') );
#5720 = CARTESIAN_POINT('',(5.75,12.735,3.467917139009));
#5721 = CARTESIAN_POINT('',(6.521332732297,12.735,3.659305001498));
#5722 = CARTESIAN_POINT('',(7.010966932452,12.735,4.285277722836));
#5723 = CARTESIAN_POINT('',(7.010966932452,12.735,5.08));
#5724 = ORIENTED_EDGE('',*,*,#5725,.T.);
#5725 = EDGE_CURVE('',#5717,#5673,#5726,.T.);
#5726 = ( BOUNDED_CURVE() B_SPLINE_CURVE(3,(#5727,#5728,#5729,#5730),
.UNSPECIFIED.,.F.,.F.) B_SPLINE_CURVE_WITH_KNOTS((4,4),(0.,1.),
.PIECEWISE_BEZIER_KNOTS.) CURVE() GEOMETRIC_REPRESENTATION_ITEM() 
RATIONAL_B_SPLINE_CURVE((1.,0.858441486899,0.858441486899,1.)) 
REPRESENTATION_ITEM('') );
#5727 = CARTESIAN_POINT('',(7.010966932452,12.735,5.08));
#5728 = CARTESIAN_POINT('',(7.010966932452,12.735,5.874722277164));
#5729 = CARTESIAN_POINT('',(6.521332732297,12.735,6.500694998502));
#5730 = CARTESIAN_POINT('',(5.75,12.735,6.692082860991));
#5731 = ( BOUNDED_SURFACE() B_SPLINE_SURFACE(3,3,(
    (#5732,#5733,#5734,#5735)
    ,(#5736,#5737,#5738,#5739)
    ,(#5740,#5741,#5742,#5743)
    ,(#5744,#5745,#5746,#5747
)),.UNSPECIFIED.,.F.,.F.,.F.) B_SPLINE_SURFACE_WITH_KNOTS((4,4),(4,4),(
    0.,1.),(0.,1.),.PIECEWISE_BEZIER_KNOTS.) 
GEOMETRIC_REPRESENTATION_ITEM() RATIONAL_B_SPLINE_SURFACE((
    (1.,0.474352112318,0.474352112318,1.)
    ,(0.831249582034,0.394304995101,0.394304995101,0.831249582034)
    ,(0.831249582034,0.394304995101,0.394304995101,0.831249582034)
,(1.,0.474352112318,0.474352112318,1.
))) REPRESENTATION_ITEM('') SURFACE() );
#5732 = CARTESIAN_POINT('',(5.701341293123,12.735,6.703382409183));
#5733 = CARTESIAN_POINT('',(7.931257721595,12.735,6.22077170877));
#5734 = CARTESIAN_POINT('',(7.931257721594,12.735,3.939228291229));
#5735 = CARTESIAN_POINT('',(5.701341293122,12.735,3.456617590816));
#5736 = CARTESIAN_POINT('',(5.712622210153,12.735,6.755506206254));
#5737 = CARTESIAN_POINT('',(8.014137117668,12.735,6.257399771705));
#5738 = CARTESIAN_POINT('',(8.014137117667,12.735,3.902600228293));
#5739 = CARTESIAN_POINT('',(5.712622210152,12.735,3.404493793745));
#5740 = CARTESIAN_POINT('',(5.721047637987,12.699537031121,
    6.794436134513));
#5741 = CARTESIAN_POINT('',(8.076037614648,12.699537031121,
    6.284756333246));
#5742 = CARTESIAN_POINT('',(8.076037614648,12.699537031121,
    3.875243666752));
#5743 = CARTESIAN_POINT('',(5.721047637986,12.699537031121,
    3.365563865487));
#5744 = CARTESIAN_POINT('',(5.722352193219,12.646564265824,
    6.800463868964));
#5745 = CARTESIAN_POINT('',(8.085622008324,12.646564265824,
    6.288992099811));
#5746 = CARTESIAN_POINT('',(8.085622008323,12.646564265824,
    3.871007900188));
#5747 = CARTESIAN_POINT('',(5.722352193218,12.646564265824,
    3.359536131036));
#5748 = ADVANCED_FACE('',(#5749),#5759,.T.);
#5749 = FACE_BOUND('',#5750,.T.);
#5750 = EDGE_LOOP('',(#5751,#5757,#5758));
#5751 = ORIENTED_EDGE('',*,*,#5752,.T.);
#5752 = EDGE_CURVE('',#2062,#5364,#5753,.T.);
#5753 = LINE('',#5754,#5755);
#5754 = CARTESIAN_POINT('',(4.95,12.735,0.));
#5755 = VECTOR('',#5756,1.);
#5756 = DIRECTION('',(-0.,-0.,-1.));
#5757 = ORIENTED_EDGE('',*,*,#5363,.F.);
#5758 = ORIENTED_EDGE('',*,*,#2061,.F.);
#5759 = PLANE('',#5760);
#5760 = AXIS2_PLACEMENT_3D('',#5761,#5762,#5763);
#5761 = CARTESIAN_POINT('',(5.35,12.735,0.));
#5762 = DIRECTION('',(1.171453342316E-15,1.,-0.));
#5763 = DIRECTION('',(-1.,1.171453342316E-15,0.));
#5764 = ADVANCED_FACE('',(#5765),#5775,.T.);
#5765 = FACE_BOUND('',#5766,.T.);
#5766 = EDGE_LOOP('',(#5767,#5773,#5774));
#5767 = ORIENTED_EDGE('',*,*,#5768,.T.);
#5768 = EDGE_CURVE('',#5436,#5413,#5769,.T.);
#5769 = LINE('',#5770,#5771);
#5770 = CARTESIAN_POINT('',(5.75,12.735,0.));
#5771 = VECTOR('',#5772,1.);
#5772 = DIRECTION('',(0.,0.,1.));
#5773 = ORIENTED_EDGE('',*,*,#5465,.F.);
#5774 = ORIENTED_EDGE('',*,*,#5456,.F.);
#5775 = PLANE('',#5776);
#5776 = AXIS2_PLACEMENT_3D('',#5777,#5778,#5779);
#5777 = CARTESIAN_POINT('',(5.35,12.735,0.));
#5778 = DIRECTION('',(1.171453342316E-15,1.,-0.));
#5779 = DIRECTION('',(-1.,1.171453342316E-15,0.));
#5780 = ADVANCED_FACE('',(#5781),#5791,.T.);
#5781 = FACE_BOUND('',#5782,.T.);
#5782 = EDGE_LOOP('',(#5783,#5789,#5790));
#5783 = ORIENTED_EDGE('',*,*,#5784,.T.);
#5784 = EDGE_CURVE('',#2130,#5494,#5785,.T.);
#5785 = LINE('',#5786,#5787);
#5786 = CARTESIAN_POINT('',(4.95,12.735,-5.08));
#5787 = VECTOR('',#5788,1.);
#5788 = DIRECTION('',(-0.,-0.,-1.));
#5789 = ORIENTED_EDGE('',*,*,#5493,.F.);
#5790 = ORIENTED_EDGE('',*,*,#2129,.F.);
#5791 = PLANE('',#5792);
#5792 = AXIS2_PLACEMENT_3D('',#5793,#5794,#5795);
#5793 = CARTESIAN_POINT('',(5.35,12.735,-5.08));
#5794 = DIRECTION('',(1.171453342316E-15,1.,-0.));
#5795 = DIRECTION('',(-1.,1.171453342316E-15,0.));
#5796 = ADVANCED_FACE('',(#5797),#5807,.T.);
#5797 = FACE_BOUND('',#5798,.T.);
#5798 = EDGE_LOOP('',(#5799,#5805,#5806));
#5799 = ORIENTED_EDGE('',*,*,#5800,.T.);
#5800 = EDGE_CURVE('',#5566,#5543,#5801,.T.);
#5801 = LINE('',#5802,#5803);
#5802 = CARTESIAN_POINT('',(5.75,12.735,-5.08));
#5803 = VECTOR('',#5804,1.);
#5804 = DIRECTION('',(0.,0.,1.));
#5805 = ORIENTED_EDGE('',*,*,#5595,.F.);
#5806 = ORIENTED_EDGE('',*,*,#5586,.F.);
#5807 = PLANE('',#5808);
#5808 = AXIS2_PLACEMENT_3D('',#5809,#5810,#5811);
#5809 = CARTESIAN_POINT('',(5.35,12.735,-5.08));
#5810 = DIRECTION('',(1.171453342316E-15,1.,-0.));
#5811 = DIRECTION('',(-1.,1.171453342316E-15,0.));
#5812 = ADVANCED_FACE('',(#5813),#5823,.T.);
#5813 = FACE_BOUND('',#5814,.T.);
#5814 = EDGE_LOOP('',(#5815,#5821,#5822));
#5815 = ORIENTED_EDGE('',*,*,#5816,.T.);
#5816 = EDGE_CURVE('',#2198,#5624,#5817,.T.);
#5817 = LINE('',#5818,#5819);
#5818 = CARTESIAN_POINT('',(4.95,12.735,5.08));
#5819 = VECTOR('',#5820,1.);
#5820 = DIRECTION('',(-0.,-0.,-1.));
#5821 = ORIENTED_EDGE('',*,*,#5623,.F.);
#5822 = ORIENTED_EDGE('',*,*,#2197,.F.);
#5823 = PLANE('',#5824);
#5824 = AXIS2_PLACEMENT_3D('',#5825,#5826,#5827);
#5825 = CARTESIAN_POINT('',(5.35,12.735,5.08));
#5826 = DIRECTION('',(1.171453342316E-15,1.,-0.));
#5827 = DIRECTION('',(-1.,1.171453342316E-15,0.));
#5828 = ADVANCED_FACE('',(#5829),#5839,.T.);
#5829 = FACE_BOUND('',#5830,.T.);
#5830 = EDGE_LOOP('',(#5831,#5837,#5838));
#5831 = ORIENTED_EDGE('',*,*,#5832,.T.);
#5832 = EDGE_CURVE('',#5696,#5673,#5833,.T.);
#5833 = LINE('',#5834,#5835);
#5834 = CARTESIAN_POINT('',(5.75,12.735,5.08));
#5835 = VECTOR('',#5836,1.);
#5836 = DIRECTION('',(0.,0.,1.));
#5837 = ORIENTED_EDGE('',*,*,#5725,.F.);
#5838 = ORIENTED_EDGE('',*,*,#5716,.F.);
#5839 = PLANE('',#5840);
#5840 = AXIS2_PLACEMENT_3D('',#5841,#5842,#5843);
#5841 = CARTESIAN_POINT('',(5.35,12.735,5.08));
#5842 = DIRECTION('',(1.171453342316E-15,1.,-0.));
#5843 = DIRECTION('',(-1.,1.171453342316E-15,0.));
#5844 = ADVANCED_FACE('',(#5845),#5858,.T.);
#5845 = FACE_BOUND('',#5846,.T.);
#5846 = EDGE_LOOP('',(#5847,#5848,#5849,#5850,#5851,#5852));
#5847 = ORIENTED_EDGE('',*,*,#5210,.T.);
#5848 = ORIENTED_EDGE('',*,*,#5372,.T.);
#5849 = ORIENTED_EDGE('',*,*,#5752,.F.);
#5850 = ORIENTED_EDGE('',*,*,#2090,.T.);
#5851 = ORIENTED_EDGE('',*,*,#2680,.T.);
#5852 = ORIENTED_EDGE('',*,*,#5853,.T.);
#5853 = EDGE_CURVE('',#2672,#5211,#5854,.T.);
#5854 = LINE('',#5855,#5856);
#5855 = CARTESIAN_POINT('',(4.95,11.935,1.96));
#5856 = VECTOR('',#5857,1.);
#5857 = DIRECTION('',(-1.931148907735E-16,2.262250842477E-31,-1.));
#5858 = PLANE('',#5859);
#5859 = AXIS2_PLACEMENT_3D('',#5860,#5861,#5862);
#5860 = CARTESIAN_POINT('',(4.95,11.935,1.96));
#5861 = DIRECTION('',(1.,-1.171453342316E-15,-1.931148907735E-16));
#5862 = DIRECTION('',(1.171453342316E-15,1.,0.));
#5863 = ADVANCED_FACE('',(#5864),#5877,.T.);
#5864 = FACE_BOUND('',#5865,.T.);
#5865 = EDGE_LOOP('',(#5866,#5867,#5873,#5874,#5875,#5876));
#5866 = ORIENTED_EDGE('',*,*,#5228,.T.);
#5867 = ORIENTED_EDGE('',*,*,#5868,.T.);
#5868 = EDGE_CURVE('',#5220,#2663,#5869,.T.);
#5869 = LINE('',#5870,#5871);
#5870 = CARTESIAN_POINT('',(5.75,11.935,-1.97));
#5871 = VECTOR('',#5872,1.);
#5872 = DIRECTION('',(5.517568307814E-16,-6.463573835647E-31,1.));
#5873 = ORIENTED_EDGE('',*,*,#2662,.T.);
#5874 = ORIENTED_EDGE('',*,*,#5412,.T.);
#5875 = ORIENTED_EDGE('',*,*,#5768,.F.);
#5876 = ORIENTED_EDGE('',*,*,#5435,.T.);
#5877 = PLANE('',#5878);
#5878 = AXIS2_PLACEMENT_3D('',#5879,#5880,#5881);
#5879 = CARTESIAN_POINT('',(5.75,11.935,-1.97));
#5880 = DIRECTION('',(-1.,1.171453342316E-15,5.517568307814E-16));
#5881 = DIRECTION('',(-1.171453342316E-15,-1.,0.));
#5882 = ADVANCED_FACE('',(#5883),#5896,.T.);
#5883 = FACE_BOUND('',#5884,.T.);
#5884 = EDGE_LOOP('',(#5885,#5886,#5887,#5888,#5889,#5890));
#5885 = ORIENTED_EDGE('',*,*,#5264,.T.);
#5886 = ORIENTED_EDGE('',*,*,#5502,.T.);
#5887 = ORIENTED_EDGE('',*,*,#5784,.F.);
#5888 = ORIENTED_EDGE('',*,*,#2158,.T.);
#5889 = ORIENTED_EDGE('',*,*,#2738,.T.);
#5890 = ORIENTED_EDGE('',*,*,#5891,.T.);
#5891 = EDGE_CURVE('',#2730,#5265,#5892,.T.);
#5892 = LINE('',#5893,#5894);
#5893 = CARTESIAN_POINT('',(4.95,11.935,-3.12));
#5894 = VECTOR('',#5895,1.);
#5895 = DIRECTION('',(-1.931148907735E-16,2.262250842477E-31,-1.));
#5896 = PLANE('',#5897);
#5897 = AXIS2_PLACEMENT_3D('',#5898,#5899,#5900);
#5898 = CARTESIAN_POINT('',(4.95,11.935,-3.12));
#5899 = DIRECTION('',(1.,-1.171453342316E-15,-1.931148907735E-16));
#5900 = DIRECTION('',(1.171453342316E-15,1.,0.));
#5901 = ADVANCED_FACE('',(#5902),#5915,.T.);
#5902 = FACE_BOUND('',#5903,.T.);
#5903 = EDGE_LOOP('',(#5904,#5905,#5911,#5912,#5913,#5914));
#5904 = ORIENTED_EDGE('',*,*,#5282,.T.);
#5905 = ORIENTED_EDGE('',*,*,#5906,.T.);
#5906 = EDGE_CURVE('',#5274,#2721,#5907,.T.);
#5907 = LINE('',#5908,#5909);
#5908 = CARTESIAN_POINT('',(5.75,11.935,-7.05));
#5909 = VECTOR('',#5910,1.);
#5910 = DIRECTION('',(5.517568307814E-16,-6.463573835647E-31,1.));
#5911 = ORIENTED_EDGE('',*,*,#2720,.T.);
#5912 = ORIENTED_EDGE('',*,*,#5542,.T.);
#5913 = ORIENTED_EDGE('',*,*,#5800,.F.);
#5914 = ORIENTED_EDGE('',*,*,#5565,.T.);
#5915 = PLANE('',#5916);
#5916 = AXIS2_PLACEMENT_3D('',#5917,#5918,#5919);
#5917 = CARTESIAN_POINT('',(5.75,11.935,-7.05));
#5918 = DIRECTION('',(-1.,1.171453342316E-15,5.517568307814E-16));
#5919 = DIRECTION('',(-1.171453342316E-15,-1.,0.));
#5920 = ADVANCED_FACE('',(#5921),#5934,.T.);
#5921 = FACE_BOUND('',#5922,.T.);
#5922 = EDGE_LOOP('',(#5923,#5924,#5925,#5926,#5927,#5928));
#5923 = ORIENTED_EDGE('',*,*,#5318,.T.);
#5924 = ORIENTED_EDGE('',*,*,#5632,.T.);
#5925 = ORIENTED_EDGE('',*,*,#5816,.F.);
#5926 = ORIENTED_EDGE('',*,*,#2226,.T.);
#5927 = ORIENTED_EDGE('',*,*,#2796,.T.);
#5928 = ORIENTED_EDGE('',*,*,#5929,.T.);
#5929 = EDGE_CURVE('',#2788,#5319,#5930,.T.);
#5930 = LINE('',#5931,#5932);
#5931 = CARTESIAN_POINT('',(4.95,11.935,7.04));
#5932 = VECTOR('',#5933,1.);
#5933 = DIRECTION('',(-1.931148907735E-16,2.262250842477E-31,-1.));
#5934 = PLANE('',#5935);
#5935 = AXIS2_PLACEMENT_3D('',#5936,#5937,#5938);
#5936 = CARTESIAN_POINT('',(4.95,11.935,7.04));
#5937 = DIRECTION('',(1.,-1.171453342316E-15,-1.931148907735E-16));
#5938 = DIRECTION('',(1.171453342316E-15,1.,0.));
#5939 = ADVANCED_FACE('',(#5940),#5953,.T.);
#5940 = FACE_BOUND('',#5941,.T.);
#5941 = EDGE_LOOP('',(#5942,#5943,#5949,#5950,#5951,#5952));
#5942 = ORIENTED_EDGE('',*,*,#5336,.T.);
#5943 = ORIENTED_EDGE('',*,*,#5944,.T.);
#5944 = EDGE_CURVE('',#5328,#2779,#5945,.T.);
#5945 = LINE('',#5946,#5947);
#5946 = CARTESIAN_POINT('',(5.75,11.935,3.11));
#5947 = VECTOR('',#5948,1.);
#5948 = DIRECTION('',(5.517568307814E-16,-6.463573835647E-31,1.));
#5949 = ORIENTED_EDGE('',*,*,#2778,.T.);
#5950 = ORIENTED_EDGE('',*,*,#5672,.T.);
#5951 = ORIENTED_EDGE('',*,*,#5832,.F.);
#5952 = ORIENTED_EDGE('',*,*,#5695,.T.);
#5953 = PLANE('',#5954);
#5954 = AXIS2_PLACEMENT_3D('',#5955,#5956,#5957);
#5955 = CARTESIAN_POINT('',(5.75,11.935,3.11));
#5956 = DIRECTION('',(-1.,1.171453342316E-15,5.517568307814E-16));
#5957 = DIRECTION('',(-1.171453342316E-15,-1.,0.));
#5958 = ADVANCED_FACE('',(#5959),#5965,.F.);
#5959 = FACE_BOUND('',#5960,.T.);
#5960 = EDGE_LOOP('',(#5961,#5962,#5963,#5964));
#5961 = ORIENTED_EDGE('',*,*,#2671,.F.);
#5962 = ORIENTED_EDGE('',*,*,#5868,.F.);
#5963 = ORIENTED_EDGE('',*,*,#5219,.F.);
#5964 = ORIENTED_EDGE('',*,*,#5853,.F.);
#5965 = PLANE('',#5966);
#5966 = AXIS2_PLACEMENT_3D('',#5967,#5968,#5969);
#5967 = CARTESIAN_POINT('',(4.95,11.935,-1.97));
#5968 = DIRECTION('',(-1.084202172486E-15,-1.,0.));
#5969 = DIRECTION('',(1.,-1.084202172486E-15,0.));
#5970 = ADVANCED_FACE('',(#5971),#5977,.F.);
#5971 = FACE_BOUND('',#5972,.T.);
#5972 = EDGE_LOOP('',(#5973,#5974,#5975,#5976));
#5973 = ORIENTED_EDGE('',*,*,#2729,.F.);
#5974 = ORIENTED_EDGE('',*,*,#5906,.F.);
#5975 = ORIENTED_EDGE('',*,*,#5273,.F.);
#5976 = ORIENTED_EDGE('',*,*,#5891,.F.);
#5977 = PLANE('',#5978);
#5978 = AXIS2_PLACEMENT_3D('',#5979,#5980,#5981);
#5979 = CARTESIAN_POINT('',(4.95,11.935,-7.05));
#5980 = DIRECTION('',(-1.084202172486E-15,-1.,0.));
#5981 = DIRECTION('',(1.,-1.084202172486E-15,0.));
#5982 = ADVANCED_FACE('',(#5983),#5989,.F.);
#5983 = FACE_BOUND('',#5984,.T.);
#5984 = EDGE_LOOP('',(#5985,#5986,#5987,#5988));
#5985 = ORIENTED_EDGE('',*,*,#2787,.F.);
#5986 = ORIENTED_EDGE('',*,*,#5944,.F.);
#5987 = ORIENTED_EDGE('',*,*,#5327,.F.);
#5988 = ORIENTED_EDGE('',*,*,#5929,.F.);
#5989 = PLANE('',#5990);
#5990 = AXIS2_PLACEMENT_3D('',#5991,#5992,#5993);
#5991 = CARTESIAN_POINT('',(4.95,11.935,3.11));
#5992 = DIRECTION('',(-1.084202172486E-15,-1.,0.));
#5993 = DIRECTION('',(1.,-1.084202172486E-15,0.));
#5994 = ( GEOMETRIC_REPRESENTATION_CONTEXT(3) 
GLOBAL_UNCERTAINTY_ASSIGNED_CONTEXT((#5998)) 
GLOBAL_UNIT_ASSIGNED_CONTEXT((#5995,#5996,#5997)) REPRESENTATION_CONTEXT
('Context #1','3D Context with UNIT and UNCERTAINTY') );
#5995 = ( LENGTH_UNIT() NAMED_UNIT(*) SI_UNIT(.MILLI.,.METRE.) );
#5996 = ( NAMED_UNIT(*) PLANE_ANGLE_UNIT() SI_UNIT($,.RADIAN.) );
#5997 = ( NAMED_UNIT(*) SI_UNIT($,.STERADIAN.) SOLID_ANGLE_UNIT() );
#5998 = UNCERTAINTY_MEASURE_WITH_UNIT(LENGTH_MEASURE(1.E-06),#5995,
  'distance_accuracy_value','confusion accuracy');
#5999 = CONTEXT_DEPENDENT_SHAPE_REPRESENTATION(#6000,#6002);
#6000 = ( REPRESENTATION_RELATIONSHIP('','',#1886,#1851) 
REPRESENTATION_RELATIONSHIP_WITH_TRANSFORMATION(#6001) 
SHAPE_REPRESENTATION_RELATIONSHIP() );
#6001 = ITEM_DEFINED_TRANSFORMATION('','',#11,#1852);
#6002 = PRODUCT_DEFINITION_SHAPE('Placement','Placement of an item',
  #6003);
#6003 = NEXT_ASSEMBLY_USAGE_OCCURRENCE('8','NAUO1','',#1846,#1881,$);
#6004 = PRODUCT_RELATED_PRODUCT_CATEGORY('part',$,(#1883));
#6005 = CONTEXT_DEPENDENT_SHAPE_REPRESENTATION(#6006,#6008);
#6006 = ( REPRESENTATION_RELATIONSHIP('','',#1886,#1851) 
REPRESENTATION_RELATIONSHIP_WITH_TRANSFORMATION(#6007) 
SHAPE_REPRESENTATION_RELATIONSHIP() );
#6007 = ITEM_DEFINED_TRANSFORMATION('','',#11,#1856);
#6008 = PRODUCT_DEFINITION_SHAPE('Placement','Placement of an item',
  #6009);
#6009 = NEXT_ASSEMBLY_USAGE_OCCURRENCE('9','NAUO2','',#1846,#1881,$);
#6010 = CONTEXT_DEPENDENT_SHAPE_REPRESENTATION(#6011,#6013);
#6011 = ( REPRESENTATION_RELATIONSHIP('','',#1886,#1851) 
REPRESENTATION_RELATIONSHIP_WITH_TRANSFORMATION(#6012) 
SHAPE_REPRESENTATION_RELATIONSHIP() );
#6012 = ITEM_DEFINED_TRANSFORMATION('','',#11,#1860);
#6013 = PRODUCT_DEFINITION_SHAPE('Placement','Placement of an item',
  #6014);
#6014 = NEXT_ASSEMBLY_USAGE_OCCURRENCE('10','NAUO3','',#1846,#1881,$);
#6015 = CONTEXT_DEPENDENT_SHAPE_REPRESENTATION(#6016,#6018);
#6016 = ( REPRESENTATION_RELATIONSHIP('','',#1886,#1851) 
REPRESENTATION_RELATIONSHIP_WITH_TRANSFORMATION(#6017) 
SHAPE_REPRESENTATION_RELATIONSHIP() );
#6017 = ITEM_DEFINED_TRANSFORMATION('','',#11,#1864);
#6018 = PRODUCT_DEFINITION_SHAPE('Placement','Placement of an item',
  #6019);
#6019 = NEXT_ASSEMBLY_USAGE_OCCURRENCE('11','NAUO4','',#1846,#1881,$);
#6020 = CONTEXT_DEPENDENT_SHAPE_REPRESENTATION(#6021,#6023);
#6021 = ( REPRESENTATION_RELATIONSHIP('','',#144,#10) 
REPRESENTATION_RELATIONSHIP_WITH_TRANSFORMATION(#6022) 
SHAPE_REPRESENTATION_RELATIONSHIP() );
#6022 = ITEM_DEFINED_TRANSFORMATION('','',#11,#47);
#6023 = PRODUCT_DEFINITION_SHAPE('Placement','Placement of an item',
  #6024);
#6024 = NEXT_ASSEMBLY_USAGE_OCCURRENCE('13','R12','',#5,#139,$);
#6025 = CONTEXT_DEPENDENT_SHAPE_REPRESENTATION(#6026,#6028);
#6026 = ( REPRESENTATION_RELATIONSHIP('','',#144,#10) 
REPRESENTATION_RELATIONSHIP_WITH_TRANSFORMATION(#6027) 
SHAPE_REPRESENTATION_RELATIONSHIP() );
#6027 = ITEM_DEFINED_TRANSFORMATION('','',#11,#51);
#6028 = PRODUCT_DEFINITION_SHAPE('Placement','Placement of an item',
  #6029);
#6029 = NEXT_ASSEMBLY_USAGE_OCCURRENCE('14','R8','',#5,#139,$);
#6030 = CONTEXT_DEPENDENT_SHAPE_REPRESENTATION(#6031,#6033);
#6031 = ( REPRESENTATION_RELATIONSHIP('','',#953,#10) 
REPRESENTATION_RELATIONSHIP_WITH_TRANSFORMATION(#6032) 
SHAPE_REPRESENTATION_RELATIONSHIP() );
#6032 = ITEM_DEFINED_TRANSFORMATION('','',#11,#55);
#6033 = PRODUCT_DEFINITION_SHAPE('Placement','Placement of an item',
  #6034);
#6034 = NEXT_ASSEMBLY_USAGE_OCCURRENCE('15','C3','',#5,#948,$);
#6035 = CONTEXT_DEPENDENT_SHAPE_REPRESENTATION(#6036,#6038);
#6036 = ( REPRESENTATION_RELATIONSHIP('','',#1851,#10) 
REPRESENTATION_RELATIONSHIP_WITH_TRANSFORMATION(#6037) 
SHAPE_REPRESENTATION_RELATIONSHIP() );
#6037 = ITEM_DEFINED_TRANSFORMATION('','',#11,#59);
#6038 = PRODUCT_DEFINITION_SHAPE('Placement','Placement of an item',
  #6039);
#6039 = NEXT_ASSEMBLY_USAGE_OCCURRENCE('16','J2','',#5,#1846,$);
#6040 = CONTEXT_DEPENDENT_SHAPE_REPRESENTATION(#6041,#6043);
#6041 = ( REPRESENTATION_RELATIONSHIP('','',#144,#10) 
REPRESENTATION_RELATIONSHIP_WITH_TRANSFORMATION(#6042) 
SHAPE_REPRESENTATION_RELATIONSHIP() );
#6042 = ITEM_DEFINED_TRANSFORMATION('','',#11,#63);
#6043 = PRODUCT_DEFINITION_SHAPE('Placement','Placement of an item',
  #6044);
#6044 = NEXT_ASSEMBLY_USAGE_OCCURRENCE('17','R2','',#5,#139,$);
#6045 = SHAPE_DEFINITION_REPRESENTATION(#6046,#6052);
#6046 = PRODUCT_DEFINITION_SHAPE('','',#6047);
#6047 = PRODUCT_DEFINITION('design','',#6048,#6051);
#6048 = PRODUCT_DEFINITION_FORMATION('','',#6049);
#6049 = PRODUCT('Same_Sky_TB007-508-15GR','Same_Sky_TB007-508-15GR','',(
    #6050));
#6050 = PRODUCT_CONTEXT('',#2,'mechanical');
#6051 = PRODUCT_DEFINITION_CONTEXT('part definition',#2,'design');
#6052 = SHAPE_REPRESENTATION('',(#11,#6053,#6057,#6061,#6065,#6069),
  #6073);
#6053 = AXIS2_PLACEMENT_3D('',#6054,#6055,#6056);
#6054 = CARTESIAN_POINT('',(0.,0.,-10.16));
#6055 = DIRECTION('',(0.,0.,1.));
#6056 = DIRECTION('',(1.,0.,0.));
#6057 = AXIS2_PLACEMENT_3D('',#6058,#6059,#6060);
#6058 = CARTESIAN_POINT('',(0.,0.,-25.4));
#6059 = DIRECTION('',(0.,0.,1.));
#6060 = DIRECTION('',(1.,0.,0.));
#6061 = AXIS2_PLACEMENT_3D('',#6062,#6063,#6064);
#6062 = CARTESIAN_POINT('',(0.,0.,-40.64));
#6063 = DIRECTION('',(0.,0.,1.));
#6064 = DIRECTION('',(1.,0.,0.));
#6065 = AXIS2_PLACEMENT_3D('',#6066,#6067,#6068);
#6066 = CARTESIAN_POINT('',(0.,0.,-55.88));
#6067 = DIRECTION('',(0.,0.,1.));
#6068 = DIRECTION('',(1.,0.,0.));
#6069 = AXIS2_PLACEMENT_3D('',#6070,#6071,#6072);
#6070 = CARTESIAN_POINT('',(0.,0.,-71.12));
#6071 = DIRECTION('',(0.,0.,1.));
#6072 = DIRECTION('',(1.,0.,0.));
#6073 = ( GEOMETRIC_REPRESENTATION_CONTEXT(3) 
GLOBAL_UNCERTAINTY_ASSIGNED_CONTEXT((#6077)) 
GLOBAL_UNIT_ASSIGNED_CONTEXT((#6074,#6075,#6076)) REPRESENTATION_CONTEXT
('Context #1','3D Context with UNIT and UNCERTAINTY') );
#6074 = ( LENGTH_UNIT() NAMED_UNIT(*) SI_UNIT(.MILLI.,.METRE.) );
#6075 = ( NAMED_UNIT(*) PLANE_ANGLE_UNIT() SI_UNIT($,.RADIAN.) );
#6076 = ( NAMED_UNIT(*) SI_UNIT($,.STERADIAN.) SOLID_ANGLE_UNIT() );
#6077 = UNCERTAINTY_MEASURE_WITH_UNIT(LENGTH_MEASURE(1.E-06),#6074,
  'distance_accuracy_value','confusion accuracy');
#6078 = CONTEXT_DEPENDENT_SHAPE_REPRESENTATION(#6079,#6081);
#6079 = ( REPRESENTATION_RELATIONSHIP('','',#6052,#10) 
REPRESENTATION_RELATIONSHIP_WITH_TRANSFORMATION(#6080) 
SHAPE_REPRESENTATION_RELATIONSHIP() );
#6080 = ITEM_DEFINED_TRANSFORMATION('','',#11,#67);
#6081 = PRODUCT_DEFINITION_SHAPE('Placement','Placement of an item',
  #6082);
#6082 = NEXT_ASSEMBLY_USAGE_OCCURRENCE('23','J4','',#5,#6047,$);
#6083 = PRODUCT_RELATED_PRODUCT_CATEGORY('part',$,(#6049));
#6084 = SHAPE_DEFINITION_REPRESENTATION(#6085,#6091);
#6085 = PRODUCT_DEFINITION_SHAPE('','',#6086);
#6086 = PRODUCT_DEFINITION('design','',#6087,#6090);
#6087 = PRODUCT_DEFINITION_FORMATION('','',#6088);
#6088 = PRODUCT('TB007-508-03P_Green - S','TB007-508-03P_Green - S','',(
    #6089));
#6089 = PRODUCT_CONTEXT('',#2,'mechanical');
#6090 = PRODUCT_DEFINITION_CONTEXT('part definition',#2,'design');
#6091 = ADVANCED_BREP_SHAPE_REPRESENTATION('',(#11,#6092),#10199);
#6092 = MANIFOLD_SOLID_BREP('',#6093);
#6093 = CLOSED_SHELL('',(#6094,#6150,#6206,#6262,#6330,#6398,#6466,#6512
    ,#6558,#6604,#6646,#6688,#6730,#6766,#6802,#6838,#6896,#6954,#7012,
    #7282,#7347,#7372,#7397,#7462,#7487,#7512,#7577,#7602,#7627,#7658,
    #7787,#7913,#8035,#8059,#8083,#8107,#8131,#8148,#8172,#8196,#8220,
    #8244,#8261,#8285,#8309,#8333,#8357,#8374,#8391,#8408,#8432,#8456,
    #8480,#8504,#8526,#8578,#8609,#8633,#8657,#8674,#8705,#8729,#8753,
    #8770,#8801,#8825,#8849,#8866,#8883,#8907,#8931,#8948,#8972,#8996,
    #9013,#9029,#9045,#9061,#9073,#9090,#9102,#9119,#9131,#9143,#9155,
    #9173,#9191,#9209,#9221,#9233,#9245,#9257,#9269,#9289,#9309,#9329,
    #9353,#9377,#9401,#9455,#9509,#9563,#9613,#9693,#9743,#9823,#9873,
    #9953,#9969,#9985,#10001,#10017,#10033,#10049,#10068,#10087,#10106,
    #10125,#10144,#10163,#10175,#10187));
#6094 = ADVANCED_FACE('',(#6095),#6133,.T.);
#6095 = FACE_BOUND('',#6096,.T.);
#6096 = EDGE_LOOP('',(#6097,#6108,#6117,#6126));
#6097 = ORIENTED_EDGE('',*,*,#6098,.F.);
#6098 = EDGE_CURVE('',#6099,#6101,#6103,.T.);
#6099 = VERTEX_POINT('',#6100);
#6100 = CARTESIAN_POINT('',(7.25,11.435,2.32682891838E-16));
#6101 = VERTEX_POINT('',#6102);
#6102 = CARTESIAN_POINT('',(3.45,11.435,0.));
#6103 = CIRCLE('',#6104,1.9);
#6104 = AXIS2_PLACEMENT_3D('',#6105,#6106,#6107);
#6105 = CARTESIAN_POINT('',(5.35,11.435,0.));
#6106 = DIRECTION('',(1.171453342316E-15,1.,0.));
#6107 = DIRECTION('',(-1.,1.171453342316E-15,0.));
#6108 = ORIENTED_EDGE('',*,*,#6109,.T.);
#6109 = EDGE_CURVE('',#6099,#6110,#6112,.T.);
#6110 = VERTEX_POINT('',#6111);
#6111 = CARTESIAN_POINT('',(7.05,11.235,1.24913973513E-16));
#6112 = CIRCLE('',#6113,0.2);
#6113 = AXIS2_PLACEMENT_3D('',#6114,#6115,#6116);
#6114 = CARTESIAN_POINT('',(7.05,11.435,2.081899558551E-16));
#6115 = DIRECTION('',(1.224646799147E-16,-1.434616586018E-31,-1.));
#6116 = DIRECTION('',(1.,-3.889384548663E-62,1.224646799147E-16));
#6117 = ORIENTED_EDGE('',*,*,#6118,.T.);
#6118 = EDGE_CURVE('',#6110,#6119,#6121,.T.);
#6119 = VERTEX_POINT('',#6120);
#6120 = CARTESIAN_POINT('',(3.65,11.235,0.));
#6121 = ( BOUNDED_CURVE() B_SPLINE_CURVE(3,(#6122,#6123,#6124,#6125),
.UNSPECIFIED.,.F.,.F.) B_SPLINE_CURVE_WITH_KNOTS((4,4),(0.,1.),
.PIECEWISE_BEZIER_KNOTS.) CURVE() GEOMETRIC_REPRESENTATION_ITEM() 
RATIONAL_B_SPLINE_CURVE((1.,0.333333333333,0.333333333333,1.)) 
REPRESENTATION_ITEM('') );
#6122 = CARTESIAN_POINT('',(7.05,11.235,1.24913973513E-16));
#6123 = CARTESIAN_POINT('',(7.05,11.235,-3.399999999999));
#6124 = CARTESIAN_POINT('',(3.65,11.235,-3.399999999999));
#6125 = CARTESIAN_POINT('',(3.65,11.235,0.));
#6126 = ORIENTED_EDGE('',*,*,#6127,.F.);
#6127 = EDGE_CURVE('',#6101,#6119,#6128,.T.);
#6128 = CIRCLE('',#6129,0.2);
#6129 = AXIS2_PLACEMENT_3D('',#6130,#6131,#6132);
#6130 = CARTESIAN_POINT('',(3.65,11.435,0.));
#6131 = DIRECTION('',(0.,0.,1.));
#6132 = DIRECTION('',(-1.,0.,0.));
#6133 = ( BOUNDED_SURFACE() B_SPLINE_SURFACE(3,3,(
    (#6134,#6135,#6136,#6137)
    ,(#6138,#6139,#6140,#6141)
    ,(#6142,#6143,#6144,#6145)
    ,(#6146,#6147,#6148,#6149
)),.UNSPECIFIED.,.F.,.F.,.F.) B_SPLINE_SURFACE_WITH_KNOTS((4,4),(4,4),(
    0.,1.),(0.,1.),.PIECEWISE_BEZIER_KNOTS.) 
GEOMETRIC_REPRESENTATION_ITEM() RATIONAL_B_SPLINE_SURFACE((
    (1.,0.333333333333,0.333333333333,1.)
    ,(0.804737854124,0.268245951375,0.268245951375,0.804737854124)
    ,(0.804737854124,0.268245951375,0.268245951375,0.804737854124)
,(1.,0.333333333333,0.333333333333,1.
))) REPRESENTATION_ITEM('') SURFACE() );
#6134 = CARTESIAN_POINT('',(7.25,11.435,2.32682891838E-16));
#6135 = CARTESIAN_POINT('',(7.25,11.435,-3.8));
#6136 = CARTESIAN_POINT('',(3.45,11.435,-3.8));
#6137 = CARTESIAN_POINT('',(3.45,11.435,-4.65365783676E-16));
#6138 = CARTESIAN_POINT('',(7.25,11.317842712474,2.32682891838E-16));
#6139 = CARTESIAN_POINT('',(7.25,11.317842712474,-3.8));
#6140 = CARTESIAN_POINT('',(3.45,11.317842712474,-3.8));
#6141 = CARTESIAN_POINT('',(3.45,11.317842712474,-4.65365783676E-16));
#6142 = CARTESIAN_POINT('',(7.167157287525,11.235,2.225375855715E-16));
#6143 = CARTESIAN_POINT('',(7.167157287525,11.235,-3.63431457505));
#6144 = CARTESIAN_POINT('',(3.532842712475,11.235,-3.63431457505));
#6145 = CARTESIAN_POINT('',(3.532842712475,11.235,-4.45075171143E-16));
#6146 = CARTESIAN_POINT('',(7.05,11.235,2.08189955855E-16));
#6147 = CARTESIAN_POINT('',(7.05,11.235,-3.399999999999));
#6148 = CARTESIAN_POINT('',(3.65,11.235,-3.399999999999));
#6149 = CARTESIAN_POINT('',(3.65,11.235,-4.1637991171E-16));
#6150 = ADVANCED_FACE('',(#6151),#6189,.T.);
#6151 = FACE_BOUND('',#6152,.T.);
#6152 = EDGE_LOOP('',(#6153,#6164,#6173,#6182));
#6153 = ORIENTED_EDGE('',*,*,#6154,.F.);
#6154 = EDGE_CURVE('',#6155,#6157,#6159,.T.);
#6155 = VERTEX_POINT('',#6156);
#6156 = CARTESIAN_POINT('',(7.25,11.435,-5.08));
#6157 = VERTEX_POINT('',#6158);
#6158 = CARTESIAN_POINT('',(3.45,11.435,-5.08));
#6159 = CIRCLE('',#6160,1.9);
#6160 = AXIS2_PLACEMENT_3D('',#6161,#6162,#6163);
#6161 = CARTESIAN_POINT('',(5.35,11.435,-5.08));
#6162 = DIRECTION('',(1.171453342316E-15,1.,0.));
#6163 = DIRECTION('',(-1.,1.171453342316E-15,0.));
#6164 = ORIENTED_EDGE('',*,*,#6165,.T.);
#6165 = EDGE_CURVE('',#6155,#6166,#6168,.T.);
#6166 = VERTEX_POINT('',#6167);
#6167 = CARTESIAN_POINT('',(7.05,11.235,-5.08));
#6168 = CIRCLE('',#6169,0.2);
#6169 = AXIS2_PLACEMENT_3D('',#6170,#6171,#6172);
#6170 = CARTESIAN_POINT('',(7.05,11.435,-5.08));
#6171 = DIRECTION('',(1.224646799147E-16,-1.434616586018E-31,-1.));
#6172 = DIRECTION('',(1.,1.756898610071E-47,1.224646799147E-16));
#6173 = ORIENTED_EDGE('',*,*,#6174,.T.);
#6174 = EDGE_CURVE('',#6166,#6175,#6177,.T.);
#6175 = VERTEX_POINT('',#6176);
#6176 = CARTESIAN_POINT('',(3.65,11.235,-5.08));
#6177 = ( BOUNDED_CURVE() B_SPLINE_CURVE(3,(#6178,#6179,#6180,#6181),
.UNSPECIFIED.,.F.,.F.) B_SPLINE_CURVE_WITH_KNOTS((4,4),(0.,1.),
.PIECEWISE_BEZIER_KNOTS.) CURVE() GEOMETRIC_REPRESENTATION_ITEM() 
RATIONAL_B_SPLINE_CURVE((1.,0.333333333333,0.333333333333,1.)) 
REPRESENTATION_ITEM('') );
#6178 = CARTESIAN_POINT('',(7.05,11.235,-5.08));
#6179 = CARTESIAN_POINT('',(7.05,11.235,-8.479999999999));
#6180 = CARTESIAN_POINT('',(3.65,11.235,-8.479999999999));
#6181 = CARTESIAN_POINT('',(3.65,11.235,-5.08));
#6182 = ORIENTED_EDGE('',*,*,#6183,.F.);
#6183 = EDGE_CURVE('',#6157,#6175,#6184,.T.);
#6184 = CIRCLE('',#6185,0.2);
#6185 = AXIS2_PLACEMENT_3D('',#6186,#6187,#6188);
#6186 = CARTESIAN_POINT('',(3.65,11.435,-5.08));
#6187 = DIRECTION('',(0.,0.,1.));
#6188 = DIRECTION('',(-1.,0.,0.));
#6189 = ( BOUNDED_SURFACE() B_SPLINE_SURFACE(3,3,(
    (#6190,#6191,#6192,#6193)
    ,(#6194,#6195,#6196,#6197)
    ,(#6198,#6199,#6200,#6201)
    ,(#6202,#6203,#6204,#6205
)),.UNSPECIFIED.,.F.,.F.,.F.) B_SPLINE_SURFACE_WITH_KNOTS((4,4),(4,4),(
    0.,1.),(0.,1.),.PIECEWISE_BEZIER_KNOTS.) 
GEOMETRIC_REPRESENTATION_ITEM() RATIONAL_B_SPLINE_SURFACE((
    (1.,0.333333333333,0.333333333333,1.)
    ,(0.804737854124,0.268245951375,0.268245951375,0.804737854124)
    ,(0.804737854124,0.268245951375,0.268245951375,0.804737854124)
,(1.,0.333333333333,0.333333333333,1.
))) REPRESENTATION_ITEM('') SURFACE() );
#6190 = CARTESIAN_POINT('',(7.25,11.435,-5.08));
#6191 = CARTESIAN_POINT('',(7.25,11.435,-8.88));
#6192 = CARTESIAN_POINT('',(3.45,11.435,-8.88));
#6193 = CARTESIAN_POINT('',(3.45,11.435,-5.08));
#6194 = CARTESIAN_POINT('',(7.25,11.317842712474,-5.08));
#6195 = CARTESIAN_POINT('',(7.25,11.317842712474,-8.88));
#6196 = CARTESIAN_POINT('',(3.45,11.317842712474,-8.88));
#6197 = CARTESIAN_POINT('',(3.45,11.317842712474,-5.08));
#6198 = CARTESIAN_POINT('',(7.167157287525,11.235,-5.08));
#6199 = CARTESIAN_POINT('',(7.167157287525,11.235,-8.71431457505));
#6200 = CARTESIAN_POINT('',(3.532842712475,11.235,-8.71431457505));
#6201 = CARTESIAN_POINT('',(3.532842712475,11.235,-5.08));
#6202 = CARTESIAN_POINT('',(7.05,11.235,-5.08));
#6203 = CARTESIAN_POINT('',(7.05,11.235,-8.479999999999));
#6204 = CARTESIAN_POINT('',(3.65,11.235,-8.479999999999));
#6205 = CARTESIAN_POINT('',(3.65,11.235,-5.08));
#6206 = ADVANCED_FACE('',(#6207),#6245,.T.);
#6207 = FACE_BOUND('',#6208,.T.);
#6208 = EDGE_LOOP('',(#6209,#6220,#6229,#6238));
#6209 = ORIENTED_EDGE('',*,*,#6210,.F.);
#6210 = EDGE_CURVE('',#6211,#6213,#6215,.T.);
#6211 = VERTEX_POINT('',#6212);
#6212 = CARTESIAN_POINT('',(7.25,11.435,5.08));
#6213 = VERTEX_POINT('',#6214);
#6214 = CARTESIAN_POINT('',(3.45,11.435,5.08));
#6215 = CIRCLE('',#6216,1.9);
#6216 = AXIS2_PLACEMENT_3D('',#6217,#6218,#6219);
#6217 = CARTESIAN_POINT('',(5.35,11.435,5.08));
#6218 = DIRECTION('',(1.171453342316E-15,1.,0.));
#6219 = DIRECTION('',(-1.,1.171453342316E-15,0.));
#6220 = ORIENTED_EDGE('',*,*,#6221,.T.);
#6221 = EDGE_CURVE('',#6211,#6222,#6224,.T.);
#6222 = VERTEX_POINT('',#6223);
#6223 = CARTESIAN_POINT('',(7.05,11.235,5.08));
#6224 = CIRCLE('',#6225,0.2);
#6225 = AXIS2_PLACEMENT_3D('',#6226,#6227,#6228);
#6226 = CARTESIAN_POINT('',(7.05,11.435,5.08));
#6227 = DIRECTION('',(1.224646799147E-16,-1.434616586018E-31,-1.));
#6228 = DIRECTION('',(1.,1.756898610071E-47,1.224646799147E-16));
#6229 = ORIENTED_EDGE('',*,*,#6230,.T.);
#6230 = EDGE_CURVE('',#6222,#6231,#6233,.T.);
#6231 = VERTEX_POINT('',#6232);
#6232 = CARTESIAN_POINT('',(3.65,11.235,5.08));
#6233 = ( BOUNDED_CURVE() B_SPLINE_CURVE(3,(#6234,#6235,#6236,#6237),
.UNSPECIFIED.,.F.,.F.) B_SPLINE_CURVE_WITH_KNOTS((4,4),(0.,1.),
.PIECEWISE_BEZIER_KNOTS.) CURVE() GEOMETRIC_REPRESENTATION_ITEM() 
RATIONAL_B_SPLINE_CURVE((1.,0.333333333333,0.333333333333,1.)) 
REPRESENTATION_ITEM('') );
#6234 = CARTESIAN_POINT('',(7.05,11.235,5.08));
#6235 = CARTESIAN_POINT('',(7.05,11.235,1.680000000001));
#6236 = CARTESIAN_POINT('',(3.65,11.235,1.680000000001));
#6237 = CARTESIAN_POINT('',(3.65,11.235,5.08));
#6238 = ORIENTED_EDGE('',*,*,#6239,.F.);
#6239 = EDGE_CURVE('',#6213,#6231,#6240,.T.);
#6240 = CIRCLE('',#6241,0.2);
#6241 = AXIS2_PLACEMENT_3D('',#6242,#6243,#6244);
#6242 = CARTESIAN_POINT('',(3.65,11.435,5.08));
#6243 = DIRECTION('',(0.,0.,1.));
#6244 = DIRECTION('',(-1.,0.,0.));
#6245 = ( BOUNDED_SURFACE() B_SPLINE_SURFACE(3,3,(
    (#6246,#6247,#6248,#6249)
    ,(#6250,#6251,#6252,#6253)
    ,(#6254,#6255,#6256,#6257)
    ,(#6258,#6259,#6260,#6261
)),.UNSPECIFIED.,.F.,.F.,.F.) B_SPLINE_SURFACE_WITH_KNOTS((4,4),(4,4),(
    0.,1.),(0.,1.),.PIECEWISE_BEZIER_KNOTS.) 
GEOMETRIC_REPRESENTATION_ITEM() RATIONAL_B_SPLINE_SURFACE((
    (1.,0.333333333333,0.333333333333,1.)
    ,(0.804737854124,0.268245951375,0.268245951375,0.804737854124)
    ,(0.804737854124,0.268245951375,0.268245951375,0.804737854124)
,(1.,0.333333333333,0.333333333333,1.
))) REPRESENTATION_ITEM('') SURFACE() );
#6246 = CARTESIAN_POINT('',(7.25,11.435,5.08));
#6247 = CARTESIAN_POINT('',(7.25,11.435,1.28));
#6248 = CARTESIAN_POINT('',(3.45,11.435,1.28));
#6249 = CARTESIAN_POINT('',(3.45,11.435,5.08));
#6250 = CARTESIAN_POINT('',(7.25,11.317842712474,5.08));
#6251 = CARTESIAN_POINT('',(7.25,11.317842712474,1.28));
#6252 = CARTESIAN_POINT('',(3.45,11.317842712474,1.28));
#6253 = CARTESIAN_POINT('',(3.45,11.317842712474,5.08));
#6254 = CARTESIAN_POINT('',(7.167157287525,11.235,5.08));
#6255 = CARTESIAN_POINT('',(7.167157287525,11.235,1.44568542495));
#6256 = CARTESIAN_POINT('',(3.532842712475,11.235,1.44568542495));
#6257 = CARTESIAN_POINT('',(3.532842712475,11.235,5.08));
#6258 = CARTESIAN_POINT('',(7.05,11.235,5.08));
#6259 = CARTESIAN_POINT('',(7.05,11.235,1.680000000001));
#6260 = CARTESIAN_POINT('',(3.65,11.235,1.680000000001));
#6261 = CARTESIAN_POINT('',(3.65,11.235,5.08));
#6262 = ADVANCED_FACE('',(#6263),#6313,.T.);
#6263 = FACE_BOUND('',#6264,.T.);
#6264 = EDGE_LOOP('',(#6265,#6276,#6285,#6294));
#6265 = ORIENTED_EDGE('',*,*,#6266,.T.);
#6266 = EDGE_CURVE('',#6267,#6269,#6271,.T.);
#6267 = VERTEX_POINT('',#6268);
#6268 = CARTESIAN_POINT('',(4.95,12.735,1.612082860991));
#6269 = VERTEX_POINT('',#6270);
#6270 = CARTESIAN_POINT('',(3.689038437083,12.735,-6.514260371342E-09));
#6271 = ( BOUNDED_CURVE() B_SPLINE_CURVE(3,(#6272,#6273,#6274,#6275),
.UNSPECIFIED.,.F.,.F.) B_SPLINE_CURVE_WITH_KNOTS((4,4),(0.,
0.500000000738),.PIECEWISE_BEZIER_KNOTS.) CURVE() 
GEOMETRIC_REPRESENTATION_ITEM() RATIONAL_B_SPLINE_CURVE((1.,
0.858441486496,0.858441486496,1.)) REPRESENTATION_ITEM('') );
#6272 = CARTESIAN_POINT('',(4.95,12.735,1.612082860991));
#6273 = CARTESIAN_POINT('',(4.178667266375,12.735,1.420694998173));
#6274 = CARTESIAN_POINT('',(3.689033065991,12.735,0.794722275278));
#6275 = CARTESIAN_POINT('',(3.689038437083,12.735,-6.514260371342E-09));
#6276 = ORIENTED_EDGE('',*,*,#6277,.T.);
#6277 = EDGE_CURVE('',#6269,#6278,#6280,.T.);
#6278 = VERTEX_POINT('',#6279);
#6279 = CARTESIAN_POINT('',(3.589703979372,12.646564265822,
    2.240463272769E-16));
#6280 = CIRCLE('',#6281,1.E-01);
#6281 = AXIS2_PLACEMENT_3D('',#6282,#6283,#6284);
#6282 = CARTESIAN_POINT('',(3.689033067548,12.635,0.));
#6283 = DIRECTION('',(0.,0.,1.));
#6284 = DIRECTION('',(-1.,0.,0.));
#6285 = ORIENTED_EDGE('',*,*,#6286,.F.);
#6286 = EDGE_CURVE('',#6287,#6278,#6289,.T.);
#6287 = VERTEX_POINT('',#6288);
#6288 = CARTESIAN_POINT('',(4.95,12.646564265829,1.714246796769));
#6289 = CIRCLE('',#6290,1.760296020628);
#6290 = AXIS2_PLACEMENT_3D('',#6291,#6292,#6293);
#6291 = CARTESIAN_POINT('',(5.35,12.646564265822,0.));
#6292 = DIRECTION('',(-1.171453342316E-15,-1.,0.));
#6293 = DIRECTION('',(1.,-1.171453342316E-15,0.));
#6294 = ORIENTED_EDGE('',*,*,#6295,.F.);
#6295 = EDGE_CURVE('',#6267,#6287,#6296,.T.);
#6296 = B_SPLINE_CURVE_WITH_KNOTS('',3,(#6297,#6298,#6299,#6300,#6301,
    #6302,#6303,#6304,#6305,#6306,#6307,#6308,#6309,#6310,#6311,#6312),
  .UNSPECIFIED.,.F.,.F.,(4,3,3,3,3,4),(0.,3.531517381904E-05,
    7.066450544071E-05,1.054618491225E-04,1.392987215212E-04,
    1.469974402481E-04),.UNSPECIFIED.);
#6297 = CARTESIAN_POINT('',(4.95,12.735,1.612082860991));
#6298 = CARTESIAN_POINT('',(4.95,12.735,1.623854585596));
#6299 = CARTESIAN_POINT('',(4.950000000001,12.732989442672,
    1.635789504932));
#6300 = CARTESIAN_POINT('',(4.950000000001,12.729108766958,1.64690318372
    ));
#6301 = CARTESIAN_POINT('',(4.950000000001,12.725225971482,
    1.658022933191));
#6302 = CARTESIAN_POINT('',(4.950000000003,12.719357020034,
    1.668631667042));
#6303 = CARTESIAN_POINT('',(4.950000000003,12.711959811877,
    1.677797158873));
#6304 = CARTESIAN_POINT('',(4.950000000003,12.704678748443,
    1.686818741884));
#6305 = CARTESIAN_POINT('',(4.950000000005,12.695704672545,
    1.694697213585));
#6306 = CARTESIAN_POINT('',(4.950000000005,12.685788475671,
    1.700703200956));
#6307 = CARTESIAN_POINT('',(4.950000000005,12.67614242097,1.706545570108
    ));
#6308 = CARTESIAN_POINT('',(4.950000000004,12.665328905784,
    1.710780456546));
#6309 = CARTESIAN_POINT('',(4.950000000004,12.654274157021,
    1.713010294741));
#6310 = CARTESIAN_POINT('',(4.950000000004,12.651722738224,
    1.713524937923));
#6311 = CARTESIAN_POINT('',(4.95,12.649148667897,1.713937828364));
#6312 = CARTESIAN_POINT('',(4.95,12.646564265829,1.714246796769));
#6313 = ( BOUNDED_SURFACE() B_SPLINE_SURFACE(3,3,(
    (#6314,#6315,#6316,#6317)
    ,(#6318,#6319,#6320,#6321)
    ,(#6322,#6323,#6324,#6325)
    ,(#6326,#6327,#6328,#6329
)),.UNSPECIFIED.,.F.,.F.,.F.) B_SPLINE_SURFACE_WITH_KNOTS((4,4),(4,4),(
    0.,1.),(0.,1.),.PIECEWISE_BEZIER_KNOTS.) 
GEOMETRIC_REPRESENTATION_ITEM() RATIONAL_B_SPLINE_SURFACE((
    (1.,0.853886125735,0.853886125735,1.)
    ,(0.831249582044,0.70979248513,0.70979248513,0.831249582044)
    ,(0.831249582044,0.70979248513,0.70979248513,0.831249582044)
,(1.,0.853886125735,0.853886125735,1.
))) REPRESENTATION_ITEM('') SURFACE() );
#6314 = CARTESIAN_POINT('',(3.689033067548,12.735,-3.253963094637E-09));
#6315 = CARTESIAN_POINT('',(3.689033065961,12.735,0.810162727165));
#6316 = CARTESIAN_POINT('',(4.195177831679,12.735,1.442761435586));
#6317 = CARTESIAN_POINT('',(4.985603046729,12.735,1.620501777582));
#6318 = CARTESIAN_POINT('',(3.635702501172,12.735,-3.35844181207E-09));
#6319 = CARTESIAN_POINT('',(3.635702499534,12.735,0.836175549125));
#6320 = CARTESIAN_POINT('',(4.158098634558,12.735,1.489085828324));
#6321 = CARTESIAN_POINT('',(4.973902936676,12.735,1.672533082915));
#6322 = CARTESIAN_POINT('',(3.595871267846,12.699537031123,
    -3.436474288652E-09));
#6323 = CARTESIAN_POINT('',(3.595871266169,12.699537031123,
    0.855603859219));
#6324 = CARTESIAN_POINT('',(4.130405132455,12.699537031123,
    1.523684330108));
#6325 = CARTESIAN_POINT('',(4.965164424316,12.699537031123,
    1.711393931466));
#6326 = CARTESIAN_POINT('',(3.589703979382,12.646564265828,
    -3.44855648527E-09));
#6327 = CARTESIAN_POINT('',(3.5897039777,12.646564265828,0.8586120511));
#6328 = CARTESIAN_POINT('',(4.126117195533,12.646564265828,
    1.529041406028));
#6329 = CARTESIAN_POINT('',(4.963811392487,12.646564265828,
    1.717410969928));
#6330 = ADVANCED_FACE('',(#6331),#6381,.T.);
#6331 = FACE_BOUND('',#6332,.T.);
#6332 = EDGE_LOOP('',(#6333,#6344,#6353,#6362));
#6333 = ORIENTED_EDGE('',*,*,#6334,.T.);
#6334 = EDGE_CURVE('',#6335,#6337,#6339,.T.);
#6335 = VERTEX_POINT('',#6336);
#6336 = CARTESIAN_POINT('',(4.95,12.735,-3.467917139009));
#6337 = VERTEX_POINT('',#6338);
#6338 = CARTESIAN_POINT('',(3.689038437083,12.735,-5.080000006514));
#6339 = ( BOUNDED_CURVE() B_SPLINE_CURVE(3,(#6340,#6341,#6342,#6343),
.UNSPECIFIED.,.F.,.F.) B_SPLINE_CURVE_WITH_KNOTS((4,4),(0.,
0.500000000738),.PIECEWISE_BEZIER_KNOTS.) CURVE() 
GEOMETRIC_REPRESENTATION_ITEM() RATIONAL_B_SPLINE_CURVE((1.,
0.858441486496,0.858441486496,1.)) REPRESENTATION_ITEM('') );
#6340 = CARTESIAN_POINT('',(4.95,12.735,-3.467917139009));
#6341 = CARTESIAN_POINT('',(4.178667266375,12.735,-3.659305001827));
#6342 = CARTESIAN_POINT('',(3.689033065991,12.735,-4.285277724722));
#6343 = CARTESIAN_POINT('',(3.689038437083,12.735,-5.080000006514));
#6344 = ORIENTED_EDGE('',*,*,#6345,.T.);
#6345 = EDGE_CURVE('',#6337,#6346,#6348,.T.);
#6346 = VERTEX_POINT('',#6347);
#6347 = CARTESIAN_POINT('',(3.589703979372,12.646564265822,-5.08));
#6348 = CIRCLE('',#6349,1.E-01);
#6349 = AXIS2_PLACEMENT_3D('',#6350,#6351,#6352);
#6350 = CARTESIAN_POINT('',(3.689033067548,12.635,-5.08));
#6351 = DIRECTION('',(0.,0.,1.));
#6352 = DIRECTION('',(-1.,0.,0.));
#6353 = ORIENTED_EDGE('',*,*,#6354,.F.);
#6354 = EDGE_CURVE('',#6355,#6346,#6357,.T.);
#6355 = VERTEX_POINT('',#6356);
#6356 = CARTESIAN_POINT('',(4.95,12.646564265829,-3.365753203231));
#6357 = CIRCLE('',#6358,1.760296020628);
#6358 = AXIS2_PLACEMENT_3D('',#6359,#6360,#6361);
#6359 = CARTESIAN_POINT('',(5.35,12.646564265822,-5.08));
#6360 = DIRECTION('',(-1.171453342316E-15,-1.,0.));
#6361 = DIRECTION('',(1.,-1.171453342316E-15,0.));
#6362 = ORIENTED_EDGE('',*,*,#6363,.F.);
#6363 = EDGE_CURVE('',#6335,#6355,#6364,.T.);
#6364 = B_SPLINE_CURVE_WITH_KNOTS('',3,(#6365,#6366,#6367,#6368,#6369,
    #6370,#6371,#6372,#6373,#6374,#6375,#6376,#6377,#6378,#6379,#6380),
  .UNSPECIFIED.,.F.,.F.,(4,3,3,3,3,4),(0.,3.531517381904E-05,
    7.066450544071E-05,1.054618491225E-04,1.392987215212E-04,
    1.469974402481E-04),.UNSPECIFIED.);
#6365 = CARTESIAN_POINT('',(4.95,12.735,-3.467917139009));
#6366 = CARTESIAN_POINT('',(4.95,12.735,-3.456145414404));
#6367 = CARTESIAN_POINT('',(4.950000000001,12.732989442672,
    -3.444210495068));
#6368 = CARTESIAN_POINT('',(4.950000000001,12.729108766958,
    -3.43309681628));
#6369 = CARTESIAN_POINT('',(4.950000000001,12.725225971482,
    -3.421977066809));
#6370 = CARTESIAN_POINT('',(4.950000000003,12.719357020034,
    -3.411368332958));
#6371 = CARTESIAN_POINT('',(4.950000000003,12.711959811877,
    -3.402202841127));
#6372 = CARTESIAN_POINT('',(4.950000000003,12.704678748443,
    -3.393181258116));
#6373 = CARTESIAN_POINT('',(4.950000000005,12.695704672545,
    -3.385302786415));
#6374 = CARTESIAN_POINT('',(4.950000000005,12.685788475671,
    -3.379296799044));
#6375 = CARTESIAN_POINT('',(4.950000000005,12.67614242097,
    -3.373454429892));
#6376 = CARTESIAN_POINT('',(4.950000000004,12.665328905784,
    -3.369219543454));
#6377 = CARTESIAN_POINT('',(4.950000000004,12.654274157021,
    -3.366989705259));
#6378 = CARTESIAN_POINT('',(4.950000000004,12.651722738224,
    -3.366475062077));
#6379 = CARTESIAN_POINT('',(4.95,12.649148667897,-3.366062171636));
#6380 = CARTESIAN_POINT('',(4.95,12.646564265829,-3.365753203231));
#6381 = ( BOUNDED_SURFACE() B_SPLINE_SURFACE(3,3,(
    (#6382,#6383,#6384,#6385)
    ,(#6386,#6387,#6388,#6389)
    ,(#6390,#6391,#6392,#6393)
    ,(#6394,#6395,#6396,#6397
)),.UNSPECIFIED.,.F.,.F.,.F.) B_SPLINE_SURFACE_WITH_KNOTS((4,4),(4,4),(
    0.,1.),(0.,1.),.PIECEWISE_BEZIER_KNOTS.) 
GEOMETRIC_REPRESENTATION_ITEM() RATIONAL_B_SPLINE_SURFACE((
    (1.,0.853886125735,0.853886125735,1.)
    ,(0.831249582044,0.70979248513,0.70979248513,0.831249582044)
    ,(0.831249582044,0.70979248513,0.70979248513,0.831249582044)
,(1.,0.853886125735,0.853886125735,1.
))) REPRESENTATION_ITEM('') SURFACE() );
#6382 = CARTESIAN_POINT('',(3.689033067548,12.735,-5.080000003254));
#6383 = CARTESIAN_POINT('',(3.689033065961,12.735,-4.269837272835));
#6384 = CARTESIAN_POINT('',(4.195177831679,12.735,-3.637238564414));
#6385 = CARTESIAN_POINT('',(4.985603046729,12.735,-3.459498222418));
#6386 = CARTESIAN_POINT('',(3.635702501172,12.735,-5.080000003358));
#6387 = CARTESIAN_POINT('',(3.635702499534,12.735,-4.243824450875));
#6388 = CARTESIAN_POINT('',(4.158098634558,12.735,-3.590914171676));
#6389 = CARTESIAN_POINT('',(4.973902936676,12.735,-3.407466917085));
#6390 = CARTESIAN_POINT('',(3.595871267846,12.699537031123,
    -5.080000003436));
#6391 = CARTESIAN_POINT('',(3.595871266169,12.699537031123,
    -4.224396140781));
#6392 = CARTESIAN_POINT('',(4.130405132455,12.699537031123,
    -3.556315669892));
#6393 = CARTESIAN_POINT('',(4.965164424316,12.699537031123,
    -3.368606068534));
#6394 = CARTESIAN_POINT('',(3.589703979382,12.646564265828,
    -5.080000003449));
#6395 = CARTESIAN_POINT('',(3.5897039777,12.646564265828,-4.2213879489)
  );
#6396 = CARTESIAN_POINT('',(4.126117195533,12.646564265828,
    -3.550958593972));
#6397 = CARTESIAN_POINT('',(4.963811392487,12.646564265828,
    -3.362589030072));
#6398 = ADVANCED_FACE('',(#6399),#6449,.T.);
#6399 = FACE_BOUND('',#6400,.T.);
#6400 = EDGE_LOOP('',(#6401,#6412,#6421,#6430));
#6401 = ORIENTED_EDGE('',*,*,#6402,.T.);
#6402 = EDGE_CURVE('',#6403,#6405,#6407,.T.);
#6403 = VERTEX_POINT('',#6404);
#6404 = CARTESIAN_POINT('',(4.95,12.735,6.692082860991));
#6405 = VERTEX_POINT('',#6406);
#6406 = CARTESIAN_POINT('',(3.689038437083,12.735,5.079999993486));
#6407 = ( BOUNDED_CURVE() B_SPLINE_CURVE(3,(#6408,#6409,#6410,#6411),
.UNSPECIFIED.,.F.,.F.) B_SPLINE_CURVE_WITH_KNOTS((4,4),(0.,
0.500000000738),.PIECEWISE_BEZIER_KNOTS.) CURVE() 
GEOMETRIC_REPRESENTATION_ITEM() RATIONAL_B_SPLINE_CURVE((1.,
0.858441486496,0.858441486496,1.)) REPRESENTATION_ITEM('') );
#6408 = CARTESIAN_POINT('',(4.95,12.735,6.692082860991));
#6409 = CARTESIAN_POINT('',(4.178667266375,12.735,6.500694998173));
#6410 = CARTESIAN_POINT('',(3.689033065991,12.735,5.874722275278));
#6411 = CARTESIAN_POINT('',(3.689038437083,12.735,5.079999993486));
#6412 = ORIENTED_EDGE('',*,*,#6413,.T.);
#6413 = EDGE_CURVE('',#6405,#6414,#6416,.T.);
#6414 = VERTEX_POINT('',#6415);
#6415 = CARTESIAN_POINT('',(3.589703979372,12.646564265822,5.08));
#6416 = CIRCLE('',#6417,1.E-01);
#6417 = AXIS2_PLACEMENT_3D('',#6418,#6419,#6420);
#6418 = CARTESIAN_POINT('',(3.689033067548,12.635,5.08));
#6419 = DIRECTION('',(0.,0.,1.));
#6420 = DIRECTION('',(-1.,0.,0.));
#6421 = ORIENTED_EDGE('',*,*,#6422,.F.);
#6422 = EDGE_CURVE('',#6423,#6414,#6425,.T.);
#6423 = VERTEX_POINT('',#6424);
#6424 = CARTESIAN_POINT('',(4.95,12.646564265829,6.794246796769));
#6425 = CIRCLE('',#6426,1.760296020628);
#6426 = AXIS2_PLACEMENT_3D('',#6427,#6428,#6429);
#6427 = CARTESIAN_POINT('',(5.35,12.646564265822,5.08));
#6428 = DIRECTION('',(-1.171453342316E-15,-1.,0.));
#6429 = DIRECTION('',(1.,-1.171453342316E-15,0.));
#6430 = ORIENTED_EDGE('',*,*,#6431,.F.);
#6431 = EDGE_CURVE('',#6403,#6423,#6432,.T.);
#6432 = B_SPLINE_CURVE_WITH_KNOTS('',3,(#6433,#6434,#6435,#6436,#6437,
    #6438,#6439,#6440,#6441,#6442,#6443,#6444,#6445,#6446,#6447,#6448),
  .UNSPECIFIED.,.F.,.F.,(4,3,3,3,3,4),(0.,3.531517381904E-05,
    7.066450544071E-05,1.054618491225E-04,1.392987215212E-04,
    1.469974402481E-04),.UNSPECIFIED.);
#6433 = CARTESIAN_POINT('',(4.95,12.735,6.692082860991));
#6434 = CARTESIAN_POINT('',(4.95,12.735,6.703854585596));
#6435 = CARTESIAN_POINT('',(4.950000000001,12.732989442672,
    6.715789504932));
#6436 = CARTESIAN_POINT('',(4.950000000001,12.729108766958,6.72690318372
    ));
#6437 = CARTESIAN_POINT('',(4.950000000001,12.725225971482,
    6.738022933191));
#6438 = CARTESIAN_POINT('',(4.950000000003,12.719357020034,
    6.748631667042));
#6439 = CARTESIAN_POINT('',(4.950000000003,12.711959811877,
    6.757797158873));
#6440 = CARTESIAN_POINT('',(4.950000000003,12.704678748443,
    6.766818741884));
#6441 = CARTESIAN_POINT('',(4.950000000005,12.695704672545,
    6.774697213585));
#6442 = CARTESIAN_POINT('',(4.950000000005,12.685788475671,
    6.780703200956));
#6443 = CARTESIAN_POINT('',(4.950000000005,12.67614242097,6.786545570108
    ));
#6444 = CARTESIAN_POINT('',(4.950000000004,12.665328905784,
    6.790780456546));
#6445 = CARTESIAN_POINT('',(4.950000000004,12.654274157021,
    6.793010294741));
#6446 = CARTESIAN_POINT('',(4.950000000004,12.651722738224,
    6.793524937923));
#6447 = CARTESIAN_POINT('',(4.95,12.649148667897,6.793937828364));
#6448 = CARTESIAN_POINT('',(4.95,12.646564265829,6.794246796769));
#6449 = ( BOUNDED_SURFACE() B_SPLINE_SURFACE(3,3,(
    (#6450,#6451,#6452,#6453)
    ,(#6454,#6455,#6456,#6457)
    ,(#6458,#6459,#6460,#6461)
    ,(#6462,#6463,#6464,#6465
)),.UNSPECIFIED.,.F.,.F.,.F.) B_SPLINE_SURFACE_WITH_KNOTS((4,4),(4,4),(
    0.,1.),(0.,1.),.PIECEWISE_BEZIER_KNOTS.) 
GEOMETRIC_REPRESENTATION_ITEM() RATIONAL_B_SPLINE_SURFACE((
    (1.,0.853886125735,0.853886125735,1.)
    ,(0.831249582044,0.70979248513,0.70979248513,0.831249582044)
    ,(0.831249582044,0.70979248513,0.70979248513,0.831249582044)
,(1.,0.853886125735,0.853886125735,1.
))) REPRESENTATION_ITEM('') SURFACE() );
#6450 = CARTESIAN_POINT('',(3.689033067548,12.735,5.079999996746));
#6451 = CARTESIAN_POINT('',(3.689033065961,12.735,5.890162727165));
#6452 = CARTESIAN_POINT('',(4.195177831679,12.735,6.522761435586));
#6453 = CARTESIAN_POINT('',(4.985603046729,12.735,6.700501777582));
#6454 = CARTESIAN_POINT('',(3.635702501172,12.735,5.079999996642));
#6455 = CARTESIAN_POINT('',(3.635702499534,12.735,5.916175549125));
#6456 = CARTESIAN_POINT('',(4.158098634558,12.735,6.569085828324));
#6457 = CARTESIAN_POINT('',(4.973902936676,12.735,6.752533082915));
#6458 = CARTESIAN_POINT('',(3.595871267846,12.699537031123,
    5.079999996564));
#6459 = CARTESIAN_POINT('',(3.595871266169,12.699537031123,
    5.935603859219));
#6460 = CARTESIAN_POINT('',(4.130405132455,12.699537031123,
    6.603684330108));
#6461 = CARTESIAN_POINT('',(4.965164424316,12.699537031123,
    6.791393931466));
#6462 = CARTESIAN_POINT('',(3.589703979382,12.646564265828,
    5.079999996551));
#6463 = CARTESIAN_POINT('',(3.5897039777,12.646564265828,5.9386120511));
#6464 = CARTESIAN_POINT('',(4.126117195533,12.646564265828,
    6.609041406028));
#6465 = CARTESIAN_POINT('',(4.963811392487,12.646564265828,
    6.797410969928));
#6466 = ADVANCED_FACE('',(#6467),#6495,.T.);
#6467 = FACE_BOUND('',#6468,.T.);
#6468 = EDGE_LOOP('',(#6469,#6480,#6487,#6488));
#6469 = ORIENTED_EDGE('',*,*,#6470,.T.);
#6470 = EDGE_CURVE('',#6471,#6473,#6475,.T.);
#6471 = VERTEX_POINT('',#6472);
#6472 = CARTESIAN_POINT('',(3.451341823665,11.45812853168,5.08));
#6473 = VERTEX_POINT('',#6474);
#6474 = CARTESIAN_POINT('',(7.248658176335,11.45812853168,5.08));
#6475 = CIRCLE('',#6476,1.898658176329);
#6476 = AXIS2_PLACEMENT_3D('',#6477,#6478,#6479);
#6477 = CARTESIAN_POINT('',(5.35,11.45812853168,5.08));
#6478 = DIRECTION('',(-1.171453342316E-15,-1.,-0.));
#6479 = DIRECTION('',(-1.,1.171453342316E-15,0.));
#6480 = ORIENTED_EDGE('',*,*,#6481,.T.);
#6481 = EDGE_CURVE('',#6473,#6211,#6482,.T.);
#6482 = CIRCLE('',#6483,0.2);
#6483 = AXIS2_PLACEMENT_3D('',#6484,#6485,#6486);
#6484 = CARTESIAN_POINT('',(7.05,11.435,5.08));
#6485 = DIRECTION('',(1.224646799147E-16,-1.434616586018E-31,-1.));
#6486 = DIRECTION('',(1.,1.756898610071E-47,1.224646799147E-16));
#6487 = ORIENTED_EDGE('',*,*,#6210,.T.);
#6488 = ORIENTED_EDGE('',*,*,#6489,.F.);
#6489 = EDGE_CURVE('',#6471,#6213,#6490,.T.);
#6490 = CIRCLE('',#6491,0.2);
#6491 = AXIS2_PLACEMENT_3D('',#6492,#6493,#6494);
#6492 = CARTESIAN_POINT('',(3.65,11.435,5.08));
#6493 = DIRECTION('',(0.,0.,1.));
#6494 = DIRECTION('',(-1.,0.,0.));
#6495 = ( BOUNDED_SURFACE() B_SPLINE_SURFACE(3,3,(
    (#6496,#6497,#6498,#6499)
    ,(#6500,#6501,#6502,#6503)
    ,(#6504,#6505,#6506,#6507)
    ,(#6508,#6509,#6510,#6511
)),.UNSPECIFIED.,.F.,.F.,.F.) B_SPLINE_SURFACE_WITH_KNOTS((4,4),(4,4),(
    0.,1.),(0.,1.),.PIECEWISE_BEZIER_KNOTS.) 
GEOMETRIC_REPRESENTATION_ITEM() RATIONAL_B_SPLINE_SURFACE((
    (1.,0.333333333333,0.333333333333,1.)
    ,(0.998880874276,0.332960291425,0.332960291425,0.998880874276)
    ,(0.998880874276,0.332960291425,0.332960291425,0.998880874276)
,(1.,0.333333333333,0.333333333333,1.
))) REPRESENTATION_ITEM('') SURFACE() );
#6496 = CARTESIAN_POINT('',(7.248658176329,11.458128531679,5.08));
#6497 = CARTESIAN_POINT('',(7.248658176329,11.458128531679,
    1.282683647342));
#6498 = CARTESIAN_POINT('',(3.451341823671,11.458128531679,
    1.282683647342));
#6499 = CARTESIAN_POINT('',(3.451341823671,11.458128531679,5.08));
#6500 = CARTESIAN_POINT('',(7.249552224326,11.450449274429,5.08));
#6501 = CARTESIAN_POINT('',(7.249552224326,11.450449274429,
    1.280895551349));
#6502 = CARTESIAN_POINT('',(3.450447775674,11.450449274429,
    1.280895551349));
#6503 = CARTESIAN_POINT('',(3.450447775674,11.450449274429,5.08));
#6504 = CARTESIAN_POINT('',(7.25,11.442731126291,5.08));
#6505 = CARTESIAN_POINT('',(7.25,11.442731126291,1.28));
#6506 = CARTESIAN_POINT('',(3.45,11.442731126291,1.28));
#6507 = CARTESIAN_POINT('',(3.45,11.442731126291,5.08));
#6508 = CARTESIAN_POINT('',(7.25,11.435,5.08));
#6509 = CARTESIAN_POINT('',(7.25,11.435,1.28));
#6510 = CARTESIAN_POINT('',(3.45,11.435,1.28));
#6511 = CARTESIAN_POINT('',(3.45,11.435,5.08));
#6512 = ADVANCED_FACE('',(#6513),#6541,.T.);
#6513 = FACE_BOUND('',#6514,.T.);
#6514 = EDGE_LOOP('',(#6515,#6526,#6533,#6534));
#6515 = ORIENTED_EDGE('',*,*,#6516,.T.);
#6516 = EDGE_CURVE('',#6517,#6519,#6521,.T.);
#6517 = VERTEX_POINT('',#6518);
#6518 = CARTESIAN_POINT('',(3.451341823665,11.45812853168,-5.08));
#6519 = VERTEX_POINT('',#6520);
#6520 = CARTESIAN_POINT('',(7.248658176335,11.45812853168,-5.08));
#6521 = CIRCLE('',#6522,1.898658176329);
#6522 = AXIS2_PLACEMENT_3D('',#6523,#6524,#6525);
#6523 = CARTESIAN_POINT('',(5.35,11.45812853168,-5.08));
#6524 = DIRECTION('',(-1.171453342316E-15,-1.,-0.));
#6525 = DIRECTION('',(-1.,1.171453342316E-15,0.));
#6526 = ORIENTED_EDGE('',*,*,#6527,.T.);
#6527 = EDGE_CURVE('',#6519,#6155,#6528,.T.);
#6528 = CIRCLE('',#6529,0.2);
#6529 = AXIS2_PLACEMENT_3D('',#6530,#6531,#6532);
#6530 = CARTESIAN_POINT('',(7.05,11.435,-5.08));
#6531 = DIRECTION('',(1.224646799147E-16,-1.434616586018E-31,-1.));
#6532 = DIRECTION('',(1.,1.756898610071E-47,1.224646799147E-16));
#6533 = ORIENTED_EDGE('',*,*,#6154,.T.);
#6534 = ORIENTED_EDGE('',*,*,#6535,.F.);
#6535 = EDGE_CURVE('',#6517,#6157,#6536,.T.);
#6536 = CIRCLE('',#6537,0.2);
#6537 = AXIS2_PLACEMENT_3D('',#6538,#6539,#6540);
#6538 = CARTESIAN_POINT('',(3.65,11.435,-5.08));
#6539 = DIRECTION('',(0.,0.,1.));
#6540 = DIRECTION('',(-1.,0.,0.));
#6541 = ( BOUNDED_SURFACE() B_SPLINE_SURFACE(3,3,(
    (#6542,#6543,#6544,#6545)
    ,(#6546,#6547,#6548,#6549)
    ,(#6550,#6551,#6552,#6553)
    ,(#6554,#6555,#6556,#6557
)),.UNSPECIFIED.,.F.,.F.,.F.) B_SPLINE_SURFACE_WITH_KNOTS((4,4),(4,4),(
    0.,1.),(0.,1.),.PIECEWISE_BEZIER_KNOTS.) 
GEOMETRIC_REPRESENTATION_ITEM() RATIONAL_B_SPLINE_SURFACE((
    (1.,0.333333333333,0.333333333333,1.)
    ,(0.998880874276,0.332960291425,0.332960291425,0.998880874276)
    ,(0.998880874276,0.332960291425,0.332960291425,0.998880874276)
,(1.,0.333333333333,0.333333333333,1.
))) REPRESENTATION_ITEM('') SURFACE() );
#6542 = CARTESIAN_POINT('',(7.248658176329,11.458128531679,-5.08));
#6543 = CARTESIAN_POINT('',(7.248658176329,11.458128531679,
    -8.877316352658));
#6544 = CARTESIAN_POINT('',(3.451341823671,11.458128531679,
    -8.877316352658));
#6545 = CARTESIAN_POINT('',(3.451341823671,11.458128531679,-5.08));
#6546 = CARTESIAN_POINT('',(7.249552224326,11.450449274429,-5.08));
#6547 = CARTESIAN_POINT('',(7.249552224326,11.450449274429,
    -8.879104448651));
#6548 = CARTESIAN_POINT('',(3.450447775674,11.450449274429,
    -8.879104448651));
#6549 = CARTESIAN_POINT('',(3.450447775674,11.450449274429,-5.08));
#6550 = CARTESIAN_POINT('',(7.25,11.442731126291,-5.08));
#6551 = CARTESIAN_POINT('',(7.25,11.442731126291,-8.88));
#6552 = CARTESIAN_POINT('',(3.45,11.442731126291,-8.88));
#6553 = CARTESIAN_POINT('',(3.45,11.442731126291,-5.08));
#6554 = CARTESIAN_POINT('',(7.25,11.435,-5.08));
#6555 = CARTESIAN_POINT('',(7.25,11.435,-8.88));
#6556 = CARTESIAN_POINT('',(3.45,11.435,-8.88));
#6557 = CARTESIAN_POINT('',(3.45,11.435,-5.08));
#6558 = ADVANCED_FACE('',(#6559),#6587,.T.);
#6559 = FACE_BOUND('',#6560,.T.);
#6560 = EDGE_LOOP('',(#6561,#6572,#6579,#6580));
#6561 = ORIENTED_EDGE('',*,*,#6562,.T.);
#6562 = EDGE_CURVE('',#6563,#6565,#6567,.T.);
#6563 = VERTEX_POINT('',#6564);
#6564 = CARTESIAN_POINT('',(3.451341823665,11.45812853168,
    2.325185658324E-16));
#6565 = VERTEX_POINT('',#6566);
#6566 = CARTESIAN_POINT('',(7.248658176335,11.45812853168,
    -2.206075080607E-41));
#6567 = CIRCLE('',#6568,1.898658176329);
#6568 = AXIS2_PLACEMENT_3D('',#6569,#6570,#6571);
#6569 = CARTESIAN_POINT('',(5.35,11.45812853168,0.));
#6570 = DIRECTION('',(-1.171453342316E-15,-1.,-0.));
#6571 = DIRECTION('',(-1.,1.171453342316E-15,0.));
#6572 = ORIENTED_EDGE('',*,*,#6573,.T.);
#6573 = EDGE_CURVE('',#6565,#6099,#6574,.T.);
#6574 = CIRCLE('',#6575,0.2);
#6575 = AXIS2_PLACEMENT_3D('',#6576,#6577,#6578);
#6576 = CARTESIAN_POINT('',(7.05,11.435,2.081899558551E-16));
#6577 = DIRECTION('',(1.224646799147E-16,-1.434616586018E-31,-1.));
#6578 = DIRECTION('',(1.,-3.889384548663E-62,1.224646799147E-16));
#6579 = ORIENTED_EDGE('',*,*,#6098,.T.);
#6580 = ORIENTED_EDGE('',*,*,#6581,.F.);
#6581 = EDGE_CURVE('',#6563,#6101,#6582,.T.);
#6582 = CIRCLE('',#6583,0.2);
#6583 = AXIS2_PLACEMENT_3D('',#6584,#6585,#6586);
#6584 = CARTESIAN_POINT('',(3.65,11.435,0.));
#6585 = DIRECTION('',(0.,0.,1.));
#6586 = DIRECTION('',(-1.,0.,0.));
#6587 = ( BOUNDED_SURFACE() B_SPLINE_SURFACE(3,3,(
    (#6588,#6589,#6590,#6591)
    ,(#6592,#6593,#6594,#6595)
    ,(#6596,#6597,#6598,#6599)
    ,(#6600,#6601,#6602,#6603
)),.UNSPECIFIED.,.F.,.F.,.F.) B_SPLINE_SURFACE_WITH_KNOTS((4,4),(4,4),(
    0.,1.),(0.,1.),.PIECEWISE_BEZIER_KNOTS.) 
GEOMETRIC_REPRESENTATION_ITEM() RATIONAL_B_SPLINE_SURFACE((
    (1.,0.333333333333,0.333333333333,1.)
    ,(0.998880874276,0.332960291425,0.332960291425,0.998880874276)
    ,(0.998880874276,0.332960291425,0.332960291425,0.998880874276)
,(1.,0.333333333333,0.333333333333,1.
))) REPRESENTATION_ITEM('') SURFACE() );
#6588 = CARTESIAN_POINT('',(7.248658176329,11.458128531679,
    2.325185658316E-16));
#6589 = CARTESIAN_POINT('',(7.248658176329,11.458128531679,
    -3.797316352658));
#6590 = CARTESIAN_POINT('',(3.451341823671,11.458128531679,
    -3.797316352658));
#6591 = CARTESIAN_POINT('',(3.451341823671,11.458128531679,
    -4.650371316633E-16));
#6592 = CARTESIAN_POINT('',(7.249552224326,11.450449274429,
    2.326280551334E-16));
#6593 = CARTESIAN_POINT('',(7.249552224326,11.450449274429,
    -3.799104448651));
#6594 = CARTESIAN_POINT('',(3.450447775674,11.450449274429,
    -3.799104448651));
#6595 = CARTESIAN_POINT('',(3.450447775674,11.450449274429,
    -4.652561102667E-16));
#6596 = CARTESIAN_POINT('',(7.25,11.442731126291,2.32682891838E-16));
#6597 = CARTESIAN_POINT('',(7.25,11.442731126291,-3.8));
#6598 = CARTESIAN_POINT('',(3.45,11.442731126291,-3.8));
#6599 = CARTESIAN_POINT('',(3.45,11.442731126291,-4.65365783676E-16));
#6600 = CARTESIAN_POINT('',(7.25,11.435,2.32682891838E-16));
#6601 = CARTESIAN_POINT('',(7.25,11.435,-3.8));
#6602 = CARTESIAN_POINT('',(3.45,11.435,-3.8));
#6603 = CARTESIAN_POINT('',(3.45,11.435,-4.65365783676E-16));
#6604 = ADVANCED_FACE('',(#6605),#6641,.F.);
#6605 = FACE_BOUND('',#6606,.F.);
#6606 = EDGE_LOOP('',(#6607,#6617,#6626,#6634));
#6607 = ORIENTED_EDGE('',*,*,#6608,.T.);
#6608 = EDGE_CURVE('',#6609,#6611,#6613,.T.);
#6609 = VERTEX_POINT('',#6610);
#6610 = CARTESIAN_POINT('',(7.325,14.,0.));
#6611 = VERTEX_POINT('',#6612);
#6612 = CARTESIAN_POINT('',(7.325,11.235,0.));
#6613 = LINE('',#6614,#6615);
#6614 = CARTESIAN_POINT('',(7.325,10.45,0.));
#6615 = VECTOR('',#6616,1.);
#6616 = DIRECTION('',(-2.501911041409E-16,-1.,0.));
#6617 = ORIENTED_EDGE('',*,*,#6618,.T.);
#6618 = EDGE_CURVE('',#6611,#6619,#6621,.T.);
#6619 = VERTEX_POINT('',#6620);
#6620 = CARTESIAN_POINT('',(3.375,11.235,2.418677428316E-16));
#6621 = CIRCLE('',#6622,1.975);
#6622 = AXIS2_PLACEMENT_3D('',#6623,#6624,#6625);
#6623 = CARTESIAN_POINT('',(5.35,11.235,0.));
#6624 = DIRECTION('',(2.501911041409E-16,1.,0.));
#6625 = DIRECTION('',(1.,-2.501911041409E-16,0.));
#6626 = ORIENTED_EDGE('',*,*,#6627,.F.);
#6627 = EDGE_CURVE('',#6628,#6619,#6630,.T.);
#6628 = VERTEX_POINT('',#6629);
#6629 = CARTESIAN_POINT('',(3.375,14.,2.418677428316E-16));
#6630 = LINE('',#6631,#6632);
#6631 = CARTESIAN_POINT('',(3.375,10.45,2.418677428316E-16));
#6632 = VECTOR('',#6633,1.);
#6633 = DIRECTION('',(-2.501911041409E-16,-1.,0.));
#6634 = ORIENTED_EDGE('',*,*,#6635,.T.);
#6635 = EDGE_CURVE('',#6628,#6609,#6636,.T.);
#6636 = CIRCLE('',#6637,1.975);
#6637 = AXIS2_PLACEMENT_3D('',#6638,#6639,#6640);
#6638 = CARTESIAN_POINT('',(5.35,14.,0.));
#6639 = DIRECTION('',(-2.501911041409E-16,-1.,0.));
#6640 = DIRECTION('',(1.,-2.501911041409E-16,0.));
#6641 = CYLINDRICAL_SURFACE('',#6642,1.975);
#6642 = AXIS2_PLACEMENT_3D('',#6643,#6644,#6645);
#6643 = CARTESIAN_POINT('',(5.35,10.45,0.));
#6644 = DIRECTION('',(-2.501911041409E-16,-1.,0.));
#6645 = DIRECTION('',(1.,-2.501911041409E-16,0.));
#6646 = ADVANCED_FACE('',(#6647),#6683,.F.);
#6647 = FACE_BOUND('',#6648,.F.);
#6648 = EDGE_LOOP('',(#6649,#6659,#6668,#6676));
#6649 = ORIENTED_EDGE('',*,*,#6650,.T.);
#6650 = EDGE_CURVE('',#6651,#6653,#6655,.T.);
#6651 = VERTEX_POINT('',#6652);
#6652 = CARTESIAN_POINT('',(7.325,14.,-5.08));
#6653 = VERTEX_POINT('',#6654);
#6654 = CARTESIAN_POINT('',(7.325,11.235,-5.08));
#6655 = LINE('',#6656,#6657);
#6656 = CARTESIAN_POINT('',(7.325,10.45,-5.08));
#6657 = VECTOR('',#6658,1.);
#6658 = DIRECTION('',(-2.501911041409E-16,-1.,0.));
#6659 = ORIENTED_EDGE('',*,*,#6660,.T.);
#6660 = EDGE_CURVE('',#6653,#6661,#6663,.T.);
#6661 = VERTEX_POINT('',#6662);
#6662 = CARTESIAN_POINT('',(3.375,11.235,-5.08));
#6663 = CIRCLE('',#6664,1.975);
#6664 = AXIS2_PLACEMENT_3D('',#6665,#6666,#6667);
#6665 = CARTESIAN_POINT('',(5.35,11.235,-5.08));
#6666 = DIRECTION('',(2.501911041409E-16,1.,0.));
#6667 = DIRECTION('',(1.,-2.501911041409E-16,0.));
#6668 = ORIENTED_EDGE('',*,*,#6669,.F.);
#6669 = EDGE_CURVE('',#6670,#6661,#6672,.T.);
#6670 = VERTEX_POINT('',#6671);
#6671 = CARTESIAN_POINT('',(3.375,14.,-5.08));
#6672 = LINE('',#6673,#6674);
#6673 = CARTESIAN_POINT('',(3.375,10.45,-5.08));
#6674 = VECTOR('',#6675,1.);
#6675 = DIRECTION('',(-2.501911041409E-16,-1.,0.));
#6676 = ORIENTED_EDGE('',*,*,#6677,.T.);
#6677 = EDGE_CURVE('',#6670,#6651,#6678,.T.);
#6678 = CIRCLE('',#6679,1.975);
#6679 = AXIS2_PLACEMENT_3D('',#6680,#6681,#6682);
#6680 = CARTESIAN_POINT('',(5.35,14.,-5.08));
#6681 = DIRECTION('',(-2.501911041409E-16,-1.,0.));
#6682 = DIRECTION('',(1.,-2.501911041409E-16,0.));
#6683 = CYLINDRICAL_SURFACE('',#6684,1.975);
#6684 = AXIS2_PLACEMENT_3D('',#6685,#6686,#6687);
#6685 = CARTESIAN_POINT('',(5.35,10.45,-5.08));
#6686 = DIRECTION('',(-2.501911041409E-16,-1.,0.));
#6687 = DIRECTION('',(1.,-2.501911041409E-16,0.));
#6688 = ADVANCED_FACE('',(#6689),#6725,.F.);
#6689 = FACE_BOUND('',#6690,.F.);
#6690 = EDGE_LOOP('',(#6691,#6701,#6710,#6718));
#6691 = ORIENTED_EDGE('',*,*,#6692,.T.);
#6692 = EDGE_CURVE('',#6693,#6695,#6697,.T.);
#6693 = VERTEX_POINT('',#6694);
#6694 = CARTESIAN_POINT('',(7.325,14.,5.08));
#6695 = VERTEX_POINT('',#6696);
#6696 = CARTESIAN_POINT('',(7.325,11.235,5.08));
#6697 = LINE('',#6698,#6699);
#6698 = CARTESIAN_POINT('',(7.325,10.45,5.08));
#6699 = VECTOR('',#6700,1.);
#6700 = DIRECTION('',(-2.501911041409E-16,-1.,0.));
#6701 = ORIENTED_EDGE('',*,*,#6702,.T.);
#6702 = EDGE_CURVE('',#6695,#6703,#6705,.T.);
#6703 = VERTEX_POINT('',#6704);
#6704 = CARTESIAN_POINT('',(3.375,11.235,5.08));
#6705 = CIRCLE('',#6706,1.975);
#6706 = AXIS2_PLACEMENT_3D('',#6707,#6708,#6709);
#6707 = CARTESIAN_POINT('',(5.35,11.235,5.08));
#6708 = DIRECTION('',(2.501911041409E-16,1.,0.));
#6709 = DIRECTION('',(1.,-2.501911041409E-16,0.));
#6710 = ORIENTED_EDGE('',*,*,#6711,.F.);
#6711 = EDGE_CURVE('',#6712,#6703,#6714,.T.);
#6712 = VERTEX_POINT('',#6713);
#6713 = CARTESIAN_POINT('',(3.375,14.,5.08));
#6714 = LINE('',#6715,#6716);
#6715 = CARTESIAN_POINT('',(3.375,10.45,5.08));
#6716 = VECTOR('',#6717,1.);
#6717 = DIRECTION('',(-2.501911041409E-16,-1.,0.));
#6718 = ORIENTED_EDGE('',*,*,#6719,.T.);
#6719 = EDGE_CURVE('',#6712,#6693,#6720,.T.);
#6720 = CIRCLE('',#6721,1.975);
#6721 = AXIS2_PLACEMENT_3D('',#6722,#6723,#6724);
#6722 = CARTESIAN_POINT('',(5.35,14.,5.08));
#6723 = DIRECTION('',(-2.501911041409E-16,-1.,0.));
#6724 = DIRECTION('',(1.,-2.501911041409E-16,0.));
#6725 = CYLINDRICAL_SURFACE('',#6726,1.975);
#6726 = AXIS2_PLACEMENT_3D('',#6727,#6728,#6729);
#6727 = CARTESIAN_POINT('',(5.35,10.45,5.08));
#6728 = DIRECTION('',(-2.501911041409E-16,-1.,0.));
#6729 = DIRECTION('',(1.,-2.501911041409E-16,0.));
#6730 = ADVANCED_FACE('',(#6731),#6749,.T.);
#6731 = FACE_BOUND('',#6732,.T.);
#6732 = EDGE_LOOP('',(#6733,#6734,#6741,#6742));
#6733 = ORIENTED_EDGE('',*,*,#6573,.F.);
#6734 = ORIENTED_EDGE('',*,*,#6735,.T.);
#6735 = EDGE_CURVE('',#6565,#6563,#6736,.T.);
#6736 = CIRCLE('',#6737,1.898658176329);
#6737 = AXIS2_PLACEMENT_3D('',#6738,#6739,#6740);
#6738 = CARTESIAN_POINT('',(5.35,11.45812853168,0.));
#6739 = DIRECTION('',(-1.171453342316E-15,-1.,-0.));
#6740 = DIRECTION('',(-1.,1.171453342316E-15,0.));
#6741 = ORIENTED_EDGE('',*,*,#6581,.T.);
#6742 = ORIENTED_EDGE('',*,*,#6743,.T.);
#6743 = EDGE_CURVE('',#6101,#6099,#6744,.T.);
#6744 = CIRCLE('',#6745,1.9);
#6745 = AXIS2_PLACEMENT_3D('',#6746,#6747,#6748);
#6746 = CARTESIAN_POINT('',(5.35,11.435,0.));
#6747 = DIRECTION('',(1.171453342316E-15,1.,0.));
#6748 = DIRECTION('',(-1.,1.171453342316E-15,0.));
#6749 = ( BOUNDED_SURFACE() B_SPLINE_SURFACE(3,3,(
    (#6750,#6751,#6752,#6753)
    ,(#6754,#6755,#6756,#6757)
    ,(#6758,#6759,#6760,#6761)
    ,(#6762,#6763,#6764,#6765
)),.UNSPECIFIED.,.F.,.F.,.F.) B_SPLINE_SURFACE_WITH_KNOTS((4,4),(4,4),(
    0.,1.),(0.,1.),.PIECEWISE_BEZIER_KNOTS.) 
GEOMETRIC_REPRESENTATION_ITEM() RATIONAL_B_SPLINE_SURFACE((
    (1.,0.333333333333,0.333333333333,1.)
    ,(0.998880874276,0.332960291425,0.332960291425,0.998880874276)
    ,(0.998880874276,0.332960291425,0.332960291425,0.998880874276)
,(1.,0.333333333333,0.333333333333,1.
))) REPRESENTATION_ITEM('') SURFACE() );
#6750 = CARTESIAN_POINT('',(3.451341823671,11.458128531679,0.));
#6751 = CARTESIAN_POINT('',(3.451341823671,11.458128531679,
    3.797316352658));
#6752 = CARTESIAN_POINT('',(7.248658176329,11.458128531679,
    3.797316352658));
#6753 = CARTESIAN_POINT('',(7.248658176329,11.458128531679,
    2.325185658316E-16));
#6754 = CARTESIAN_POINT('',(3.450447775674,11.450449274429,0.));
#6755 = CARTESIAN_POINT('',(3.450447775674,11.450449274429,
    3.799104448651));
#6756 = CARTESIAN_POINT('',(7.249552224326,11.450449274429,
    3.799104448651));
#6757 = CARTESIAN_POINT('',(7.249552224326,11.450449274429,
    2.326280551334E-16));
#6758 = CARTESIAN_POINT('',(3.45,11.442731126291,0.));
#6759 = CARTESIAN_POINT('',(3.45,11.442731126291,3.8));
#6760 = CARTESIAN_POINT('',(7.25,11.442731126291,3.8));
#6761 = CARTESIAN_POINT('',(7.25,11.442731126291,2.32682891838E-16));
#6762 = CARTESIAN_POINT('',(3.45,11.435,0.));
#6763 = CARTESIAN_POINT('',(3.45,11.435,3.8));
#6764 = CARTESIAN_POINT('',(7.25,11.435,3.8));
#6765 = CARTESIAN_POINT('',(7.25,11.435,2.32682891838E-16));
#6766 = ADVANCED_FACE('',(#6767),#6785,.T.);
#6767 = FACE_BOUND('',#6768,.T.);
#6768 = EDGE_LOOP('',(#6769,#6770,#6777,#6778));
#6769 = ORIENTED_EDGE('',*,*,#6527,.F.);
#6770 = ORIENTED_EDGE('',*,*,#6771,.T.);
#6771 = EDGE_CURVE('',#6519,#6517,#6772,.T.);
#6772 = CIRCLE('',#6773,1.898658176329);
#6773 = AXIS2_PLACEMENT_3D('',#6774,#6775,#6776);
#6774 = CARTESIAN_POINT('',(5.35,11.45812853168,-5.08));
#6775 = DIRECTION('',(-1.171453342316E-15,-1.,-0.));
#6776 = DIRECTION('',(-1.,1.171453342316E-15,0.));
#6777 = ORIENTED_EDGE('',*,*,#6535,.T.);
#6778 = ORIENTED_EDGE('',*,*,#6779,.T.);
#6779 = EDGE_CURVE('',#6157,#6155,#6780,.T.);
#6780 = CIRCLE('',#6781,1.9);
#6781 = AXIS2_PLACEMENT_3D('',#6782,#6783,#6784);
#6782 = CARTESIAN_POINT('',(5.35,11.435,-5.08));
#6783 = DIRECTION('',(1.171453342316E-15,1.,0.));
#6784 = DIRECTION('',(-1.,1.171453342316E-15,0.));
#6785 = ( BOUNDED_SURFACE() B_SPLINE_SURFACE(3,3,(
    (#6786,#6787,#6788,#6789)
    ,(#6790,#6791,#6792,#6793)
    ,(#6794,#6795,#6796,#6797)
    ,(#6798,#6799,#6800,#6801
)),.UNSPECIFIED.,.F.,.F.,.F.) B_SPLINE_SURFACE_WITH_KNOTS((4,4),(4,4),(
    0.,1.),(0.,1.),.PIECEWISE_BEZIER_KNOTS.) 
GEOMETRIC_REPRESENTATION_ITEM() RATIONAL_B_SPLINE_SURFACE((
    (1.,0.333333333333,0.333333333333,1.)
    ,(0.998880874276,0.332960291425,0.332960291425,0.998880874276)
    ,(0.998880874276,0.332960291425,0.332960291425,0.998880874276)
,(1.,0.333333333333,0.333333333333,1.
))) REPRESENTATION_ITEM('') SURFACE() );
#6786 = CARTESIAN_POINT('',(3.451341823671,11.458128531679,-5.08));
#6787 = CARTESIAN_POINT('',(3.451341823671,11.458128531679,
    -1.282683647342));
#6788 = CARTESIAN_POINT('',(7.248658176329,11.458128531679,
    -1.282683647342));
#6789 = CARTESIAN_POINT('',(7.248658176329,11.458128531679,-5.08));
#6790 = CARTESIAN_POINT('',(3.450447775674,11.450449274429,-5.08));
#6791 = CARTESIAN_POINT('',(3.450447775674,11.450449274429,
    -1.280895551349));
#6792 = CARTESIAN_POINT('',(7.249552224326,11.450449274429,
    -1.280895551349));
#6793 = CARTESIAN_POINT('',(7.249552224326,11.450449274429,-5.08));
#6794 = CARTESIAN_POINT('',(3.45,11.442731126291,-5.08));
#6795 = CARTESIAN_POINT('',(3.45,11.442731126291,-1.28));
#6796 = CARTESIAN_POINT('',(7.25,11.442731126291,-1.28));
#6797 = CARTESIAN_POINT('',(7.25,11.442731126291,-5.08));
#6798 = CARTESIAN_POINT('',(3.45,11.435,-5.08));
#6799 = CARTESIAN_POINT('',(3.45,11.435,-1.28));
#6800 = CARTESIAN_POINT('',(7.25,11.435,-1.28));
#6801 = CARTESIAN_POINT('',(7.25,11.435,-5.08));
#6802 = ADVANCED_FACE('',(#6803),#6821,.T.);
#6803 = FACE_BOUND('',#6804,.T.);
#6804 = EDGE_LOOP('',(#6805,#6806,#6813,#6814));
#6805 = ORIENTED_EDGE('',*,*,#6481,.F.);
#6806 = ORIENTED_EDGE('',*,*,#6807,.T.);
#6807 = EDGE_CURVE('',#6473,#6471,#6808,.T.);
#6808 = CIRCLE('',#6809,1.898658176329);
#6809 = AXIS2_PLACEMENT_3D('',#6810,#6811,#6812);
#6810 = CARTESIAN_POINT('',(5.35,11.45812853168,5.08));
#6811 = DIRECTION('',(-1.171453342316E-15,-1.,-0.));
#6812 = DIRECTION('',(-1.,1.171453342316E-15,0.));
#6813 = ORIENTED_EDGE('',*,*,#6489,.T.);
#6814 = ORIENTED_EDGE('',*,*,#6815,.T.);
#6815 = EDGE_CURVE('',#6213,#6211,#6816,.T.);
#6816 = CIRCLE('',#6817,1.9);
#6817 = AXIS2_PLACEMENT_3D('',#6818,#6819,#6820);
#6818 = CARTESIAN_POINT('',(5.35,11.435,5.08));
#6819 = DIRECTION('',(1.171453342316E-15,1.,0.));
#6820 = DIRECTION('',(-1.,1.171453342316E-15,0.));
#6821 = ( BOUNDED_SURFACE() B_SPLINE_SURFACE(3,3,(
    (#6822,#6823,#6824,#6825)
    ,(#6826,#6827,#6828,#6829)
    ,(#6830,#6831,#6832,#6833)
    ,(#6834,#6835,#6836,#6837
)),.UNSPECIFIED.,.F.,.F.,.F.) B_SPLINE_SURFACE_WITH_KNOTS((4,4),(4,4),(
    0.,1.),(0.,1.),.PIECEWISE_BEZIER_KNOTS.) 
GEOMETRIC_REPRESENTATION_ITEM() RATIONAL_B_SPLINE_SURFACE((
    (1.,0.333333333333,0.333333333333,1.)
    ,(0.998880874276,0.332960291425,0.332960291425,0.998880874276)
    ,(0.998880874276,0.332960291425,0.332960291425,0.998880874276)
,(1.,0.333333333333,0.333333333333,1.
))) REPRESENTATION_ITEM('') SURFACE() );
#6822 = CARTESIAN_POINT('',(3.451341823671,11.458128531679,5.08));
#6823 = CARTESIAN_POINT('',(3.451341823671,11.458128531679,
    8.877316352658));
#6824 = CARTESIAN_POINT('',(7.248658176329,11.458128531679,
    8.877316352658));
#6825 = CARTESIAN_POINT('',(7.248658176329,11.458128531679,5.08));
#6826 = CARTESIAN_POINT('',(3.450447775674,11.450449274429,5.08));
#6827 = CARTESIAN_POINT('',(3.450447775674,11.450449274429,
    8.879104448651));
#6828 = CARTESIAN_POINT('',(7.249552224326,11.450449274429,
    8.879104448651));
#6829 = CARTESIAN_POINT('',(7.249552224326,11.450449274429,5.08));
#6830 = CARTESIAN_POINT('',(3.45,11.442731126291,5.08));
#6831 = CARTESIAN_POINT('',(3.45,11.442731126291,8.88));
#6832 = CARTESIAN_POINT('',(7.25,11.442731126291,8.88));
#6833 = CARTESIAN_POINT('',(7.25,11.442731126291,5.08));
#6834 = CARTESIAN_POINT('',(3.45,11.435,5.08));
#6835 = CARTESIAN_POINT('',(3.45,11.435,8.88));
#6836 = CARTESIAN_POINT('',(7.25,11.435,8.88));
#6837 = CARTESIAN_POINT('',(7.25,11.435,5.08));
#6838 = ADVANCED_FACE('',(#6839),#6891,.T.);
#6839 = FACE_BOUND('',#6840,.T.);
#6840 = EDGE_LOOP('',(#6841,#6842,#6848,#6849,#6857,#6866,#6875,#6884));
#6841 = ORIENTED_EDGE('',*,*,#6286,.T.);
#6842 = ORIENTED_EDGE('',*,*,#6843,.T.);
#6843 = EDGE_CURVE('',#6278,#6563,#6844,.T.);
#6844 = LINE('',#6845,#6846);
#6845 = CARTESIAN_POINT('',(3.451341823677,11.458128531785,
    2.325185658309E-16));
#6846 = VECTOR('',#6847,1.);
#6847 = DIRECTION('',(-0.115642658397,-0.993290881645,1.416214114513E-17
    ));
#6848 = ORIENTED_EDGE('',*,*,#6735,.F.);
#6849 = ORIENTED_EDGE('',*,*,#6850,.F.);
#6850 = EDGE_CURVE('',#6851,#6565,#6853,.T.);
#6851 = VERTEX_POINT('',#6852);
#6852 = CARTESIAN_POINT('',(7.110296020628,12.646564265822,
    1.240088438882E-31));
#6853 = LINE('',#6854,#6855);
#6854 = CARTESIAN_POINT('',(7.248658176323,11.458128531785,
    1.607708950454E-61));
#6855 = VECTOR('',#6856,1.);
#6856 = DIRECTION('',(0.115642658397,-0.993290881645,-2.072924102819E-31
    ));
#6857 = ORIENTED_EDGE('',*,*,#6858,.T.);
#6858 = EDGE_CURVE('',#6851,#6859,#6861,.T.);
#6859 = VERTEX_POINT('',#6860);
#6860 = CARTESIAN_POINT('',(5.75,12.646564265829,1.714246796765));
#6861 = CIRCLE('',#6862,1.760296020628);
#6862 = AXIS2_PLACEMENT_3D('',#6863,#6864,#6865);
#6863 = CARTESIAN_POINT('',(5.35,12.646564265822,0.));
#6864 = DIRECTION('',(-1.171453342316E-15,-1.,0.));
#6865 = DIRECTION('',(1.,-1.171453342316E-15,0.));
#6866 = ORIENTED_EDGE('',*,*,#6867,.F.);
#6867 = EDGE_CURVE('',#6868,#6859,#6870,.T.);
#6868 = VERTEX_POINT('',#6869);
#6869 = CARTESIAN_POINT('',(5.75,11.934999999997,1.799211327336));
#6870 = B_SPLINE_CURVE_WITH_KNOTS('',3,(#6871,#6872,#6873,#6874),
  .UNSPECIFIED.,.F.,.F.,(4,4),(2.734128518929E-15,7.166189195524E-04),
  .PIECEWISE_BEZIER_KNOTS.);
#6871 = CARTESIAN_POINT('',(5.75,11.934999999997,1.799211327336));
#6872 = CARTESIAN_POINT('',(5.75,12.172191968891,1.770922332791));
#6873 = CARTESIAN_POINT('',(5.75,12.409380254482,1.742602432482));
#6874 = CARTESIAN_POINT('',(5.75,12.646564265829,1.714246796765));
#6875 = ORIENTED_EDGE('',*,*,#6876,.T.);
#6876 = EDGE_CURVE('',#6868,#6877,#6879,.T.);
#6877 = VERTEX_POINT('',#6878);
#6878 = CARTESIAN_POINT('',(4.95,11.934999999997,1.799211327336));
#6879 = CIRCLE('',#6880,1.84313900735);
#6880 = AXIS2_PLACEMENT_3D('',#6881,#6882,#6883);
#6881 = CARTESIAN_POINT('',(5.35,11.934999999994,9.951952430688E-32));
#6882 = DIRECTION('',(-9.136576017787E-16,-1.,-2.08692553322E-31));
#6883 = DIRECTION('',(1.,-9.136576017787E-16,5.743482352849E-48));
#6884 = ORIENTED_EDGE('',*,*,#6885,.F.);
#6885 = EDGE_CURVE('',#6287,#6877,#6886,.T.);
#6886 = B_SPLINE_CURVE_WITH_KNOTS('',3,(#6887,#6888,#6889,#6890),
  .UNSPECIFIED.,.F.,.F.,(4,4),(7.695742672741E-15,7.166189195626E-04),
  .PIECEWISE_BEZIER_KNOTS.);
#6887 = CARTESIAN_POINT('',(4.95,12.646564265829,1.714246796769));
#6888 = CARTESIAN_POINT('',(4.95,12.409380254482,1.742602432482));
#6889 = CARTESIAN_POINT('',(4.95,12.172191968891,1.770922332791));
#6890 = CARTESIAN_POINT('',(4.95,11.934999999997,1.799211327336));
#6891 = CONICAL_SURFACE('',#6892,1.898658176323,0.115901974538);
#6892 = AXIS2_PLACEMENT_3D('',#6893,#6894,#6895);
#6893 = CARTESIAN_POINT('',(5.35,11.458128531785,1.607708950454E-61));
#6894 = DIRECTION('',(-9.136576017787E-16,-1.,-2.08692553322E-31));
#6895 = DIRECTION('',(1.,-9.136576017787E-16,-1.166815364599E-61));
#6896 = ADVANCED_FACE('',(#6897),#6949,.T.);
#6897 = FACE_BOUND('',#6898,.T.);
#6898 = EDGE_LOOP('',(#6899,#6900,#6906,#6907,#6915,#6924,#6933,#6942));
#6899 = ORIENTED_EDGE('',*,*,#6354,.T.);
#6900 = ORIENTED_EDGE('',*,*,#6901,.T.);
#6901 = EDGE_CURVE('',#6346,#6517,#6902,.T.);
#6902 = LINE('',#6903,#6904);
#6903 = CARTESIAN_POINT('',(3.451341823677,11.458128531785,-5.08));
#6904 = VECTOR('',#6905,1.);
#6905 = DIRECTION('',(-0.115642658397,-0.993290881645,1.416214114513E-17
    ));
#6906 = ORIENTED_EDGE('',*,*,#6771,.F.);
#6907 = ORIENTED_EDGE('',*,*,#6908,.F.);
#6908 = EDGE_CURVE('',#6909,#6519,#6911,.T.);
#6909 = VERTEX_POINT('',#6910);
#6910 = CARTESIAN_POINT('',(7.110296020628,12.646564265822,-5.08));
#6911 = LINE('',#6912,#6913);
#6912 = CARTESIAN_POINT('',(7.248658176323,11.458128531785,-5.08));
#6913 = VECTOR('',#6914,1.);
#6914 = DIRECTION('',(0.115642658397,-0.993290881645,-2.072924102819E-31
    ));
#6915 = ORIENTED_EDGE('',*,*,#6916,.T.);
#6916 = EDGE_CURVE('',#6909,#6917,#6919,.T.);
#6917 = VERTEX_POINT('',#6918);
#6918 = CARTESIAN_POINT('',(5.75,12.646564265829,-3.365753203235));
#6919 = CIRCLE('',#6920,1.760296020628);
#6920 = AXIS2_PLACEMENT_3D('',#6921,#6922,#6923);
#6921 = CARTESIAN_POINT('',(5.35,12.646564265822,-5.08));
#6922 = DIRECTION('',(-1.171453342316E-15,-1.,0.));
#6923 = DIRECTION('',(1.,-1.171453342316E-15,0.));
#6924 = ORIENTED_EDGE('',*,*,#6925,.F.);
#6925 = EDGE_CURVE('',#6926,#6917,#6928,.T.);
#6926 = VERTEX_POINT('',#6927);
#6927 = CARTESIAN_POINT('',(5.75,11.934999999997,-3.280788672664));
#6928 = B_SPLINE_CURVE_WITH_KNOTS('',3,(#6929,#6930,#6931,#6932),
  .UNSPECIFIED.,.F.,.F.,(4,4),(2.734102817364E-15,7.166189195524E-04),
  .PIECEWISE_BEZIER_KNOTS.);
#6929 = CARTESIAN_POINT('',(5.75,11.934999999997,-3.280788672664));
#6930 = CARTESIAN_POINT('',(5.75,12.172191968891,-3.309077667209));
#6931 = CARTESIAN_POINT('',(5.75,12.409380254482,-3.337397567518));
#6932 = CARTESIAN_POINT('',(5.75,12.646564265829,-3.365753203235));
#6933 = ORIENTED_EDGE('',*,*,#6934,.T.);
#6934 = EDGE_CURVE('',#6926,#6935,#6937,.T.);
#6935 = VERTEX_POINT('',#6936);
#6936 = CARTESIAN_POINT('',(4.95,11.934999999997,-3.280788672664));
#6937 = CIRCLE('',#6938,1.84313900735);
#6938 = AXIS2_PLACEMENT_3D('',#6939,#6940,#6941);
#6939 = CARTESIAN_POINT('',(5.35,11.934999999994,-5.08));
#6940 = DIRECTION('',(-9.136576017787E-16,-1.,-2.08692553322E-31));
#6941 = DIRECTION('',(1.,-9.136576017787E-16,5.743482352849E-48));
#6942 = ORIENTED_EDGE('',*,*,#6943,.F.);
#6943 = EDGE_CURVE('',#6355,#6935,#6944,.T.);
#6944 = B_SPLINE_CURVE_WITH_KNOTS('',3,(#6945,#6946,#6947,#6948),
  .UNSPECIFIED.,.F.,.F.,(4,4),(7.695742672741E-15,7.166189195626E-04),
  .PIECEWISE_BEZIER_KNOTS.);
#6945 = CARTESIAN_POINT('',(4.95,12.646564265829,-3.365753203231));
#6946 = CARTESIAN_POINT('',(4.95,12.409380254482,-3.337397567518));
#6947 = CARTESIAN_POINT('',(4.95,12.172191968891,-3.309077667209));
#6948 = CARTESIAN_POINT('',(4.95,11.934999999997,-3.280788672664));
#6949 = CONICAL_SURFACE('',#6950,1.898658176323,0.115901974538);
#6950 = AXIS2_PLACEMENT_3D('',#6951,#6952,#6953);
#6951 = CARTESIAN_POINT('',(5.35,11.458128531785,-5.08));
#6952 = DIRECTION('',(-9.136576017787E-16,-1.,-2.08692553322E-31));
#6953 = DIRECTION('',(1.,-9.136576017787E-16,-1.555753819465E-61));
#6954 = ADVANCED_FACE('',(#6955),#7007,.T.);
#6955 = FACE_BOUND('',#6956,.T.);
#6956 = EDGE_LOOP('',(#6957,#6958,#6964,#6965,#6973,#6982,#6991,#7000));
#6957 = ORIENTED_EDGE('',*,*,#6422,.T.);
#6958 = ORIENTED_EDGE('',*,*,#6959,.T.);
#6959 = EDGE_CURVE('',#6414,#6471,#6960,.T.);
#6960 = LINE('',#6961,#6962);
#6961 = CARTESIAN_POINT('',(3.451341823677,11.458128531785,5.08));
#6962 = VECTOR('',#6963,1.);
#6963 = DIRECTION('',(-0.115642658397,-0.993290881645,1.416214114513E-17
    ));
#6964 = ORIENTED_EDGE('',*,*,#6807,.F.);
#6965 = ORIENTED_EDGE('',*,*,#6966,.F.);
#6966 = EDGE_CURVE('',#6967,#6473,#6969,.T.);
#6967 = VERTEX_POINT('',#6968);
#6968 = CARTESIAN_POINT('',(7.110296020628,12.646564265822,5.08));
#6969 = LINE('',#6970,#6971);
#6970 = CARTESIAN_POINT('',(7.248658176323,11.458128531785,5.08));
#6971 = VECTOR('',#6972,1.);
#6972 = DIRECTION('',(0.115642658397,-0.993290881645,-2.072924102819E-31
    ));
#6973 = ORIENTED_EDGE('',*,*,#6974,.T.);
#6974 = EDGE_CURVE('',#6967,#6975,#6977,.T.);
#6975 = VERTEX_POINT('',#6976);
#6976 = CARTESIAN_POINT('',(5.75,12.646564265829,6.794246796765));
#6977 = CIRCLE('',#6978,1.760296020628);
#6978 = AXIS2_PLACEMENT_3D('',#6979,#6980,#6981);
#6979 = CARTESIAN_POINT('',(5.35,12.646564265822,5.08));
#6980 = DIRECTION('',(-1.171453342316E-15,-1.,0.));
#6981 = DIRECTION('',(1.,-1.171453342316E-15,0.));
#6982 = ORIENTED_EDGE('',*,*,#6983,.F.);
#6983 = EDGE_CURVE('',#6984,#6975,#6986,.T.);
#6984 = VERTEX_POINT('',#6985);
#6985 = CARTESIAN_POINT('',(5.75,11.934999999997,6.879211327336));
#6986 = B_SPLINE_CURVE_WITH_KNOTS('',3,(#6987,#6988,#6989,#6990),
  .UNSPECIFIED.,.F.,.F.,(4,4),(2.73415423745E-15,7.166189195524E-04),
  .PIECEWISE_BEZIER_KNOTS.);
#6987 = CARTESIAN_POINT('',(5.75,11.934999999997,6.879211327336));
#6988 = CARTESIAN_POINT('',(5.75,12.172191968891,6.850922332791));
#6989 = CARTESIAN_POINT('',(5.75,12.409380254482,6.822602432482));
#6990 = CARTESIAN_POINT('',(5.75,12.646564265829,6.794246796765));
#6991 = ORIENTED_EDGE('',*,*,#6992,.T.);
#6992 = EDGE_CURVE('',#6984,#6993,#6995,.T.);
#6993 = VERTEX_POINT('',#6994);
#6994 = CARTESIAN_POINT('',(4.95,11.934999999997,6.879211327336));
#6995 = CIRCLE('',#6996,1.84313900735);
#6996 = AXIS2_PLACEMENT_3D('',#6997,#6998,#6999);
#6997 = CARTESIAN_POINT('',(5.35,11.934999999994,5.08));
#6998 = DIRECTION('',(-9.136576017787E-16,-1.,-2.08692553322E-31));
#6999 = DIRECTION('',(1.,-9.136576017787E-16,5.743482352849E-48));
#7000 = ORIENTED_EDGE('',*,*,#7001,.F.);
#7001 = EDGE_CURVE('',#6423,#6993,#7002,.T.);
#7002 = B_SPLINE_CURVE_WITH_KNOTS('',3,(#7003,#7004,#7005,#7006),
  .UNSPECIFIED.,.F.,.F.,(4,4),(7.695742672741E-15,7.166189195626E-04),
  .PIECEWISE_BEZIER_KNOTS.);
#7003 = CARTESIAN_POINT('',(4.95,12.646564265829,6.794246796769));
#7004 = CARTESIAN_POINT('',(4.95,12.409380254482,6.822602432482));
#7005 = CARTESIAN_POINT('',(4.95,12.172191968891,6.850922332791));
#7006 = CARTESIAN_POINT('',(4.95,11.934999999997,6.879211327336));
#7007 = CONICAL_SURFACE('',#7008,1.898658176323,0.115901974538);
#7008 = AXIS2_PLACEMENT_3D('',#7009,#7010,#7011);
#7009 = CARTESIAN_POINT('',(5.35,11.458128531785,5.08));
#7010 = DIRECTION('',(-9.136576017787E-16,-1.,-2.08692553322E-31));
#7011 = DIRECTION('',(1.,-9.136576017787E-16,-1.166815364599E-61));
#7012 = ADVANCED_FACE('',(#7013,#7047,#7081,#7115),#7277,.T.);
#7013 = FACE_BOUND('',#7014,.T.);
#7014 = EDGE_LOOP('',(#7015,#7025,#7033,#7041));
#7015 = ORIENTED_EDGE('',*,*,#7016,.T.);
#7016 = EDGE_CURVE('',#7017,#7019,#7021,.T.);
#7017 = VERTEX_POINT('',#7018);
#7018 = CARTESIAN_POINT('',(5.3,-4.770489558936E-15,-5.584196010977));
#7019 = VERTEX_POINT('',#7020);
#7020 = CARTESIAN_POINT('',(4.5,0.,-5.584196010977));
#7021 = LINE('',#7022,#7023);
#7022 = CARTESIAN_POINT('',(10.25,0.,-5.584196010977));
#7023 = VECTOR('',#7024,1.);
#7024 = DIRECTION('',(-1.,-0.,-0.));
#7025 = ORIENTED_EDGE('',*,*,#7026,.T.);
#7026 = EDGE_CURVE('',#7019,#7027,#7029,.T.);
#7027 = VERTEX_POINT('',#7028);
#7028 = CARTESIAN_POINT('',(4.5,0.,-4.575803989023));
#7029 = LINE('',#7030,#7031);
#7030 = CARTESIAN_POINT('',(4.5,0.,7.62));
#7031 = VECTOR('',#7032,1.);
#7032 = DIRECTION('',(-0.,0.,1.));
#7033 = ORIENTED_EDGE('',*,*,#7034,.T.);
#7034 = EDGE_CURVE('',#7027,#7035,#7037,.T.);
#7035 = VERTEX_POINT('',#7036);
#7036 = CARTESIAN_POINT('',(5.3,-4.770489558936E-15,-4.575803989023));
#7037 = LINE('',#7038,#7039);
#7038 = CARTESIAN_POINT('',(10.25,0.,-4.575803989023));
#7039 = VECTOR('',#7040,1.);
#7040 = DIRECTION('',(1.,0.,0.));
#7041 = ORIENTED_EDGE('',*,*,#7042,.T.);
#7042 = EDGE_CURVE('',#7035,#7017,#7043,.T.);
#7043 = LINE('',#7044,#7045);
#7044 = CARTESIAN_POINT('',(5.3,-9.540979117872E-15,-4.08));
#7045 = VECTOR('',#7046,1.);
#7046 = DIRECTION('',(1.794541526873E-14,-0.,-1.));
#7047 = FACE_BOUND('',#7048,.T.);
#7048 = EDGE_LOOP('',(#7049,#7059,#7067,#7075));
#7049 = ORIENTED_EDGE('',*,*,#7050,.T.);
#7050 = EDGE_CURVE('',#7051,#7053,#7055,.T.);
#7051 = VERTEX_POINT('',#7052);
#7052 = CARTESIAN_POINT('',(5.3,-4.770489558936E-15,4.575803989023));
#7053 = VERTEX_POINT('',#7054);
#7054 = CARTESIAN_POINT('',(4.5,0.,4.575803989023));
#7055 = LINE('',#7056,#7057);
#7056 = CARTESIAN_POINT('',(10.25,0.,4.575803989023));
#7057 = VECTOR('',#7058,1.);
#7058 = DIRECTION('',(-1.,-0.,-0.));
#7059 = ORIENTED_EDGE('',*,*,#7060,.T.);
#7060 = EDGE_CURVE('',#7053,#7061,#7063,.T.);
#7061 = VERTEX_POINT('',#7062);
#7062 = CARTESIAN_POINT('',(4.5,0.,5.584196010977));
#7063 = LINE('',#7064,#7065);
#7064 = CARTESIAN_POINT('',(4.5,0.,7.62));
#7065 = VECTOR('',#7066,1.);
#7066 = DIRECTION('',(-0.,0.,1.));
#7067 = ORIENTED_EDGE('',*,*,#7068,.T.);
#7068 = EDGE_CURVE('',#7061,#7069,#7071,.T.);
#7069 = VERTEX_POINT('',#7070);
#7070 = CARTESIAN_POINT('',(5.3,-4.770489558936E-15,5.584196010977));
#7071 = LINE('',#7072,#7073);
#7072 = CARTESIAN_POINT('',(10.25,0.,5.584196010977));
#7073 = VECTOR('',#7074,1.);
#7074 = DIRECTION('',(1.,0.,0.));
#7075 = ORIENTED_EDGE('',*,*,#7076,.T.);
#7076 = EDGE_CURVE('',#7069,#7051,#7077,.T.);
#7077 = LINE('',#7078,#7079);
#7078 = CARTESIAN_POINT('',(5.3,-9.540979117872E-15,6.08));
#7079 = VECTOR('',#7080,1.);
#7080 = DIRECTION('',(1.794541526873E-14,-0.,-1.));
#7081 = FACE_BOUND('',#7082,.T.);
#7082 = EDGE_LOOP('',(#7083,#7093,#7101,#7109));
#7083 = ORIENTED_EDGE('',*,*,#7084,.T.);
#7084 = EDGE_CURVE('',#7085,#7087,#7089,.T.);
#7085 = VERTEX_POINT('',#7086);
#7086 = CARTESIAN_POINT('',(5.3,-4.770489558936E-15,-0.504196010977));
#7087 = VERTEX_POINT('',#7088);
#7088 = CARTESIAN_POINT('',(4.5,0.,-0.504196010977));
#7089 = LINE('',#7090,#7091);
#7090 = CARTESIAN_POINT('',(10.25,0.,-0.504196010977));
#7091 = VECTOR('',#7092,1.);
#7092 = DIRECTION('',(-1.,-0.,-0.));
#7093 = ORIENTED_EDGE('',*,*,#7094,.T.);
#7094 = EDGE_CURVE('',#7087,#7095,#7097,.T.);
#7095 = VERTEX_POINT('',#7096);
#7096 = CARTESIAN_POINT('',(4.5,0.,0.504196010977));
#7097 = LINE('',#7098,#7099);
#7098 = CARTESIAN_POINT('',(4.5,0.,7.62));
#7099 = VECTOR('',#7100,1.);
#7100 = DIRECTION('',(-0.,0.,1.));
#7101 = ORIENTED_EDGE('',*,*,#7102,.T.);
#7102 = EDGE_CURVE('',#7095,#7103,#7105,.T.);
#7103 = VERTEX_POINT('',#7104);
#7104 = CARTESIAN_POINT('',(5.3,-4.770489558936E-15,0.504196010977));
#7105 = LINE('',#7106,#7107);
#7106 = CARTESIAN_POINT('',(10.25,0.,0.504196010977));
#7107 = VECTOR('',#7108,1.);
#7108 = DIRECTION('',(1.,0.,0.));
#7109 = ORIENTED_EDGE('',*,*,#7110,.T.);
#7110 = EDGE_CURVE('',#7103,#7085,#7111,.T.);
#7111 = LINE('',#7112,#7113);
#7112 = CARTESIAN_POINT('',(5.3,-9.540979117872E-15,1.));
#7113 = VECTOR('',#7114,1.);
#7114 = DIRECTION('',(1.794541526873E-14,-0.,-1.));
#7115 = FACE_BOUND('',#7116,.T.);
#7116 = EDGE_LOOP('',(#7117,#7127,#7135,#7143,#7151,#7159,#7167,#7175,
    #7183,#7191,#7199,#7207,#7215,#7223,#7231,#7239,#7247,#7255,#7263,
    #7271));
#7117 = ORIENTED_EDGE('',*,*,#7118,.F.);
#7118 = EDGE_CURVE('',#7119,#7121,#7123,.T.);
#7119 = VERTEX_POINT('',#7120);
#7120 = CARTESIAN_POINT('',(2.146410161514,2.168404344971E-16,-8.22));
#7121 = VERTEX_POINT('',#7122);
#7122 = CARTESIAN_POINT('',(0.853589838486,0.,-8.22));
#7123 = LINE('',#7124,#7125);
#7124 = CARTESIAN_POINT('',(1.07875644347,0.,-8.22));
#7125 = VECTOR('',#7126,1.);
#7126 = DIRECTION('',(-1.,0.,-0.));
#7127 = ORIENTED_EDGE('',*,*,#7128,.F.);
#7128 = EDGE_CURVE('',#7129,#7119,#7131,.T.);
#7129 = VERTEX_POINT('',#7130);
#7130 = CARTESIAN_POINT('',(1.8,4.336808689942E-16,-7.62));
#7131 = LINE('',#7132,#7133);
#7132 = CARTESIAN_POINT('',(2.033826859022,8.673617379884E-16,-8.025));
#7133 = VECTOR('',#7134,1.);
#7134 = DIRECTION('',(0.5,0.,-0.866025403784));
#7135 = ORIENTED_EDGE('',*,*,#7136,.T.);
#7136 = EDGE_CURVE('',#7129,#7137,#7139,.T.);
#7137 = VERTEX_POINT('',#7138);
#7138 = CARTESIAN_POINT('',(8.7,-3.469446951954E-15,-7.62));
#7139 = LINE('',#7140,#7141);
#7140 = CARTESIAN_POINT('',(10.25,0.,-7.62));
#7141 = VECTOR('',#7142,1.);
#7142 = DIRECTION('',(1.,0.,0.));
#7143 = ORIENTED_EDGE('',*,*,#7144,.T.);
#7144 = EDGE_CURVE('',#7137,#7145,#7147,.T.);
#7145 = VERTEX_POINT('',#7146);
#7146 = CARTESIAN_POINT('',(8.353589838486,0.,-8.22));
#7147 = LINE('',#7148,#7149);
#7148 = CARTESIAN_POINT('',(8.466173140978,-5.20417042793E-15,-8.025));
#7149 = VECTOR('',#7150,1.);
#7150 = DIRECTION('',(-0.5,0.,-0.866025403784));
#7151 = ORIENTED_EDGE('',*,*,#7152,.T.);
#7152 = EDGE_CURVE('',#7145,#7153,#7155,.T.);
#7153 = VERTEX_POINT('',#7154);
#7154 = CARTESIAN_POINT('',(9.646410161514,-4.625929269271E-15,-8.22));
#7155 = LINE('',#7156,#7157);
#7156 = CARTESIAN_POINT('',(9.42124355653,0.,-8.22));
#7157 = VECTOR('',#7158,1.);
#7158 = DIRECTION('',(1.,0.,-0.));
#7159 = ORIENTED_EDGE('',*,*,#7160,.T.);
#7160 = EDGE_CURVE('',#7153,#7161,#7163,.T.);
#7161 = VERTEX_POINT('',#7162);
#7162 = CARTESIAN_POINT('',(9.3,-1.734723475977E-15,-7.62));
#7163 = LINE('',#7164,#7165);
#7164 = CARTESIAN_POINT('',(9.3,-5.20417042793E-15,-7.62));
#7165 = VECTOR('',#7166,1.);
#7166 = DIRECTION('',(-0.5,0.,0.866025403784));
#7167 = ORIENTED_EDGE('',*,*,#7168,.F.);
#7168 = EDGE_CURVE('',#7169,#7161,#7171,.T.);
#7169 = VERTEX_POINT('',#7170);
#7170 = CARTESIAN_POINT('',(10.25,0.,-7.62));
#7171 = LINE('',#7172,#7173);
#7172 = CARTESIAN_POINT('',(9.45,0.,-7.62));
#7173 = VECTOR('',#7174,1.);
#7174 = DIRECTION('',(-1.,0.,-0.));
#7175 = ORIENTED_EDGE('',*,*,#7176,.T.);
#7176 = EDGE_CURVE('',#7169,#7177,#7179,.T.);
#7177 = VERTEX_POINT('',#7178);
#7178 = CARTESIAN_POINT('',(10.25,0.,7.62));
#7179 = LINE('',#7180,#7181);
#7180 = CARTESIAN_POINT('',(10.25,0.,7.62));
#7181 = VECTOR('',#7182,1.);
#7182 = DIRECTION('',(-0.,0.,1.));
#7183 = ORIENTED_EDGE('',*,*,#7184,.T.);
#7184 = EDGE_CURVE('',#7177,#7185,#7187,.T.);
#7185 = VERTEX_POINT('',#7186);
#7186 = CARTESIAN_POINT('',(9.31,0.,7.62));
#7187 = LINE('',#7188,#7189);
#7188 = CARTESIAN_POINT('',(10.25,0.,7.62));
#7189 = VECTOR('',#7190,1.);
#7190 = DIRECTION('',(-1.,-0.,-0.));
#7191 = ORIENTED_EDGE('',*,*,#7192,.T.);
#7192 = EDGE_CURVE('',#7185,#7193,#7195,.T.);
#7193 = VERTEX_POINT('',#7194);
#7194 = CARTESIAN_POINT('',(9.667957166898,0.,7.));
#7195 = LINE('',#7196,#7197);
#7196 = CARTESIAN_POINT('',(9.555373864406,0.,7.195));
#7197 = VECTOR('',#7198,1.);
#7198 = DIRECTION('',(0.5,0.,-0.866025403784));
#7199 = ORIENTED_EDGE('',*,*,#7200,.T.);
#7200 = EDGE_CURVE('',#7193,#7201,#7203,.T.);
#7201 = VERTEX_POINT('',#7202);
#7202 = CARTESIAN_POINT('',(8.332042833102,0.,7.));
#7203 = LINE('',#7204,#7205);
#7204 = CARTESIAN_POINT('',(8.557209438086,0.,7.));
#7205 = VECTOR('',#7206,1.);
#7206 = DIRECTION('',(-1.,0.,-0.));
#7207 = ORIENTED_EDGE('',*,*,#7208,.T.);
#7208 = EDGE_CURVE('',#7201,#7209,#7211,.T.);
#7209 = VERTEX_POINT('',#7210);
#7210 = CARTESIAN_POINT('',(8.69,0.,7.62));
#7211 = LINE('',#7212,#7213);
#7212 = CARTESIAN_POINT('',(8.69,0.,7.62));
#7213 = VECTOR('',#7214,1.);
#7214 = DIRECTION('',(0.5,0.,0.866025403784));
#7215 = ORIENTED_EDGE('',*,*,#7216,.T.);
#7216 = EDGE_CURVE('',#7209,#7217,#7219,.T.);
#7217 = VERTEX_POINT('',#7218);
#7218 = CARTESIAN_POINT('',(1.81,-1.51788304148E-15,7.62));
#7219 = LINE('',#7220,#7221);
#7220 = CARTESIAN_POINT('',(10.25,0.,7.62));
#7221 = VECTOR('',#7222,1.);
#7222 = DIRECTION('',(-1.,-0.,-0.));
#7223 = ORIENTED_EDGE('',*,*,#7224,.F.);
#7224 = EDGE_CURVE('',#7225,#7217,#7227,.T.);
#7225 = VERTEX_POINT('',#7226);
#7226 = CARTESIAN_POINT('',(2.167957166898,-7.589415207399E-16,7.));
#7227 = LINE('',#7228,#7229);
#7228 = CARTESIAN_POINT('',(1.81,-3.469446951954E-15,7.62));
#7229 = VECTOR('',#7230,1.);
#7230 = DIRECTION('',(-0.5,0.,0.866025403784));
#7231 = ORIENTED_EDGE('',*,*,#7232,.F.);
#7232 = EDGE_CURVE('',#7233,#7225,#7235,.T.);
#7233 = VERTEX_POINT('',#7234);
#7234 = CARTESIAN_POINT('',(0.832042833102,2.168404344971E-16,7.));
#7235 = LINE('',#7236,#7237);
#7236 = CARTESIAN_POINT('',(1.942790561914,0.,7.));
#7237 = VECTOR('',#7238,1.);
#7238 = DIRECTION('',(1.,0.,-0.));
#7239 = ORIENTED_EDGE('',*,*,#7240,.F.);
#7240 = EDGE_CURVE('',#7241,#7233,#7243,.T.);
#7241 = VERTEX_POINT('',#7242);
#7242 = CARTESIAN_POINT('',(1.19,4.336808689942E-16,7.62));
#7243 = LINE('',#7244,#7245);
#7244 = CARTESIAN_POINT('',(0.944626135594,8.673617379884E-16,7.195));
#7245 = VECTOR('',#7246,1.);
#7246 = DIRECTION('',(-0.5,0.,-0.866025403784));
#7247 = ORIENTED_EDGE('',*,*,#7248,.T.);
#7248 = EDGE_CURVE('',#7241,#7249,#7251,.T.);
#7249 = VERTEX_POINT('',#7250);
#7250 = CARTESIAN_POINT('',(0.,0.,7.62));
#7251 = LINE('',#7252,#7253);
#7252 = CARTESIAN_POINT('',(9.45,0.,7.62));
#7253 = VECTOR('',#7254,1.);
#7254 = DIRECTION('',(-1.,0.,-0.));
#7255 = ORIENTED_EDGE('',*,*,#7256,.T.);
#7256 = EDGE_CURVE('',#7249,#7257,#7259,.T.);
#7257 = VERTEX_POINT('',#7258);
#7258 = CARTESIAN_POINT('',(0.,0.,-7.62));
#7259 = LINE('',#7260,#7261);
#7260 = CARTESIAN_POINT('',(0.,0.,7.62));
#7261 = VECTOR('',#7262,1.);
#7262 = DIRECTION('',(0.,-0.,-1.));
#7263 = ORIENTED_EDGE('',*,*,#7264,.F.);
#7264 = EDGE_CURVE('',#7265,#7257,#7267,.T.);
#7265 = VERTEX_POINT('',#7266);
#7266 = CARTESIAN_POINT('',(1.2,0.,-7.62));
#7267 = LINE('',#7268,#7269);
#7268 = CARTESIAN_POINT('',(9.45,0.,-7.62));
#7269 = VECTOR('',#7270,1.);
#7270 = DIRECTION('',(-1.,0.,-0.));
#7271 = ORIENTED_EDGE('',*,*,#7272,.F.);
#7272 = EDGE_CURVE('',#7121,#7265,#7273,.T.);
#7273 = LINE('',#7274,#7275);
#7274 = CARTESIAN_POINT('',(1.2,0.,-7.62));
#7275 = VECTOR('',#7276,1.);
#7276 = DIRECTION('',(0.5,0.,0.866025403784));
#7277 = PLANE('',#7278);
#7278 = AXIS2_PLACEMENT_3D('',#7279,#7280,#7281);
#7279 = CARTESIAN_POINT('',(10.25,0.,7.62));
#7280 = DIRECTION('',(0.,-1.,0.));
#7281 = DIRECTION('',(0.,-0.,-1.));
#7282 = ADVANCED_FACE('',(#7283),#7342,.T.);
#7283 = FACE_BOUND('',#7284,.T.);
#7284 = EDGE_LOOP('',(#7285,#7295,#7302,#7303,#7312,#7320,#7328,#7336));
#7285 = ORIENTED_EDGE('',*,*,#7286,.T.);
#7286 = EDGE_CURVE('',#7287,#7289,#7291,.T.);
#7287 = VERTEX_POINT('',#7288);
#7288 = CARTESIAN_POINT('',(4.5,-2.7,-4.58));
#7289 = VERTEX_POINT('',#7290);
#7290 = CARTESIAN_POINT('',(4.5,-5.000000078162E-02,-4.58));
#7291 = LINE('',#7292,#7293);
#7292 = CARTESIAN_POINT('',(4.5,4.784159144,-4.58));
#7293 = VECTOR('',#7294,1.);
#7294 = DIRECTION('',(3.334909476822E-28,1.,5.984633544518E-42));
#7295 = ORIENTED_EDGE('',*,*,#7296,.T.);
#7296 = EDGE_CURVE('',#7289,#7027,#7297,.T.);
#7297 = CIRCLE('',#7298,0.3);
#7298 = AXIS2_PLACEMENT_3D('',#7299,#7300,#7301);
#7299 = CARTESIAN_POINT('',(4.5,-5.000000078162E-02,-4.28));
#7300 = DIRECTION('',(1.,-3.338853781348E-28,1.794541526873E-14));
#7301 = DIRECTION('',(-1.794541526873E-14,1.99723725426E-43,1.));
#7302 = ORIENTED_EDGE('',*,*,#7026,.F.);
#7303 = ORIENTED_EDGE('',*,*,#7304,.T.);
#7304 = EDGE_CURVE('',#7019,#7305,#7307,.T.);
#7305 = VERTEX_POINT('',#7306);
#7306 = CARTESIAN_POINT('',(4.5,-5.000000078158E-02,-5.58));
#7307 = CIRCLE('',#7308,0.3);
#7308 = AXIS2_PLACEMENT_3D('',#7309,#7310,#7311);
#7309 = CARTESIAN_POINT('',(4.5,-5.000000078158E-02,-5.88));
#7310 = DIRECTION('',(1.,-3.338853781348E-28,1.794541526873E-14));
#7311 = DIRECTION('',(-1.794541526873E-14,-6.211574946532E-15,1.));
#7312 = ORIENTED_EDGE('',*,*,#7313,.T.);
#7313 = EDGE_CURVE('',#7305,#7314,#7316,.T.);
#7314 = VERTEX_POINT('',#7315);
#7315 = CARTESIAN_POINT('',(4.5,-2.7,-5.58));
#7316 = LINE('',#7317,#7318);
#7317 = CARTESIAN_POINT('',(4.5,4.784159144,-5.58));
#7318 = VECTOR('',#7319,1.);
#7319 = DIRECTION('',(-3.334909476822E-28,-1.,-5.984633544518E-42));
#7320 = ORIENTED_EDGE('',*,*,#7321,.T.);
#7321 = EDGE_CURVE('',#7314,#7322,#7324,.T.);
#7322 = VERTEX_POINT('',#7323);
#7323 = CARTESIAN_POINT('',(4.5,-3.7,-5.38));
#7324 = LINE('',#7325,#7326);
#7325 = CARTESIAN_POINT('',(4.5,-2.7,-5.58));
#7326 = VECTOR('',#7327,1.);
#7327 = DIRECTION('',(-3.402072636421E-15,-0.980580675691,0.196116135138
    ));
#7328 = ORIENTED_EDGE('',*,*,#7329,.T.);
#7329 = EDGE_CURVE('',#7322,#7330,#7332,.T.);
#7330 = VERTEX_POINT('',#7331);
#7331 = CARTESIAN_POINT('',(4.5,-3.7,-4.78));
#7332 = LINE('',#7333,#7334);
#7333 = CARTESIAN_POINT('',(4.5,-3.7,-4.08));
#7334 = VECTOR('',#7335,1.);
#7335 = DIRECTION('',(-1.794541526873E-14,0.,1.));
#7336 = ORIENTED_EDGE('',*,*,#7337,.T.);
#7337 = EDGE_CURVE('',#7330,#7287,#7338,.T.);
#7338 = LINE('',#7339,#7340);
#7339 = CARTESIAN_POINT('',(4.5,-3.7,-4.78));
#7340 = VECTOR('',#7341,1.);
#7341 = DIRECTION('',(-3.40207263642E-15,0.980580675691,0.196116135138)
  );
#7342 = PLANE('',#7343);
#7343 = AXIS2_PLACEMENT_3D('',#7344,#7345,#7346);
#7344 = CARTESIAN_POINT('',(4.5,4.784159144,-4.08));
#7345 = DIRECTION('',(-1.,3.334909476822E-28,-1.794541526873E-14));
#7346 = DIRECTION('',(-1.794541526873E-14,0.,1.));
#7347 = ADVANCED_FACE('',(#7348),#7367,.F.);
#7348 = FACE_BOUND('',#7349,.F.);
#7349 = EDGE_LOOP('',(#7350,#7359,#7360,#7361));
#7350 = ORIENTED_EDGE('',*,*,#7351,.F.);
#7351 = EDGE_CURVE('',#7017,#7352,#7354,.T.);
#7352 = VERTEX_POINT('',#7353);
#7353 = CARTESIAN_POINT('',(5.3,-5.000000078158E-02,-5.58));
#7354 = CIRCLE('',#7355,0.3);
#7355 = AXIS2_PLACEMENT_3D('',#7356,#7357,#7358);
#7356 = CARTESIAN_POINT('',(5.3,-5.000000078158E-02,-5.88));
#7357 = DIRECTION('',(1.,-3.338853781348E-28,1.794541526873E-14));
#7358 = DIRECTION('',(-1.794541526873E-14,3.277452817243E-13,1.));
#7359 = ORIENTED_EDGE('',*,*,#7016,.T.);
#7360 = ORIENTED_EDGE('',*,*,#7304,.T.);
#7361 = ORIENTED_EDGE('',*,*,#7362,.T.);
#7362 = EDGE_CURVE('',#7305,#7352,#7363,.T.);
#7363 = LINE('',#7364,#7365);
#7364 = CARTESIAN_POINT('',(5.5,-5.000000078158E-02,-5.58));
#7365 = VECTOR('',#7366,1.);
#7366 = DIRECTION('',(1.,-3.338853781348E-28,1.794541526873E-14));
#7367 = CYLINDRICAL_SURFACE('',#7368,0.3);
#7368 = AXIS2_PLACEMENT_3D('',#7369,#7370,#7371);
#7369 = CARTESIAN_POINT('',(5.5,-5.000000078158E-02,-5.88));
#7370 = DIRECTION('',(-1.,3.338853781348E-28,-1.794541526873E-14));
#7371 = DIRECTION('',(-1.794541526873E-14,1.99723725426E-43,1.));
#7372 = ADVANCED_FACE('',(#7373),#7392,.F.);
#7373 = FACE_BOUND('',#7374,.F.);
#7374 = EDGE_LOOP('',(#7375,#7376,#7377,#7386));
#7375 = ORIENTED_EDGE('',*,*,#7296,.T.);
#7376 = ORIENTED_EDGE('',*,*,#7034,.T.);
#7377 = ORIENTED_EDGE('',*,*,#7378,.F.);
#7378 = EDGE_CURVE('',#7379,#7035,#7381,.T.);
#7379 = VERTEX_POINT('',#7380);
#7380 = CARTESIAN_POINT('',(5.3,-5.000000078161E-02,-4.58));
#7381 = CIRCLE('',#7382,0.3);
#7382 = AXIS2_PLACEMENT_3D('',#7383,#7384,#7385);
#7383 = CARTESIAN_POINT('',(5.3,-5.000000078162E-02,-4.28));
#7384 = DIRECTION('',(1.,-3.338853781348E-28,1.794541526873E-14));
#7385 = DIRECTION('',(-1.794541526873E-14,-8.876905287225E-15,1.));
#7386 = ORIENTED_EDGE('',*,*,#7387,.T.);
#7387 = EDGE_CURVE('',#7379,#7289,#7388,.T.);
#7388 = LINE('',#7389,#7390);
#7389 = CARTESIAN_POINT('',(5.5,-5.000000078161E-02,-4.58));
#7390 = VECTOR('',#7391,1.);
#7391 = DIRECTION('',(-1.,3.338853781348E-28,-1.794541526873E-14));
#7392 = CYLINDRICAL_SURFACE('',#7393,0.3);
#7393 = AXIS2_PLACEMENT_3D('',#7394,#7395,#7396);
#7394 = CARTESIAN_POINT('',(5.5,-5.000000078162E-02,-4.28));
#7395 = DIRECTION('',(-1.,3.338853781348E-28,-1.794541526873E-14));
#7396 = DIRECTION('',(-1.794541526873E-14,1.99723725426E-43,1.));
#7397 = ADVANCED_FACE('',(#7398),#7457,.T.);
#7398 = FACE_BOUND('',#7399,.T.);
#7399 = EDGE_LOOP('',(#7400,#7410,#7417,#7418,#7427,#7435,#7443,#7451));
#7400 = ORIENTED_EDGE('',*,*,#7401,.T.);
#7401 = EDGE_CURVE('',#7402,#7404,#7406,.T.);
#7402 = VERTEX_POINT('',#7403);
#7403 = CARTESIAN_POINT('',(4.5,-2.7,5.58));
#7404 = VERTEX_POINT('',#7405);
#7405 = CARTESIAN_POINT('',(4.5,-5.000000078162E-02,5.58));
#7406 = LINE('',#7407,#7408);
#7407 = CARTESIAN_POINT('',(4.5,4.784159144,5.58));
#7408 = VECTOR('',#7409,1.);
#7409 = DIRECTION('',(3.334909476822E-28,1.,5.984633544518E-42));
#7410 = ORIENTED_EDGE('',*,*,#7411,.T.);
#7411 = EDGE_CURVE('',#7404,#7061,#7412,.T.);
#7412 = CIRCLE('',#7413,0.3);
#7413 = AXIS2_PLACEMENT_3D('',#7414,#7415,#7416);
#7414 = CARTESIAN_POINT('',(4.5,-5.000000078162E-02,5.88));
#7415 = DIRECTION('',(1.,-3.338853781348E-28,1.794541526873E-14));
#7416 = DIRECTION('',(-1.794541526873E-14,1.99723725426E-43,1.));
#7417 = ORIENTED_EDGE('',*,*,#7060,.F.);
#7418 = ORIENTED_EDGE('',*,*,#7419,.T.);
#7419 = EDGE_CURVE('',#7053,#7420,#7422,.T.);
#7420 = VERTEX_POINT('',#7421);
#7421 = CARTESIAN_POINT('',(4.5,-5.000000078158E-02,4.58));
#7422 = CIRCLE('',#7423,0.3);
#7423 = AXIS2_PLACEMENT_3D('',#7424,#7425,#7426);
#7424 = CARTESIAN_POINT('',(4.5,-5.000000078158E-02,4.28));
#7425 = DIRECTION('',(1.,-3.338853781348E-28,1.794541526873E-14));
#7426 = DIRECTION('',(-1.794541526873E-14,5.330660681387E-15,1.));
#7427 = ORIENTED_EDGE('',*,*,#7428,.T.);
#7428 = EDGE_CURVE('',#7420,#7429,#7431,.T.);
#7429 = VERTEX_POINT('',#7430);
#7430 = CARTESIAN_POINT('',(4.5,-2.7,4.58));
#7431 = LINE('',#7432,#7433);
#7432 = CARTESIAN_POINT('',(4.5,4.784159144,4.58));
#7433 = VECTOR('',#7434,1.);
#7434 = DIRECTION('',(-3.334909476822E-28,-1.,-5.984633544518E-42));
#7435 = ORIENTED_EDGE('',*,*,#7436,.T.);
#7436 = EDGE_CURVE('',#7429,#7437,#7439,.T.);
#7437 = VERTEX_POINT('',#7438);
#7438 = CARTESIAN_POINT('',(4.5,-3.7,4.78));
#7439 = LINE('',#7440,#7441);
#7440 = CARTESIAN_POINT('',(4.5,-2.7,4.58));
#7441 = VECTOR('',#7442,1.);
#7442 = DIRECTION('',(-3.402072636421E-15,-0.980580675691,0.196116135138
    ));
#7443 = ORIENTED_EDGE('',*,*,#7444,.T.);
#7444 = EDGE_CURVE('',#7437,#7445,#7447,.T.);
#7445 = VERTEX_POINT('',#7446);
#7446 = CARTESIAN_POINT('',(4.5,-3.7,5.38));
#7447 = LINE('',#7448,#7449);
#7448 = CARTESIAN_POINT('',(4.5,-3.7,6.08));
#7449 = VECTOR('',#7450,1.);
#7450 = DIRECTION('',(-1.794541526873E-14,0.,1.));
#7451 = ORIENTED_EDGE('',*,*,#7452,.T.);
#7452 = EDGE_CURVE('',#7445,#7402,#7453,.T.);
#7453 = LINE('',#7454,#7455);
#7454 = CARTESIAN_POINT('',(4.5,-3.7,5.38));
#7455 = VECTOR('',#7456,1.);
#7456 = DIRECTION('',(-3.402072636419E-15,0.980580675691,0.196116135138)
  );
#7457 = PLANE('',#7458);
#7458 = AXIS2_PLACEMENT_3D('',#7459,#7460,#7461);
#7459 = CARTESIAN_POINT('',(4.5,4.784159144,6.08));
#7460 = DIRECTION('',(-1.,3.334909476822E-28,-1.794541526873E-14));
#7461 = DIRECTION('',(-1.794541526873E-14,0.,1.));
#7462 = ADVANCED_FACE('',(#7463),#7482,.F.);
#7463 = FACE_BOUND('',#7464,.F.);
#7464 = EDGE_LOOP('',(#7465,#7474,#7475,#7476));
#7465 = ORIENTED_EDGE('',*,*,#7466,.F.);
#7466 = EDGE_CURVE('',#7051,#7467,#7469,.T.);
#7467 = VERTEX_POINT('',#7468);
#7468 = CARTESIAN_POINT('',(5.3,-5.000000078158E-02,4.58));
#7469 = CIRCLE('',#7470,0.3);
#7470 = AXIS2_PLACEMENT_3D('',#7471,#7472,#7473);
#7471 = CARTESIAN_POINT('',(5.3,-5.000000078158E-02,4.28));
#7472 = DIRECTION('',(1.,-3.338853781348E-28,1.794541526873E-14));
#7473 = DIRECTION('',(-1.794541526873E-14,3.099688836046E-13,1.));
#7474 = ORIENTED_EDGE('',*,*,#7050,.T.);
#7475 = ORIENTED_EDGE('',*,*,#7419,.T.);
#7476 = ORIENTED_EDGE('',*,*,#7477,.T.);
#7477 = EDGE_CURVE('',#7420,#7467,#7478,.T.);
#7478 = LINE('',#7479,#7480);
#7479 = CARTESIAN_POINT('',(5.5,-5.000000078158E-02,4.58));
#7480 = VECTOR('',#7481,1.);
#7481 = DIRECTION('',(1.,-3.338853781348E-28,1.794541526873E-14));
#7482 = CYLINDRICAL_SURFACE('',#7483,0.3);
#7483 = AXIS2_PLACEMENT_3D('',#7484,#7485,#7486);
#7484 = CARTESIAN_POINT('',(5.5,-5.000000078158E-02,4.28));
#7485 = DIRECTION('',(-1.,3.338853781348E-28,-1.794541526873E-14));
#7486 = DIRECTION('',(-1.794541526873E-14,1.99723725426E-43,1.));
#7487 = ADVANCED_FACE('',(#7488),#7507,.F.);
#7488 = FACE_BOUND('',#7489,.F.);
#7489 = EDGE_LOOP('',(#7490,#7491,#7492,#7501));
#7490 = ORIENTED_EDGE('',*,*,#7411,.T.);
#7491 = ORIENTED_EDGE('',*,*,#7068,.T.);
#7492 = ORIENTED_EDGE('',*,*,#7493,.F.);
#7493 = EDGE_CURVE('',#7494,#7069,#7496,.T.);
#7494 = VERTEX_POINT('',#7495);
#7495 = CARTESIAN_POINT('',(5.3,-5.000000078161E-02,5.58));
#7496 = CIRCLE('',#7497,0.3);
#7497 = AXIS2_PLACEMENT_3D('',#7498,#7499,#7500);
#7498 = CARTESIAN_POINT('',(5.3,-5.000000078162E-02,5.88));
#7499 = DIRECTION('',(1.,-3.338853781348E-28,1.794541526873E-14));
#7500 = DIRECTION('',(-1.794541526873E-14,-8.876905287225E-15,1.));
#7501 = ORIENTED_EDGE('',*,*,#7502,.T.);
#7502 = EDGE_CURVE('',#7494,#7404,#7503,.T.);
#7503 = LINE('',#7504,#7505);
#7504 = CARTESIAN_POINT('',(5.5,-5.000000078161E-02,5.58));
#7505 = VECTOR('',#7506,1.);
#7506 = DIRECTION('',(-1.,3.338853781348E-28,-1.794541526873E-14));
#7507 = CYLINDRICAL_SURFACE('',#7508,0.3);
#7508 = AXIS2_PLACEMENT_3D('',#7509,#7510,#7511);
#7509 = CARTESIAN_POINT('',(5.5,-5.000000078162E-02,5.88));
#7510 = DIRECTION('',(-1.,3.338853781348E-28,-1.794541526873E-14));
#7511 = DIRECTION('',(-1.794541526873E-14,1.99723725426E-43,1.));
#7512 = ADVANCED_FACE('',(#7513),#7572,.T.);
#7513 = FACE_BOUND('',#7514,.T.);
#7514 = EDGE_LOOP('',(#7515,#7525,#7532,#7533,#7542,#7550,#7558,#7566));
#7515 = ORIENTED_EDGE('',*,*,#7516,.T.);
#7516 = EDGE_CURVE('',#7517,#7519,#7521,.T.);
#7517 = VERTEX_POINT('',#7518);
#7518 = CARTESIAN_POINT('',(4.5,-2.7,0.5));
#7519 = VERTEX_POINT('',#7520);
#7520 = CARTESIAN_POINT('',(4.5,-5.000000078162E-02,0.5));
#7521 = LINE('',#7522,#7523);
#7522 = CARTESIAN_POINT('',(4.5,4.784159144,0.5));
#7523 = VECTOR('',#7524,1.);
#7524 = DIRECTION('',(3.334909476822E-28,1.,5.984633544518E-42));
#7525 = ORIENTED_EDGE('',*,*,#7526,.T.);
#7526 = EDGE_CURVE('',#7519,#7095,#7527,.T.);
#7527 = CIRCLE('',#7528,0.3);
#7528 = AXIS2_PLACEMENT_3D('',#7529,#7530,#7531);
#7529 = CARTESIAN_POINT('',(4.5,-5.000000078162E-02,0.8));
#7530 = DIRECTION('',(1.,-3.338853781348E-28,1.794541526873E-14));
#7531 = DIRECTION('',(-1.794541526873E-14,1.99723725426E-43,1.));
#7532 = ORIENTED_EDGE('',*,*,#7094,.F.);
#7533 = ORIENTED_EDGE('',*,*,#7534,.T.);
#7534 = EDGE_CURVE('',#7087,#7535,#7537,.T.);
#7535 = VERTEX_POINT('',#7536);
#7536 = CARTESIAN_POINT('',(4.5,-5.000000078158E-02,-0.5));
#7537 = CIRCLE('',#7538,0.3);
#7538 = AXIS2_PLACEMENT_3D('',#7539,#7540,#7541);
#7539 = CARTESIAN_POINT('',(4.5,-5.000000078158E-02,-0.8));
#7540 = DIRECTION('',(1.,-3.338853781348E-28,1.794541526873E-14));
#7541 = DIRECTION('',(-1.794541526873E-14,1.508848023376E-14,1.));
#7542 = ORIENTED_EDGE('',*,*,#7543,.T.);
#7543 = EDGE_CURVE('',#7535,#7544,#7546,.T.);
#7544 = VERTEX_POINT('',#7545);
#7545 = CARTESIAN_POINT('',(4.5,-2.7,-0.5));
#7546 = LINE('',#7547,#7548);
#7547 = CARTESIAN_POINT('',(4.5,4.784159144,-0.5));
#7548 = VECTOR('',#7549,1.);
#7549 = DIRECTION('',(-3.334909476822E-28,-1.,-5.984633544518E-42));
#7550 = ORIENTED_EDGE('',*,*,#7551,.T.);
#7551 = EDGE_CURVE('',#7544,#7552,#7554,.T.);
#7552 = VERTEX_POINT('',#7553);
#7553 = CARTESIAN_POINT('',(4.5,-3.7,-0.3));
#7554 = LINE('',#7555,#7556);
#7555 = CARTESIAN_POINT('',(4.5,-2.7,-0.5));
#7556 = VECTOR('',#7557,1.);
#7557 = DIRECTION('',(-3.402072636421E-15,-0.980580675691,0.196116135138
    ));
#7558 = ORIENTED_EDGE('',*,*,#7559,.T.);
#7559 = EDGE_CURVE('',#7552,#7560,#7562,.T.);
#7560 = VERTEX_POINT('',#7561);
#7561 = CARTESIAN_POINT('',(4.5,-3.7,0.3));
#7562 = LINE('',#7563,#7564);
#7563 = CARTESIAN_POINT('',(4.5,-3.7,1.));
#7564 = VECTOR('',#7565,1.);
#7565 = DIRECTION('',(-1.794541526873E-14,0.,1.));
#7566 = ORIENTED_EDGE('',*,*,#7567,.T.);
#7567 = EDGE_CURVE('',#7560,#7517,#7568,.T.);
#7568 = LINE('',#7569,#7570);
#7569 = CARTESIAN_POINT('',(4.5,-3.7,0.3));
#7570 = VECTOR('',#7571,1.);
#7571 = DIRECTION('',(-3.402072636419E-15,0.980580675691,0.196116135138)
  );
#7572 = PLANE('',#7573);
#7573 = AXIS2_PLACEMENT_3D('',#7574,#7575,#7576);
#7574 = CARTESIAN_POINT('',(4.5,4.784159144,1.));
#7575 = DIRECTION('',(-1.,3.334909476822E-28,-1.794541526873E-14));
#7576 = DIRECTION('',(-1.794541526873E-14,0.,1.));
#7577 = ADVANCED_FACE('',(#7578),#7597,.F.);
#7578 = FACE_BOUND('',#7579,.F.);
#7579 = EDGE_LOOP('',(#7580,#7589,#7590,#7591));
#7580 = ORIENTED_EDGE('',*,*,#7581,.F.);
#7581 = EDGE_CURVE('',#7085,#7582,#7584,.T.);
#7582 = VERTEX_POINT('',#7583);
#7583 = CARTESIAN_POINT('',(5.3,-5.000000078158E-02,-0.5));
#7584 = CIRCLE('',#7585,0.3);
#7585 = AXIS2_PLACEMENT_3D('',#7586,#7587,#7588);
#7586 = CARTESIAN_POINT('',(5.3,-5.000000078158E-02,-0.8));
#7587 = DIRECTION('',(1.,-3.338853781348E-28,1.794541526873E-14));
#7588 = DIRECTION('',(-1.794541526873E-14,3.188457888918E-13,1.));
#7589 = ORIENTED_EDGE('',*,*,#7084,.T.);
#7590 = ORIENTED_EDGE('',*,*,#7534,.T.);
#7591 = ORIENTED_EDGE('',*,*,#7592,.T.);
#7592 = EDGE_CURVE('',#7535,#7582,#7593,.T.);
#7593 = LINE('',#7594,#7595);
#7594 = CARTESIAN_POINT('',(5.5,-5.000000078158E-02,-0.5));
#7595 = VECTOR('',#7596,1.);
#7596 = DIRECTION('',(1.,-3.338853781348E-28,1.794541526873E-14));
#7597 = CYLINDRICAL_SURFACE('',#7598,0.3);
#7598 = AXIS2_PLACEMENT_3D('',#7599,#7600,#7601);
#7599 = CARTESIAN_POINT('',(5.5,-5.000000078158E-02,-0.8));
#7600 = DIRECTION('',(-1.,3.338853781348E-28,-1.794541526873E-14));
#7601 = DIRECTION('',(-1.794541526873E-14,1.99723725426E-43,1.));
#7602 = ADVANCED_FACE('',(#7603),#7622,.F.);
#7603 = FACE_BOUND('',#7604,.F.);
#7604 = EDGE_LOOP('',(#7605,#7606,#7607,#7616));
#7605 = ORIENTED_EDGE('',*,*,#7526,.T.);
#7606 = ORIENTED_EDGE('',*,*,#7102,.T.);
#7607 = ORIENTED_EDGE('',*,*,#7608,.F.);
#7608 = EDGE_CURVE('',#7609,#7103,#7611,.T.);
#7609 = VERTEX_POINT('',#7610);
#7610 = CARTESIAN_POINT('',(5.3,-5.000000078161E-02,0.5));
#7611 = CIRCLE('',#7612,0.3);
#7612 = AXIS2_PLACEMENT_3D('',#7613,#7614,#7615);
#7613 = CARTESIAN_POINT('',(5.3,-5.000000078162E-02,0.8));
#7614 = DIRECTION('',(1.,-3.338853781348E-28,1.794541526873E-14));
#7615 = DIRECTION('',(-1.794541526873E-14,1.99723725426E-43,1.));
#7616 = ORIENTED_EDGE('',*,*,#7617,.T.);
#7617 = EDGE_CURVE('',#7609,#7519,#7618,.T.);
#7618 = LINE('',#7619,#7620);
#7619 = CARTESIAN_POINT('',(5.5,-5.000000078161E-02,0.5));
#7620 = VECTOR('',#7621,1.);
#7621 = DIRECTION('',(-1.,3.338853781348E-28,-1.794541526873E-14));
#7622 = CYLINDRICAL_SURFACE('',#7623,0.3);
#7623 = AXIS2_PLACEMENT_3D('',#7624,#7625,#7626);
#7624 = CARTESIAN_POINT('',(5.5,-5.000000078162E-02,0.8));
#7625 = DIRECTION('',(-1.,3.338853781348E-28,-1.794541526873E-14));
#7626 = DIRECTION('',(-1.794541526873E-14,1.99723725426E-43,1.));
#7627 = ADVANCED_FACE('',(#7628),#7653,.T.);
#7628 = FACE_BOUND('',#7629,.T.);
#7629 = EDGE_LOOP('',(#7630,#7631,#7639,#7647));
#7630 = ORIENTED_EDGE('',*,*,#7256,.F.);
#7631 = ORIENTED_EDGE('',*,*,#7632,.T.);
#7632 = EDGE_CURVE('',#7249,#7633,#7635,.T.);
#7633 = VERTEX_POINT('',#7634);
#7634 = CARTESIAN_POINT('',(0.,10.,7.62));
#7635 = LINE('',#7636,#7637);
#7636 = CARTESIAN_POINT('',(0.,0.,7.62));
#7637 = VECTOR('',#7638,1.);
#7638 = DIRECTION('',(0.,1.,-0.));
#7639 = ORIENTED_EDGE('',*,*,#7640,.T.);
#7640 = EDGE_CURVE('',#7633,#7641,#7643,.T.);
#7641 = VERTEX_POINT('',#7642);
#7642 = CARTESIAN_POINT('',(0.,10.,-7.62));
#7643 = LINE('',#7644,#7645);
#7644 = CARTESIAN_POINT('',(0.,10.,7.62));
#7645 = VECTOR('',#7646,1.);
#7646 = DIRECTION('',(-0.,-0.,-1.));
#7647 = ORIENTED_EDGE('',*,*,#7648,.T.);
#7648 = EDGE_CURVE('',#7641,#7257,#7649,.T.);
#7649 = LINE('',#7650,#7651);
#7650 = CARTESIAN_POINT('',(0.,0.,-7.62));
#7651 = VECTOR('',#7652,1.);
#7652 = DIRECTION('',(-0.,-1.,0.));
#7653 = PLANE('',#7654);
#7654 = AXIS2_PLACEMENT_3D('',#7655,#7656,#7657);
#7655 = CARTESIAN_POINT('',(0.,0.,7.62));
#7656 = DIRECTION('',(-1.,0.,0.));
#7657 = DIRECTION('',(0.,0.,1.));
#7658 = ADVANCED_FACE('',(#7659),#7782,.F.);
#7659 = FACE_BOUND('',#7660,.T.);
#7660 = EDGE_LOOP('',(#7661,#7671,#7677,#7678,#7679,#7687,#7695,#7701,
    #7702,#7710,#7718,#7724,#7725,#7733,#7742,#7750,#7758,#7767,#7775));
#7661 = ORIENTED_EDGE('',*,*,#7662,.F.);
#7662 = EDGE_CURVE('',#7663,#7665,#7667,.T.);
#7663 = VERTEX_POINT('',#7664);
#7664 = CARTESIAN_POINT('',(1.25,10.,7.62));
#7665 = VERTEX_POINT('',#7666);
#7666 = CARTESIAN_POINT('',(2.337581515396,13.782892227464,7.62));
#7667 = LINE('',#7668,#7669);
#7668 = CARTESIAN_POINT('',(1.25,10.,7.62));
#7669 = VECTOR('',#7670,1.);
#7670 = DIRECTION('',(0.27630742488,0.96106930393,0.));
#7671 = ORIENTED_EDGE('',*,*,#7672,.F.);
#7672 = EDGE_CURVE('',#7633,#7663,#7673,.T.);
#7673 = LINE('',#7674,#7675);
#7674 = CARTESIAN_POINT('',(9.45,10.,7.62));
#7675 = VECTOR('',#7676,1.);
#7676 = DIRECTION('',(1.,-0.,0.));
#7677 = ORIENTED_EDGE('',*,*,#7632,.F.);
#7678 = ORIENTED_EDGE('',*,*,#7248,.F.);
#7679 = ORIENTED_EDGE('',*,*,#7680,.F.);
#7680 = EDGE_CURVE('',#7681,#7241,#7683,.T.);
#7681 = VERTEX_POINT('',#7682);
#7682 = CARTESIAN_POINT('',(1.19,6.6,7.62));
#7683 = LINE('',#7684,#7685);
#7684 = CARTESIAN_POINT('',(1.19,6.8,7.62));
#7685 = VECTOR('',#7686,1.);
#7686 = DIRECTION('',(-0.,-1.,-0.));
#7687 = ORIENTED_EDGE('',*,*,#7688,.T.);
#7688 = EDGE_CURVE('',#7681,#7689,#7691,.T.);
#7689 = VERTEX_POINT('',#7690);
#7690 = CARTESIAN_POINT('',(1.81,6.6,7.62));
#7691 = LINE('',#7692,#7693);
#7692 = CARTESIAN_POINT('',(1.942790561914,6.6,7.62));
#7693 = VECTOR('',#7694,1.);
#7694 = DIRECTION('',(1.,-1.33226762955E-15,-0.));
#7695 = ORIENTED_EDGE('',*,*,#7696,.F.);
#7696 = EDGE_CURVE('',#7217,#7689,#7697,.T.);
#7697 = LINE('',#7698,#7699);
#7698 = CARTESIAN_POINT('',(1.81,6.8,7.62));
#7699 = VECTOR('',#7700,1.);
#7700 = DIRECTION('',(0.,1.,0.));
#7701 = ORIENTED_EDGE('',*,*,#7216,.F.);
#7702 = ORIENTED_EDGE('',*,*,#7703,.F.);
#7703 = EDGE_CURVE('',#7704,#7209,#7706,.T.);
#7704 = VERTEX_POINT('',#7705);
#7705 = CARTESIAN_POINT('',(8.69,6.6,7.62));
#7706 = LINE('',#7707,#7708);
#7707 = CARTESIAN_POINT('',(8.69,6.8,7.62));
#7708 = VECTOR('',#7709,1.);
#7709 = DIRECTION('',(-0.,-1.,-0.));
#7710 = ORIENTED_EDGE('',*,*,#7711,.F.);
#7711 = EDGE_CURVE('',#7712,#7704,#7714,.T.);
#7712 = VERTEX_POINT('',#7713);
#7713 = CARTESIAN_POINT('',(9.31,6.6,7.62));
#7714 = LINE('',#7715,#7716);
#7715 = CARTESIAN_POINT('',(8.557209438086,6.6,7.62));
#7716 = VECTOR('',#7717,1.);
#7717 = DIRECTION('',(-1.,-0.,-0.));
#7718 = ORIENTED_EDGE('',*,*,#7719,.F.);
#7719 = EDGE_CURVE('',#7185,#7712,#7720,.T.);
#7720 = LINE('',#7721,#7722);
#7721 = CARTESIAN_POINT('',(9.31,6.8,7.62));
#7722 = VECTOR('',#7723,1.);
#7723 = DIRECTION('',(0.,1.,0.));
#7724 = ORIENTED_EDGE('',*,*,#7184,.F.);
#7725 = ORIENTED_EDGE('',*,*,#7726,.F.);
#7726 = EDGE_CURVE('',#7727,#7177,#7729,.T.);
#7727 = VERTEX_POINT('',#7728);
#7728 = CARTESIAN_POINT('',(10.25,6.8,7.62));
#7729 = LINE('',#7730,#7731);
#7730 = CARTESIAN_POINT('',(10.25,6.8,7.62));
#7731 = VECTOR('',#7732,1.);
#7732 = DIRECTION('',(-0.,-1.,-0.));
#7733 = ORIENTED_EDGE('',*,*,#7734,.F.);
#7734 = EDGE_CURVE('',#7735,#7727,#7737,.T.);
#7735 = VERTEX_POINT('',#7736);
#7736 = CARTESIAN_POINT('',(9.45,7.6,7.62));
#7737 = CIRCLE('',#7738,0.8);
#7738 = AXIS2_PLACEMENT_3D('',#7739,#7740,#7741);
#7739 = CARTESIAN_POINT('',(9.45,6.8,7.62));
#7740 = DIRECTION('',(0.,0.,-1.));
#7741 = DIRECTION('',(-1.,0.,0.));
#7742 = ORIENTED_EDGE('',*,*,#7743,.F.);
#7743 = EDGE_CURVE('',#7744,#7735,#7746,.T.);
#7744 = VERTEX_POINT('',#7745);
#7745 = CARTESIAN_POINT('',(9.25,7.6,7.62));
#7746 = LINE('',#7747,#7748);
#7747 = CARTESIAN_POINT('',(9.25,7.6,7.62));
#7748 = VECTOR('',#7749,1.);
#7749 = DIRECTION('',(1.,0.,-0.));
#7750 = ORIENTED_EDGE('',*,*,#7751,.F.);
#7751 = EDGE_CURVE('',#7752,#7744,#7754,.T.);
#7752 = VERTEX_POINT('',#7753);
#7753 = CARTESIAN_POINT('',(8.289638583737,13.746313064082,7.62));
#7754 = LINE('',#7755,#7756);
#7755 = CARTESIAN_POINT('',(8.289638583737,13.746313064082,7.62));
#7756 = VECTOR('',#7757,1.);
#7757 = DIRECTION('',(0.154376880274,-0.988012033751,0.));
#7758 = ORIENTED_EDGE('',*,*,#7759,.F.);
#7759 = EDGE_CURVE('',#7760,#7752,#7762,.T.);
#7760 = VERTEX_POINT('',#7761);
#7761 = CARTESIAN_POINT('',(7.993234973612,14.,7.62));
#7762 = CIRCLE('',#7763,0.3);
#7763 = AXIS2_PLACEMENT_3D('',#7764,#7765,#7766);
#7764 = CARTESIAN_POINT('',(7.993234973612,13.7,7.62));
#7765 = DIRECTION('',(0.,0.,-1.));
#7766 = DIRECTION('',(-1.,0.,0.));
#7767 = ORIENTED_EDGE('',*,*,#7768,.F.);
#7768 = EDGE_CURVE('',#7769,#7760,#7771,.T.);
#7769 = VERTEX_POINT('',#7770);
#7770 = CARTESIAN_POINT('',(2.625902306575,14.,7.62));
#7771 = LINE('',#7772,#7773);
#7772 = CARTESIAN_POINT('',(9.45,14.,7.62));
#7773 = VECTOR('',#7774,1.);
#7774 = DIRECTION('',(1.,-0.,0.));
#7775 = ORIENTED_EDGE('',*,*,#7776,.F.);
#7776 = EDGE_CURVE('',#7665,#7769,#7777,.T.);
#7777 = CIRCLE('',#7778,0.3);
#7778 = AXIS2_PLACEMENT_3D('',#7779,#7780,#7781);
#7779 = CARTESIAN_POINT('',(2.625902306575,13.7,7.62));
#7780 = DIRECTION('',(0.,0.,-1.));
#7781 = DIRECTION('',(-1.,0.,0.));
#7782 = PLANE('',#7783);
#7783 = AXIS2_PLACEMENT_3D('',#7784,#7785,#7786);
#7784 = CARTESIAN_POINT('',(9.45,6.8,7.62));
#7785 = DIRECTION('',(0.,0.,-1.));
#7786 = DIRECTION('',(-1.,0.,-0.));
#7787 = ADVANCED_FACE('',(#7788,#7822,#7856,#7890),#7908,.T.);
#7788 = FACE_BOUND('',#7789,.T.);
#7789 = EDGE_LOOP('',(#7790,#7800,#7808,#7816));
#7790 = ORIENTED_EDGE('',*,*,#7791,.T.);
#7791 = EDGE_CURVE('',#7792,#7794,#7796,.T.);
#7792 = VERTEX_POINT('',#7793);
#7793 = CARTESIAN_POINT('',(10.25,1.7,-1.8));
#7794 = VERTEX_POINT('',#7795);
#7795 = CARTESIAN_POINT('',(10.25,1.7,1.8));
#7796 = LINE('',#7797,#7798);
#7797 = CARTESIAN_POINT('',(10.25,1.7,7.62));
#7798 = VECTOR('',#7799,1.);
#7799 = DIRECTION('',(-0.,-0.,1.));
#7800 = ORIENTED_EDGE('',*,*,#7801,.T.);
#7801 = EDGE_CURVE('',#7794,#7802,#7804,.T.);
#7802 = VERTEX_POINT('',#7803);
#7803 = CARTESIAN_POINT('',(10.25,6.2,1.8));
#7804 = LINE('',#7805,#7806);
#7805 = CARTESIAN_POINT('',(10.25,6.8,1.8));
#7806 = VECTOR('',#7807,1.);
#7807 = DIRECTION('',(0.,1.,0.));
#7808 = ORIENTED_EDGE('',*,*,#7809,.T.);
#7809 = EDGE_CURVE('',#7802,#7810,#7812,.T.);
#7810 = VERTEX_POINT('',#7811);
#7811 = CARTESIAN_POINT('',(10.25,6.2,-1.8));
#7812 = LINE('',#7813,#7814);
#7813 = CARTESIAN_POINT('',(10.25,6.2,7.62));
#7814 = VECTOR('',#7815,1.);
#7815 = DIRECTION('',(0.,0.,-1.));
#7816 = ORIENTED_EDGE('',*,*,#7817,.T.);
#7817 = EDGE_CURVE('',#7810,#7792,#7818,.T.);
#7818 = LINE('',#7819,#7820);
#7819 = CARTESIAN_POINT('',(10.25,6.8,-1.8));
#7820 = VECTOR('',#7821,1.);
#7821 = DIRECTION('',(-0.,-1.,-0.));
#7822 = FACE_BOUND('',#7823,.T.);
#7823 = EDGE_LOOP('',(#7824,#7834,#7842,#7850));
#7824 = ORIENTED_EDGE('',*,*,#7825,.T.);
#7825 = EDGE_CURVE('',#7826,#7828,#7830,.T.);
#7826 = VERTEX_POINT('',#7827);
#7827 = CARTESIAN_POINT('',(10.25,1.7,-6.88));
#7828 = VERTEX_POINT('',#7829);
#7829 = CARTESIAN_POINT('',(10.25,1.7,-3.28));
#7830 = LINE('',#7831,#7832);
#7831 = CARTESIAN_POINT('',(10.25,1.7,7.62));
#7832 = VECTOR('',#7833,1.);
#7833 = DIRECTION('',(-0.,-0.,1.));
#7834 = ORIENTED_EDGE('',*,*,#7835,.T.);
#7835 = EDGE_CURVE('',#7828,#7836,#7838,.T.);
#7836 = VERTEX_POINT('',#7837);
#7837 = CARTESIAN_POINT('',(10.25,6.2,-3.28));
#7838 = LINE('',#7839,#7840);
#7839 = CARTESIAN_POINT('',(10.25,6.8,-3.28));
#7840 = VECTOR('',#7841,1.);
#7841 = DIRECTION('',(0.,1.,0.));
#7842 = ORIENTED_EDGE('',*,*,#7843,.T.);
#7843 = EDGE_CURVE('',#7836,#7844,#7846,.T.);
#7844 = VERTEX_POINT('',#7845);
#7845 = CARTESIAN_POINT('',(10.25,6.2,-6.88));
#7846 = LINE('',#7847,#7848);
#7847 = CARTESIAN_POINT('',(10.25,6.2,7.62));
#7848 = VECTOR('',#7849,1.);
#7849 = DIRECTION('',(0.,0.,-1.));
#7850 = ORIENTED_EDGE('',*,*,#7851,.T.);
#7851 = EDGE_CURVE('',#7844,#7826,#7852,.T.);
#7852 = LINE('',#7853,#7854);
#7853 = CARTESIAN_POINT('',(10.25,6.8,-6.88));
#7854 = VECTOR('',#7855,1.);
#7855 = DIRECTION('',(-0.,-1.,-0.));
#7856 = FACE_BOUND('',#7857,.T.);
#7857 = EDGE_LOOP('',(#7858,#7868,#7876,#7884));
#7858 = ORIENTED_EDGE('',*,*,#7859,.T.);
#7859 = EDGE_CURVE('',#7860,#7862,#7864,.T.);
#7860 = VERTEX_POINT('',#7861);
#7861 = CARTESIAN_POINT('',(10.25,1.7,3.28));
#7862 = VERTEX_POINT('',#7863);
#7863 = CARTESIAN_POINT('',(10.25,1.7,6.88));
#7864 = LINE('',#7865,#7866);
#7865 = CARTESIAN_POINT('',(10.25,1.7,7.62));
#7866 = VECTOR('',#7867,1.);
#7867 = DIRECTION('',(-0.,-0.,1.));
#7868 = ORIENTED_EDGE('',*,*,#7869,.T.);
#7869 = EDGE_CURVE('',#7862,#7870,#7872,.T.);
#7870 = VERTEX_POINT('',#7871);
#7871 = CARTESIAN_POINT('',(10.25,6.2,6.88));
#7872 = LINE('',#7873,#7874);
#7873 = CARTESIAN_POINT('',(10.25,6.8,6.88));
#7874 = VECTOR('',#7875,1.);
#7875 = DIRECTION('',(0.,1.,0.));
#7876 = ORIENTED_EDGE('',*,*,#7877,.T.);
#7877 = EDGE_CURVE('',#7870,#7878,#7880,.T.);
#7878 = VERTEX_POINT('',#7879);
#7879 = CARTESIAN_POINT('',(10.25,6.2,3.28));
#7880 = LINE('',#7881,#7882);
#7881 = CARTESIAN_POINT('',(10.25,6.2,7.62));
#7882 = VECTOR('',#7883,1.);
#7883 = DIRECTION('',(0.,0.,-1.));
#7884 = ORIENTED_EDGE('',*,*,#7885,.T.);
#7885 = EDGE_CURVE('',#7878,#7860,#7886,.T.);
#7886 = LINE('',#7887,#7888);
#7887 = CARTESIAN_POINT('',(10.25,6.8,3.28));
#7888 = VECTOR('',#7889,1.);
#7889 = DIRECTION('',(-0.,-1.,-0.));
#7890 = FACE_BOUND('',#7891,.T.);
#7891 = EDGE_LOOP('',(#7892,#7893,#7901,#7907));
#7892 = ORIENTED_EDGE('',*,*,#7176,.F.);
#7893 = ORIENTED_EDGE('',*,*,#7894,.T.);
#7894 = EDGE_CURVE('',#7169,#7895,#7897,.T.);
#7895 = VERTEX_POINT('',#7896);
#7896 = CARTESIAN_POINT('',(10.25,6.8,-7.62));
#7897 = LINE('',#7898,#7899);
#7898 = CARTESIAN_POINT('',(10.25,6.8,-7.62));
#7899 = VECTOR('',#7900,1.);
#7900 = DIRECTION('',(0.,1.,0.));
#7901 = ORIENTED_EDGE('',*,*,#7902,.T.);
#7902 = EDGE_CURVE('',#7895,#7727,#7903,.T.);
#7903 = LINE('',#7904,#7905);
#7904 = CARTESIAN_POINT('',(10.25,6.8,7.62));
#7905 = VECTOR('',#7906,1.);
#7906 = DIRECTION('',(-0.,-0.,1.));
#7907 = ORIENTED_EDGE('',*,*,#7726,.T.);
#7908 = PLANE('',#7909);
#7909 = AXIS2_PLACEMENT_3D('',#7910,#7911,#7912);
#7910 = CARTESIAN_POINT('',(10.25,6.8,7.62));
#7911 = DIRECTION('',(1.,-0.,0.));
#7912 = DIRECTION('',(0.,0.,-1.));
#7913 = ADVANCED_FACE('',(#7914),#8030,.T.);
#7914 = FACE_BOUND('',#7915,.T.);
#7915 = EDGE_LOOP('',(#7916,#7917,#7925,#7933,#7942,#7950,#7959,#7967,
    #7975,#7982,#7983,#7984,#7992,#8000,#8006,#8007,#8015,#8023,#8029));
#7916 = ORIENTED_EDGE('',*,*,#7648,.F.);
#7917 = ORIENTED_EDGE('',*,*,#7918,.T.);
#7918 = EDGE_CURVE('',#7641,#7919,#7921,.T.);
#7919 = VERTEX_POINT('',#7920);
#7920 = CARTESIAN_POINT('',(1.25,10.,-7.62));
#7921 = LINE('',#7922,#7923);
#7922 = CARTESIAN_POINT('',(9.45,10.,-7.62));
#7923 = VECTOR('',#7924,1.);
#7924 = DIRECTION('',(1.,-0.,0.));
#7925 = ORIENTED_EDGE('',*,*,#7926,.T.);
#7926 = EDGE_CURVE('',#7919,#7927,#7929,.T.);
#7927 = VERTEX_POINT('',#7928);
#7928 = CARTESIAN_POINT('',(2.337581515396,13.782892227464,-7.62));
#7929 = LINE('',#7930,#7931);
#7930 = CARTESIAN_POINT('',(1.25,10.,-7.62));
#7931 = VECTOR('',#7932,1.);
#7932 = DIRECTION('',(0.27630742488,0.96106930393,0.));
#7933 = ORIENTED_EDGE('',*,*,#7934,.F.);
#7934 = EDGE_CURVE('',#7935,#7927,#7937,.T.);
#7935 = VERTEX_POINT('',#7936);
#7936 = CARTESIAN_POINT('',(2.625902306575,14.,-7.62));
#7937 = CIRCLE('',#7938,0.3);
#7938 = AXIS2_PLACEMENT_3D('',#7939,#7940,#7941);
#7939 = CARTESIAN_POINT('',(2.625902306575,13.7,-7.62));
#7940 = DIRECTION('',(0.,-0.,1.));
#7941 = DIRECTION('',(-1.,0.,0.));
#7942 = ORIENTED_EDGE('',*,*,#7943,.T.);
#7943 = EDGE_CURVE('',#7935,#7944,#7946,.T.);
#7944 = VERTEX_POINT('',#7945);
#7945 = CARTESIAN_POINT('',(7.993234973612,14.,-7.62));
#7946 = LINE('',#7947,#7948);
#7947 = CARTESIAN_POINT('',(9.45,14.,-7.62));
#7948 = VECTOR('',#7949,1.);
#7949 = DIRECTION('',(1.,-0.,0.));
#7950 = ORIENTED_EDGE('',*,*,#7951,.F.);
#7951 = EDGE_CURVE('',#7952,#7944,#7954,.T.);
#7952 = VERTEX_POINT('',#7953);
#7953 = CARTESIAN_POINT('',(8.289638583737,13.746313064082,-7.62));
#7954 = CIRCLE('',#7955,0.3);
#7955 = AXIS2_PLACEMENT_3D('',#7956,#7957,#7958);
#7956 = CARTESIAN_POINT('',(7.993234973612,13.7,-7.62));
#7957 = DIRECTION('',(0.,-0.,1.));
#7958 = DIRECTION('',(-1.,0.,0.));
#7959 = ORIENTED_EDGE('',*,*,#7960,.T.);
#7960 = EDGE_CURVE('',#7952,#7961,#7963,.T.);
#7961 = VERTEX_POINT('',#7962);
#7962 = CARTESIAN_POINT('',(9.25,7.6,-7.62));
#7963 = LINE('',#7964,#7965);
#7964 = CARTESIAN_POINT('',(8.289638583737,13.746313064082,-7.62));
#7965 = VECTOR('',#7966,1.);
#7966 = DIRECTION('',(0.154376880274,-0.988012033751,0.));
#7967 = ORIENTED_EDGE('',*,*,#7968,.F.);
#7968 = EDGE_CURVE('',#7969,#7961,#7971,.T.);
#7969 = VERTEX_POINT('',#7970);
#7970 = CARTESIAN_POINT('',(9.45,7.6,-7.62));
#7971 = LINE('',#7972,#7973);
#7972 = CARTESIAN_POINT('',(9.25,7.6,-7.62));
#7973 = VECTOR('',#7974,1.);
#7974 = DIRECTION('',(-1.,-0.,0.));
#7975 = ORIENTED_EDGE('',*,*,#7976,.T.);
#7976 = EDGE_CURVE('',#7969,#7895,#7977,.T.);
#7977 = CIRCLE('',#7978,0.8);
#7978 = AXIS2_PLACEMENT_3D('',#7979,#7980,#7981);
#7979 = CARTESIAN_POINT('',(9.45,6.8,-7.62));
#7980 = DIRECTION('',(0.,0.,-1.));
#7981 = DIRECTION('',(-1.,0.,0.));
#7982 = ORIENTED_EDGE('',*,*,#7894,.F.);
#7983 = ORIENTED_EDGE('',*,*,#7168,.T.);
#7984 = ORIENTED_EDGE('',*,*,#7985,.T.);
#7985 = EDGE_CURVE('',#7161,#7986,#7988,.T.);
#7986 = VERTEX_POINT('',#7987);
#7987 = CARTESIAN_POINT('',(9.3,6.6,-7.62));
#7988 = LINE('',#7989,#7990);
#7989 = CARTESIAN_POINT('',(9.3,6.8,-7.62));
#7990 = VECTOR('',#7991,1.);
#7991 = DIRECTION('',(0.,1.,0.));
#7992 = ORIENTED_EDGE('',*,*,#7993,.T.);
#7993 = EDGE_CURVE('',#7986,#7994,#7996,.T.);
#7994 = VERTEX_POINT('',#7995);
#7995 = CARTESIAN_POINT('',(8.7,6.6,-7.62));
#7996 = LINE('',#7997,#7998);
#7997 = CARTESIAN_POINT('',(9.45,6.6,-7.62));
#7998 = VECTOR('',#7999,1.);
#7999 = DIRECTION('',(-1.,0.,-0.));
#8000 = ORIENTED_EDGE('',*,*,#8001,.T.);
#8001 = EDGE_CURVE('',#7994,#7137,#8002,.T.);
#8002 = LINE('',#8003,#8004);
#8003 = CARTESIAN_POINT('',(8.7,6.8,-7.62));
#8004 = VECTOR('',#8005,1.);
#8005 = DIRECTION('',(-0.,-1.,-0.));
#8006 = ORIENTED_EDGE('',*,*,#7136,.F.);
#8007 = ORIENTED_EDGE('',*,*,#8008,.T.);
#8008 = EDGE_CURVE('',#7129,#8009,#8011,.T.);
#8009 = VERTEX_POINT('',#8010);
#8010 = CARTESIAN_POINT('',(1.8,6.6,-7.62));
#8011 = LINE('',#8012,#8013);
#8012 = CARTESIAN_POINT('',(1.8,6.8,-7.62));
#8013 = VECTOR('',#8014,1.);
#8014 = DIRECTION('',(0.,1.,0.));
#8015 = ORIENTED_EDGE('',*,*,#8016,.T.);
#8016 = EDGE_CURVE('',#8009,#8017,#8019,.T.);
#8017 = VERTEX_POINT('',#8018);
#8018 = CARTESIAN_POINT('',(1.2,6.6,-7.62));
#8019 = LINE('',#8020,#8021);
#8020 = CARTESIAN_POINT('',(9.45,6.6,-7.62));
#8021 = VECTOR('',#8022,1.);
#8022 = DIRECTION('',(-1.,0.,-0.));
#8023 = ORIENTED_EDGE('',*,*,#8024,.T.);
#8024 = EDGE_CURVE('',#8017,#7265,#8025,.T.);
#8025 = LINE('',#8026,#8027);
#8026 = CARTESIAN_POINT('',(1.2,6.8,-7.62));
#8027 = VECTOR('',#8028,1.);
#8028 = DIRECTION('',(-0.,-1.,-0.));
#8029 = ORIENTED_EDGE('',*,*,#7264,.T.);
#8030 = PLANE('',#8031);
#8031 = AXIS2_PLACEMENT_3D('',#8032,#8033,#8034);
#8032 = CARTESIAN_POINT('',(9.45,6.8,-7.62));
#8033 = DIRECTION('',(0.,0.,-1.));
#8034 = DIRECTION('',(-1.,0.,-0.));
#8035 = ADVANCED_FACE('',(#8036),#8054,.F.);
#8036 = FACE_BOUND('',#8037,.T.);
#8037 = EDGE_LOOP('',(#8038,#8046,#8047,#8048));
#8038 = ORIENTED_EDGE('',*,*,#8039,.F.);
#8039 = EDGE_CURVE('',#7379,#8040,#8042,.T.);
#8040 = VERTEX_POINT('',#8041);
#8041 = CARTESIAN_POINT('',(5.3,-2.7,-4.58));
#8042 = LINE('',#8043,#8044);
#8043 = CARTESIAN_POINT('',(5.3,-5.000000078161E-02,-4.58));
#8044 = VECTOR('',#8045,1.);
#8045 = DIRECTION('',(-0.,-1.,-1.889646980599E-14));
#8046 = ORIENTED_EDGE('',*,*,#7387,.T.);
#8047 = ORIENTED_EDGE('',*,*,#7286,.F.);
#8048 = ORIENTED_EDGE('',*,*,#8049,.F.);
#8049 = EDGE_CURVE('',#8040,#7287,#8050,.T.);
#8050 = LINE('',#8051,#8052);
#8051 = CARTESIAN_POINT('',(5.3,-2.7,-4.58));
#8052 = VECTOR('',#8053,1.);
#8053 = DIRECTION('',(-1.,3.391049977815E-28,-1.794541526873E-14));
#8054 = PLANE('',#8055);
#8055 = AXIS2_PLACEMENT_3D('',#8056,#8057,#8058);
#8056 = CARTESIAN_POINT('',(5.3,-5.000000078161E-02,-4.58));
#8057 = DIRECTION('',(1.794541526873E-14,1.889646980599E-14,-1.));
#8058 = DIRECTION('',(0.,1.,1.889646980599E-14));
#8059 = ADVANCED_FACE('',(#8060),#8078,.T.);
#8060 = FACE_BOUND('',#8061,.T.);
#8061 = EDGE_LOOP('',(#8062,#8063,#8064,#8072));
#8062 = ORIENTED_EDGE('',*,*,#8049,.T.);
#8063 = ORIENTED_EDGE('',*,*,#7337,.F.);
#8064 = ORIENTED_EDGE('',*,*,#8065,.T.);
#8065 = EDGE_CURVE('',#7330,#8066,#8068,.T.);
#8066 = VERTEX_POINT('',#8067);
#8067 = CARTESIAN_POINT('',(5.3,-3.7,-4.78));
#8068 = LINE('',#8069,#8070);
#8069 = CARTESIAN_POINT('',(-0.7,-3.7,-4.78));
#8070 = VECTOR('',#8071,1.);
#8071 = DIRECTION('',(1.,0.,0.));
#8072 = ORIENTED_EDGE('',*,*,#8073,.T.);
#8073 = EDGE_CURVE('',#8066,#8040,#8074,.T.);
#8074 = LINE('',#8075,#8076);
#8075 = CARTESIAN_POINT('',(5.3,-2.7,-4.58));
#8076 = VECTOR('',#8077,1.);
#8077 = DIRECTION('',(-0.,0.980580675691,0.196116135138));
#8078 = PLANE('',#8079);
#8079 = AXIS2_PLACEMENT_3D('',#8080,#8081,#8082);
#8080 = CARTESIAN_POINT('',(-0.7,-2.7,-4.58));
#8081 = DIRECTION('',(0.,-0.196116135138,0.980580675691));
#8082 = DIRECTION('',(0.,-0.980580675691,-0.196116135138));
#8083 = ADVANCED_FACE('',(#8084),#8102,.T.);
#8084 = FACE_BOUND('',#8085,.T.);
#8085 = EDGE_LOOP('',(#8086,#8094,#8100,#8101));
#8086 = ORIENTED_EDGE('',*,*,#8087,.T.);
#8087 = EDGE_CURVE('',#7322,#8088,#8090,.T.);
#8088 = VERTEX_POINT('',#8089);
#8089 = CARTESIAN_POINT('',(5.3,-3.7,-5.38));
#8090 = LINE('',#8091,#8092);
#8091 = CARTESIAN_POINT('',(4.5,-3.7,-5.38));
#8092 = VECTOR('',#8093,1.);
#8093 = DIRECTION('',(1.,0.,0.));
#8094 = ORIENTED_EDGE('',*,*,#8095,.T.);
#8095 = EDGE_CURVE('',#8088,#8066,#8096,.T.);
#8096 = LINE('',#8097,#8098);
#8097 = CARTESIAN_POINT('',(5.3,-3.7,-10.08));
#8098 = VECTOR('',#8099,1.);
#8099 = DIRECTION('',(-0.,0.,1.));
#8100 = ORIENTED_EDGE('',*,*,#8065,.F.);
#8101 = ORIENTED_EDGE('',*,*,#7329,.F.);
#8102 = PLANE('',#8103);
#8103 = AXIS2_PLACEMENT_3D('',#8104,#8105,#8106);
#8104 = CARTESIAN_POINT('',(4.5,-3.7,-10.08));
#8105 = DIRECTION('',(0.,-1.,0.));
#8106 = DIRECTION('',(0.,-0.,-1.));
#8107 = ADVANCED_FACE('',(#8108),#8126,.T.);
#8108 = FACE_BOUND('',#8109,.T.);
#8109 = EDGE_LOOP('',(#8110,#8111,#8112,#8120));
#8110 = ORIENTED_EDGE('',*,*,#8087,.F.);
#8111 = ORIENTED_EDGE('',*,*,#7321,.F.);
#8112 = ORIENTED_EDGE('',*,*,#8113,.T.);
#8113 = EDGE_CURVE('',#7314,#8114,#8116,.T.);
#8114 = VERTEX_POINT('',#8115);
#8115 = CARTESIAN_POINT('',(5.3,-2.7,-5.58));
#8116 = LINE('',#8117,#8118);
#8117 = CARTESIAN_POINT('',(4.5,-2.7,-5.58));
#8118 = VECTOR('',#8119,1.);
#8119 = DIRECTION('',(1.,-0.,0.));
#8120 = ORIENTED_EDGE('',*,*,#8121,.T.);
#8121 = EDGE_CURVE('',#8114,#8088,#8122,.T.);
#8122 = LINE('',#8123,#8124);
#8123 = CARTESIAN_POINT('',(5.3,-3.7,-5.38));
#8124 = VECTOR('',#8125,1.);
#8125 = DIRECTION('',(-0.,-0.980580675691,0.196116135138));
#8126 = PLANE('',#8127);
#8127 = AXIS2_PLACEMENT_3D('',#8128,#8129,#8130);
#8128 = CARTESIAN_POINT('',(4.5,-3.7,-5.38));
#8129 = DIRECTION('',(0.,-0.196116135138,-0.980580675691));
#8130 = DIRECTION('',(0.,0.980580675691,-0.196116135138));
#8131 = ADVANCED_FACE('',(#8132),#8143,.F.);
#8132 = FACE_BOUND('',#8133,.T.);
#8133 = EDGE_LOOP('',(#8134,#8135,#8136,#8142));
#8134 = ORIENTED_EDGE('',*,*,#7313,.F.);
#8135 = ORIENTED_EDGE('',*,*,#7362,.T.);
#8136 = ORIENTED_EDGE('',*,*,#8137,.F.);
#8137 = EDGE_CURVE('',#8114,#7352,#8138,.T.);
#8138 = LINE('',#8139,#8140);
#8139 = CARTESIAN_POINT('',(5.3,-5.750000000782,-5.58));
#8140 = VECTOR('',#8141,1.);
#8141 = DIRECTION('',(-3.22037929167E-28,1.,1.794541526873E-14));
#8142 = ORIENTED_EDGE('',*,*,#8113,.F.);
#8143 = PLANE('',#8144);
#8144 = AXIS2_PLACEMENT_3D('',#8145,#8146,#8147);
#8145 = CARTESIAN_POINT('',(5.3,-5.750000000782,-5.58));
#8146 = DIRECTION('',(-1.794541526873E-14,-1.794541526873E-14,1.));
#8147 = DIRECTION('',(1.,0.,1.794541526873E-14));
#8148 = ADVANCED_FACE('',(#8149),#8167,.F.);
#8149 = FACE_BOUND('',#8150,.T.);
#8150 = EDGE_LOOP('',(#8151,#8159,#8160,#8161));
#8151 = ORIENTED_EDGE('',*,*,#8152,.F.);
#8152 = EDGE_CURVE('',#7494,#8153,#8155,.T.);
#8153 = VERTEX_POINT('',#8154);
#8154 = CARTESIAN_POINT('',(5.3,-2.7,5.58));
#8155 = LINE('',#8156,#8157);
#8156 = CARTESIAN_POINT('',(5.3,-5.000000078161E-02,5.58));
#8157 = VECTOR('',#8158,1.);
#8158 = DIRECTION('',(-0.,-1.,-1.889646980599E-14));
#8159 = ORIENTED_EDGE('',*,*,#7502,.T.);
#8160 = ORIENTED_EDGE('',*,*,#7401,.F.);
#8161 = ORIENTED_EDGE('',*,*,#8162,.F.);
#8162 = EDGE_CURVE('',#8153,#7402,#8163,.T.);
#8163 = LINE('',#8164,#8165);
#8164 = CARTESIAN_POINT('',(5.3,-2.7,5.58));
#8165 = VECTOR('',#8166,1.);
#8166 = DIRECTION('',(-1.,3.391049977815E-28,-1.794541526873E-14));
#8167 = PLANE('',#8168);
#8168 = AXIS2_PLACEMENT_3D('',#8169,#8170,#8171);
#8169 = CARTESIAN_POINT('',(5.3,-5.000000078161E-02,5.58));
#8170 = DIRECTION('',(1.794541526873E-14,1.889646980599E-14,-1.));
#8171 = DIRECTION('',(0.,1.,1.889646980599E-14));
#8172 = ADVANCED_FACE('',(#8173),#8191,.T.);
#8173 = FACE_BOUND('',#8174,.T.);
#8174 = EDGE_LOOP('',(#8175,#8176,#8177,#8185));
#8175 = ORIENTED_EDGE('',*,*,#8162,.T.);
#8176 = ORIENTED_EDGE('',*,*,#7452,.F.);
#8177 = ORIENTED_EDGE('',*,*,#8178,.T.);
#8178 = EDGE_CURVE('',#7445,#8179,#8181,.T.);
#8179 = VERTEX_POINT('',#8180);
#8180 = CARTESIAN_POINT('',(5.3,-3.7,5.38));
#8181 = LINE('',#8182,#8183);
#8182 = CARTESIAN_POINT('',(-0.7,-3.7,5.38));
#8183 = VECTOR('',#8184,1.);
#8184 = DIRECTION('',(1.,0.,0.));
#8185 = ORIENTED_EDGE('',*,*,#8186,.T.);
#8186 = EDGE_CURVE('',#8179,#8153,#8187,.T.);
#8187 = LINE('',#8188,#8189);
#8188 = CARTESIAN_POINT('',(5.3,-2.7,5.58));
#8189 = VECTOR('',#8190,1.);
#8190 = DIRECTION('',(-0.,0.980580675691,0.196116135138));
#8191 = PLANE('',#8192);
#8192 = AXIS2_PLACEMENT_3D('',#8193,#8194,#8195);
#8193 = CARTESIAN_POINT('',(-0.7,-2.7,5.58));
#8194 = DIRECTION('',(0.,-0.196116135138,0.980580675691));
#8195 = DIRECTION('',(0.,-0.980580675691,-0.196116135138));
#8196 = ADVANCED_FACE('',(#8197),#8215,.T.);
#8197 = FACE_BOUND('',#8198,.T.);
#8198 = EDGE_LOOP('',(#8199,#8207,#8213,#8214));
#8199 = ORIENTED_EDGE('',*,*,#8200,.T.);
#8200 = EDGE_CURVE('',#7437,#8201,#8203,.T.);
#8201 = VERTEX_POINT('',#8202);
#8202 = CARTESIAN_POINT('',(5.3,-3.7,4.78));
#8203 = LINE('',#8204,#8205);
#8204 = CARTESIAN_POINT('',(4.5,-3.7,4.78));
#8205 = VECTOR('',#8206,1.);
#8206 = DIRECTION('',(1.,0.,0.));
#8207 = ORIENTED_EDGE('',*,*,#8208,.T.);
#8208 = EDGE_CURVE('',#8201,#8179,#8209,.T.);
#8209 = LINE('',#8210,#8211);
#8210 = CARTESIAN_POINT('',(5.3,-3.7,8.E-02));
#8211 = VECTOR('',#8212,1.);
#8212 = DIRECTION('',(-0.,0.,1.));
#8213 = ORIENTED_EDGE('',*,*,#8178,.F.);
#8214 = ORIENTED_EDGE('',*,*,#7444,.F.);
#8215 = PLANE('',#8216);
#8216 = AXIS2_PLACEMENT_3D('',#8217,#8218,#8219);
#8217 = CARTESIAN_POINT('',(4.5,-3.7,8.E-02));
#8218 = DIRECTION('',(0.,-1.,0.));
#8219 = DIRECTION('',(0.,-0.,-1.));
#8220 = ADVANCED_FACE('',(#8221),#8239,.T.);
#8221 = FACE_BOUND('',#8222,.T.);
#8222 = EDGE_LOOP('',(#8223,#8224,#8225,#8233));
#8223 = ORIENTED_EDGE('',*,*,#8200,.F.);
#8224 = ORIENTED_EDGE('',*,*,#7436,.F.);
#8225 = ORIENTED_EDGE('',*,*,#8226,.T.);
#8226 = EDGE_CURVE('',#7429,#8227,#8229,.T.);
#8227 = VERTEX_POINT('',#8228);
#8228 = CARTESIAN_POINT('',(5.3,-2.7,4.58));
#8229 = LINE('',#8230,#8231);
#8230 = CARTESIAN_POINT('',(4.5,-2.7,4.58));
#8231 = VECTOR('',#8232,1.);
#8232 = DIRECTION('',(1.,-0.,0.));
#8233 = ORIENTED_EDGE('',*,*,#8234,.T.);
#8234 = EDGE_CURVE('',#8227,#8201,#8235,.T.);
#8235 = LINE('',#8236,#8237);
#8236 = CARTESIAN_POINT('',(5.3,-3.7,4.78));
#8237 = VECTOR('',#8238,1.);
#8238 = DIRECTION('',(-0.,-0.980580675691,0.196116135138));
#8239 = PLANE('',#8240);
#8240 = AXIS2_PLACEMENT_3D('',#8241,#8242,#8243);
#8241 = CARTESIAN_POINT('',(4.5,-3.7,4.78));
#8242 = DIRECTION('',(0.,-0.196116135138,-0.980580675691));
#8243 = DIRECTION('',(0.,0.980580675691,-0.196116135138));
#8244 = ADVANCED_FACE('',(#8245),#8256,.F.);
#8245 = FACE_BOUND('',#8246,.T.);
#8246 = EDGE_LOOP('',(#8247,#8248,#8249,#8255));
#8247 = ORIENTED_EDGE('',*,*,#7428,.F.);
#8248 = ORIENTED_EDGE('',*,*,#7477,.T.);
#8249 = ORIENTED_EDGE('',*,*,#8250,.F.);
#8250 = EDGE_CURVE('',#8227,#7467,#8251,.T.);
#8251 = LINE('',#8252,#8253);
#8252 = CARTESIAN_POINT('',(5.3,-5.750000000782,4.58));
#8253 = VECTOR('',#8254,1.);
#8254 = DIRECTION('',(-3.22037929167E-28,1.,1.794541526873E-14));
#8255 = ORIENTED_EDGE('',*,*,#8226,.F.);
#8256 = PLANE('',#8257);
#8257 = AXIS2_PLACEMENT_3D('',#8258,#8259,#8260);
#8258 = CARTESIAN_POINT('',(5.3,-5.750000000782,4.58));
#8259 = DIRECTION('',(-1.794541526873E-14,-1.794541526873E-14,1.));
#8260 = DIRECTION('',(1.,0.,1.794541526873E-14));
#8261 = ADVANCED_FACE('',(#8262),#8280,.F.);
#8262 = FACE_BOUND('',#8263,.T.);
#8263 = EDGE_LOOP('',(#8264,#8272,#8273,#8274));
#8264 = ORIENTED_EDGE('',*,*,#8265,.F.);
#8265 = EDGE_CURVE('',#7609,#8266,#8268,.T.);
#8266 = VERTEX_POINT('',#8267);
#8267 = CARTESIAN_POINT('',(5.3,-2.7,0.5));
#8268 = LINE('',#8269,#8270);
#8269 = CARTESIAN_POINT('',(5.3,-5.000000078161E-02,0.5));
#8270 = VECTOR('',#8271,1.);
#8271 = DIRECTION('',(-0.,-1.,-1.889646980599E-14));
#8272 = ORIENTED_EDGE('',*,*,#7617,.T.);
#8273 = ORIENTED_EDGE('',*,*,#7516,.F.);
#8274 = ORIENTED_EDGE('',*,*,#8275,.F.);
#8275 = EDGE_CURVE('',#8266,#7517,#8276,.T.);
#8276 = LINE('',#8277,#8278);
#8277 = CARTESIAN_POINT('',(5.3,-2.7,0.5));
#8278 = VECTOR('',#8279,1.);
#8279 = DIRECTION('',(-1.,3.391049977815E-28,-1.794541526873E-14));
#8280 = PLANE('',#8281);
#8281 = AXIS2_PLACEMENT_3D('',#8282,#8283,#8284);
#8282 = CARTESIAN_POINT('',(5.3,-5.000000078161E-02,0.5));
#8283 = DIRECTION('',(1.794541526873E-14,1.889646980599E-14,-1.));
#8284 = DIRECTION('',(0.,1.,1.889646980599E-14));
#8285 = ADVANCED_FACE('',(#8286),#8304,.T.);
#8286 = FACE_BOUND('',#8287,.T.);
#8287 = EDGE_LOOP('',(#8288,#8289,#8290,#8298));
#8288 = ORIENTED_EDGE('',*,*,#8275,.T.);
#8289 = ORIENTED_EDGE('',*,*,#7567,.F.);
#8290 = ORIENTED_EDGE('',*,*,#8291,.T.);
#8291 = EDGE_CURVE('',#7560,#8292,#8294,.T.);
#8292 = VERTEX_POINT('',#8293);
#8293 = CARTESIAN_POINT('',(5.3,-3.7,0.3));
#8294 = LINE('',#8295,#8296);
#8295 = CARTESIAN_POINT('',(-0.7,-3.7,0.3));
#8296 = VECTOR('',#8297,1.);
#8297 = DIRECTION('',(1.,0.,0.));
#8298 = ORIENTED_EDGE('',*,*,#8299,.T.);
#8299 = EDGE_CURVE('',#8292,#8266,#8300,.T.);
#8300 = LINE('',#8301,#8302);
#8301 = CARTESIAN_POINT('',(5.3,-2.7,0.5));
#8302 = VECTOR('',#8303,1.);
#8303 = DIRECTION('',(-0.,0.980580675691,0.196116135138));
#8304 = PLANE('',#8305);
#8305 = AXIS2_PLACEMENT_3D('',#8306,#8307,#8308);
#8306 = CARTESIAN_POINT('',(-0.7,-2.7,0.5));
#8307 = DIRECTION('',(0.,-0.196116135138,0.980580675691));
#8308 = DIRECTION('',(0.,-0.980580675691,-0.196116135138));
#8309 = ADVANCED_FACE('',(#8310),#8328,.T.);
#8310 = FACE_BOUND('',#8311,.T.);
#8311 = EDGE_LOOP('',(#8312,#8320,#8326,#8327));
#8312 = ORIENTED_EDGE('',*,*,#8313,.T.);
#8313 = EDGE_CURVE('',#7552,#8314,#8316,.T.);
#8314 = VERTEX_POINT('',#8315);
#8315 = CARTESIAN_POINT('',(5.3,-3.7,-0.3));
#8316 = LINE('',#8317,#8318);
#8317 = CARTESIAN_POINT('',(4.5,-3.7,-0.3));
#8318 = VECTOR('',#8319,1.);
#8319 = DIRECTION('',(1.,0.,0.));
#8320 = ORIENTED_EDGE('',*,*,#8321,.T.);
#8321 = EDGE_CURVE('',#8314,#8292,#8322,.T.);
#8322 = LINE('',#8323,#8324);
#8323 = CARTESIAN_POINT('',(5.3,-3.7,-5.));
#8324 = VECTOR('',#8325,1.);
#8325 = DIRECTION('',(-0.,0.,1.));
#8326 = ORIENTED_EDGE('',*,*,#8291,.F.);
#8327 = ORIENTED_EDGE('',*,*,#7559,.F.);
#8328 = PLANE('',#8329);
#8329 = AXIS2_PLACEMENT_3D('',#8330,#8331,#8332);
#8330 = CARTESIAN_POINT('',(4.5,-3.7,-5.));
#8331 = DIRECTION('',(0.,-1.,0.));
#8332 = DIRECTION('',(0.,-0.,-1.));
#8333 = ADVANCED_FACE('',(#8334),#8352,.T.);
#8334 = FACE_BOUND('',#8335,.T.);
#8335 = EDGE_LOOP('',(#8336,#8337,#8338,#8346));
#8336 = ORIENTED_EDGE('',*,*,#8313,.F.);
#8337 = ORIENTED_EDGE('',*,*,#7551,.F.);
#8338 = ORIENTED_EDGE('',*,*,#8339,.T.);
#8339 = EDGE_CURVE('',#7544,#8340,#8342,.T.);
#8340 = VERTEX_POINT('',#8341);
#8341 = CARTESIAN_POINT('',(5.3,-2.7,-0.5));
#8342 = LINE('',#8343,#8344);
#8343 = CARTESIAN_POINT('',(4.5,-2.7,-0.5));
#8344 = VECTOR('',#8345,1.);
#8345 = DIRECTION('',(1.,-0.,0.));
#8346 = ORIENTED_EDGE('',*,*,#8347,.T.);
#8347 = EDGE_CURVE('',#8340,#8314,#8348,.T.);
#8348 = LINE('',#8349,#8350);
#8349 = CARTESIAN_POINT('',(5.3,-3.7,-0.3));
#8350 = VECTOR('',#8351,1.);
#8351 = DIRECTION('',(-0.,-0.980580675691,0.196116135138));
#8352 = PLANE('',#8353);
#8353 = AXIS2_PLACEMENT_3D('',#8354,#8355,#8356);
#8354 = CARTESIAN_POINT('',(4.5,-3.7,-0.3));
#8355 = DIRECTION('',(0.,-0.196116135138,-0.980580675691));
#8356 = DIRECTION('',(0.,0.980580675691,-0.196116135138));
#8357 = ADVANCED_FACE('',(#8358),#8369,.F.);
#8358 = FACE_BOUND('',#8359,.T.);
#8359 = EDGE_LOOP('',(#8360,#8361,#8362,#8368));
#8360 = ORIENTED_EDGE('',*,*,#7543,.F.);
#8361 = ORIENTED_EDGE('',*,*,#7592,.T.);
#8362 = ORIENTED_EDGE('',*,*,#8363,.F.);
#8363 = EDGE_CURVE('',#8340,#7582,#8364,.T.);
#8364 = LINE('',#8365,#8366);
#8365 = CARTESIAN_POINT('',(5.3,-5.750000000782,-0.5));
#8366 = VECTOR('',#8367,1.);
#8367 = DIRECTION('',(-3.22037929167E-28,1.,1.794541526873E-14));
#8368 = ORIENTED_EDGE('',*,*,#8339,.F.);
#8369 = PLANE('',#8370);
#8370 = AXIS2_PLACEMENT_3D('',#8371,#8372,#8373);
#8371 = CARTESIAN_POINT('',(5.3,-5.750000000782,-0.5));
#8372 = DIRECTION('',(-1.794541526873E-14,-1.794541526873E-14,1.));
#8373 = DIRECTION('',(1.,0.,1.794541526873E-14));
#8374 = ADVANCED_FACE('',(#8375),#8386,.T.);
#8375 = FACE_BOUND('',#8376,.T.);
#8376 = EDGE_LOOP('',(#8377,#8378,#8379,#8380));
#8377 = ORIENTED_EDGE('',*,*,#7918,.F.);
#8378 = ORIENTED_EDGE('',*,*,#7640,.F.);
#8379 = ORIENTED_EDGE('',*,*,#7672,.T.);
#8380 = ORIENTED_EDGE('',*,*,#8381,.T.);
#8381 = EDGE_CURVE('',#7663,#7919,#8382,.T.);
#8382 = LINE('',#8383,#8384);
#8383 = CARTESIAN_POINT('',(1.25,10.,7.62));
#8384 = VECTOR('',#8385,1.);
#8385 = DIRECTION('',(-0.,0.,-1.));
#8386 = PLANE('',#8387);
#8387 = AXIS2_PLACEMENT_3D('',#8388,#8389,#8390);
#8388 = CARTESIAN_POINT('',(0.,10.,7.62));
#8389 = DIRECTION('',(0.,1.,0.));
#8390 = DIRECTION('',(0.,-0.,1.));
#8391 = ADVANCED_FACE('',(#8392),#8403,.T.);
#8392 = FACE_BOUND('',#8393,.T.);
#8393 = EDGE_LOOP('',(#8394,#8395,#8396,#8402));
#8394 = ORIENTED_EDGE('',*,*,#8381,.F.);
#8395 = ORIENTED_EDGE('',*,*,#7662,.T.);
#8396 = ORIENTED_EDGE('',*,*,#8397,.T.);
#8397 = EDGE_CURVE('',#7665,#7927,#8398,.T.);
#8398 = LINE('',#8399,#8400);
#8399 = CARTESIAN_POINT('',(2.337581515396,13.782892227464,7.62));
#8400 = VECTOR('',#8401,1.);
#8401 = DIRECTION('',(-0.,-0.,-1.));
#8402 = ORIENTED_EDGE('',*,*,#7926,.F.);
#8403 = PLANE('',#8404);
#8404 = AXIS2_PLACEMENT_3D('',#8405,#8406,#8407);
#8405 = CARTESIAN_POINT('',(1.25,10.,7.62));
#8406 = DIRECTION('',(-0.96106930393,0.27630742488,0.));
#8407 = DIRECTION('',(-0.27630742488,-0.96106930393,0.));
#8408 = ADVANCED_FACE('',(#8409),#8427,.T.);
#8409 = FACE_BOUND('',#8410,.T.);
#8410 = EDGE_LOOP('',(#8411,#8412,#8413,#8421));
#8411 = ORIENTED_EDGE('',*,*,#7680,.T.);
#8412 = ORIENTED_EDGE('',*,*,#7240,.T.);
#8413 = ORIENTED_EDGE('',*,*,#8414,.T.);
#8414 = EDGE_CURVE('',#7233,#8415,#8417,.T.);
#8415 = VERTEX_POINT('',#8416);
#8416 = CARTESIAN_POINT('',(0.832042833102,6.6,7.));
#8417 = LINE('',#8418,#8419);
#8418 = CARTESIAN_POINT('',(0.832042833102,6.6,7.));
#8419 = VECTOR('',#8420,1.);
#8420 = DIRECTION('',(0.,1.,0.));
#8421 = ORIENTED_EDGE('',*,*,#8422,.T.);
#8422 = EDGE_CURVE('',#8415,#7681,#8423,.T.);
#8423 = LINE('',#8424,#8425);
#8424 = CARTESIAN_POINT('',(0.944626135594,6.6,7.195));
#8425 = VECTOR('',#8426,1.);
#8426 = DIRECTION('',(0.5,-0.,0.866025403784));
#8427 = PLANE('',#8428);
#8428 = AXIS2_PLACEMENT_3D('',#8429,#8430,#8431);
#8429 = CARTESIAN_POINT('',(0.944626135594,6.6,7.195));
#8430 = DIRECTION('',(0.866025403784,0.,-0.5));
#8431 = DIRECTION('',(-0.5,0.,-0.866025403784));
#8432 = ADVANCED_FACE('',(#8433),#8451,.T.);
#8433 = FACE_BOUND('',#8434,.T.);
#8434 = EDGE_LOOP('',(#8435,#8443,#8444,#8445));
#8435 = ORIENTED_EDGE('',*,*,#8436,.T.);
#8436 = EDGE_CURVE('',#8437,#7225,#8439,.T.);
#8437 = VERTEX_POINT('',#8438);
#8438 = CARTESIAN_POINT('',(2.167957166898,6.6,7.));
#8439 = LINE('',#8440,#8441);
#8440 = CARTESIAN_POINT('',(2.167957166898,6.6,7.));
#8441 = VECTOR('',#8442,1.);
#8442 = DIRECTION('',(-0.,-1.,-0.));
#8443 = ORIENTED_EDGE('',*,*,#7224,.T.);
#8444 = ORIENTED_EDGE('',*,*,#7696,.T.);
#8445 = ORIENTED_EDGE('',*,*,#8446,.T.);
#8446 = EDGE_CURVE('',#7689,#8437,#8447,.T.);
#8447 = LINE('',#8448,#8449);
#8448 = CARTESIAN_POINT('',(1.81,6.6,7.62));
#8449 = VECTOR('',#8450,1.);
#8450 = DIRECTION('',(0.5,-0.,-0.866025403784));
#8451 = PLANE('',#8452);
#8452 = AXIS2_PLACEMENT_3D('',#8453,#8454,#8455);
#8453 = CARTESIAN_POINT('',(1.81,6.6,7.62));
#8454 = DIRECTION('',(-0.866025403784,0.,-0.5));
#8455 = DIRECTION('',(-0.5,0.,0.866025403784));
#8456 = ADVANCED_FACE('',(#8457),#8475,.F.);
#8457 = FACE_BOUND('',#8458,.T.);
#8458 = EDGE_LOOP('',(#8459,#8467,#8468,#8469));
#8459 = ORIENTED_EDGE('',*,*,#8460,.F.);
#8460 = EDGE_CURVE('',#7704,#8461,#8463,.T.);
#8461 = VERTEX_POINT('',#8462);
#8462 = CARTESIAN_POINT('',(8.332042833102,6.6,7.));
#8463 = LINE('',#8464,#8465);
#8464 = CARTESIAN_POINT('',(8.69,6.6,7.62));
#8465 = VECTOR('',#8466,1.);
#8466 = DIRECTION('',(-0.5,-0.,-0.866025403784));
#8467 = ORIENTED_EDGE('',*,*,#7703,.T.);
#8468 = ORIENTED_EDGE('',*,*,#7208,.F.);
#8469 = ORIENTED_EDGE('',*,*,#8470,.F.);
#8470 = EDGE_CURVE('',#8461,#7201,#8471,.T.);
#8471 = LINE('',#8472,#8473);
#8472 = CARTESIAN_POINT('',(8.332042833102,6.6,7.));
#8473 = VECTOR('',#8474,1.);
#8474 = DIRECTION('',(-0.,-1.,0.));
#8475 = PLANE('',#8476);
#8476 = AXIS2_PLACEMENT_3D('',#8477,#8478,#8479);
#8477 = CARTESIAN_POINT('',(8.69,6.6,7.62));
#8478 = DIRECTION('',(-0.866025403784,0.,0.5));
#8479 = DIRECTION('',(0.5,0.,0.866025403784));
#8480 = ADVANCED_FACE('',(#8481),#8499,.F.);
#8481 = FACE_BOUND('',#8482,.T.);
#8482 = EDGE_LOOP('',(#8483,#8491,#8497,#8498));
#8483 = ORIENTED_EDGE('',*,*,#8484,.F.);
#8484 = EDGE_CURVE('',#8485,#7712,#8487,.T.);
#8485 = VERTEX_POINT('',#8486);
#8486 = CARTESIAN_POINT('',(9.667957166898,6.6,7.));
#8487 = LINE('',#8488,#8489);
#8488 = CARTESIAN_POINT('',(9.555373864406,6.6,7.195));
#8489 = VECTOR('',#8490,1.);
#8490 = DIRECTION('',(-0.5,-0.,0.866025403784));
#8491 = ORIENTED_EDGE('',*,*,#8492,.F.);
#8492 = EDGE_CURVE('',#7193,#8485,#8493,.T.);
#8493 = LINE('',#8494,#8495);
#8494 = CARTESIAN_POINT('',(9.667957166898,6.6,7.));
#8495 = VECTOR('',#8496,1.);
#8496 = DIRECTION('',(0.,1.,0.));
#8497 = ORIENTED_EDGE('',*,*,#7192,.F.);
#8498 = ORIENTED_EDGE('',*,*,#7719,.T.);
#8499 = PLANE('',#8500);
#8500 = AXIS2_PLACEMENT_3D('',#8501,#8502,#8503);
#8501 = CARTESIAN_POINT('',(9.555373864406,6.6,7.195));
#8502 = DIRECTION('',(0.866025403784,-0.,0.5));
#8503 = DIRECTION('',(0.5,0.,-0.866025403784));
#8504 = ADVANCED_FACE('',(#8505),#8521,.T.);
#8505 = FACE_BOUND('',#8506,.T.);
#8506 = EDGE_LOOP('',(#8507,#8513,#8514,#8520));
#8507 = ORIENTED_EDGE('',*,*,#8508,.T.);
#8508 = EDGE_CURVE('',#7744,#7961,#8509,.T.);
#8509 = LINE('',#8510,#8511);
#8510 = CARTESIAN_POINT('',(9.25,7.6,7.62));
#8511 = VECTOR('',#8512,1.);
#8512 = DIRECTION('',(-0.,-0.,-1.));
#8513 = ORIENTED_EDGE('',*,*,#7960,.F.);
#8514 = ORIENTED_EDGE('',*,*,#8515,.T.);
#8515 = EDGE_CURVE('',#7952,#7752,#8516,.T.);
#8516 = LINE('',#8517,#8518);
#8517 = CARTESIAN_POINT('',(8.289638583737,13.746313064082,7.62));
#8518 = VECTOR('',#8519,1.);
#8519 = DIRECTION('',(0.,0.,1.));
#8520 = ORIENTED_EDGE('',*,*,#7751,.T.);
#8521 = PLANE('',#8522);
#8522 = AXIS2_PLACEMENT_3D('',#8523,#8524,#8525);
#8523 = CARTESIAN_POINT('',(8.25,14.,7.62));
#8524 = DIRECTION('',(0.988012033751,0.154376880274,-0.));
#8525 = DIRECTION('',(-0.154376880274,0.988012033751,0.));
#8526 = ADVANCED_FACE('',(#8527,#8537,#8547,#8557),#8573,.T.);
#8527 = FACE_BOUND('',#8528,.T.);
#8528 = EDGE_LOOP('',(#8529,#8536));
#8529 = ORIENTED_EDGE('',*,*,#8530,.T.);
#8530 = EDGE_CURVE('',#6609,#6628,#8531,.T.);
#8531 = CIRCLE('',#8532,1.975);
#8532 = AXIS2_PLACEMENT_3D('',#8533,#8534,#8535);
#8533 = CARTESIAN_POINT('',(5.35,14.,0.));
#8534 = DIRECTION('',(-2.501911041409E-16,-1.,0.));
#8535 = DIRECTION('',(1.,-2.501911041409E-16,0.));
#8536 = ORIENTED_EDGE('',*,*,#6635,.T.);
#8537 = FACE_BOUND('',#8538,.T.);
#8538 = EDGE_LOOP('',(#8539,#8546));
#8539 = ORIENTED_EDGE('',*,*,#8540,.T.);
#8540 = EDGE_CURVE('',#6651,#6670,#8541,.T.);
#8541 = CIRCLE('',#8542,1.975);
#8542 = AXIS2_PLACEMENT_3D('',#8543,#8544,#8545);
#8543 = CARTESIAN_POINT('',(5.35,14.,-5.08));
#8544 = DIRECTION('',(-2.501911041409E-16,-1.,0.));
#8545 = DIRECTION('',(1.,-2.501911041409E-16,0.));
#8546 = ORIENTED_EDGE('',*,*,#6677,.T.);
#8547 = FACE_BOUND('',#8548,.T.);
#8548 = EDGE_LOOP('',(#8549,#8556));
#8549 = ORIENTED_EDGE('',*,*,#8550,.T.);
#8550 = EDGE_CURVE('',#6693,#6712,#8551,.T.);
#8551 = CIRCLE('',#8552,1.975);
#8552 = AXIS2_PLACEMENT_3D('',#8553,#8554,#8555);
#8553 = CARTESIAN_POINT('',(5.35,14.,5.08));
#8554 = DIRECTION('',(-2.501911041409E-16,-1.,0.));
#8555 = DIRECTION('',(1.,-2.501911041409E-16,0.));
#8556 = ORIENTED_EDGE('',*,*,#6719,.T.);
#8557 = FACE_BOUND('',#8558,.T.);
#8558 = EDGE_LOOP('',(#8559,#8565,#8566,#8572));
#8559 = ORIENTED_EDGE('',*,*,#8560,.T.);
#8560 = EDGE_CURVE('',#7760,#7944,#8561,.T.);
#8561 = LINE('',#8562,#8563);
#8562 = CARTESIAN_POINT('',(7.993234973612,14.,7.62));
#8563 = VECTOR('',#8564,1.);
#8564 = DIRECTION('',(-0.,0.,-1.));
#8565 = ORIENTED_EDGE('',*,*,#7943,.F.);
#8566 = ORIENTED_EDGE('',*,*,#8567,.T.);
#8567 = EDGE_CURVE('',#7935,#7769,#8568,.T.);
#8568 = LINE('',#8569,#8570);
#8569 = CARTESIAN_POINT('',(2.625902306575,14.,7.62));
#8570 = VECTOR('',#8571,1.);
#8571 = DIRECTION('',(0.,-0.,1.));
#8572 = ORIENTED_EDGE('',*,*,#7768,.T.);
#8573 = PLANE('',#8574);
#8574 = AXIS2_PLACEMENT_3D('',#8575,#8576,#8577);
#8575 = CARTESIAN_POINT('',(2.4,14.,7.62));
#8576 = DIRECTION('',(0.,1.,0.));
#8577 = DIRECTION('',(0.,-0.,1.));
#8578 = ADVANCED_FACE('',(#8579),#8604,.F.);
#8579 = FACE_BOUND('',#8580,.T.);
#8580 = EDGE_LOOP('',(#8581,#8589,#8590,#8598));
#8581 = ORIENTED_EDGE('',*,*,#8582,.F.);
#8582 = EDGE_CURVE('',#7802,#8583,#8585,.T.);
#8583 = VERTEX_POINT('',#8584);
#8584 = CARTESIAN_POINT('',(9.25,5.2,1.3));
#8585 = LINE('',#8586,#8587);
#8586 = CARTESIAN_POINT('',(10.25,6.2,1.8));
#8587 = VECTOR('',#8588,1.);
#8588 = DIRECTION('',(-0.666666666667,-0.666666666667,-0.333333333333));
#8589 = ORIENTED_EDGE('',*,*,#7801,.F.);
#8590 = ORIENTED_EDGE('',*,*,#8591,.F.);
#8591 = EDGE_CURVE('',#8592,#7794,#8594,.T.);
#8592 = VERTEX_POINT('',#8593);
#8593 = CARTESIAN_POINT('',(9.25,2.2,1.3));
#8594 = LINE('',#8595,#8596);
#8595 = CARTESIAN_POINT('',(9.25,2.2,1.3));
#8596 = VECTOR('',#8597,1.);
#8597 = DIRECTION('',(0.816496580928,-0.408248290464,0.408248290464));
#8598 = ORIENTED_EDGE('',*,*,#8599,.F.);
#8599 = EDGE_CURVE('',#8583,#8592,#8600,.T.);
#8600 = LINE('',#8601,#8602);
#8601 = CARTESIAN_POINT('',(9.25,6.8,1.3));
#8602 = VECTOR('',#8603,1.);
#8603 = DIRECTION('',(-0.,-1.,0.));
#8604 = PLANE('',#8605);
#8605 = AXIS2_PLACEMENT_3D('',#8606,#8607,#8608);
#8606 = CARTESIAN_POINT('',(10.25,6.8,1.8));
#8607 = DIRECTION('',(-0.4472135955,0.,0.894427191));
#8608 = DIRECTION('',(0.894427191,0.,0.4472135955));
#8609 = ADVANCED_FACE('',(#8610),#8628,.T.);
#8610 = FACE_BOUND('',#8611,.T.);
#8611 = EDGE_LOOP('',(#8612,#8613,#8614,#8622));
#8612 = ORIENTED_EDGE('',*,*,#8591,.T.);
#8613 = ORIENTED_EDGE('',*,*,#7791,.F.);
#8614 = ORIENTED_EDGE('',*,*,#8615,.T.);
#8615 = EDGE_CURVE('',#7792,#8616,#8618,.T.);
#8616 = VERTEX_POINT('',#8617);
#8617 = CARTESIAN_POINT('',(9.25,2.2,-1.3));
#8618 = LINE('',#8619,#8620);
#8619 = CARTESIAN_POINT('',(10.25,1.7,-1.8));
#8620 = VECTOR('',#8621,1.);
#8621 = DIRECTION('',(-0.816496580928,0.408248290464,0.408248290464));
#8622 = ORIENTED_EDGE('',*,*,#8623,.T.);
#8623 = EDGE_CURVE('',#8616,#8592,#8624,.T.);
#8624 = LINE('',#8625,#8626);
#8625 = CARTESIAN_POINT('',(9.25,2.2,1.3));
#8626 = VECTOR('',#8627,1.);
#8627 = DIRECTION('',(0.,0.,1.));
#8628 = PLANE('',#8629);
#8629 = AXIS2_PLACEMENT_3D('',#8630,#8631,#8632);
#8630 = CARTESIAN_POINT('',(9.25,2.2,1.3));
#8631 = DIRECTION('',(0.4472135955,0.894427191,-0.));
#8632 = DIRECTION('',(-0.894427191,0.4472135955,0.));
#8633 = ADVANCED_FACE('',(#8634),#8652,.T.);
#8634 = FACE_BOUND('',#8635,.T.);
#8635 = EDGE_LOOP('',(#8636,#8644,#8645,#8646));
#8636 = ORIENTED_EDGE('',*,*,#8637,.T.);
#8637 = EDGE_CURVE('',#8638,#8616,#8640,.T.);
#8638 = VERTEX_POINT('',#8639);
#8639 = CARTESIAN_POINT('',(9.25,5.2,-1.3));
#8640 = LINE('',#8641,#8642);
#8641 = CARTESIAN_POINT('',(9.25,6.3,-1.3));
#8642 = VECTOR('',#8643,1.);
#8643 = DIRECTION('',(-0.,-1.,-0.));
#8644 = ORIENTED_EDGE('',*,*,#8615,.F.);
#8645 = ORIENTED_EDGE('',*,*,#7817,.F.);
#8646 = ORIENTED_EDGE('',*,*,#8647,.T.);
#8647 = EDGE_CURVE('',#7810,#8638,#8648,.T.);
#8648 = LINE('',#8649,#8650);
#8649 = CARTESIAN_POINT('',(10.25,6.2,-1.8));
#8650 = VECTOR('',#8651,1.);
#8651 = DIRECTION('',(-0.666666666667,-0.666666666667,0.333333333333));
#8652 = PLANE('',#8653);
#8653 = AXIS2_PLACEMENT_3D('',#8654,#8655,#8656);
#8654 = CARTESIAN_POINT('',(9.25,6.3,-1.3));
#8655 = DIRECTION('',(0.4472135955,-0.,0.894427191));
#8656 = DIRECTION('',(0.894427191,0.,-0.4472135955));
#8657 = ADVANCED_FACE('',(#8658),#8669,.T.);
#8658 = FACE_BOUND('',#8659,.T.);
#8659 = EDGE_LOOP('',(#8660,#8661,#8667,#8668));
#8660 = ORIENTED_EDGE('',*,*,#8582,.T.);
#8661 = ORIENTED_EDGE('',*,*,#8662,.T.);
#8662 = EDGE_CURVE('',#8583,#8638,#8663,.T.);
#8663 = LINE('',#8664,#8665);
#8664 = CARTESIAN_POINT('',(9.25,5.2,1.3));
#8665 = VECTOR('',#8666,1.);
#8666 = DIRECTION('',(0.,-0.,-1.));
#8667 = ORIENTED_EDGE('',*,*,#8647,.F.);
#8668 = ORIENTED_EDGE('',*,*,#7809,.F.);
#8669 = PLANE('',#8670);
#8670 = AXIS2_PLACEMENT_3D('',#8671,#8672,#8673);
#8671 = CARTESIAN_POINT('',(10.25,6.2,1.3));
#8672 = DIRECTION('',(0.707106781187,-0.707106781187,0.));
#8673 = DIRECTION('',(0.707106781187,0.707106781187,0.));
#8674 = ADVANCED_FACE('',(#8675),#8700,.F.);
#8675 = FACE_BOUND('',#8676,.T.);
#8676 = EDGE_LOOP('',(#8677,#8685,#8686,#8694));
#8677 = ORIENTED_EDGE('',*,*,#8678,.F.);
#8678 = EDGE_CURVE('',#7836,#8679,#8681,.T.);
#8679 = VERTEX_POINT('',#8680);
#8680 = CARTESIAN_POINT('',(9.25,5.2,-3.78));
#8681 = LINE('',#8682,#8683);
#8682 = CARTESIAN_POINT('',(10.25,6.2,-3.28));
#8683 = VECTOR('',#8684,1.);
#8684 = DIRECTION('',(-0.666666666667,-0.666666666667,-0.333333333333));
#8685 = ORIENTED_EDGE('',*,*,#7835,.F.);
#8686 = ORIENTED_EDGE('',*,*,#8687,.F.);
#8687 = EDGE_CURVE('',#8688,#7828,#8690,.T.);
#8688 = VERTEX_POINT('',#8689);
#8689 = CARTESIAN_POINT('',(9.25,2.2,-3.78));
#8690 = LINE('',#8691,#8692);
#8691 = CARTESIAN_POINT('',(9.25,2.2,-3.78));
#8692 = VECTOR('',#8693,1.);
#8693 = DIRECTION('',(0.816496580928,-0.408248290464,0.408248290464));
#8694 = ORIENTED_EDGE('',*,*,#8695,.F.);
#8695 = EDGE_CURVE('',#8679,#8688,#8696,.T.);
#8696 = LINE('',#8697,#8698);
#8697 = CARTESIAN_POINT('',(9.25,6.8,-3.78));
#8698 = VECTOR('',#8699,1.);
#8699 = DIRECTION('',(-0.,-1.,0.));
#8700 = PLANE('',#8701);
#8701 = AXIS2_PLACEMENT_3D('',#8702,#8703,#8704);
#8702 = CARTESIAN_POINT('',(10.25,6.8,-3.28));
#8703 = DIRECTION('',(-0.4472135955,0.,0.894427191));
#8704 = DIRECTION('',(0.894427191,0.,0.4472135955));
#8705 = ADVANCED_FACE('',(#8706),#8724,.T.);
#8706 = FACE_BOUND('',#8707,.T.);
#8707 = EDGE_LOOP('',(#8708,#8709,#8710,#8718));
#8708 = ORIENTED_EDGE('',*,*,#8687,.T.);
#8709 = ORIENTED_EDGE('',*,*,#7825,.F.);
#8710 = ORIENTED_EDGE('',*,*,#8711,.T.);
#8711 = EDGE_CURVE('',#7826,#8712,#8714,.T.);
#8712 = VERTEX_POINT('',#8713);
#8713 = CARTESIAN_POINT('',(9.25,2.2,-6.38));
#8714 = LINE('',#8715,#8716);
#8715 = CARTESIAN_POINT('',(10.25,1.7,-6.88));
#8716 = VECTOR('',#8717,1.);
#8717 = DIRECTION('',(-0.816496580928,0.408248290464,0.408248290464));
#8718 = ORIENTED_EDGE('',*,*,#8719,.T.);
#8719 = EDGE_CURVE('',#8712,#8688,#8720,.T.);
#8720 = LINE('',#8721,#8722);
#8721 = CARTESIAN_POINT('',(9.25,2.2,-3.78));
#8722 = VECTOR('',#8723,1.);
#8723 = DIRECTION('',(0.,0.,1.));
#8724 = PLANE('',#8725);
#8725 = AXIS2_PLACEMENT_3D('',#8726,#8727,#8728);
#8726 = CARTESIAN_POINT('',(9.25,2.2,-3.78));
#8727 = DIRECTION('',(0.4472135955,0.894427191,-0.));
#8728 = DIRECTION('',(-0.894427191,0.4472135955,0.));
#8729 = ADVANCED_FACE('',(#8730),#8748,.T.);
#8730 = FACE_BOUND('',#8731,.T.);
#8731 = EDGE_LOOP('',(#8732,#8740,#8741,#8742));
#8732 = ORIENTED_EDGE('',*,*,#8733,.T.);
#8733 = EDGE_CURVE('',#8734,#8712,#8736,.T.);
#8734 = VERTEX_POINT('',#8735);
#8735 = CARTESIAN_POINT('',(9.25,5.2,-6.38));
#8736 = LINE('',#8737,#8738);
#8737 = CARTESIAN_POINT('',(9.25,6.3,-6.38));
#8738 = VECTOR('',#8739,1.);
#8739 = DIRECTION('',(-0.,-1.,-0.));
#8740 = ORIENTED_EDGE('',*,*,#8711,.F.);
#8741 = ORIENTED_EDGE('',*,*,#7851,.F.);
#8742 = ORIENTED_EDGE('',*,*,#8743,.T.);
#8743 = EDGE_CURVE('',#7844,#8734,#8744,.T.);
#8744 = LINE('',#8745,#8746);
#8745 = CARTESIAN_POINT('',(10.25,6.2,-6.88));
#8746 = VECTOR('',#8747,1.);
#8747 = DIRECTION('',(-0.666666666667,-0.666666666667,0.333333333333));
#8748 = PLANE('',#8749);
#8749 = AXIS2_PLACEMENT_3D('',#8750,#8751,#8752);
#8750 = CARTESIAN_POINT('',(9.25,6.3,-6.38));
#8751 = DIRECTION('',(0.4472135955,-0.,0.894427191));
#8752 = DIRECTION('',(0.894427191,0.,-0.4472135955));
#8753 = ADVANCED_FACE('',(#8754),#8765,.T.);
#8754 = FACE_BOUND('',#8755,.T.);
#8755 = EDGE_LOOP('',(#8756,#8757,#8763,#8764));
#8756 = ORIENTED_EDGE('',*,*,#8678,.T.);
#8757 = ORIENTED_EDGE('',*,*,#8758,.T.);
#8758 = EDGE_CURVE('',#8679,#8734,#8759,.T.);
#8759 = LINE('',#8760,#8761);
#8760 = CARTESIAN_POINT('',(9.25,5.2,-3.78));
#8761 = VECTOR('',#8762,1.);
#8762 = DIRECTION('',(0.,-0.,-1.));
#8763 = ORIENTED_EDGE('',*,*,#8743,.F.);
#8764 = ORIENTED_EDGE('',*,*,#7843,.F.);
#8765 = PLANE('',#8766);
#8766 = AXIS2_PLACEMENT_3D('',#8767,#8768,#8769);
#8767 = CARTESIAN_POINT('',(10.25,6.2,-3.78));
#8768 = DIRECTION('',(0.707106781187,-0.707106781187,0.));
#8769 = DIRECTION('',(0.707106781187,0.707106781187,0.));
#8770 = ADVANCED_FACE('',(#8771),#8796,.F.);
#8771 = FACE_BOUND('',#8772,.T.);
#8772 = EDGE_LOOP('',(#8773,#8781,#8782,#8790));
#8773 = ORIENTED_EDGE('',*,*,#8774,.F.);
#8774 = EDGE_CURVE('',#7870,#8775,#8777,.T.);
#8775 = VERTEX_POINT('',#8776);
#8776 = CARTESIAN_POINT('',(9.25,5.2,6.38));
#8777 = LINE('',#8778,#8779);
#8778 = CARTESIAN_POINT('',(10.25,6.2,6.88));
#8779 = VECTOR('',#8780,1.);
#8780 = DIRECTION('',(-0.666666666667,-0.666666666667,-0.333333333333));
#8781 = ORIENTED_EDGE('',*,*,#7869,.F.);
#8782 = ORIENTED_EDGE('',*,*,#8783,.F.);
#8783 = EDGE_CURVE('',#8784,#7862,#8786,.T.);
#8784 = VERTEX_POINT('',#8785);
#8785 = CARTESIAN_POINT('',(9.25,2.2,6.38));
#8786 = LINE('',#8787,#8788);
#8787 = CARTESIAN_POINT('',(9.25,2.2,6.38));
#8788 = VECTOR('',#8789,1.);
#8789 = DIRECTION('',(0.816496580928,-0.408248290464,0.408248290464));
#8790 = ORIENTED_EDGE('',*,*,#8791,.F.);
#8791 = EDGE_CURVE('',#8775,#8784,#8792,.T.);
#8792 = LINE('',#8793,#8794);
#8793 = CARTESIAN_POINT('',(9.25,6.8,6.38));
#8794 = VECTOR('',#8795,1.);
#8795 = DIRECTION('',(-0.,-1.,0.));
#8796 = PLANE('',#8797);
#8797 = AXIS2_PLACEMENT_3D('',#8798,#8799,#8800);
#8798 = CARTESIAN_POINT('',(10.25,6.8,6.88));
#8799 = DIRECTION('',(-0.4472135955,0.,0.894427191));
#8800 = DIRECTION('',(0.894427191,0.,0.4472135955));
#8801 = ADVANCED_FACE('',(#8802),#8820,.T.);
#8802 = FACE_BOUND('',#8803,.T.);
#8803 = EDGE_LOOP('',(#8804,#8805,#8806,#8814));
#8804 = ORIENTED_EDGE('',*,*,#8783,.T.);
#8805 = ORIENTED_EDGE('',*,*,#7859,.F.);
#8806 = ORIENTED_EDGE('',*,*,#8807,.T.);
#8807 = EDGE_CURVE('',#7860,#8808,#8810,.T.);
#8808 = VERTEX_POINT('',#8809);
#8809 = CARTESIAN_POINT('',(9.25,2.2,3.78));
#8810 = LINE('',#8811,#8812);
#8811 = CARTESIAN_POINT('',(10.25,1.7,3.28));
#8812 = VECTOR('',#8813,1.);
#8813 = DIRECTION('',(-0.816496580928,0.408248290464,0.408248290464));
#8814 = ORIENTED_EDGE('',*,*,#8815,.T.);
#8815 = EDGE_CURVE('',#8808,#8784,#8816,.T.);
#8816 = LINE('',#8817,#8818);
#8817 = CARTESIAN_POINT('',(9.25,2.2,6.38));
#8818 = VECTOR('',#8819,1.);
#8819 = DIRECTION('',(0.,0.,1.));
#8820 = PLANE('',#8821);
#8821 = AXIS2_PLACEMENT_3D('',#8822,#8823,#8824);
#8822 = CARTESIAN_POINT('',(9.25,2.2,6.38));
#8823 = DIRECTION('',(0.4472135955,0.894427191,-0.));
#8824 = DIRECTION('',(-0.894427191,0.4472135955,0.));
#8825 = ADVANCED_FACE('',(#8826),#8844,.T.);
#8826 = FACE_BOUND('',#8827,.T.);
#8827 = EDGE_LOOP('',(#8828,#8836,#8837,#8838));
#8828 = ORIENTED_EDGE('',*,*,#8829,.T.);
#8829 = EDGE_CURVE('',#8830,#8808,#8832,.T.);
#8830 = VERTEX_POINT('',#8831);
#8831 = CARTESIAN_POINT('',(9.25,5.2,3.78));
#8832 = LINE('',#8833,#8834);
#8833 = CARTESIAN_POINT('',(9.25,6.3,3.78));
#8834 = VECTOR('',#8835,1.);
#8835 = DIRECTION('',(-0.,-1.,-0.));
#8836 = ORIENTED_EDGE('',*,*,#8807,.F.);
#8837 = ORIENTED_EDGE('',*,*,#7885,.F.);
#8838 = ORIENTED_EDGE('',*,*,#8839,.T.);
#8839 = EDGE_CURVE('',#7878,#8830,#8840,.T.);
#8840 = LINE('',#8841,#8842);
#8841 = CARTESIAN_POINT('',(10.25,6.2,3.28));
#8842 = VECTOR('',#8843,1.);
#8843 = DIRECTION('',(-0.666666666667,-0.666666666667,0.333333333333));
#8844 = PLANE('',#8845);
#8845 = AXIS2_PLACEMENT_3D('',#8846,#8847,#8848);
#8846 = CARTESIAN_POINT('',(9.25,6.3,3.78));
#8847 = DIRECTION('',(0.4472135955,-0.,0.894427191));
#8848 = DIRECTION('',(0.894427191,0.,-0.4472135955));
#8849 = ADVANCED_FACE('',(#8850),#8861,.T.);
#8850 = FACE_BOUND('',#8851,.T.);
#8851 = EDGE_LOOP('',(#8852,#8853,#8859,#8860));
#8852 = ORIENTED_EDGE('',*,*,#8774,.T.);
#8853 = ORIENTED_EDGE('',*,*,#8854,.T.);
#8854 = EDGE_CURVE('',#8775,#8830,#8855,.T.);
#8855 = LINE('',#8856,#8857);
#8856 = CARTESIAN_POINT('',(9.25,5.2,6.38));
#8857 = VECTOR('',#8858,1.);
#8858 = DIRECTION('',(0.,-0.,-1.));
#8859 = ORIENTED_EDGE('',*,*,#8839,.F.);
#8860 = ORIENTED_EDGE('',*,*,#7877,.F.);
#8861 = PLANE('',#8862);
#8862 = AXIS2_PLACEMENT_3D('',#8863,#8864,#8865);
#8863 = CARTESIAN_POINT('',(10.25,6.2,6.38));
#8864 = DIRECTION('',(0.707106781187,-0.707106781187,0.));
#8865 = DIRECTION('',(0.707106781187,0.707106781187,0.));
#8866 = ADVANCED_FACE('',(#8867),#8878,.T.);
#8867 = FACE_BOUND('',#8868,.T.);
#8868 = EDGE_LOOP('',(#8869,#8870,#8871,#8877));
#8869 = ORIENTED_EDGE('',*,*,#7902,.F.);
#8870 = ORIENTED_EDGE('',*,*,#7976,.F.);
#8871 = ORIENTED_EDGE('',*,*,#8872,.T.);
#8872 = EDGE_CURVE('',#7969,#7735,#8873,.T.);
#8873 = LINE('',#8874,#8875);
#8874 = CARTESIAN_POINT('',(9.45,7.6,7.62));
#8875 = VECTOR('',#8876,1.);
#8876 = DIRECTION('',(-0.,-0.,1.));
#8877 = ORIENTED_EDGE('',*,*,#7734,.T.);
#8878 = CYLINDRICAL_SURFACE('',#8879,0.8);
#8879 = AXIS2_PLACEMENT_3D('',#8880,#8881,#8882);
#8880 = CARTESIAN_POINT('',(9.45,6.8,7.62));
#8881 = DIRECTION('',(0.,0.,-1.));
#8882 = DIRECTION('',(-1.,0.,0.));
#8883 = ADVANCED_FACE('',(#8884),#8902,.T.);
#8884 = FACE_BOUND('',#8885,.T.);
#8885 = EDGE_LOOP('',(#8886,#8894,#8895,#8896));
#8886 = ORIENTED_EDGE('',*,*,#8887,.T.);
#8887 = EDGE_CURVE('',#8888,#7121,#8890,.T.);
#8888 = VERTEX_POINT('',#8889);
#8889 = CARTESIAN_POINT('',(0.853589838486,6.6,-8.22));
#8890 = LINE('',#8891,#8892);
#8891 = CARTESIAN_POINT('',(0.853589838486,6.6,-8.22));
#8892 = VECTOR('',#8893,1.);
#8893 = DIRECTION('',(-0.,-1.,0.));
#8894 = ORIENTED_EDGE('',*,*,#7272,.T.);
#8895 = ORIENTED_EDGE('',*,*,#8024,.F.);
#8896 = ORIENTED_EDGE('',*,*,#8897,.T.);
#8897 = EDGE_CURVE('',#8017,#8888,#8898,.T.);
#8898 = LINE('',#8899,#8900);
#8899 = CARTESIAN_POINT('',(1.2,6.6,-7.62));
#8900 = VECTOR('',#8901,1.);
#8901 = DIRECTION('',(-0.5,-0.,-0.866025403784));
#8902 = PLANE('',#8903);
#8903 = AXIS2_PLACEMENT_3D('',#8904,#8905,#8906);
#8904 = CARTESIAN_POINT('',(1.2,6.6,-7.62));
#8905 = DIRECTION('',(-0.866025403784,0.,0.5));
#8906 = DIRECTION('',(0.5,0.,0.866025403784));
#8907 = ADVANCED_FACE('',(#8908),#8926,.F.);
#8908 = FACE_BOUND('',#8909,.T.);
#8909 = EDGE_LOOP('',(#8910,#8918,#8924,#8925));
#8910 = ORIENTED_EDGE('',*,*,#8911,.F.);
#8911 = EDGE_CURVE('',#8912,#8009,#8914,.T.);
#8912 = VERTEX_POINT('',#8913);
#8913 = CARTESIAN_POINT('',(2.146410161514,6.6,-8.22));
#8914 = LINE('',#8915,#8916);
#8915 = CARTESIAN_POINT('',(2.146410161514,6.6,-8.22));
#8916 = VECTOR('',#8917,1.);
#8917 = DIRECTION('',(-0.5,0.,0.866025403784));
#8918 = ORIENTED_EDGE('',*,*,#8919,.F.);
#8919 = EDGE_CURVE('',#8888,#8912,#8920,.T.);
#8920 = LINE('',#8921,#8922);
#8921 = CARTESIAN_POINT('',(1.07875644347,6.6,-8.22));
#8922 = VECTOR('',#8923,1.);
#8923 = DIRECTION('',(1.,0.,0.));
#8924 = ORIENTED_EDGE('',*,*,#8897,.F.);
#8925 = ORIENTED_EDGE('',*,*,#8016,.F.);
#8926 = PLANE('',#8927);
#8927 = AXIS2_PLACEMENT_3D('',#8928,#8929,#8930);
#8928 = CARTESIAN_POINT('',(1.07875644347,6.6,-8.09));
#8929 = DIRECTION('',(0.,-1.,0.));
#8930 = DIRECTION('',(0.,-0.,-1.));
#8931 = ADVANCED_FACE('',(#8932),#8943,.T.);
#8932 = FACE_BOUND('',#8933,.T.);
#8933 = EDGE_LOOP('',(#8934,#8935,#8936,#8942));
#8934 = ORIENTED_EDGE('',*,*,#8008,.F.);
#8935 = ORIENTED_EDGE('',*,*,#7128,.T.);
#8936 = ORIENTED_EDGE('',*,*,#8937,.T.);
#8937 = EDGE_CURVE('',#7119,#8912,#8938,.T.);
#8938 = LINE('',#8939,#8940);
#8939 = CARTESIAN_POINT('',(2.146410161514,6.6,-8.22));
#8940 = VECTOR('',#8941,1.);
#8941 = DIRECTION('',(0.,1.,0.));
#8942 = ORIENTED_EDGE('',*,*,#8911,.T.);
#8943 = PLANE('',#8944);
#8944 = AXIS2_PLACEMENT_3D('',#8945,#8946,#8947);
#8945 = CARTESIAN_POINT('',(2.033826859022,6.6,-8.025));
#8946 = DIRECTION('',(0.866025403784,-0.,0.5));
#8947 = DIRECTION('',(0.5,0.,-0.866025403784));
#8948 = ADVANCED_FACE('',(#8949),#8967,.F.);
#8949 = FACE_BOUND('',#8950,.T.);
#8950 = EDGE_LOOP('',(#8951,#8959,#8965,#8966));
#8951 = ORIENTED_EDGE('',*,*,#8952,.F.);
#8952 = EDGE_CURVE('',#8953,#7994,#8955,.T.);
#8953 = VERTEX_POINT('',#8954);
#8954 = CARTESIAN_POINT('',(8.353589838486,6.6,-8.22));
#8955 = LINE('',#8956,#8957);
#8956 = CARTESIAN_POINT('',(8.466173140978,6.6,-8.025));
#8957 = VECTOR('',#8958,1.);
#8958 = DIRECTION('',(0.5,-0.,0.866025403784));
#8959 = ORIENTED_EDGE('',*,*,#8960,.F.);
#8960 = EDGE_CURVE('',#7145,#8953,#8961,.T.);
#8961 = LINE('',#8962,#8963);
#8962 = CARTESIAN_POINT('',(8.353589838486,6.6,-8.22));
#8963 = VECTOR('',#8964,1.);
#8964 = DIRECTION('',(0.,1.,0.));
#8965 = ORIENTED_EDGE('',*,*,#7144,.F.);
#8966 = ORIENTED_EDGE('',*,*,#8001,.F.);
#8967 = PLANE('',#8968);
#8968 = AXIS2_PLACEMENT_3D('',#8969,#8970,#8971);
#8969 = CARTESIAN_POINT('',(8.466173140978,6.6,-8.025));
#8970 = DIRECTION('',(0.866025403784,0.,-0.5));
#8971 = DIRECTION('',(-0.5,0.,-0.866025403784));
#8972 = ADVANCED_FACE('',(#8973),#8991,.T.);
#8973 = FACE_BOUND('',#8974,.T.);
#8974 = EDGE_LOOP('',(#8975,#8976,#8984,#8990));
#8975 = ORIENTED_EDGE('',*,*,#7993,.F.);
#8976 = ORIENTED_EDGE('',*,*,#8977,.T.);
#8977 = EDGE_CURVE('',#7986,#8978,#8980,.T.);
#8978 = VERTEX_POINT('',#8979);
#8979 = CARTESIAN_POINT('',(9.646410161514,6.6,-8.22));
#8980 = LINE('',#8981,#8982);
#8981 = CARTESIAN_POINT('',(9.3,6.6,-7.62));
#8982 = VECTOR('',#8983,1.);
#8983 = DIRECTION('',(0.5,-1.251928832281E-15,-0.866025403784));
#8984 = ORIENTED_EDGE('',*,*,#8985,.T.);
#8985 = EDGE_CURVE('',#8978,#8953,#8986,.T.);
#8986 = LINE('',#8987,#8988);
#8987 = CARTESIAN_POINT('',(9.42124355653,6.6,-8.22));
#8988 = VECTOR('',#8989,1.);
#8989 = DIRECTION('',(-1.,1.33226762955E-15,0.));
#8990 = ORIENTED_EDGE('',*,*,#8952,.T.);
#8991 = PLANE('',#8992);
#8992 = AXIS2_PLACEMENT_3D('',#8993,#8994,#8995);
#8993 = CARTESIAN_POINT('',(9.42124355653,6.6,-8.09));
#8994 = DIRECTION('',(1.33226762955E-15,1.,-1.209806994168E-15));
#8995 = DIRECTION('',(-1.,1.33226762955E-15,0.));
#8996 = ADVANCED_FACE('',(#8997),#9008,.F.);
#8997 = FACE_BOUND('',#8998,.T.);
#8998 = EDGE_LOOP('',(#8999,#9000,#9001,#9002));
#8999 = ORIENTED_EDGE('',*,*,#8977,.F.);
#9000 = ORIENTED_EDGE('',*,*,#7985,.F.);
#9001 = ORIENTED_EDGE('',*,*,#7160,.F.);
#9002 = ORIENTED_EDGE('',*,*,#9003,.F.);
#9003 = EDGE_CURVE('',#8978,#7153,#9004,.T.);
#9004 = LINE('',#9005,#9006);
#9005 = CARTESIAN_POINT('',(9.646410161514,6.6,-8.22));
#9006 = VECTOR('',#9007,1.);
#9007 = DIRECTION('',(-0.,-1.,-0.));
#9008 = PLANE('',#9009);
#9009 = AXIS2_PLACEMENT_3D('',#9010,#9011,#9012);
#9010 = CARTESIAN_POINT('',(9.3,6.6,-7.62));
#9011 = DIRECTION('',(-0.866025403784,0.,-0.5));
#9012 = DIRECTION('',(-0.5,0.,0.866025403784));
#9013 = ADVANCED_FACE('',(#9014),#9024,.F.);
#9014 = FACE_BOUND('',#9015,.T.);
#9015 = EDGE_LOOP('',(#9016,#9017,#9018,#9019,#9020,#9021,#9022,#9023));
#9016 = ORIENTED_EDGE('',*,*,#8039,.T.);
#9017 = ORIENTED_EDGE('',*,*,#8073,.F.);
#9018 = ORIENTED_EDGE('',*,*,#8095,.F.);
#9019 = ORIENTED_EDGE('',*,*,#8121,.F.);
#9020 = ORIENTED_EDGE('',*,*,#8137,.T.);
#9021 = ORIENTED_EDGE('',*,*,#7351,.F.);
#9022 = ORIENTED_EDGE('',*,*,#7042,.F.);
#9023 = ORIENTED_EDGE('',*,*,#7378,.F.);
#9024 = PLANE('',#9025);
#9025 = AXIS2_PLACEMENT_3D('',#9026,#9027,#9028);
#9026 = CARTESIAN_POINT('',(5.3,4.784159144,-4.08));
#9027 = DIRECTION('',(-1.,3.334909476822E-28,-1.794541526873E-14));
#9028 = DIRECTION('',(-1.794541526873E-14,0.,1.));
#9029 = ADVANCED_FACE('',(#9030),#9040,.F.);
#9030 = FACE_BOUND('',#9031,.T.);
#9031 = EDGE_LOOP('',(#9032,#9033,#9034,#9035,#9036,#9037,#9038,#9039));
#9032 = ORIENTED_EDGE('',*,*,#8152,.T.);
#9033 = ORIENTED_EDGE('',*,*,#8186,.F.);
#9034 = ORIENTED_EDGE('',*,*,#8208,.F.);
#9035 = ORIENTED_EDGE('',*,*,#8234,.F.);
#9036 = ORIENTED_EDGE('',*,*,#8250,.T.);
#9037 = ORIENTED_EDGE('',*,*,#7466,.F.);
#9038 = ORIENTED_EDGE('',*,*,#7076,.F.);
#9039 = ORIENTED_EDGE('',*,*,#7493,.F.);
#9040 = PLANE('',#9041);
#9041 = AXIS2_PLACEMENT_3D('',#9042,#9043,#9044);
#9042 = CARTESIAN_POINT('',(5.3,4.784159144,6.08));
#9043 = DIRECTION('',(-1.,3.334909476822E-28,-1.794541526873E-14));
#9044 = DIRECTION('',(-1.794541526873E-14,0.,1.));
#9045 = ADVANCED_FACE('',(#9046),#9056,.F.);
#9046 = FACE_BOUND('',#9047,.T.);
#9047 = EDGE_LOOP('',(#9048,#9049,#9050,#9051,#9052,#9053,#9054,#9055));
#9048 = ORIENTED_EDGE('',*,*,#8265,.T.);
#9049 = ORIENTED_EDGE('',*,*,#8299,.F.);
#9050 = ORIENTED_EDGE('',*,*,#8321,.F.);
#9051 = ORIENTED_EDGE('',*,*,#8347,.F.);
#9052 = ORIENTED_EDGE('',*,*,#8363,.T.);
#9053 = ORIENTED_EDGE('',*,*,#7581,.F.);
#9054 = ORIENTED_EDGE('',*,*,#7110,.F.);
#9055 = ORIENTED_EDGE('',*,*,#7608,.F.);
#9056 = PLANE('',#9057);
#9057 = AXIS2_PLACEMENT_3D('',#9058,#9059,#9060);
#9058 = CARTESIAN_POINT('',(5.3,4.784159144,1.));
#9059 = DIRECTION('',(-1.,3.334909476822E-28,-1.794541526873E-14));
#9060 = DIRECTION('',(-1.794541526873E-14,0.,1.));
#9061 = ADVANCED_FACE('',(#9062),#9068,.T.);
#9062 = FACE_BOUND('',#9063,.T.);
#9063 = EDGE_LOOP('',(#9064,#9065,#9066,#9067));
#9064 = ORIENTED_EDGE('',*,*,#8397,.F.);
#9065 = ORIENTED_EDGE('',*,*,#7776,.T.);
#9066 = ORIENTED_EDGE('',*,*,#8567,.F.);
#9067 = ORIENTED_EDGE('',*,*,#7934,.T.);
#9068 = CYLINDRICAL_SURFACE('',#9069,0.3);
#9069 = AXIS2_PLACEMENT_3D('',#9070,#9071,#9072);
#9070 = CARTESIAN_POINT('',(2.625902306575,13.7,7.62));
#9071 = DIRECTION('',(0.,0.,-1.));
#9072 = DIRECTION('',(-1.,0.,0.));
#9073 = ADVANCED_FACE('',(#9074),#9085,.F.);
#9074 = FACE_BOUND('',#9075,.T.);
#9075 = EDGE_LOOP('',(#9076,#9077,#9083,#9084));
#9076 = ORIENTED_EDGE('',*,*,#8422,.F.);
#9077 = ORIENTED_EDGE('',*,*,#9078,.F.);
#9078 = EDGE_CURVE('',#8437,#8415,#9079,.T.);
#9079 = LINE('',#9080,#9081);
#9080 = CARTESIAN_POINT('',(1.942790561914,6.6,7.));
#9081 = VECTOR('',#9082,1.);
#9082 = DIRECTION('',(-1.,1.33226762955E-15,0.));
#9083 = ORIENTED_EDGE('',*,*,#8446,.F.);
#9084 = ORIENTED_EDGE('',*,*,#7688,.F.);
#9085 = PLANE('',#9086);
#9086 = AXIS2_PLACEMENT_3D('',#9087,#9088,#9089);
#9087 = CARTESIAN_POINT('',(1.942790561914,6.6,7.13));
#9088 = DIRECTION('',(1.33226762955E-15,1.,-1.209806994168E-15));
#9089 = DIRECTION('',(-1.,1.33226762955E-15,0.));
#9090 = ADVANCED_FACE('',(#9091),#9097,.T.);
#9091 = FACE_BOUND('',#9092,.T.);
#9092 = EDGE_LOOP('',(#9093,#9094,#9095,#9096));
#9093 = ORIENTED_EDGE('',*,*,#8414,.F.);
#9094 = ORIENTED_EDGE('',*,*,#7232,.T.);
#9095 = ORIENTED_EDGE('',*,*,#8436,.F.);
#9096 = ORIENTED_EDGE('',*,*,#9078,.T.);
#9097 = PLANE('',#9098);
#9098 = AXIS2_PLACEMENT_3D('',#9099,#9100,#9101);
#9099 = CARTESIAN_POINT('',(1.942790561914,6.6,7.));
#9100 = DIRECTION('',(0.,0.,1.));
#9101 = DIRECTION('',(1.,0.,-0.));
#9102 = ADVANCED_FACE('',(#9103),#9114,.F.);
#9103 = FACE_BOUND('',#9104,.T.);
#9104 = EDGE_LOOP('',(#9105,#9111,#9112,#9113));
#9105 = ORIENTED_EDGE('',*,*,#9106,.F.);
#9106 = EDGE_CURVE('',#8461,#8485,#9107,.T.);
#9107 = LINE('',#9108,#9109);
#9108 = CARTESIAN_POINT('',(8.557209438086,6.6,7.));
#9109 = VECTOR('',#9110,1.);
#9110 = DIRECTION('',(1.,-0.,0.));
#9111 = ORIENTED_EDGE('',*,*,#8470,.T.);
#9112 = ORIENTED_EDGE('',*,*,#7200,.F.);
#9113 = ORIENTED_EDGE('',*,*,#8492,.T.);
#9114 = PLANE('',#9115);
#9115 = AXIS2_PLACEMENT_3D('',#9116,#9117,#9118);
#9116 = CARTESIAN_POINT('',(8.557209438086,6.6,7.));
#9117 = DIRECTION('',(0.,0.,-1.));
#9118 = DIRECTION('',(-1.,0.,-0.));
#9119 = ADVANCED_FACE('',(#9120),#9126,.T.);
#9120 = FACE_BOUND('',#9121,.T.);
#9121 = EDGE_LOOP('',(#9122,#9123,#9124,#9125));
#9122 = ORIENTED_EDGE('',*,*,#7711,.T.);
#9123 = ORIENTED_EDGE('',*,*,#8460,.T.);
#9124 = ORIENTED_EDGE('',*,*,#9106,.T.);
#9125 = ORIENTED_EDGE('',*,*,#8484,.T.);
#9126 = PLANE('',#9127);
#9127 = AXIS2_PLACEMENT_3D('',#9128,#9129,#9130);
#9128 = CARTESIAN_POINT('',(8.557209438086,6.6,7.13));
#9129 = DIRECTION('',(0.,-1.,0.));
#9130 = DIRECTION('',(0.,-0.,-1.));
#9131 = ADVANCED_FACE('',(#9132),#9138,.T.);
#9132 = FACE_BOUND('',#9133,.T.);
#9133 = EDGE_LOOP('',(#9134,#9135,#9136,#9137));
#9134 = ORIENTED_EDGE('',*,*,#8872,.F.);
#9135 = ORIENTED_EDGE('',*,*,#7968,.T.);
#9136 = ORIENTED_EDGE('',*,*,#8508,.F.);
#9137 = ORIENTED_EDGE('',*,*,#7743,.T.);
#9138 = PLANE('',#9139);
#9139 = AXIS2_PLACEMENT_3D('',#9140,#9141,#9142);
#9140 = CARTESIAN_POINT('',(9.25,7.6,7.62));
#9141 = DIRECTION('',(0.,1.,0.));
#9142 = DIRECTION('',(0.,-0.,1.));
#9143 = ADVANCED_FACE('',(#9144),#9150,.T.);
#9144 = FACE_BOUND('',#9145,.T.);
#9145 = EDGE_LOOP('',(#9146,#9147,#9148,#9149));
#9146 = ORIENTED_EDGE('',*,*,#8560,.F.);
#9147 = ORIENTED_EDGE('',*,*,#7759,.T.);
#9148 = ORIENTED_EDGE('',*,*,#8515,.F.);
#9149 = ORIENTED_EDGE('',*,*,#7951,.T.);
#9150 = CYLINDRICAL_SURFACE('',#9151,0.3);
#9151 = AXIS2_PLACEMENT_3D('',#9152,#9153,#9154);
#9152 = CARTESIAN_POINT('',(7.993234973612,13.7,7.62));
#9153 = DIRECTION('',(0.,0.,-1.));
#9154 = DIRECTION('',(-1.,0.,0.));
#9155 = ADVANCED_FACE('',(#9156),#9168,.F.);
#9156 = FACE_BOUND('',#9157,.F.);
#9157 = EDGE_LOOP('',(#9158,#9165,#9166,#9167));
#9158 = ORIENTED_EDGE('',*,*,#9159,.T.);
#9159 = EDGE_CURVE('',#6619,#6611,#9160,.T.);
#9160 = CIRCLE('',#9161,1.975);
#9161 = AXIS2_PLACEMENT_3D('',#9162,#9163,#9164);
#9162 = CARTESIAN_POINT('',(5.35,11.235,0.));
#9163 = DIRECTION('',(2.501911041409E-16,1.,0.));
#9164 = DIRECTION('',(1.,-2.501911041409E-16,0.));
#9165 = ORIENTED_EDGE('',*,*,#6608,.F.);
#9166 = ORIENTED_EDGE('',*,*,#8530,.T.);
#9167 = ORIENTED_EDGE('',*,*,#6627,.T.);
#9168 = CYLINDRICAL_SURFACE('',#9169,1.975);
#9169 = AXIS2_PLACEMENT_3D('',#9170,#9171,#9172);
#9170 = CARTESIAN_POINT('',(5.35,10.45,0.));
#9171 = DIRECTION('',(-2.501911041409E-16,-1.,0.));
#9172 = DIRECTION('',(1.,-2.501911041409E-16,0.));
#9173 = ADVANCED_FACE('',(#9174),#9186,.F.);
#9174 = FACE_BOUND('',#9175,.F.);
#9175 = EDGE_LOOP('',(#9176,#9183,#9184,#9185));
#9176 = ORIENTED_EDGE('',*,*,#9177,.T.);
#9177 = EDGE_CURVE('',#6661,#6653,#9178,.T.);
#9178 = CIRCLE('',#9179,1.975);
#9179 = AXIS2_PLACEMENT_3D('',#9180,#9181,#9182);
#9180 = CARTESIAN_POINT('',(5.35,11.235,-5.08));
#9181 = DIRECTION('',(2.501911041409E-16,1.,0.));
#9182 = DIRECTION('',(1.,-2.501911041409E-16,0.));
#9183 = ORIENTED_EDGE('',*,*,#6650,.F.);
#9184 = ORIENTED_EDGE('',*,*,#8540,.T.);
#9185 = ORIENTED_EDGE('',*,*,#6669,.T.);
#9186 = CYLINDRICAL_SURFACE('',#9187,1.975);
#9187 = AXIS2_PLACEMENT_3D('',#9188,#9189,#9190);
#9188 = CARTESIAN_POINT('',(5.35,10.45,-5.08));
#9189 = DIRECTION('',(-2.501911041409E-16,-1.,0.));
#9190 = DIRECTION('',(1.,-2.501911041409E-16,0.));
#9191 = ADVANCED_FACE('',(#9192),#9204,.F.);
#9192 = FACE_BOUND('',#9193,.F.);
#9193 = EDGE_LOOP('',(#9194,#9201,#9202,#9203));
#9194 = ORIENTED_EDGE('',*,*,#9195,.T.);
#9195 = EDGE_CURVE('',#6703,#6695,#9196,.T.);
#9196 = CIRCLE('',#9197,1.975);
#9197 = AXIS2_PLACEMENT_3D('',#9198,#9199,#9200);
#9198 = CARTESIAN_POINT('',(5.35,11.235,5.08));
#9199 = DIRECTION('',(2.501911041409E-16,1.,0.));
#9200 = DIRECTION('',(1.,-2.501911041409E-16,0.));
#9201 = ORIENTED_EDGE('',*,*,#6692,.F.);
#9202 = ORIENTED_EDGE('',*,*,#8550,.T.);
#9203 = ORIENTED_EDGE('',*,*,#6711,.T.);
#9204 = CYLINDRICAL_SURFACE('',#9205,1.975);
#9205 = AXIS2_PLACEMENT_3D('',#9206,#9207,#9208);
#9206 = CARTESIAN_POINT('',(5.35,10.45,5.08));
#9207 = DIRECTION('',(-2.501911041409E-16,-1.,0.));
#9208 = DIRECTION('',(1.,-2.501911041409E-16,0.));
#9209 = ADVANCED_FACE('',(#9210),#9216,.F.);
#9210 = FACE_BOUND('',#9211,.T.);
#9211 = EDGE_LOOP('',(#9212,#9213,#9214,#9215));
#9212 = ORIENTED_EDGE('',*,*,#8599,.T.);
#9213 = ORIENTED_EDGE('',*,*,#8623,.F.);
#9214 = ORIENTED_EDGE('',*,*,#8637,.F.);
#9215 = ORIENTED_EDGE('',*,*,#8662,.F.);
#9216 = PLANE('',#9217);
#9217 = AXIS2_PLACEMENT_3D('',#9218,#9219,#9220);
#9218 = CARTESIAN_POINT('',(9.25,6.3,-119.944));
#9219 = DIRECTION('',(-1.,0.,0.));
#9220 = DIRECTION('',(0.,0.,1.));
#9221 = ADVANCED_FACE('',(#9222),#9228,.F.);
#9222 = FACE_BOUND('',#9223,.T.);
#9223 = EDGE_LOOP('',(#9224,#9225,#9226,#9227));
#9224 = ORIENTED_EDGE('',*,*,#8719,.F.);
#9225 = ORIENTED_EDGE('',*,*,#8733,.F.);
#9226 = ORIENTED_EDGE('',*,*,#8758,.F.);
#9227 = ORIENTED_EDGE('',*,*,#8695,.T.);
#9228 = PLANE('',#9229);
#9229 = AXIS2_PLACEMENT_3D('',#9230,#9231,#9232);
#9230 = CARTESIAN_POINT('',(9.25,6.3,-119.944));
#9231 = DIRECTION('',(-1.,0.,0.));
#9232 = DIRECTION('',(0.,0.,1.));
#9233 = ADVANCED_FACE('',(#9234),#9240,.F.);
#9234 = FACE_BOUND('',#9235,.T.);
#9235 = EDGE_LOOP('',(#9236,#9237,#9238,#9239));
#9236 = ORIENTED_EDGE('',*,*,#8791,.T.);
#9237 = ORIENTED_EDGE('',*,*,#8815,.F.);
#9238 = ORIENTED_EDGE('',*,*,#8829,.F.);
#9239 = ORIENTED_EDGE('',*,*,#8854,.F.);
#9240 = PLANE('',#9241);
#9241 = AXIS2_PLACEMENT_3D('',#9242,#9243,#9244);
#9242 = CARTESIAN_POINT('',(9.25,6.3,-119.944));
#9243 = DIRECTION('',(-1.,0.,0.));
#9244 = DIRECTION('',(0.,0.,1.));
#9245 = ADVANCED_FACE('',(#9246),#9252,.T.);
#9246 = FACE_BOUND('',#9247,.T.);
#9247 = EDGE_LOOP('',(#9248,#9249,#9250,#9251));
#9248 = ORIENTED_EDGE('',*,*,#8937,.F.);
#9249 = ORIENTED_EDGE('',*,*,#7118,.T.);
#9250 = ORIENTED_EDGE('',*,*,#8887,.F.);
#9251 = ORIENTED_EDGE('',*,*,#8919,.T.);
#9252 = PLANE('',#9253);
#9253 = AXIS2_PLACEMENT_3D('',#9254,#9255,#9256);
#9254 = CARTESIAN_POINT('',(1.07875644347,6.6,-8.22));
#9255 = DIRECTION('',(0.,0.,-1.));
#9256 = DIRECTION('',(-1.,0.,-0.));
#9257 = ADVANCED_FACE('',(#9258),#9264,.F.);
#9258 = FACE_BOUND('',#9259,.T.);
#9259 = EDGE_LOOP('',(#9260,#9261,#9262,#9263));
#9260 = ORIENTED_EDGE('',*,*,#8985,.F.);
#9261 = ORIENTED_EDGE('',*,*,#9003,.T.);
#9262 = ORIENTED_EDGE('',*,*,#7152,.F.);
#9263 = ORIENTED_EDGE('',*,*,#8960,.T.);
#9264 = PLANE('',#9265);
#9265 = AXIS2_PLACEMENT_3D('',#9266,#9267,#9268);
#9266 = CARTESIAN_POINT('',(9.42124355653,6.6,-8.22));
#9267 = DIRECTION('',(0.,0.,1.));
#9268 = DIRECTION('',(1.,0.,-0.));
#9269 = ADVANCED_FACE('',(#9270,#9280),#9284,.F.);
#9270 = FACE_BOUND('',#9271,.T.);
#9271 = EDGE_LOOP('',(#9272,#9273));
#9272 = ORIENTED_EDGE('',*,*,#6118,.F.);
#9273 = ORIENTED_EDGE('',*,*,#9274,.F.);
#9274 = EDGE_CURVE('',#6119,#6110,#9275,.T.);
#9275 = ( BOUNDED_CURVE() B_SPLINE_CURVE(3,(#9276,#9277,#9278,#9279),
.UNSPECIFIED.,.F.,.F.) B_SPLINE_CURVE_WITH_KNOTS((4,4),(0.,1.),
.PIECEWISE_BEZIER_KNOTS.) CURVE() GEOMETRIC_REPRESENTATION_ITEM() 
RATIONAL_B_SPLINE_CURVE((1.,0.333333333333,0.333333333333,1.)) 
REPRESENTATION_ITEM('') );
#9276 = CARTESIAN_POINT('',(3.65,11.235,0.));
#9277 = CARTESIAN_POINT('',(3.65,11.235,3.399999999999));
#9278 = CARTESIAN_POINT('',(7.05,11.235,3.399999999999));
#9279 = CARTESIAN_POINT('',(7.05,11.235,1.24913973513E-16));
#9280 = FACE_BOUND('',#9281,.T.);
#9281 = EDGE_LOOP('',(#9282,#9283));
#9282 = ORIENTED_EDGE('',*,*,#6618,.T.);
#9283 = ORIENTED_EDGE('',*,*,#9159,.T.);
#9284 = PLANE('',#9285);
#9285 = AXIS2_PLACEMENT_3D('',#9286,#9287,#9288);
#9286 = CARTESIAN_POINT('',(2.932077519088,11.235,-143.256));
#9287 = DIRECTION('',(0.,-1.,0.));
#9288 = DIRECTION('',(0.,-0.,-1.));
#9289 = ADVANCED_FACE('',(#9290,#9300),#9304,.F.);
#9290 = FACE_BOUND('',#9291,.T.);
#9291 = EDGE_LOOP('',(#9292,#9293));
#9292 = ORIENTED_EDGE('',*,*,#6174,.F.);
#9293 = ORIENTED_EDGE('',*,*,#9294,.F.);
#9294 = EDGE_CURVE('',#6175,#6166,#9295,.T.);
#9295 = ( BOUNDED_CURVE() B_SPLINE_CURVE(3,(#9296,#9297,#9298,#9299),
.UNSPECIFIED.,.F.,.F.) B_SPLINE_CURVE_WITH_KNOTS((4,4),(0.,1.),
.PIECEWISE_BEZIER_KNOTS.) CURVE() GEOMETRIC_REPRESENTATION_ITEM() 
RATIONAL_B_SPLINE_CURVE((1.,0.333333333333,0.333333333333,1.)) 
REPRESENTATION_ITEM('') );
#9296 = CARTESIAN_POINT('',(3.65,11.235,-5.08));
#9297 = CARTESIAN_POINT('',(3.65,11.235,-1.680000000001));
#9298 = CARTESIAN_POINT('',(7.05,11.235,-1.680000000001));
#9299 = CARTESIAN_POINT('',(7.05,11.235,-5.08));
#9300 = FACE_BOUND('',#9301,.T.);
#9301 = EDGE_LOOP('',(#9302,#9303));
#9302 = ORIENTED_EDGE('',*,*,#6660,.T.);
#9303 = ORIENTED_EDGE('',*,*,#9177,.T.);
#9304 = PLANE('',#9305);
#9305 = AXIS2_PLACEMENT_3D('',#9306,#9307,#9308);
#9306 = CARTESIAN_POINT('',(2.932077519088,11.235,-143.256));
#9307 = DIRECTION('',(0.,-1.,0.));
#9308 = DIRECTION('',(0.,-0.,-1.));
#9309 = ADVANCED_FACE('',(#9310,#9320),#9324,.F.);
#9310 = FACE_BOUND('',#9311,.T.);
#9311 = EDGE_LOOP('',(#9312,#9313));
#9312 = ORIENTED_EDGE('',*,*,#6230,.F.);
#9313 = ORIENTED_EDGE('',*,*,#9314,.F.);
#9314 = EDGE_CURVE('',#6231,#6222,#9315,.T.);
#9315 = ( BOUNDED_CURVE() B_SPLINE_CURVE(3,(#9316,#9317,#9318,#9319),
.UNSPECIFIED.,.F.,.F.) B_SPLINE_CURVE_WITH_KNOTS((4,4),(0.,1.),
.PIECEWISE_BEZIER_KNOTS.) CURVE() GEOMETRIC_REPRESENTATION_ITEM() 
RATIONAL_B_SPLINE_CURVE((1.,0.333333333333,0.333333333333,1.)) 
REPRESENTATION_ITEM('') );
#9316 = CARTESIAN_POINT('',(3.65,11.235,5.08));
#9317 = CARTESIAN_POINT('',(3.65,11.235,8.479999999999));
#9318 = CARTESIAN_POINT('',(7.05,11.235,8.479999999999));
#9319 = CARTESIAN_POINT('',(7.05,11.235,5.08));
#9320 = FACE_BOUND('',#9321,.T.);
#9321 = EDGE_LOOP('',(#9322,#9323));
#9322 = ORIENTED_EDGE('',*,*,#6702,.T.);
#9323 = ORIENTED_EDGE('',*,*,#9195,.T.);
#9324 = PLANE('',#9325);
#9325 = AXIS2_PLACEMENT_3D('',#9326,#9327,#9328);
#9326 = CARTESIAN_POINT('',(2.932077519088,11.235,-143.256));
#9327 = DIRECTION('',(0.,-1.,0.));
#9328 = DIRECTION('',(0.,-0.,-1.));
#9329 = ADVANCED_FACE('',(#9330),#9336,.T.);
#9330 = FACE_BOUND('',#9331,.T.);
#9331 = EDGE_LOOP('',(#9332,#9333,#9334,#9335));
#9332 = ORIENTED_EDGE('',*,*,#6109,.F.);
#9333 = ORIENTED_EDGE('',*,*,#6743,.F.);
#9334 = ORIENTED_EDGE('',*,*,#6127,.T.);
#9335 = ORIENTED_EDGE('',*,*,#9274,.T.);
#9336 = ( BOUNDED_SURFACE() B_SPLINE_SURFACE(3,3,(
    (#9337,#9338,#9339,#9340)
    ,(#9341,#9342,#9343,#9344)
    ,(#9345,#9346,#9347,#9348)
    ,(#9349,#9350,#9351,#9352
)),.UNSPECIFIED.,.F.,.F.,.F.) B_SPLINE_SURFACE_WITH_KNOTS((4,4),(4,4),(
    0.,1.),(0.,1.),.PIECEWISE_BEZIER_KNOTS.) 
GEOMETRIC_REPRESENTATION_ITEM() RATIONAL_B_SPLINE_SURFACE((
    (1.,0.333333333333,0.333333333333,1.)
    ,(0.804737854124,0.268245951375,0.268245951375,0.804737854124)
    ,(0.804737854124,0.268245951375,0.268245951375,0.804737854124)
,(1.,0.333333333333,0.333333333333,1.
))) REPRESENTATION_ITEM('') SURFACE() );
#9337 = CARTESIAN_POINT('',(3.45,11.435,0.));
#9338 = CARTESIAN_POINT('',(3.45,11.435,3.8));
#9339 = CARTESIAN_POINT('',(7.25,11.435,3.8));
#9340 = CARTESIAN_POINT('',(7.25,11.435,2.32682891838E-16));
#9341 = CARTESIAN_POINT('',(3.45,11.317842712474,0.));
#9342 = CARTESIAN_POINT('',(3.45,11.317842712474,3.8));
#9343 = CARTESIAN_POINT('',(7.25,11.317842712474,3.8));
#9344 = CARTESIAN_POINT('',(7.25,11.317842712474,2.32682891838E-16));
#9345 = CARTESIAN_POINT('',(3.532842712475,11.235,0.));
#9346 = CARTESIAN_POINT('',(3.532842712475,11.235,3.63431457505));
#9347 = CARTESIAN_POINT('',(7.167157287525,11.235,3.63431457505));
#9348 = CARTESIAN_POINT('',(7.167157287525,11.235,2.225375855715E-16));
#9349 = CARTESIAN_POINT('',(3.65,11.235,0.));
#9350 = CARTESIAN_POINT('',(3.65,11.235,3.399999999999));
#9351 = CARTESIAN_POINT('',(7.05,11.235,3.399999999999));
#9352 = CARTESIAN_POINT('',(7.05,11.235,2.08189955855E-16));
#9353 = ADVANCED_FACE('',(#9354),#9360,.T.);
#9354 = FACE_BOUND('',#9355,.T.);
#9355 = EDGE_LOOP('',(#9356,#9357,#9358,#9359));
#9356 = ORIENTED_EDGE('',*,*,#6165,.F.);
#9357 = ORIENTED_EDGE('',*,*,#6779,.F.);
#9358 = ORIENTED_EDGE('',*,*,#6183,.T.);
#9359 = ORIENTED_EDGE('',*,*,#9294,.T.);
#9360 = ( BOUNDED_SURFACE() B_SPLINE_SURFACE(3,3,(
    (#9361,#9362,#9363,#9364)
    ,(#9365,#9366,#9367,#9368)
    ,(#9369,#9370,#9371,#9372)
    ,(#9373,#9374,#9375,#9376
)),.UNSPECIFIED.,.F.,.F.,.F.) B_SPLINE_SURFACE_WITH_KNOTS((4,4),(4,4),(
    0.,1.),(0.,1.),.PIECEWISE_BEZIER_KNOTS.) 
GEOMETRIC_REPRESENTATION_ITEM() RATIONAL_B_SPLINE_SURFACE((
    (1.,0.333333333333,0.333333333333,1.)
    ,(0.804737854124,0.268245951375,0.268245951375,0.804737854124)
    ,(0.804737854124,0.268245951375,0.268245951375,0.804737854124)
,(1.,0.333333333333,0.333333333333,1.
))) REPRESENTATION_ITEM('') SURFACE() );
#9361 = CARTESIAN_POINT('',(3.45,11.435,-5.08));
#9362 = CARTESIAN_POINT('',(3.45,11.435,-1.28));
#9363 = CARTESIAN_POINT('',(7.25,11.435,-1.28));
#9364 = CARTESIAN_POINT('',(7.25,11.435,-5.08));
#9365 = CARTESIAN_POINT('',(3.45,11.317842712474,-5.08));
#9366 = CARTESIAN_POINT('',(3.45,11.317842712474,-1.28));
#9367 = CARTESIAN_POINT('',(7.25,11.317842712474,-1.28));
#9368 = CARTESIAN_POINT('',(7.25,11.317842712474,-5.08));
#9369 = CARTESIAN_POINT('',(3.532842712475,11.235,-5.08));
#9370 = CARTESIAN_POINT('',(3.532842712475,11.235,-1.44568542495));
#9371 = CARTESIAN_POINT('',(7.167157287525,11.235,-1.44568542495));
#9372 = CARTESIAN_POINT('',(7.167157287525,11.235,-5.08));
#9373 = CARTESIAN_POINT('',(3.65,11.235,-5.08));
#9374 = CARTESIAN_POINT('',(3.65,11.235,-1.680000000001));
#9375 = CARTESIAN_POINT('',(7.05,11.235,-1.680000000001));
#9376 = CARTESIAN_POINT('',(7.05,11.235,-5.08));
#9377 = ADVANCED_FACE('',(#9378),#9384,.T.);
#9378 = FACE_BOUND('',#9379,.T.);
#9379 = EDGE_LOOP('',(#9380,#9381,#9382,#9383));
#9380 = ORIENTED_EDGE('',*,*,#6221,.F.);
#9381 = ORIENTED_EDGE('',*,*,#6815,.F.);
#9382 = ORIENTED_EDGE('',*,*,#6239,.T.);
#9383 = ORIENTED_EDGE('',*,*,#9314,.T.);
#9384 = ( BOUNDED_SURFACE() B_SPLINE_SURFACE(3,3,(
    (#9385,#9386,#9387,#9388)
    ,(#9389,#9390,#9391,#9392)
    ,(#9393,#9394,#9395,#9396)
    ,(#9397,#9398,#9399,#9400
)),.UNSPECIFIED.,.F.,.F.,.F.) B_SPLINE_SURFACE_WITH_KNOTS((4,4),(4,4),(
    0.,1.),(0.,1.),.PIECEWISE_BEZIER_KNOTS.) 
GEOMETRIC_REPRESENTATION_ITEM() RATIONAL_B_SPLINE_SURFACE((
    (1.,0.333333333333,0.333333333333,1.)
    ,(0.804737854124,0.268245951375,0.268245951375,0.804737854124)
    ,(0.804737854124,0.268245951375,0.268245951375,0.804737854124)
,(1.,0.333333333333,0.333333333333,1.
))) REPRESENTATION_ITEM('') SURFACE() );
#9385 = CARTESIAN_POINT('',(3.45,11.435,5.08));
#9386 = CARTESIAN_POINT('',(3.45,11.435,8.88));
#9387 = CARTESIAN_POINT('',(7.25,11.435,8.88));
#9388 = CARTESIAN_POINT('',(7.25,11.435,5.08));
#9389 = CARTESIAN_POINT('',(3.45,11.317842712474,5.08));
#9390 = CARTESIAN_POINT('',(3.45,11.317842712474,8.88));
#9391 = CARTESIAN_POINT('',(7.25,11.317842712474,8.88));
#9392 = CARTESIAN_POINT('',(7.25,11.317842712474,5.08));
#9393 = CARTESIAN_POINT('',(3.532842712475,11.235,5.08));
#9394 = CARTESIAN_POINT('',(3.532842712475,11.235,8.71431457505));
#9395 = CARTESIAN_POINT('',(7.167157287525,11.235,8.71431457505));
#9396 = CARTESIAN_POINT('',(7.167157287525,11.235,5.08));
#9397 = CARTESIAN_POINT('',(3.65,11.235,5.08));
#9398 = CARTESIAN_POINT('',(3.65,11.235,8.479999999999));
#9399 = CARTESIAN_POINT('',(7.05,11.235,8.479999999999));
#9400 = CARTESIAN_POINT('',(7.05,11.235,5.08));
#9401 = ADVANCED_FACE('',(#9402),#9450,.T.);
#9402 = FACE_BOUND('',#9403,.T.);
#9403 = EDGE_LOOP('',(#9404,#9405,#9414,#9423,#9432,#9441,#9448,#9449));
#9404 = ORIENTED_EDGE('',*,*,#6843,.F.);
#9405 = ORIENTED_EDGE('',*,*,#9406,.T.);
#9406 = EDGE_CURVE('',#6278,#9407,#9409,.T.);
#9407 = VERTEX_POINT('',#9408);
#9408 = CARTESIAN_POINT('',(4.95,12.646564265829,-1.714246796765));
#9409 = CIRCLE('',#9410,1.760296020628);
#9410 = AXIS2_PLACEMENT_3D('',#9411,#9412,#9413);
#9411 = CARTESIAN_POINT('',(5.35,12.646564265822,0.));
#9412 = DIRECTION('',(-1.171453342316E-15,-1.,0.));
#9413 = DIRECTION('',(1.,-1.171453342316E-15,0.));
#9414 = ORIENTED_EDGE('',*,*,#9415,.F.);
#9415 = EDGE_CURVE('',#9416,#9407,#9418,.T.);
#9416 = VERTEX_POINT('',#9417);
#9417 = CARTESIAN_POINT('',(4.95,11.934999999997,-1.799211327336));
#9418 = B_SPLINE_CURVE_WITH_KNOTS('',3,(#9419,#9420,#9421,#9422),
  .UNSPECIFIED.,.F.,.F.,(4,4),(2.697442093119E-15,7.166189195523E-04),
  .PIECEWISE_BEZIER_KNOTS.);
#9419 = CARTESIAN_POINT('',(4.95,11.934999999997,-1.799211327336));
#9420 = CARTESIAN_POINT('',(4.95,12.172191968891,-1.770922332791));
#9421 = CARTESIAN_POINT('',(4.95,12.409380254482,-1.742602432482));
#9422 = CARTESIAN_POINT('',(4.95,12.646564265829,-1.714246796765));
#9423 = ORIENTED_EDGE('',*,*,#9424,.T.);
#9424 = EDGE_CURVE('',#9416,#9425,#9427,.T.);
#9425 = VERTEX_POINT('',#9426);
#9426 = CARTESIAN_POINT('',(5.75,11.934999999997,-1.799211327336));
#9427 = CIRCLE('',#9428,1.84313900735);
#9428 = AXIS2_PLACEMENT_3D('',#9429,#9430,#9431);
#9429 = CARTESIAN_POINT('',(5.35,11.934999999994,9.951952430688E-32));
#9430 = DIRECTION('',(-9.136576017787E-16,-1.,-2.08692553322E-31));
#9431 = DIRECTION('',(1.,-9.136576017787E-16,5.743482352849E-48));
#9432 = ORIENTED_EDGE('',*,*,#9433,.F.);
#9433 = EDGE_CURVE('',#9434,#9425,#9436,.T.);
#9434 = VERTEX_POINT('',#9435);
#9435 = CARTESIAN_POINT('',(5.75,12.646564265825,-1.714246796769));
#9436 = B_SPLINE_CURVE_WITH_KNOTS('',3,(#9437,#9438,#9439,#9440),
  .UNSPECIFIED.,.F.,.F.,(4,4),(3.41199186446E-15,7.16618919554E-04),
  .PIECEWISE_BEZIER_KNOTS.);
#9437 = CARTESIAN_POINT('',(5.75,12.646564265825,-1.714246796769));
#9438 = CARTESIAN_POINT('',(5.75,12.409380254477,-1.742602432483));
#9439 = CARTESIAN_POINT('',(5.75,12.172191968888,-1.770922332791));
#9440 = CARTESIAN_POINT('',(5.75,11.934999999997,-1.799211327336));
#9441 = ORIENTED_EDGE('',*,*,#9442,.T.);
#9442 = EDGE_CURVE('',#9434,#6851,#9443,.T.);
#9443 = CIRCLE('',#9444,1.760296020628);
#9444 = AXIS2_PLACEMENT_3D('',#9445,#9446,#9447);
#9445 = CARTESIAN_POINT('',(5.35,12.646564265822,0.));
#9446 = DIRECTION('',(-1.171453342316E-15,-1.,0.));
#9447 = DIRECTION('',(1.,-1.171453342316E-15,0.));
#9448 = ORIENTED_EDGE('',*,*,#6850,.T.);
#9449 = ORIENTED_EDGE('',*,*,#6562,.F.);
#9450 = CONICAL_SURFACE('',#9451,1.898658176323,0.115901974538);
#9451 = AXIS2_PLACEMENT_3D('',#9452,#9453,#9454);
#9452 = CARTESIAN_POINT('',(5.35,11.458128531785,1.607708950454E-61));
#9453 = DIRECTION('',(-9.136576017787E-16,-1.,-2.08692553322E-31));
#9454 = DIRECTION('',(1.,-9.136576017787E-16,-1.166815364599E-61));
#9455 = ADVANCED_FACE('',(#9456),#9504,.T.);
#9456 = FACE_BOUND('',#9457,.T.);
#9457 = EDGE_LOOP('',(#9458,#9459,#9468,#9477,#9486,#9495,#9502,#9503));
#9458 = ORIENTED_EDGE('',*,*,#6901,.F.);
#9459 = ORIENTED_EDGE('',*,*,#9460,.T.);
#9460 = EDGE_CURVE('',#6346,#9461,#9463,.T.);
#9461 = VERTEX_POINT('',#9462);
#9462 = CARTESIAN_POINT('',(4.95,12.646564265829,-6.794246796765));
#9463 = CIRCLE('',#9464,1.760296020628);
#9464 = AXIS2_PLACEMENT_3D('',#9465,#9466,#9467);
#9465 = CARTESIAN_POINT('',(5.35,12.646564265822,-5.08));
#9466 = DIRECTION('',(-1.171453342316E-15,-1.,0.));
#9467 = DIRECTION('',(1.,-1.171453342316E-15,0.));
#9468 = ORIENTED_EDGE('',*,*,#9469,.F.);
#9469 = EDGE_CURVE('',#9470,#9461,#9472,.T.);
#9470 = VERTEX_POINT('',#9471);
#9471 = CARTESIAN_POINT('',(4.95,11.934999999997,-6.879211327336));
#9472 = B_SPLINE_CURVE_WITH_KNOTS('',3,(#9473,#9474,#9475,#9476),
  .UNSPECIFIED.,.F.,.F.,(4,4),(2.697467812798E-15,7.166189195523E-04),
  .PIECEWISE_BEZIER_KNOTS.);
#9473 = CARTESIAN_POINT('',(4.95,11.934999999997,-6.879211327336));
#9474 = CARTESIAN_POINT('',(4.95,12.172191968891,-6.850922332791));
#9475 = CARTESIAN_POINT('',(4.95,12.409380254482,-6.822602432482));
#9476 = CARTESIAN_POINT('',(4.95,12.646564265829,-6.794246796765));
#9477 = ORIENTED_EDGE('',*,*,#9478,.T.);
#9478 = EDGE_CURVE('',#9470,#9479,#9481,.T.);
#9479 = VERTEX_POINT('',#9480);
#9480 = CARTESIAN_POINT('',(5.75,11.934999999997,-6.879211327336));
#9481 = CIRCLE('',#9482,1.84313900735);
#9482 = AXIS2_PLACEMENT_3D('',#9483,#9484,#9485);
#9483 = CARTESIAN_POINT('',(5.35,11.934999999994,-5.08));
#9484 = DIRECTION('',(-9.136576017787E-16,-1.,-2.08692553322E-31));
#9485 = DIRECTION('',(1.,-9.136576017787E-16,5.743482352849E-48));
#9486 = ORIENTED_EDGE('',*,*,#9487,.F.);
#9487 = EDGE_CURVE('',#9488,#9479,#9490,.T.);
#9488 = VERTEX_POINT('',#9489);
#9489 = CARTESIAN_POINT('',(5.75,12.646564265825,-6.794246796769));
#9490 = B_SPLINE_CURVE_WITH_KNOTS('',3,(#9491,#9492,#9493,#9494),
  .UNSPECIFIED.,.F.,.F.,(4,4),(3.411940461911E-15,7.16618919554E-04),
  .PIECEWISE_BEZIER_KNOTS.);
#9491 = CARTESIAN_POINT('',(5.75,12.646564265825,-6.794246796769));
#9492 = CARTESIAN_POINT('',(5.75,12.409380254477,-6.822602432483));
#9493 = CARTESIAN_POINT('',(5.75,12.172191968888,-6.850922332791));
#9494 = CARTESIAN_POINT('',(5.75,11.934999999997,-6.879211327336));
#9495 = ORIENTED_EDGE('',*,*,#9496,.T.);
#9496 = EDGE_CURVE('',#9488,#6909,#9497,.T.);
#9497 = CIRCLE('',#9498,1.760296020628);
#9498 = AXIS2_PLACEMENT_3D('',#9499,#9500,#9501);
#9499 = CARTESIAN_POINT('',(5.35,12.646564265822,-5.08));
#9500 = DIRECTION('',(-1.171453342316E-15,-1.,0.));
#9501 = DIRECTION('',(1.,-1.171453342316E-15,0.));
#9502 = ORIENTED_EDGE('',*,*,#6908,.T.);
#9503 = ORIENTED_EDGE('',*,*,#6516,.F.);
#9504 = CONICAL_SURFACE('',#9505,1.898658176323,0.115901974538);
#9505 = AXIS2_PLACEMENT_3D('',#9506,#9507,#9508);
#9506 = CARTESIAN_POINT('',(5.35,11.458128531785,-5.08));
#9507 = DIRECTION('',(-9.136576017787E-16,-1.,-2.08692553322E-31));
#9508 = DIRECTION('',(1.,-9.136576017787E-16,-1.555753819465E-61));
#9509 = ADVANCED_FACE('',(#9510),#9558,.T.);
#9510 = FACE_BOUND('',#9511,.T.);
#9511 = EDGE_LOOP('',(#9512,#9513,#9522,#9531,#9540,#9549,#9556,#9557));
#9512 = ORIENTED_EDGE('',*,*,#6959,.F.);
#9513 = ORIENTED_EDGE('',*,*,#9514,.T.);
#9514 = EDGE_CURVE('',#6414,#9515,#9517,.T.);
#9515 = VERTEX_POINT('',#9516);
#9516 = CARTESIAN_POINT('',(4.95,12.646564265829,3.365753203235));
#9517 = CIRCLE('',#9518,1.760296020628);
#9518 = AXIS2_PLACEMENT_3D('',#9519,#9520,#9521);
#9519 = CARTESIAN_POINT('',(5.35,12.646564265822,5.08));
#9520 = DIRECTION('',(-1.171453342316E-15,-1.,0.));
#9521 = DIRECTION('',(1.,-1.171453342316E-15,0.));
#9522 = ORIENTED_EDGE('',*,*,#9523,.F.);
#9523 = EDGE_CURVE('',#9524,#9515,#9526,.T.);
#9524 = VERTEX_POINT('',#9525);
#9525 = CARTESIAN_POINT('',(4.95,11.934999999997,3.280788672664));
#9526 = B_SPLINE_CURVE_WITH_KNOTS('',3,(#9527,#9528,#9529,#9530),
  .UNSPECIFIED.,.F.,.F.,(4,4),(2.697416390625E-15,7.166189195523E-04),
  .PIECEWISE_BEZIER_KNOTS.);
#9527 = CARTESIAN_POINT('',(4.95,11.934999999997,3.280788672664));
#9528 = CARTESIAN_POINT('',(4.95,12.172191968891,3.309077667209));
#9529 = CARTESIAN_POINT('',(4.95,12.409380254482,3.337397567518));
#9530 = CARTESIAN_POINT('',(4.95,12.646564265829,3.365753203235));
#9531 = ORIENTED_EDGE('',*,*,#9532,.T.);
#9532 = EDGE_CURVE('',#9524,#9533,#9535,.T.);
#9533 = VERTEX_POINT('',#9534);
#9534 = CARTESIAN_POINT('',(5.75,11.934999999997,3.280788672664));
#9535 = CIRCLE('',#9536,1.84313900735);
#9536 = AXIS2_PLACEMENT_3D('',#9537,#9538,#9539);
#9537 = CARTESIAN_POINT('',(5.35,11.934999999994,5.08));
#9538 = DIRECTION('',(-9.136576017787E-16,-1.,-2.08692553322E-31));
#9539 = DIRECTION('',(1.,-9.136576017787E-16,5.743482352849E-48));
#9540 = ORIENTED_EDGE('',*,*,#9541,.F.);
#9541 = EDGE_CURVE('',#9542,#9533,#9544,.T.);
#9542 = VERTEX_POINT('',#9543);
#9543 = CARTESIAN_POINT('',(5.75,12.646564265825,3.365753203231));
#9544 = B_SPLINE_CURVE_WITH_KNOTS('',3,(#9545,#9546,#9547,#9548),
  .UNSPECIFIED.,.F.,.F.,(4,4),(3.41199186446E-15,7.16618919554E-04),
  .PIECEWISE_BEZIER_KNOTS.);
#9545 = CARTESIAN_POINT('',(5.75,12.646564265825,3.365753203231));
#9546 = CARTESIAN_POINT('',(5.75,12.409380254477,3.337397567517));
#9547 = CARTESIAN_POINT('',(5.75,12.172191968888,3.309077667209));
#9548 = CARTESIAN_POINT('',(5.75,11.934999999997,3.280788672664));
#9549 = ORIENTED_EDGE('',*,*,#9550,.T.);
#9550 = EDGE_CURVE('',#9542,#6967,#9551,.T.);
#9551 = CIRCLE('',#9552,1.760296020628);
#9552 = AXIS2_PLACEMENT_3D('',#9553,#9554,#9555);
#9553 = CARTESIAN_POINT('',(5.35,12.646564265822,5.08));
#9554 = DIRECTION('',(-1.171453342316E-15,-1.,0.));
#9555 = DIRECTION('',(1.,-1.171453342316E-15,0.));
#9556 = ORIENTED_EDGE('',*,*,#6966,.T.);
#9557 = ORIENTED_EDGE('',*,*,#6470,.F.);
#9558 = CONICAL_SURFACE('',#9559,1.898658176323,0.115901974538);
#9559 = AXIS2_PLACEMENT_3D('',#9560,#9561,#9562);
#9560 = CARTESIAN_POINT('',(5.35,11.458128531785,5.08));
#9561 = DIRECTION('',(-9.136576017787E-16,-1.,-2.08692553322E-31));
#9562 = DIRECTION('',(1.,-9.136576017787E-16,-1.166815364599E-61));
#9563 = ADVANCED_FACE('',(#9564),#9596,.T.);
#9564 = FACE_BOUND('',#9565,.T.);
#9565 = EDGE_LOOP('',(#9566,#9567,#9576,#9595));
#9566 = ORIENTED_EDGE('',*,*,#6277,.F.);
#9567 = ORIENTED_EDGE('',*,*,#9568,.T.);
#9568 = EDGE_CURVE('',#6269,#9569,#9571,.T.);
#9569 = VERTEX_POINT('',#9570);
#9570 = CARTESIAN_POINT('',(4.95,12.735,-1.612082860991));
#9571 = ( BOUNDED_CURVE() B_SPLINE_CURVE(3,(#9572,#9573,#9574,#9575),
.UNSPECIFIED.,.F.,.F.) B_SPLINE_CURVE_WITH_KNOTS((4,4),(0.500000000738,
1.),.PIECEWISE_BEZIER_KNOTS.) CURVE() GEOMETRIC_REPRESENTATION_ITEM() 
RATIONAL_B_SPLINE_CURVE((1.,0.858441487301,0.858441487301,1.)) 
REPRESENTATION_ITEM('') );
#9572 = CARTESIAN_POINT('',(3.689038437083,12.735,-6.514260371342E-09));
#9573 = CARTESIAN_POINT('',(3.689033069105,12.735,-0.79472227905));
#9574 = CARTESIAN_POINT('',(4.17866726903,12.735,-1.420694998832));
#9575 = CARTESIAN_POINT('',(4.95,12.735,-1.612082860991));
#9576 = ORIENTED_EDGE('',*,*,#9577,.F.);
#9577 = EDGE_CURVE('',#9407,#9569,#9578,.T.);
#9578 = B_SPLINE_CURVE_WITH_KNOTS('',3,(#9579,#9580,#9581,#9582,#9583,
    #9584,#9585,#9586,#9587,#9588,#9589,#9590,#9591,#9592,#9593,#9594),
  .UNSPECIFIED.,.F.,.F.,(4,3,3,3,3,4),(8.218057895188E-15,
    3.308388942449E-05,6.613717211494E-05,9.966070390111E-05,
    1.340858777774E-04,1.469394654601E-04),.UNSPECIFIED.);
#9579 = CARTESIAN_POINT('',(4.95,12.646564265829,-1.714246796765));
#9580 = CARTESIAN_POINT('',(4.95,12.65751425528,-1.712937712265));
#9581 = CARTESIAN_POINT('',(4.950000000001,12.668385901916,
    -1.709697409983));
#9582 = CARTESIAN_POINT('',(4.950000000001,12.678276810322,
    -1.704820330739));
#9583 = CARTESIAN_POINT('',(4.950000000001,12.688162490615,
    -1.699945829409));
#9584 = CARTESIAN_POINT('',(4.95,12.697339023275,-1.693307792453));
#9585 = CARTESIAN_POINT('',(4.95,12.705093704529,-1.685475017932));
#9586 = CARTESIAN_POINT('',(4.95,12.712959485277,-1.677530025092));
#9587 = CARTESIAN_POINT('',(4.95,12.719574967779,-1.668147016353));
#9588 = CARTESIAN_POINT('',(4.95,12.724458801314,-1.658090098932));
#9589 = CARTESIAN_POINT('',(4.95,12.729472539204,-1.647765679072));
#9590 = CARTESIAN_POINT('',(4.95,12.732797370823,-1.636456345333));
#9591 = CARTESIAN_POINT('',(4.95,12.734202611741,-1.625065273783));
#9592 = CARTESIAN_POINT('',(4.95,12.734733445149,-1.620762266915));
#9593 = CARTESIAN_POINT('',(4.95,12.735,-1.616418486922));
#9594 = CARTESIAN_POINT('',(4.95,12.735,-1.612082860991));
#9595 = ORIENTED_EDGE('',*,*,#9406,.F.);
#9596 = ( BOUNDED_SURFACE() B_SPLINE_SURFACE(3,3,(
    (#9597,#9598,#9599,#9600)
    ,(#9601,#9602,#9603,#9604)
    ,(#9605,#9606,#9607,#9608)
    ,(#9609,#9610,#9611,#9612
)),.UNSPECIFIED.,.F.,.F.,.F.) B_SPLINE_SURFACE_WITH_KNOTS((4,4),(4,4),(
    0.,1.),(0.,1.),.PIECEWISE_BEZIER_KNOTS.) 
GEOMETRIC_REPRESENTATION_ITEM() RATIONAL_B_SPLINE_SURFACE((
    (1.,0.853886126146,0.853886126146,1.)
    ,(0.831249582027,0.709792485457,0.709792485457,0.831249582027)
    ,(0.831249582027,0.709792485457,0.709792485457,0.831249582027)
,(1.,0.853886126146,0.853886126146,1.
))) REPRESENTATION_ITEM('') SURFACE() );
#9597 = CARTESIAN_POINT('',(4.985603046709,12.735,-1.620501777577));
#9598 = CARTESIAN_POINT('',(4.195177833015,12.735,-1.442761435876));
#9599 = CARTESIAN_POINT('',(3.689033067548,12.735,-0.810162729031));
#9600 = CARTESIAN_POINT('',(3.689033067548,12.735,0.));
#9601 = CARTESIAN_POINT('',(4.973902936655,12.735,-1.672533082914));
#9602 = CARTESIAN_POINT('',(4.158098635935,12.735,-1.489085828627));
#9603 = CARTESIAN_POINT('',(3.635702501169,12.735,-0.836175551053));
#9604 = CARTESIAN_POINT('',(3.635702501169,12.735,0.));
#9605 = CARTESIAN_POINT('',(4.965164424294,12.699537031119,
    -1.711393931465));
#9606 = CARTESIAN_POINT('',(4.130405133863,12.699537031119,
    -1.523684330419));
#9607 = CARTESIAN_POINT('',(3.595871267841,12.699537031119,
    -0.855603861192));
#9608 = CARTESIAN_POINT('',(3.595871267841,12.699537031119,
    8.673617379884E-16));
#9609 = CARTESIAN_POINT('',(4.963811392466,12.646564265821,
    -1.717410969925));
#9610 = CARTESIAN_POINT('',(4.126117196948,12.646564265821,
    -1.529041406336));
#9611 = CARTESIAN_POINT('',(3.589703979381,12.646564265821,
    -0.858612053078));
#9612 = CARTESIAN_POINT('',(3.589703979381,12.646564265821,
    8.673617379884E-16));
#9613 = ADVANCED_FACE('',(#9614),#9676,.T.);
#9614 = FACE_BOUND('',#9615,.T.);
#9615 = EDGE_LOOP('',(#9616,#9637,#9638,#9639,#9660,#9669));
#9616 = ORIENTED_EDGE('',*,*,#9617,.F.);
#9617 = EDGE_CURVE('',#6859,#9618,#9620,.T.);
#9618 = VERTEX_POINT('',#9619);
#9619 = CARTESIAN_POINT('',(5.75,12.735,1.612082860991));
#9620 = B_SPLINE_CURVE_WITH_KNOTS('',3,(#9621,#9622,#9623,#9624,#9625,
    #9626,#9627,#9628,#9629,#9630,#9631,#9632,#9633,#9634,#9635,#9636),
  .UNSPECIFIED.,.F.,.F.,(4,3,3,3,3,4),(8.348284007425E-15,
    3.308388942449E-05,6.613717211494E-05,9.966070390112E-05,
    1.340858777774E-04,1.469394654598E-04),.UNSPECIFIED.);
#9621 = CARTESIAN_POINT('',(5.75,12.646564265829,1.714246796765));
#9622 = CARTESIAN_POINT('',(5.75,12.657514255281,1.712937712265));
#9623 = CARTESIAN_POINT('',(5.749999999999,12.668385901917,
    1.709697409983));
#9624 = CARTESIAN_POINT('',(5.749999999999,12.678276810322,
    1.704820330738));
#9625 = CARTESIAN_POINT('',(5.749999999999,12.688162490615,
    1.699945829409));
#9626 = CARTESIAN_POINT('',(5.75,12.697339023276,1.693307792453));
#9627 = CARTESIAN_POINT('',(5.75,12.705093704529,1.685475017931));
#9628 = CARTESIAN_POINT('',(5.75,12.712959485277,1.677530025091));
#9629 = CARTESIAN_POINT('',(5.75,12.71957496778,1.668147016353));
#9630 = CARTESIAN_POINT('',(5.75,12.724458801314,1.658090098932));
#9631 = CARTESIAN_POINT('',(5.75,12.729472539204,1.647765679072));
#9632 = CARTESIAN_POINT('',(5.75,12.732797370823,1.636456345333));
#9633 = CARTESIAN_POINT('',(5.75,12.734202611741,1.625065273783));
#9634 = CARTESIAN_POINT('',(5.75,12.734733445149,1.620762266915));
#9635 = CARTESIAN_POINT('',(5.75,12.735,1.616418486922));
#9636 = CARTESIAN_POINT('',(5.75,12.735,1.612082860991));
#9637 = ORIENTED_EDGE('',*,*,#6858,.F.);
#9638 = ORIENTED_EDGE('',*,*,#9442,.F.);
#9639 = ORIENTED_EDGE('',*,*,#9640,.F.);
#9640 = EDGE_CURVE('',#9641,#9434,#9643,.T.);
#9641 = VERTEX_POINT('',#9642);
#9642 = CARTESIAN_POINT('',(5.75,12.735,-1.612082860991));
#9643 = B_SPLINE_CURVE_WITH_KNOTS('',3,(#9644,#9645,#9646,#9647,#9648,
    #9649,#9650,#9651,#9652,#9653,#9654,#9655,#9656,#9657,#9658,#9659),
  .UNSPECIFIED.,.F.,.F.,(4,3,3,3,3,4),(4.336808689942E-19,
    3.531517381803E-05,7.066450543868E-05,1.054618491195E-04,
    1.392987215172E-04,1.469974402523E-04),.UNSPECIFIED.);
#9644 = CARTESIAN_POINT('',(5.75,12.735,-1.612082860991));
#9645 = CARTESIAN_POINT('',(5.75,12.735,-1.623854585596));
#9646 = CARTESIAN_POINT('',(5.749999999999,12.732989442672,
    -1.635789504932));
#9647 = CARTESIAN_POINT('',(5.749999999999,12.729108766958,
    -1.64690318372));
#9648 = CARTESIAN_POINT('',(5.749999999999,12.725225971482,
    -1.658022933191));
#9649 = CARTESIAN_POINT('',(5.749999999997,12.719357020034,
    -1.668631667042));
#9650 = CARTESIAN_POINT('',(5.749999999997,12.711959811877,
    -1.677797158873));
#9651 = CARTESIAN_POINT('',(5.749999999997,12.704678748443,
    -1.686818741884));
#9652 = CARTESIAN_POINT('',(5.749999999995,12.695704672545,
    -1.694697213585));
#9653 = CARTESIAN_POINT('',(5.749999999995,12.685788475671,
    -1.700703200956));
#9654 = CARTESIAN_POINT('',(5.749999999995,12.67614242097,
    -1.706545570108));
#9655 = CARTESIAN_POINT('',(5.749999999996,12.665328905784,
    -1.710780456546));
#9656 = CARTESIAN_POINT('',(5.749999999996,12.654274157021,
    -1.713010294741));
#9657 = CARTESIAN_POINT('',(5.749999999996,12.651722738222,
    -1.713524937924));
#9658 = CARTESIAN_POINT('',(5.75,12.649148667891,-1.713937828365));
#9659 = CARTESIAN_POINT('',(5.75,12.646564265825,-1.714246796769));
#9660 = ORIENTED_EDGE('',*,*,#9661,.T.);
#9661 = EDGE_CURVE('',#9641,#9662,#9664,.T.);
#9662 = VERTEX_POINT('',#9663);
#9663 = CARTESIAN_POINT('',(7.010966932452,12.735,1.017048918659E-16));
#9664 = ( BOUNDED_CURVE() B_SPLINE_CURVE(3,(#9665,#9666,#9667,#9668),
.UNSPECIFIED.,.F.,.F.) B_SPLINE_CURVE_WITH_KNOTS((4,4),(0.,1.),
.PIECEWISE_BEZIER_KNOTS.) CURVE() GEOMETRIC_REPRESENTATION_ITEM() 
RATIONAL_B_SPLINE_CURVE((1.,0.858441486899,0.858441486899,1.)) 
REPRESENTATION_ITEM('') );
#9665 = CARTESIAN_POINT('',(5.75,12.735,-1.612082860991));
#9666 = CARTESIAN_POINT('',(6.521332732297,12.735,-1.420694998502));
#9667 = CARTESIAN_POINT('',(7.010966932452,12.735,-0.794722277164));
#9668 = CARTESIAN_POINT('',(7.010966932452,12.735,1.017048918659E-16));
#9669 = ORIENTED_EDGE('',*,*,#9670,.T.);
#9670 = EDGE_CURVE('',#9662,#9618,#9671,.T.);
#9671 = ( BOUNDED_CURVE() B_SPLINE_CURVE(3,(#9672,#9673,#9674,#9675),
.UNSPECIFIED.,.F.,.F.) B_SPLINE_CURVE_WITH_KNOTS((4,4),(0.,1.),
.PIECEWISE_BEZIER_KNOTS.) CURVE() GEOMETRIC_REPRESENTATION_ITEM() 
RATIONAL_B_SPLINE_CURVE((1.,0.858441486899,0.858441486899,1.)) 
REPRESENTATION_ITEM('') );
#9672 = CARTESIAN_POINT('',(7.010966932452,12.735,1.017048918659E-16));
#9673 = CARTESIAN_POINT('',(7.010966932452,12.735,0.794722277164));
#9674 = CARTESIAN_POINT('',(6.521332732297,12.735,1.420694998502));
#9675 = CARTESIAN_POINT('',(5.75,12.735,1.612082860991));
#9676 = ( BOUNDED_SURFACE() B_SPLINE_SURFACE(3,3,(
    (#9677,#9678,#9679,#9680)
    ,(#9681,#9682,#9683,#9684)
    ,(#9685,#9686,#9687,#9688)
    ,(#9689,#9690,#9691,#9692
)),.UNSPECIFIED.,.F.,.F.,.F.) B_SPLINE_SURFACE_WITH_KNOTS((4,4),(4,4),(
    0.,1.),(0.,1.),.PIECEWISE_BEZIER_KNOTS.) 
GEOMETRIC_REPRESENTATION_ITEM() RATIONAL_B_SPLINE_SURFACE((
    (1.,0.474352112318,0.474352112318,1.)
    ,(0.831249582034,0.394304995101,0.394304995101,0.831249582034)
    ,(0.831249582034,0.394304995101,0.394304995101,0.831249582034)
,(1.,0.474352112318,0.474352112318,1.
))) REPRESENTATION_ITEM('') SURFACE() );
#9677 = CARTESIAN_POINT('',(5.701341293123,12.735,1.623382409183));
#9678 = CARTESIAN_POINT('',(7.931257721595,12.735,1.14077170877));
#9679 = CARTESIAN_POINT('',(7.931257721594,12.735,-1.140771708771));
#9680 = CARTESIAN_POINT('',(5.701341293122,12.735,-1.623382409184));
#9681 = CARTESIAN_POINT('',(5.712622210153,12.735,1.675506206254));
#9682 = CARTESIAN_POINT('',(8.014137117668,12.735,1.177399771705));
#9683 = CARTESIAN_POINT('',(8.014137117667,12.735,-1.177399771707));
#9684 = CARTESIAN_POINT('',(5.712622210152,12.735,-1.675506206255));
#9685 = CARTESIAN_POINT('',(5.721047637987,12.699537031121,
    1.714436134513));
#9686 = CARTESIAN_POINT('',(8.076037614648,12.699537031121,
    1.204756333246));
#9687 = CARTESIAN_POINT('',(8.076037614648,12.699537031121,
    -1.204756333248));
#9688 = CARTESIAN_POINT('',(5.721047637986,12.699537031121,
    -1.714436134513));
#9689 = CARTESIAN_POINT('',(5.722352193219,12.646564265824,
    1.720463868964));
#9690 = CARTESIAN_POINT('',(8.085622008324,12.646564265824,
    1.208992099811));
#9691 = CARTESIAN_POINT('',(8.085622008323,12.646564265824,
    -1.208992099812));
#9692 = CARTESIAN_POINT('',(5.722352193218,12.646564265824,
    -1.720463868964));
#9693 = ADVANCED_FACE('',(#9694),#9726,.T.);
#9694 = FACE_BOUND('',#9695,.T.);
#9695 = EDGE_LOOP('',(#9696,#9697,#9706,#9725));
#9696 = ORIENTED_EDGE('',*,*,#6345,.F.);
#9697 = ORIENTED_EDGE('',*,*,#9698,.T.);
#9698 = EDGE_CURVE('',#6337,#9699,#9701,.T.);
#9699 = VERTEX_POINT('',#9700);
#9700 = CARTESIAN_POINT('',(4.95,12.735,-6.692082860991));
#9701 = ( BOUNDED_CURVE() B_SPLINE_CURVE(3,(#9702,#9703,#9704,#9705),
.UNSPECIFIED.,.F.,.F.) B_SPLINE_CURVE_WITH_KNOTS((4,4),(0.500000000738,
1.),.PIECEWISE_BEZIER_KNOTS.) CURVE() GEOMETRIC_REPRESENTATION_ITEM() 
RATIONAL_B_SPLINE_CURVE((1.,0.858441487301,0.858441487301,1.)) 
REPRESENTATION_ITEM('') );
#9702 = CARTESIAN_POINT('',(3.689038437083,12.735,-5.080000006514));
#9703 = CARTESIAN_POINT('',(3.689033069105,12.735,-5.87472227905));
#9704 = CARTESIAN_POINT('',(4.17866726903,12.735,-6.500694998832));
#9705 = CARTESIAN_POINT('',(4.95,12.735,-6.692082860991));
#9706 = ORIENTED_EDGE('',*,*,#9707,.F.);
#9707 = EDGE_CURVE('',#9461,#9699,#9708,.T.);
#9708 = B_SPLINE_CURVE_WITH_KNOTS('',3,(#9709,#9710,#9711,#9712,#9713,
    #9714,#9715,#9716,#9717,#9718,#9719,#9720,#9721,#9722,#9723,#9724),
  .UNSPECIFIED.,.F.,.F.,(4,3,3,3,3,4),(8.218119684499E-15,
    3.308388942449E-05,6.613717211494E-05,9.966070390111E-05,
    1.340858777774E-04,1.469394654601E-04),.UNSPECIFIED.);
#9709 = CARTESIAN_POINT('',(4.95,12.646564265829,-6.794246796765));
#9710 = CARTESIAN_POINT('',(4.95,12.65751425528,-6.792937712265));
#9711 = CARTESIAN_POINT('',(4.950000000001,12.668385901916,
    -6.789697409983));
#9712 = CARTESIAN_POINT('',(4.950000000001,12.678276810322,
    -6.784820330739));
#9713 = CARTESIAN_POINT('',(4.950000000001,12.688162490615,
    -6.779945829409));
#9714 = CARTESIAN_POINT('',(4.95,12.697339023275,-6.773307792453));
#9715 = CARTESIAN_POINT('',(4.95,12.705093704529,-6.765475017932));
#9716 = CARTESIAN_POINT('',(4.95,12.712959485277,-6.757530025092));
#9717 = CARTESIAN_POINT('',(4.95,12.719574967779,-6.748147016353));
#9718 = CARTESIAN_POINT('',(4.95,12.724458801314,-6.738090098932));
#9719 = CARTESIAN_POINT('',(4.95,12.729472539204,-6.727765679072));
#9720 = CARTESIAN_POINT('',(4.95,12.732797370823,-6.716456345333));
#9721 = CARTESIAN_POINT('',(4.95,12.734202611741,-6.705065273783));
#9722 = CARTESIAN_POINT('',(4.95,12.734733445149,-6.700762266915));
#9723 = CARTESIAN_POINT('',(4.95,12.735,-6.696418486922));
#9724 = CARTESIAN_POINT('',(4.95,12.735,-6.692082860991));
#9725 = ORIENTED_EDGE('',*,*,#9460,.F.);
#9726 = ( BOUNDED_SURFACE() B_SPLINE_SURFACE(3,3,(
    (#9727,#9728,#9729,#9730)
    ,(#9731,#9732,#9733,#9734)
    ,(#9735,#9736,#9737,#9738)
    ,(#9739,#9740,#9741,#9742
)),.UNSPECIFIED.,.F.,.F.,.F.) B_SPLINE_SURFACE_WITH_KNOTS((4,4),(4,4),(
    0.,1.),(0.,1.),.PIECEWISE_BEZIER_KNOTS.) 
GEOMETRIC_REPRESENTATION_ITEM() RATIONAL_B_SPLINE_SURFACE((
    (1.,0.853886126146,0.853886126146,1.)
    ,(0.831249582027,0.709792485457,0.709792485457,0.831249582027)
    ,(0.831249582027,0.709792485457,0.709792485457,0.831249582027)
,(1.,0.853886126146,0.853886126146,1.
))) REPRESENTATION_ITEM('') SURFACE() );
#9727 = CARTESIAN_POINT('',(4.985603046709,12.735,-6.700501777577));
#9728 = CARTESIAN_POINT('',(4.195177833015,12.735,-6.522761435876));
#9729 = CARTESIAN_POINT('',(3.689033067548,12.735,-5.890162729031));
#9730 = CARTESIAN_POINT('',(3.689033067548,12.735,-5.08));
#9731 = CARTESIAN_POINT('',(4.973902936655,12.735,-6.752533082914));
#9732 = CARTESIAN_POINT('',(4.158098635935,12.735,-6.569085828627));
#9733 = CARTESIAN_POINT('',(3.635702501169,12.735,-5.916175551053));
#9734 = CARTESIAN_POINT('',(3.635702501169,12.735,-5.08));
#9735 = CARTESIAN_POINT('',(4.965164424294,12.699537031119,
    -6.791393931465));
#9736 = CARTESIAN_POINT('',(4.130405133863,12.699537031119,
    -6.603684330419));
#9737 = CARTESIAN_POINT('',(3.595871267841,12.699537031119,
    -5.935603861192));
#9738 = CARTESIAN_POINT('',(3.595871267841,12.699537031119,-5.08));
#9739 = CARTESIAN_POINT('',(4.963811392466,12.646564265821,
    -6.797410969925));
#9740 = CARTESIAN_POINT('',(4.126117196948,12.646564265821,
    -6.609041406336));
#9741 = CARTESIAN_POINT('',(3.589703979381,12.646564265821,
    -5.938612053078));
#9742 = CARTESIAN_POINT('',(3.589703979381,12.646564265821,-5.08));
#9743 = ADVANCED_FACE('',(#9744),#9806,.T.);
#9744 = FACE_BOUND('',#9745,.T.);
#9745 = EDGE_LOOP('',(#9746,#9767,#9768,#9769,#9790,#9799));
#9746 = ORIENTED_EDGE('',*,*,#9747,.F.);
#9747 = EDGE_CURVE('',#6917,#9748,#9750,.T.);
#9748 = VERTEX_POINT('',#9749);
#9749 = CARTESIAN_POINT('',(5.75,12.735,-3.467917139009));
#9750 = B_SPLINE_CURVE_WITH_KNOTS('',3,(#9751,#9752,#9753,#9754,#9755,
    #9756,#9757,#9758,#9759,#9760,#9761,#9762,#9763,#9764,#9765,#9766),
  .UNSPECIFIED.,.F.,.F.,(4,3,3,3,3,4),(8.348222229663E-15,
    3.308388942449E-05,6.613717211494E-05,9.966070390112E-05,
    1.340858777774E-04,1.469394654598E-04),.UNSPECIFIED.);
#9751 = CARTESIAN_POINT('',(5.75,12.646564265829,-3.365753203235));
#9752 = CARTESIAN_POINT('',(5.75,12.657514255281,-3.367062287735));
#9753 = CARTESIAN_POINT('',(5.749999999999,12.668385901917,
    -3.370302590017));
#9754 = CARTESIAN_POINT('',(5.749999999999,12.678276810322,
    -3.375179669262));
#9755 = CARTESIAN_POINT('',(5.749999999999,12.688162490615,
    -3.380054170591));
#9756 = CARTESIAN_POINT('',(5.75,12.697339023276,-3.386692207547));
#9757 = CARTESIAN_POINT('',(5.75,12.705093704529,-3.394524982069));
#9758 = CARTESIAN_POINT('',(5.75,12.712959485277,-3.402469974909));
#9759 = CARTESIAN_POINT('',(5.75,12.71957496778,-3.411852983647));
#9760 = CARTESIAN_POINT('',(5.75,12.724458801314,-3.421909901068));
#9761 = CARTESIAN_POINT('',(5.75,12.729472539204,-3.432234320928));
#9762 = CARTESIAN_POINT('',(5.75,12.732797370823,-3.443543654667));
#9763 = CARTESIAN_POINT('',(5.75,12.734202611741,-3.454934726217));
#9764 = CARTESIAN_POINT('',(5.75,12.734733445149,-3.459237733085));
#9765 = CARTESIAN_POINT('',(5.75,12.735,-3.463581513078));
#9766 = CARTESIAN_POINT('',(5.75,12.735,-3.467917139009));
#9767 = ORIENTED_EDGE('',*,*,#6916,.F.);
#9768 = ORIENTED_EDGE('',*,*,#9496,.F.);
#9769 = ORIENTED_EDGE('',*,*,#9770,.F.);
#9770 = EDGE_CURVE('',#9771,#9488,#9773,.T.);
#9771 = VERTEX_POINT('',#9772);
#9772 = CARTESIAN_POINT('',(5.75,12.735,-6.692082860991));
#9773 = B_SPLINE_CURVE_WITH_KNOTS('',3,(#9774,#9775,#9776,#9777,#9778,
    #9779,#9780,#9781,#9782,#9783,#9784,#9785,#9786,#9787,#9788,#9789),
  .UNSPECIFIED.,.F.,.F.,(4,3,3,3,3,4),(0.,3.531517381803E-05,
    7.066450543868E-05,1.054618491195E-04,1.392987215172E-04,
    1.469974402523E-04),.UNSPECIFIED.);
#9774 = CARTESIAN_POINT('',(5.75,12.735,-6.692082860991));
#9775 = CARTESIAN_POINT('',(5.75,12.735,-6.703854585596));
#9776 = CARTESIAN_POINT('',(5.749999999999,12.732989442672,
    -6.715789504932));
#9777 = CARTESIAN_POINT('',(5.749999999999,12.729108766958,
    -6.72690318372));
#9778 = CARTESIAN_POINT('',(5.749999999999,12.725225971482,
    -6.738022933191));
#9779 = CARTESIAN_POINT('',(5.749999999997,12.719357020034,
    -6.748631667042));
#9780 = CARTESIAN_POINT('',(5.749999999997,12.711959811877,
    -6.757797158873));
#9781 = CARTESIAN_POINT('',(5.749999999997,12.704678748443,
    -6.766818741884));
#9782 = CARTESIAN_POINT('',(5.749999999995,12.695704672545,
    -6.774697213585));
#9783 = CARTESIAN_POINT('',(5.749999999995,12.685788475671,
    -6.780703200956));
#9784 = CARTESIAN_POINT('',(5.749999999995,12.67614242097,
    -6.786545570108));
#9785 = CARTESIAN_POINT('',(5.749999999996,12.665328905784,
    -6.790780456546));
#9786 = CARTESIAN_POINT('',(5.749999999996,12.654274157021,
    -6.793010294741));
#9787 = CARTESIAN_POINT('',(5.749999999996,12.651722738222,
    -6.793524937924));
#9788 = CARTESIAN_POINT('',(5.75,12.649148667891,-6.793937828365));
#9789 = CARTESIAN_POINT('',(5.75,12.646564265825,-6.794246796769));
#9790 = ORIENTED_EDGE('',*,*,#9791,.T.);
#9791 = EDGE_CURVE('',#9771,#9792,#9794,.T.);
#9792 = VERTEX_POINT('',#9793);
#9793 = CARTESIAN_POINT('',(7.010966932452,12.735,-5.08));
#9794 = ( BOUNDED_CURVE() B_SPLINE_CURVE(3,(#9795,#9796,#9797,#9798),
.UNSPECIFIED.,.F.,.F.) B_SPLINE_CURVE_WITH_KNOTS((4,4),(0.,1.),
.PIECEWISE_BEZIER_KNOTS.) CURVE() GEOMETRIC_REPRESENTATION_ITEM() 
RATIONAL_B_SPLINE_CURVE((1.,0.858441486899,0.858441486899,1.)) 
REPRESENTATION_ITEM('') );
#9795 = CARTESIAN_POINT('',(5.75,12.735,-6.692082860991));
#9796 = CARTESIAN_POINT('',(6.521332732297,12.735,-6.500694998502));
#9797 = CARTESIAN_POINT('',(7.010966932452,12.735,-5.874722277164));
#9798 = CARTESIAN_POINT('',(7.010966932452,12.735,-5.08));
#9799 = ORIENTED_EDGE('',*,*,#9800,.T.);
#9800 = EDGE_CURVE('',#9792,#9748,#9801,.T.);
#9801 = ( BOUNDED_CURVE() B_SPLINE_CURVE(3,(#9802,#9803,#9804,#9805),
.UNSPECIFIED.,.F.,.F.) B_SPLINE_CURVE_WITH_KNOTS((4,4),(0.,1.),
.PIECEWISE_BEZIER_KNOTS.) CURVE() GEOMETRIC_REPRESENTATION_ITEM() 
RATIONAL_B_SPLINE_CURVE((1.,0.858441486899,0.858441486899,1.)) 
REPRESENTATION_ITEM('') );
#9802 = CARTESIAN_POINT('',(7.010966932452,12.735,-5.08));
#9803 = CARTESIAN_POINT('',(7.010966932452,12.735,-4.285277722836));
#9804 = CARTESIAN_POINT('',(6.521332732297,12.735,-3.659305001498));
#9805 = CARTESIAN_POINT('',(5.75,12.735,-3.467917139009));
#9806 = ( BOUNDED_SURFACE() B_SPLINE_SURFACE(3,3,(
    (#9807,#9808,#9809,#9810)
    ,(#9811,#9812,#9813,#9814)
    ,(#9815,#9816,#9817,#9818)
    ,(#9819,#9820,#9821,#9822
)),.UNSPECIFIED.,.F.,.F.,.F.) B_SPLINE_SURFACE_WITH_KNOTS((4,4),(4,4),(
    0.,1.),(0.,1.),.PIECEWISE_BEZIER_KNOTS.) 
GEOMETRIC_REPRESENTATION_ITEM() RATIONAL_B_SPLINE_SURFACE((
    (1.,0.474352112318,0.474352112318,1.)
    ,(0.831249582034,0.394304995101,0.394304995101,0.831249582034)
    ,(0.831249582034,0.394304995101,0.394304995101,0.831249582034)
,(1.,0.474352112318,0.474352112318,1.
))) REPRESENTATION_ITEM('') SURFACE() );
#9807 = CARTESIAN_POINT('',(5.701341293123,12.735,-3.456617590817));
#9808 = CARTESIAN_POINT('',(7.931257721595,12.735,-3.93922829123));
#9809 = CARTESIAN_POINT('',(7.931257721594,12.735,-6.220771708771));
#9810 = CARTESIAN_POINT('',(5.701341293122,12.735,-6.703382409184));
#9811 = CARTESIAN_POINT('',(5.712622210153,12.735,-3.404493793746));
#9812 = CARTESIAN_POINT('',(8.014137117668,12.735,-3.902600228295));
#9813 = CARTESIAN_POINT('',(8.014137117667,12.735,-6.257399771707));
#9814 = CARTESIAN_POINT('',(5.712622210152,12.735,-6.755506206255));
#9815 = CARTESIAN_POINT('',(5.721047637987,12.699537031121,
    -3.365563865487));
#9816 = CARTESIAN_POINT('',(8.076037614648,12.699537031121,
    -3.875243666754));
#9817 = CARTESIAN_POINT('',(8.076037614648,12.699537031121,
    -6.284756333248));
#9818 = CARTESIAN_POINT('',(5.721047637986,12.699537031121,
    -6.794436134513));
#9819 = CARTESIAN_POINT('',(5.722352193219,12.646564265824,
    -3.359536131036));
#9820 = CARTESIAN_POINT('',(8.085622008324,12.646564265824,
    -3.871007900189));
#9821 = CARTESIAN_POINT('',(8.085622008323,12.646564265824,
    -6.288992099812));
#9822 = CARTESIAN_POINT('',(5.722352193218,12.646564265824,
    -6.800463868964));
#9823 = ADVANCED_FACE('',(#9824),#9856,.T.);
#9824 = FACE_BOUND('',#9825,.T.);
#9825 = EDGE_LOOP('',(#9826,#9827,#9836,#9855));
#9826 = ORIENTED_EDGE('',*,*,#6413,.F.);
#9827 = ORIENTED_EDGE('',*,*,#9828,.T.);
#9828 = EDGE_CURVE('',#6405,#9829,#9831,.T.);
#9829 = VERTEX_POINT('',#9830);
#9830 = CARTESIAN_POINT('',(4.95,12.735,3.467917139009));
#9831 = ( BOUNDED_CURVE() B_SPLINE_CURVE(3,(#9832,#9833,#9834,#9835),
.UNSPECIFIED.,.F.,.F.) B_SPLINE_CURVE_WITH_KNOTS((4,4),(0.500000000738,
1.),.PIECEWISE_BEZIER_KNOTS.) CURVE() GEOMETRIC_REPRESENTATION_ITEM() 
RATIONAL_B_SPLINE_CURVE((1.,0.858441487301,0.858441487301,1.)) 
REPRESENTATION_ITEM('') );
#9832 = CARTESIAN_POINT('',(3.689038437083,12.735,5.079999993486));
#9833 = CARTESIAN_POINT('',(3.689033069105,12.735,4.28527772095));
#9834 = CARTESIAN_POINT('',(4.17866726903,12.735,3.659305001168));
#9835 = CARTESIAN_POINT('',(4.95,12.735,3.467917139009));
#9836 = ORIENTED_EDGE('',*,*,#9837,.F.);
#9837 = EDGE_CURVE('',#9515,#9829,#9838,.T.);
#9838 = B_SPLINE_CURVE_WITH_KNOTS('',3,(#9839,#9840,#9841,#9842,#9843,
    #9844,#9845,#9846,#9847,#9848,#9849,#9850,#9851,#9852,#9853,#9854),
  .UNSPECIFIED.,.F.,.F.,(4,3,3,3,3,4),(8.218119684499E-15,
    3.308388942449E-05,6.613717211493E-05,9.966070390111E-05,
    1.340858777774E-04,1.469394654601E-04),.UNSPECIFIED.);
#9839 = CARTESIAN_POINT('',(4.95,12.646564265829,3.365753203235));
#9840 = CARTESIAN_POINT('',(4.95,12.65751425528,3.367062287735));
#9841 = CARTESIAN_POINT('',(4.950000000001,12.668385901916,
    3.370302590017));
#9842 = CARTESIAN_POINT('',(4.950000000001,12.678276810322,
    3.375179669261));
#9843 = CARTESIAN_POINT('',(4.950000000001,12.688162490615,
    3.380054170591));
#9844 = CARTESIAN_POINT('',(4.95,12.697339023275,3.386692207547));
#9845 = CARTESIAN_POINT('',(4.95,12.705093704529,3.394524982068));
#9846 = CARTESIAN_POINT('',(4.95,12.712959485277,3.402469974908));
#9847 = CARTESIAN_POINT('',(4.95,12.719574967779,3.411852983647));
#9848 = CARTESIAN_POINT('',(4.95,12.724458801314,3.421909901068));
#9849 = CARTESIAN_POINT('',(4.95,12.729472539204,3.432234320928));
#9850 = CARTESIAN_POINT('',(4.95,12.732797370823,3.443543654667));
#9851 = CARTESIAN_POINT('',(4.95,12.734202611741,3.454934726217));
#9852 = CARTESIAN_POINT('',(4.95,12.734733445149,3.459237733085));
#9853 = CARTESIAN_POINT('',(4.95,12.735,3.463581513078));
#9854 = CARTESIAN_POINT('',(4.95,12.735,3.467917139009));
#9855 = ORIENTED_EDGE('',*,*,#9514,.F.);
#9856 = ( BOUNDED_SURFACE() B_SPLINE_SURFACE(3,3,(
    (#9857,#9858,#9859,#9860)
    ,(#9861,#9862,#9863,#9864)
    ,(#9865,#9866,#9867,#9868)
    ,(#9869,#9870,#9871,#9872
)),.UNSPECIFIED.,.F.,.F.,.F.) B_SPLINE_SURFACE_WITH_KNOTS((4,4),(4,4),(
    0.,1.),(0.,1.),.PIECEWISE_BEZIER_KNOTS.) 
GEOMETRIC_REPRESENTATION_ITEM() RATIONAL_B_SPLINE_SURFACE((
    (1.,0.853886126146,0.853886126146,1.)
    ,(0.831249582027,0.709792485457,0.709792485457,0.831249582027)
    ,(0.831249582027,0.709792485457,0.709792485457,0.831249582027)
,(1.,0.853886126146,0.853886126146,1.
))) REPRESENTATION_ITEM('') SURFACE() );
#9857 = CARTESIAN_POINT('',(4.985603046709,12.735,3.459498222423));
#9858 = CARTESIAN_POINT('',(4.195177833015,12.735,3.637238564124));
#9859 = CARTESIAN_POINT('',(3.689033067548,12.735,4.269837270969));
#9860 = CARTESIAN_POINT('',(3.689033067548,12.735,5.08));
#9861 = CARTESIAN_POINT('',(4.973902936655,12.735,3.407466917086));
#9862 = CARTESIAN_POINT('',(4.158098635935,12.735,3.590914171373));
#9863 = CARTESIAN_POINT('',(3.635702501169,12.735,4.243824448947));
#9864 = CARTESIAN_POINT('',(3.635702501169,12.735,5.08));
#9865 = CARTESIAN_POINT('',(4.965164424294,12.699537031119,
    3.368606068535));
#9866 = CARTESIAN_POINT('',(4.130405133863,12.699537031119,
    3.556315669581));
#9867 = CARTESIAN_POINT('',(3.595871267841,12.699537031119,
    4.224396138808));
#9868 = CARTESIAN_POINT('',(3.595871267841,12.699537031119,5.08));
#9869 = CARTESIAN_POINT('',(4.963811392466,12.646564265821,
    3.362589030075));
#9870 = CARTESIAN_POINT('',(4.126117196948,12.646564265821,
    3.550958593664));
#9871 = CARTESIAN_POINT('',(3.589703979381,12.646564265821,
    4.221387946922));
#9872 = CARTESIAN_POINT('',(3.589703979381,12.646564265821,5.08));
#9873 = ADVANCED_FACE('',(#9874),#9936,.T.);
#9874 = FACE_BOUND('',#9875,.T.);
#9875 = EDGE_LOOP('',(#9876,#9897,#9898,#9899,#9920,#9929));
#9876 = ORIENTED_EDGE('',*,*,#9877,.F.);
#9877 = EDGE_CURVE('',#6975,#9878,#9880,.T.);
#9878 = VERTEX_POINT('',#9879);
#9879 = CARTESIAN_POINT('',(5.75,12.735,6.692082860991));
#9880 = B_SPLINE_CURVE_WITH_KNOTS('',3,(#9881,#9882,#9883,#9884,#9885,
    #9886,#9887,#9888,#9889,#9890,#9891,#9892,#9893,#9894,#9895,#9896),
  .UNSPECIFIED.,.F.,.F.,(4,3,3,3,3,4),(8.348222229663E-15,
    3.308388942449E-05,6.613717211494E-05,9.966070390113E-05,
    1.340858777774E-04,1.469394654598E-04),.UNSPECIFIED.);
#9881 = CARTESIAN_POINT('',(5.75,12.646564265829,6.794246796765));
#9882 = CARTESIAN_POINT('',(5.75,12.657514255281,6.792937712265));
#9883 = CARTESIAN_POINT('',(5.749999999999,12.668385901917,
    6.789697409983));
#9884 = CARTESIAN_POINT('',(5.749999999999,12.678276810322,
    6.784820330738));
#9885 = CARTESIAN_POINT('',(5.749999999999,12.688162490615,
    6.779945829409));
#9886 = CARTESIAN_POINT('',(5.75,12.697339023276,6.773307792453));
#9887 = CARTESIAN_POINT('',(5.75,12.705093704529,6.765475017931));
#9888 = CARTESIAN_POINT('',(5.75,12.712959485277,6.757530025091));
#9889 = CARTESIAN_POINT('',(5.75,12.71957496778,6.748147016353));
#9890 = CARTESIAN_POINT('',(5.75,12.724458801314,6.738090098932));
#9891 = CARTESIAN_POINT('',(5.75,12.729472539204,6.727765679072));
#9892 = CARTESIAN_POINT('',(5.75,12.732797370823,6.716456345333));
#9893 = CARTESIAN_POINT('',(5.75,12.734202611741,6.705065273783));
#9894 = CARTESIAN_POINT('',(5.75,12.734733445149,6.700762266915));
#9895 = CARTESIAN_POINT('',(5.75,12.735,6.696418486922));
#9896 = CARTESIAN_POINT('',(5.75,12.735,6.692082860991));
#9897 = ORIENTED_EDGE('',*,*,#6974,.F.);
#9898 = ORIENTED_EDGE('',*,*,#9550,.F.);
#9899 = ORIENTED_EDGE('',*,*,#9900,.F.);
#9900 = EDGE_CURVE('',#9901,#9542,#9903,.T.);
#9901 = VERTEX_POINT('',#9902);
#9902 = CARTESIAN_POINT('',(5.75,12.735,3.467917139009));
#9903 = B_SPLINE_CURVE_WITH_KNOTS('',3,(#9904,#9905,#9906,#9907,#9908,
    #9909,#9910,#9911,#9912,#9913,#9914,#9915,#9916,#9917,#9918,#9919),
  .UNSPECIFIED.,.F.,.F.,(4,3,3,3,3,4),(0.,3.531517381803E-05,
    7.066450543868E-05,1.054618491195E-04,1.392987215172E-04,
    1.469974402523E-04),.UNSPECIFIED.);
#9904 = CARTESIAN_POINT('',(5.75,12.735,3.467917139009));
#9905 = CARTESIAN_POINT('',(5.75,12.735,3.456145414404));
#9906 = CARTESIAN_POINT('',(5.749999999999,12.732989442672,
    3.444210495068));
#9907 = CARTESIAN_POINT('',(5.749999999999,12.729108766958,3.43309681628
    ));
#9908 = CARTESIAN_POINT('',(5.749999999999,12.725225971482,
    3.421977066809));
#9909 = CARTESIAN_POINT('',(5.749999999997,12.719357020034,
    3.411368332958));
#9910 = CARTESIAN_POINT('',(5.749999999997,12.711959811877,
    3.402202841127));
#9911 = CARTESIAN_POINT('',(5.749999999997,12.704678748443,
    3.393181258116));
#9912 = CARTESIAN_POINT('',(5.749999999995,12.695704672545,
    3.385302786415));
#9913 = CARTESIAN_POINT('',(5.749999999995,12.685788475671,
    3.379296799044));
#9914 = CARTESIAN_POINT('',(5.749999999995,12.67614242097,3.373454429892
    ));
#9915 = CARTESIAN_POINT('',(5.749999999996,12.665328905784,
    3.369219543454));
#9916 = CARTESIAN_POINT('',(5.749999999996,12.654274157021,
    3.366989705259));
#9917 = CARTESIAN_POINT('',(5.749999999996,12.651722738222,
    3.366475062076));
#9918 = CARTESIAN_POINT('',(5.75,12.649148667891,3.366062171635));
#9919 = CARTESIAN_POINT('',(5.75,12.646564265825,3.365753203231));
#9920 = ORIENTED_EDGE('',*,*,#9921,.T.);
#9921 = EDGE_CURVE('',#9901,#9922,#9924,.T.);
#9922 = VERTEX_POINT('',#9923);
#9923 = CARTESIAN_POINT('',(7.010966932452,12.735,5.08));
#9924 = ( BOUNDED_CURVE() B_SPLINE_CURVE(3,(#9925,#9926,#9927,#9928),
.UNSPECIFIED.,.F.,.F.) B_SPLINE_CURVE_WITH_KNOTS((4,4),(0.,1.),
.PIECEWISE_BEZIER_KNOTS.) CURVE() GEOMETRIC_REPRESENTATION_ITEM() 
RATIONAL_B_SPLINE_CURVE((1.,0.858441486899,0.858441486899,1.)) 
REPRESENTATION_ITEM('') );
#9925 = CARTESIAN_POINT('',(5.75,12.735,3.467917139009));
#9926 = CARTESIAN_POINT('',(6.521332732297,12.735,3.659305001498));
#9927 = CARTESIAN_POINT('',(7.010966932452,12.735,4.285277722836));
#9928 = CARTESIAN_POINT('',(7.010966932452,12.735,5.08));
#9929 = ORIENTED_EDGE('',*,*,#9930,.T.);
#9930 = EDGE_CURVE('',#9922,#9878,#9931,.T.);
#9931 = ( BOUNDED_CURVE() B_SPLINE_CURVE(3,(#9932,#9933,#9934,#9935),
.UNSPECIFIED.,.F.,.F.) B_SPLINE_CURVE_WITH_KNOTS((4,4),(0.,1.),
.PIECEWISE_BEZIER_KNOTS.) CURVE() GEOMETRIC_REPRESENTATION_ITEM() 
RATIONAL_B_SPLINE_CURVE((1.,0.858441486899,0.858441486899,1.)) 
REPRESENTATION_ITEM('') );
#9932 = CARTESIAN_POINT('',(7.010966932452,12.735,5.08));
#9933 = CARTESIAN_POINT('',(7.010966932452,12.735,5.874722277164));
#9934 = CARTESIAN_POINT('',(6.521332732297,12.735,6.500694998502));
#9935 = CARTESIAN_POINT('',(5.75,12.735,6.692082860991));
#9936 = ( BOUNDED_SURFACE() B_SPLINE_SURFACE(3,3,(
    (#9937,#9938,#9939,#9940)
    ,(#9941,#9942,#9943,#9944)
    ,(#9945,#9946,#9947,#9948)
    ,(#9949,#9950,#9951,#9952
)),.UNSPECIFIED.,.F.,.F.,.F.) B_SPLINE_SURFACE_WITH_KNOTS((4,4),(4,4),(
    0.,1.),(0.,1.),.PIECEWISE_BEZIER_KNOTS.) 
GEOMETRIC_REPRESENTATION_ITEM() RATIONAL_B_SPLINE_SURFACE((
    (1.,0.474352112318,0.474352112318,1.)
    ,(0.831249582034,0.394304995101,0.394304995101,0.831249582034)
    ,(0.831249582034,0.394304995101,0.394304995101,0.831249582034)
,(1.,0.474352112318,0.474352112318,1.
))) REPRESENTATION_ITEM('') SURFACE() );
#9937 = CARTESIAN_POINT('',(5.701341293123,12.735,6.703382409183));
#9938 = CARTESIAN_POINT('',(7.931257721595,12.735,6.22077170877));
#9939 = CARTESIAN_POINT('',(7.931257721594,12.735,3.939228291229));
#9940 = CARTESIAN_POINT('',(5.701341293122,12.735,3.456617590816));
#9941 = CARTESIAN_POINT('',(5.712622210153,12.735,6.755506206254));
#9942 = CARTESIAN_POINT('',(8.014137117668,12.735,6.257399771705));
#9943 = CARTESIAN_POINT('',(8.014137117667,12.735,3.902600228293));
#9944 = CARTESIAN_POINT('',(5.712622210152,12.735,3.404493793745));
#9945 = CARTESIAN_POINT('',(5.721047637987,12.699537031121,
    6.794436134513));
#9946 = CARTESIAN_POINT('',(8.076037614648,12.699537031121,
    6.284756333246));
#9947 = CARTESIAN_POINT('',(8.076037614648,12.699537031121,
    3.875243666752));
#9948 = CARTESIAN_POINT('',(5.721047637986,12.699537031121,
    3.365563865487));
#9949 = CARTESIAN_POINT('',(5.722352193219,12.646564265824,
    6.800463868964));
#9950 = CARTESIAN_POINT('',(8.085622008324,12.646564265824,
    6.288992099811));
#9951 = CARTESIAN_POINT('',(8.085622008323,12.646564265824,
    3.871007900188));
#9952 = CARTESIAN_POINT('',(5.722352193218,12.646564265824,
    3.359536131036));
#9953 = ADVANCED_FACE('',(#9954),#9964,.T.);
#9954 = FACE_BOUND('',#9955,.T.);
#9955 = EDGE_LOOP('',(#9956,#9962,#9963));
#9956 = ORIENTED_EDGE('',*,*,#9957,.T.);
#9957 = EDGE_CURVE('',#6267,#9569,#9958,.T.);
#9958 = LINE('',#9959,#9960);
#9959 = CARTESIAN_POINT('',(4.95,12.735,0.));
#9960 = VECTOR('',#9961,1.);
#9961 = DIRECTION('',(-0.,-0.,-1.));
#9962 = ORIENTED_EDGE('',*,*,#9568,.F.);
#9963 = ORIENTED_EDGE('',*,*,#6266,.F.);
#9964 = PLANE('',#9965);
#9965 = AXIS2_PLACEMENT_3D('',#9966,#9967,#9968);
#9966 = CARTESIAN_POINT('',(5.35,12.735,0.));
#9967 = DIRECTION('',(1.171453342316E-15,1.,-0.));
#9968 = DIRECTION('',(-1.,1.171453342316E-15,0.));
#9969 = ADVANCED_FACE('',(#9970),#9980,.T.);
#9970 = FACE_BOUND('',#9971,.T.);
#9971 = EDGE_LOOP('',(#9972,#9978,#9979));
#9972 = ORIENTED_EDGE('',*,*,#9973,.T.);
#9973 = EDGE_CURVE('',#9641,#9618,#9974,.T.);
#9974 = LINE('',#9975,#9976);
#9975 = CARTESIAN_POINT('',(5.75,12.735,0.));
#9976 = VECTOR('',#9977,1.);
#9977 = DIRECTION('',(0.,0.,1.));
#9978 = ORIENTED_EDGE('',*,*,#9670,.F.);
#9979 = ORIENTED_EDGE('',*,*,#9661,.F.);
#9980 = PLANE('',#9981);
#9981 = AXIS2_PLACEMENT_3D('',#9982,#9983,#9984);
#9982 = CARTESIAN_POINT('',(5.35,12.735,0.));
#9983 = DIRECTION('',(1.171453342316E-15,1.,-0.));
#9984 = DIRECTION('',(-1.,1.171453342316E-15,0.));
#9985 = ADVANCED_FACE('',(#9986),#9996,.T.);
#9986 = FACE_BOUND('',#9987,.T.);
#9987 = EDGE_LOOP('',(#9988,#9994,#9995));
#9988 = ORIENTED_EDGE('',*,*,#9989,.T.);
#9989 = EDGE_CURVE('',#6335,#9699,#9990,.T.);
#9990 = LINE('',#9991,#9992);
#9991 = CARTESIAN_POINT('',(4.95,12.735,-5.08));
#9992 = VECTOR('',#9993,1.);
#9993 = DIRECTION('',(-0.,-0.,-1.));
#9994 = ORIENTED_EDGE('',*,*,#9698,.F.);
#9995 = ORIENTED_EDGE('',*,*,#6334,.F.);
#9996 = PLANE('',#9997);
#9997 = AXIS2_PLACEMENT_3D('',#9998,#9999,#10000);
#9998 = CARTESIAN_POINT('',(5.35,12.735,-5.08));
#9999 = DIRECTION('',(1.171453342316E-15,1.,-0.));
#10000 = DIRECTION('',(-1.,1.171453342316E-15,0.));
#10001 = ADVANCED_FACE('',(#10002),#10012,.T.);
#10002 = FACE_BOUND('',#10003,.T.);
#10003 = EDGE_LOOP('',(#10004,#10010,#10011));
#10004 = ORIENTED_EDGE('',*,*,#10005,.T.);
#10005 = EDGE_CURVE('',#9771,#9748,#10006,.T.);
#10006 = LINE('',#10007,#10008);
#10007 = CARTESIAN_POINT('',(5.75,12.735,-5.08));
#10008 = VECTOR('',#10009,1.);
#10009 = DIRECTION('',(0.,0.,1.));
#10010 = ORIENTED_EDGE('',*,*,#9800,.F.);
#10011 = ORIENTED_EDGE('',*,*,#9791,.F.);
#10012 = PLANE('',#10013);
#10013 = AXIS2_PLACEMENT_3D('',#10014,#10015,#10016);
#10014 = CARTESIAN_POINT('',(5.35,12.735,-5.08));
#10015 = DIRECTION('',(1.171453342316E-15,1.,-0.));
#10016 = DIRECTION('',(-1.,1.171453342316E-15,0.));
#10017 = ADVANCED_FACE('',(#10018),#10028,.T.);
#10018 = FACE_BOUND('',#10019,.T.);
#10019 = EDGE_LOOP('',(#10020,#10026,#10027));
#10020 = ORIENTED_EDGE('',*,*,#10021,.T.);
#10021 = EDGE_CURVE('',#6403,#9829,#10022,.T.);
#10022 = LINE('',#10023,#10024);
#10023 = CARTESIAN_POINT('',(4.95,12.735,5.08));
#10024 = VECTOR('',#10025,1.);
#10025 = DIRECTION('',(-0.,-0.,-1.));
#10026 = ORIENTED_EDGE('',*,*,#9828,.F.);
#10027 = ORIENTED_EDGE('',*,*,#6402,.F.);
#10028 = PLANE('',#10029);
#10029 = AXIS2_PLACEMENT_3D('',#10030,#10031,#10032);
#10030 = CARTESIAN_POINT('',(5.35,12.735,5.08));
#10031 = DIRECTION('',(1.171453342316E-15,1.,-0.));
#10032 = DIRECTION('',(-1.,1.171453342316E-15,0.));
#10033 = ADVANCED_FACE('',(#10034),#10044,.T.);
#10034 = FACE_BOUND('',#10035,.T.);
#10035 = EDGE_LOOP('',(#10036,#10042,#10043));
#10036 = ORIENTED_EDGE('',*,*,#10037,.T.);
#10037 = EDGE_CURVE('',#9901,#9878,#10038,.T.);
#10038 = LINE('',#10039,#10040);
#10039 = CARTESIAN_POINT('',(5.75,12.735,5.08));
#10040 = VECTOR('',#10041,1.);
#10041 = DIRECTION('',(0.,0.,1.));
#10042 = ORIENTED_EDGE('',*,*,#9930,.F.);
#10043 = ORIENTED_EDGE('',*,*,#9921,.F.);
#10044 = PLANE('',#10045);
#10045 = AXIS2_PLACEMENT_3D('',#10046,#10047,#10048);
#10046 = CARTESIAN_POINT('',(5.35,12.735,5.08));
#10047 = DIRECTION('',(1.171453342316E-15,1.,-0.));
#10048 = DIRECTION('',(-1.,1.171453342316E-15,0.));
#10049 = ADVANCED_FACE('',(#10050),#10063,.T.);
#10050 = FACE_BOUND('',#10051,.T.);
#10051 = EDGE_LOOP('',(#10052,#10053,#10054,#10055,#10056,#10057));
#10052 = ORIENTED_EDGE('',*,*,#9415,.T.);
#10053 = ORIENTED_EDGE('',*,*,#9577,.T.);
#10054 = ORIENTED_EDGE('',*,*,#9957,.F.);
#10055 = ORIENTED_EDGE('',*,*,#6295,.T.);
#10056 = ORIENTED_EDGE('',*,*,#6885,.T.);
#10057 = ORIENTED_EDGE('',*,*,#10058,.T.);
#10058 = EDGE_CURVE('',#6877,#9416,#10059,.T.);
#10059 = LINE('',#10060,#10061);
#10060 = CARTESIAN_POINT('',(4.95,11.935,1.96));
#10061 = VECTOR('',#10062,1.);
#10062 = DIRECTION('',(-1.931148907735E-16,2.262250842477E-31,-1.));
#10063 = PLANE('',#10064);
#10064 = AXIS2_PLACEMENT_3D('',#10065,#10066,#10067);
#10065 = CARTESIAN_POINT('',(4.95,11.935,1.96));
#10066 = DIRECTION('',(1.,-1.171453342316E-15,-1.931148907735E-16));
#10067 = DIRECTION('',(1.171453342316E-15,1.,0.));
#10068 = ADVANCED_FACE('',(#10069),#10082,.T.);
#10069 = FACE_BOUND('',#10070,.T.);
#10070 = EDGE_LOOP('',(#10071,#10072,#10078,#10079,#10080,#10081));
#10071 = ORIENTED_EDGE('',*,*,#9433,.T.);
#10072 = ORIENTED_EDGE('',*,*,#10073,.T.);
#10073 = EDGE_CURVE('',#9425,#6868,#10074,.T.);
#10074 = LINE('',#10075,#10076);
#10075 = CARTESIAN_POINT('',(5.75,11.935,-1.97));
#10076 = VECTOR('',#10077,1.);
#10077 = DIRECTION('',(5.517568307814E-16,-6.463573835647E-31,1.));
#10078 = ORIENTED_EDGE('',*,*,#6867,.T.);
#10079 = ORIENTED_EDGE('',*,*,#9617,.T.);
#10080 = ORIENTED_EDGE('',*,*,#9973,.F.);
#10081 = ORIENTED_EDGE('',*,*,#9640,.T.);
#10082 = PLANE('',#10083);
#10083 = AXIS2_PLACEMENT_3D('',#10084,#10085,#10086);
#10084 = CARTESIAN_POINT('',(5.75,11.935,-1.97));
#10085 = DIRECTION('',(-1.,1.171453342316E-15,5.517568307814E-16));
#10086 = DIRECTION('',(-1.171453342316E-15,-1.,0.));
#10087 = ADVANCED_FACE('',(#10088),#10101,.T.);
#10088 = FACE_BOUND('',#10089,.T.);
#10089 = EDGE_LOOP('',(#10090,#10091,#10092,#10093,#10094,#10095));
#10090 = ORIENTED_EDGE('',*,*,#9469,.T.);
#10091 = ORIENTED_EDGE('',*,*,#9707,.T.);
#10092 = ORIENTED_EDGE('',*,*,#9989,.F.);
#10093 = ORIENTED_EDGE('',*,*,#6363,.T.);
#10094 = ORIENTED_EDGE('',*,*,#6943,.T.);
#10095 = ORIENTED_EDGE('',*,*,#10096,.T.);
#10096 = EDGE_CURVE('',#6935,#9470,#10097,.T.);
#10097 = LINE('',#10098,#10099);
#10098 = CARTESIAN_POINT('',(4.95,11.935,-3.12));
#10099 = VECTOR('',#10100,1.);
#10100 = DIRECTION('',(-1.931148907735E-16,2.262250842477E-31,-1.));
#10101 = PLANE('',#10102);
#10102 = AXIS2_PLACEMENT_3D('',#10103,#10104,#10105);
#10103 = CARTESIAN_POINT('',(4.95,11.935,-3.12));
#10104 = DIRECTION('',(1.,-1.171453342316E-15,-1.931148907735E-16));
#10105 = DIRECTION('',(1.171453342316E-15,1.,0.));
#10106 = ADVANCED_FACE('',(#10107),#10120,.T.);
#10107 = FACE_BOUND('',#10108,.T.);
#10108 = EDGE_LOOP('',(#10109,#10110,#10116,#10117,#10118,#10119));
#10109 = ORIENTED_EDGE('',*,*,#9487,.T.);
#10110 = ORIENTED_EDGE('',*,*,#10111,.T.);
#10111 = EDGE_CURVE('',#9479,#6926,#10112,.T.);
#10112 = LINE('',#10113,#10114);
#10113 = CARTESIAN_POINT('',(5.75,11.935,-7.05));
#10114 = VECTOR('',#10115,1.);
#10115 = DIRECTION('',(5.517568307814E-16,-6.463573835647E-31,1.));
#10116 = ORIENTED_EDGE('',*,*,#6925,.T.);
#10117 = ORIENTED_EDGE('',*,*,#9747,.T.);
#10118 = ORIENTED_EDGE('',*,*,#10005,.F.);
#10119 = ORIENTED_EDGE('',*,*,#9770,.T.);
#10120 = PLANE('',#10121);
#10121 = AXIS2_PLACEMENT_3D('',#10122,#10123,#10124);
#10122 = CARTESIAN_POINT('',(5.75,11.935,-7.05));
#10123 = DIRECTION('',(-1.,1.171453342316E-15,5.517568307814E-16));
#10124 = DIRECTION('',(-1.171453342316E-15,-1.,0.));
#10125 = ADVANCED_FACE('',(#10126),#10139,.T.);
#10126 = FACE_BOUND('',#10127,.T.);
#10127 = EDGE_LOOP('',(#10128,#10129,#10130,#10131,#10132,#10133));
#10128 = ORIENTED_EDGE('',*,*,#9523,.T.);
#10129 = ORIENTED_EDGE('',*,*,#9837,.T.);
#10130 = ORIENTED_EDGE('',*,*,#10021,.F.);
#10131 = ORIENTED_EDGE('',*,*,#6431,.T.);
#10132 = ORIENTED_EDGE('',*,*,#7001,.T.);
#10133 = ORIENTED_EDGE('',*,*,#10134,.T.);
#10134 = EDGE_CURVE('',#6993,#9524,#10135,.T.);
#10135 = LINE('',#10136,#10137);
#10136 = CARTESIAN_POINT('',(4.95,11.935,7.04));
#10137 = VECTOR('',#10138,1.);
#10138 = DIRECTION('',(-1.931148907735E-16,2.262250842477E-31,-1.));
#10139 = PLANE('',#10140);
#10140 = AXIS2_PLACEMENT_3D('',#10141,#10142,#10143);
#10141 = CARTESIAN_POINT('',(4.95,11.935,7.04));
#10142 = DIRECTION('',(1.,-1.171453342316E-15,-1.931148907735E-16));
#10143 = DIRECTION('',(1.171453342316E-15,1.,0.));
#10144 = ADVANCED_FACE('',(#10145),#10158,.T.);
#10145 = FACE_BOUND('',#10146,.T.);
#10146 = EDGE_LOOP('',(#10147,#10148,#10154,#10155,#10156,#10157));
#10147 = ORIENTED_EDGE('',*,*,#9541,.T.);
#10148 = ORIENTED_EDGE('',*,*,#10149,.T.);
#10149 = EDGE_CURVE('',#9533,#6984,#10150,.T.);
#10150 = LINE('',#10151,#10152);
#10151 = CARTESIAN_POINT('',(5.75,11.935,3.11));
#10152 = VECTOR('',#10153,1.);
#10153 = DIRECTION('',(5.517568307814E-16,-6.463573835647E-31,1.));
#10154 = ORIENTED_EDGE('',*,*,#6983,.T.);
#10155 = ORIENTED_EDGE('',*,*,#9877,.T.);
#10156 = ORIENTED_EDGE('',*,*,#10037,.F.);
#10157 = ORIENTED_EDGE('',*,*,#9900,.T.);
#10158 = PLANE('',#10159);
#10159 = AXIS2_PLACEMENT_3D('',#10160,#10161,#10162);
#10160 = CARTESIAN_POINT('',(5.75,11.935,3.11));
#10161 = DIRECTION('',(-1.,1.171453342316E-15,5.517568307814E-16));
#10162 = DIRECTION('',(-1.171453342316E-15,-1.,0.));
#10163 = ADVANCED_FACE('',(#10164),#10170,.F.);
#10164 = FACE_BOUND('',#10165,.T.);
#10165 = EDGE_LOOP('',(#10166,#10167,#10168,#10169));
#10166 = ORIENTED_EDGE('',*,*,#6876,.F.);
#10167 = ORIENTED_EDGE('',*,*,#10073,.F.);
#10168 = ORIENTED_EDGE('',*,*,#9424,.F.);
#10169 = ORIENTED_EDGE('',*,*,#10058,.F.);
#10170 = PLANE('',#10171);
#10171 = AXIS2_PLACEMENT_3D('',#10172,#10173,#10174);
#10172 = CARTESIAN_POINT('',(4.95,11.935,-1.97));
#10173 = DIRECTION('',(-1.084202172486E-15,-1.,0.));
#10174 = DIRECTION('',(1.,-1.084202172486E-15,0.));
#10175 = ADVANCED_FACE('',(#10176),#10182,.F.);
#10176 = FACE_BOUND('',#10177,.T.);
#10177 = EDGE_LOOP('',(#10178,#10179,#10180,#10181));
#10178 = ORIENTED_EDGE('',*,*,#6934,.F.);
#10179 = ORIENTED_EDGE('',*,*,#10111,.F.);
#10180 = ORIENTED_EDGE('',*,*,#9478,.F.);
#10181 = ORIENTED_EDGE('',*,*,#10096,.F.);
#10182 = PLANE('',#10183);
#10183 = AXIS2_PLACEMENT_3D('',#10184,#10185,#10186);
#10184 = CARTESIAN_POINT('',(4.95,11.935,-7.05));
#10185 = DIRECTION('',(-1.084202172486E-15,-1.,0.));
#10186 = DIRECTION('',(1.,-1.084202172486E-15,0.));
#10187 = ADVANCED_FACE('',(#10188),#10194,.F.);
#10188 = FACE_BOUND('',#10189,.T.);
#10189 = EDGE_LOOP('',(#10190,#10191,#10192,#10193));
#10190 = ORIENTED_EDGE('',*,*,#6992,.F.);
#10191 = ORIENTED_EDGE('',*,*,#10149,.F.);
#10192 = ORIENTED_EDGE('',*,*,#9532,.F.);
#10193 = ORIENTED_EDGE('',*,*,#10134,.F.);
#10194 = PLANE('',#10195);
#10195 = AXIS2_PLACEMENT_3D('',#10196,#10197,#10198);
#10196 = CARTESIAN_POINT('',(4.95,11.935,3.11));
#10197 = DIRECTION('',(-1.084202172486E-15,-1.,0.));
#10198 = DIRECTION('',(1.,-1.084202172486E-15,0.));
#10199 = ( GEOMETRIC_REPRESENTATION_CONTEXT(3) 
GLOBAL_UNCERTAINTY_ASSIGNED_CONTEXT((#10203)) 
GLOBAL_UNIT_ASSIGNED_CONTEXT((#10200,#10201,#10202)) 
REPRESENTATION_CONTEXT('Context #1',
  '3D Context with UNIT and UNCERTAINTY') );
#10200 = ( LENGTH_UNIT() NAMED_UNIT(*) SI_UNIT(.MILLI.,.METRE.) );
#10201 = ( NAMED_UNIT(*) PLANE_ANGLE_UNIT() SI_UNIT($,.RADIAN.) );
#10202 = ( NAMED_UNIT(*) SI_UNIT($,.STERADIAN.) SOLID_ANGLE_UNIT() );
#10203 = UNCERTAINTY_MEASURE_WITH_UNIT(LENGTH_MEASURE(1.E-06),#10200,
  'distance_accuracy_value','confusion accuracy');
#10204 = CONTEXT_DEPENDENT_SHAPE_REPRESENTATION(#10205,#10207);
#10205 = ( REPRESENTATION_RELATIONSHIP('','',#6091,#6052) 
REPRESENTATION_RELATIONSHIP_WITH_TRANSFORMATION(#10206) 
SHAPE_REPRESENTATION_RELATIONSHIP() );
#10206 = ITEM_DEFINED_TRANSFORMATION('','',#11,#6053);
#10207 = PRODUCT_DEFINITION_SHAPE('Placement','Placement of an item',
  #10208);
#10208 = NEXT_ASSEMBLY_USAGE_OCCURRENCE('18','NAUO1','',#6047,#6086,$);
#10209 = PRODUCT_RELATED_PRODUCT_CATEGORY('part',$,(#6088));
#10210 = CONTEXT_DEPENDENT_SHAPE_REPRESENTATION(#10211,#10213);
#10211 = ( REPRESENTATION_RELATIONSHIP('','',#6091,#6052) 
REPRESENTATION_RELATIONSHIP_WITH_TRANSFORMATION(#10212) 
SHAPE_REPRESENTATION_RELATIONSHIP() );
#10212 = ITEM_DEFINED_TRANSFORMATION('','',#11,#6057);
#10213 = PRODUCT_DEFINITION_SHAPE('Placement','Placement of an item',
  #10214);
#10214 = NEXT_ASSEMBLY_USAGE_OCCURRENCE('19','NAUO2','',#6047,#6086,$);
#10215 = CONTEXT_DEPENDENT_SHAPE_REPRESENTATION(#10216,#10218);
#10216 = ( REPRESENTATION_RELATIONSHIP('','',#6091,#6052) 
REPRESENTATION_RELATIONSHIP_WITH_TRANSFORMATION(#10217) 
SHAPE_REPRESENTATION_RELATIONSHIP() );
#10217 = ITEM_DEFINED_TRANSFORMATION('','',#11,#6061);
#10218 = PRODUCT_DEFINITION_SHAPE('Placement','Placement of an item',
  #10219);
#10219 = NEXT_ASSEMBLY_USAGE_OCCURRENCE('20','NAUO3','',#6047,#6086,$);
#10220 = CONTEXT_DEPENDENT_SHAPE_REPRESENTATION(#10221,#10223);
#10221 = ( REPRESENTATION_RELATIONSHIP('','',#6091,#6052) 
REPRESENTATION_RELATIONSHIP_WITH_TRANSFORMATION(#10222) 
SHAPE_REPRESENTATION_RELATIONSHIP() );
#10222 = ITEM_DEFINED_TRANSFORMATION('','',#11,#6065);
#10223 = PRODUCT_DEFINITION_SHAPE('Placement','Placement of an item',
  #10224);
#10224 = NEXT_ASSEMBLY_USAGE_OCCURRENCE('21','NAUO4','',#6047,#6086,$);
#10225 = CONTEXT_DEPENDENT_SHAPE_REPRESENTATION(#10226,#10228);
#10226 = ( REPRESENTATION_RELATIONSHIP('','',#6091,#6052) 
REPRESENTATION_RELATIONSHIP_WITH_TRANSFORMATION(#10227) 
SHAPE_REPRESENTATION_RELATIONSHIP() );
#10227 = ITEM_DEFINED_TRANSFORMATION('','',#11,#6069);
#10228 = PRODUCT_DEFINITION_SHAPE('Placement','Placement of an item',
  #10229);
#10229 = NEXT_ASSEMBLY_USAGE_OCCURRENCE('22','NAUO5','',#6047,#6086,$);
#10230 = CONTEXT_DEPENDENT_SHAPE_REPRESENTATION(#10231,#10233);
#10231 = ( REPRESENTATION_RELATIONSHIP('','',#6052,#10) 
REPRESENTATION_RELATIONSHIP_WITH_TRANSFORMATION(#10232) 
SHAPE_REPRESENTATION_RELATIONSHIP() );
#10232 = ITEM_DEFINED_TRANSFORMATION('','',#11,#71);
#10233 = PRODUCT_DEFINITION_SHAPE('Placement','Placement of an item',
  #10234);
#10234 = NEXT_ASSEMBLY_USAGE_OCCURRENCE('24','J1','',#5,#6047,$);
#10235 = CONTEXT_DEPENDENT_SHAPE_REPRESENTATION(#10236,#10238);
#10236 = ( REPRESENTATION_RELATIONSHIP('','',#144,#10) 
REPRESENTATION_RELATIONSHIP_WITH_TRANSFORMATION(#10237) 
SHAPE_REPRESENTATION_RELATIONSHIP() );
#10237 = ITEM_DEFINED_TRANSFORMATION('','',#11,#75);
#10238 = PRODUCT_DEFINITION_SHAPE('Placement','Placement of an item',
  #10239);
#10239 = NEXT_ASSEMBLY_USAGE_OCCURRENCE('25','R7','',#5,#139,$);
#10240 = CONTEXT_DEPENDENT_SHAPE_REPRESENTATION(#10241,#10243);
#10241 = ( REPRESENTATION_RELATIONSHIP('','',#953,#10) 
REPRESENTATION_RELATIONSHIP_WITH_TRANSFORMATION(#10242) 
SHAPE_REPRESENTATION_RELATIONSHIP() );
#10242 = ITEM_DEFINED_TRANSFORMATION('','',#11,#79);
#10243 = PRODUCT_DEFINITION_SHAPE('Placement','Placement of an item',
  #10244);
#10244 = NEXT_ASSEMBLY_USAGE_OCCURRENCE('26','C6','',#5,#948,$);
#10245 = CONTEXT_DEPENDENT_SHAPE_REPRESENTATION(#10246,#10248);
#10246 = ( REPRESENTATION_RELATIONSHIP('','',#144,#10) 
REPRESENTATION_RELATIONSHIP_WITH_TRANSFORMATION(#10247) 
SHAPE_REPRESENTATION_RELATIONSHIP() );
#10247 = ITEM_DEFINED_TRANSFORMATION('','',#11,#83);
#10248 = PRODUCT_DEFINITION_SHAPE('Placement','Placement of an item',
  #10249);
#10249 = NEXT_ASSEMBLY_USAGE_OCCURRENCE('27','R1','',#5,#139,$);
#10250 = CONTEXT_DEPENDENT_SHAPE_REPRESENTATION(#10251,#10253);
#10251 = ( REPRESENTATION_RELATIONSHIP('','',#953,#10) 
REPRESENTATION_RELATIONSHIP_WITH_TRANSFORMATION(#10252) 
SHAPE_REPRESENTATION_RELATIONSHIP() );
#10252 = ITEM_DEFINED_TRANSFORMATION('','',#11,#87);
#10253 = PRODUCT_DEFINITION_SHAPE('Placement','Placement of an item',
  #10254);
#10254 = NEXT_ASSEMBLY_USAGE_OCCURRENCE('28','C4','',#5,#948,$);
#10255 = CONTEXT_DEPENDENT_SHAPE_REPRESENTATION(#10256,#10258);
#10256 = ( REPRESENTATION_RELATIONSHIP('','',#953,#10) 
REPRESENTATION_RELATIONSHIP_WITH_TRANSFORMATION(#10257) 
SHAPE_REPRESENTATION_RELATIONSHIP() );
#10257 = ITEM_DEFINED_TRANSFORMATION('','',#11,#91);
#10258 = PRODUCT_DEFINITION_SHAPE('Placement','Placement of an item',
  #10259);
#10259 = NEXT_ASSEMBLY_USAGE_OCCURRENCE('29','C5','',#5,#948,$);
#10260 = CONTEXT_DEPENDENT_SHAPE_REPRESENTATION(#10261,#10263);
#10261 = ( REPRESENTATION_RELATIONSHIP('','',#953,#10) 
REPRESENTATION_RELATIONSHIP_WITH_TRANSFORMATION(#10262) 
SHAPE_REPRESENTATION_RELATIONSHIP() );
#10262 = ITEM_DEFINED_TRANSFORMATION('','',#11,#95);
#10263 = PRODUCT_DEFINITION_SHAPE('Placement','Placement of an item',
  #10264);
#10264 = NEXT_ASSEMBLY_USAGE_OCCURRENCE('30','C12','',#5,#948,$);
#10265 = CONTEXT_DEPENDENT_SHAPE_REPRESENTATION(#10266,#10268);
#10266 = ( REPRESENTATION_RELATIONSHIP('','',#953,#10) 
REPRESENTATION_RELATIONSHIP_WITH_TRANSFORMATION(#10267) 
SHAPE_REPRESENTATION_RELATIONSHIP() );
#10267 = ITEM_DEFINED_TRANSFORMATION('','',#11,#99);
#10268 = PRODUCT_DEFINITION_SHAPE('Placement','Placement of an item',
  #10269);
#10269 = NEXT_ASSEMBLY_USAGE_OCCURRENCE('31','C2','',#5,#948,$);
#10270 = CONTEXT_DEPENDENT_SHAPE_REPRESENTATION(#10271,#10273);
#10271 = ( REPRESENTATION_RELATIONSHIP('','',#953,#10) 
REPRESENTATION_RELATIONSHIP_WITH_TRANSFORMATION(#10272) 
SHAPE_REPRESENTATION_RELATIONSHIP() );
#10272 = ITEM_DEFINED_TRANSFORMATION('','',#11,#103);
#10273 = PRODUCT_DEFINITION_SHAPE('Placement','Placement of an item',
  #10274);
#10274 = NEXT_ASSEMBLY_USAGE_OCCURRENCE('32','C11','',#5,#948,$);
#10275 = CONTEXT_DEPENDENT_SHAPE_REPRESENTATION(#10276,#10278);
#10276 = ( REPRESENTATION_RELATIONSHIP('','',#144,#10) 
REPRESENTATION_RELATIONSHIP_WITH_TRANSFORMATION(#10277) 
SHAPE_REPRESENTATION_RELATIONSHIP() );
#10277 = ITEM_DEFINED_TRANSFORMATION('','',#11,#107);
#10278 = PRODUCT_DEFINITION_SHAPE('Placement','Placement of an item',
  #10279);
#10279 = NEXT_ASSEMBLY_USAGE_OCCURRENCE('33','R4','',#5,#139,$);
#10280 = CONTEXT_DEPENDENT_SHAPE_REPRESENTATION(#10281,#10283);
#10281 = ( REPRESENTATION_RELATIONSHIP('','',#144,#10) 
REPRESENTATION_RELATIONSHIP_WITH_TRANSFORMATION(#10282) 
SHAPE_REPRESENTATION_RELATIONSHIP() );
#10282 = ITEM_DEFINED_TRANSFORMATION('','',#11,#111);
#10283 = PRODUCT_DEFINITION_SHAPE('Placement','Placement of an item',
  #10284);
#10284 = NEXT_ASSEMBLY_USAGE_OCCURRENCE('34','R9','',#5,#139,$);
#10285 = CONTEXT_DEPENDENT_SHAPE_REPRESENTATION(#10286,#10288);
#10286 = ( REPRESENTATION_RELATIONSHIP('','',#953,#10) 
REPRESENTATION_RELATIONSHIP_WITH_TRANSFORMATION(#10287) 
SHAPE_REPRESENTATION_RELATIONSHIP() );
#10287 = ITEM_DEFINED_TRANSFORMATION('','',#11,#115);
#10288 = PRODUCT_DEFINITION_SHAPE('Placement','Placement of an item',
  #10289);
#10289 = NEXT_ASSEMBLY_USAGE_OCCURRENCE('35','C1','',#5,#948,$);
#10290 = CONTEXT_DEPENDENT_SHAPE_REPRESENTATION(#10291,#10293);
#10291 = ( REPRESENTATION_RELATIONSHIP('','',#953,#10) 
REPRESENTATION_RELATIONSHIP_WITH_TRANSFORMATION(#10292) 
SHAPE_REPRESENTATION_RELATIONSHIP() );
#10292 = ITEM_DEFINED_TRANSFORMATION('','',#11,#119);
#10293 = PRODUCT_DEFINITION_SHAPE('Placement','Placement of an item',
  #10294);
#10294 = NEXT_ASSEMBLY_USAGE_OCCURRENCE('36','C10','',#5,#948,$);
#10295 = CONTEXT_DEPENDENT_SHAPE_REPRESENTATION(#10296,#10298);
#10296 = ( REPRESENTATION_RELATIONSHIP('','',#144,#10) 
REPRESENTATION_RELATIONSHIP_WITH_TRANSFORMATION(#10297) 
SHAPE_REPRESENTATION_RELATIONSHIP() );
#10297 = ITEM_DEFINED_TRANSFORMATION('','',#11,#123);
#10298 = PRODUCT_DEFINITION_SHAPE('Placement','Placement of an item',
  #10299);
#10299 = NEXT_ASSEMBLY_USAGE_OCCURRENCE('37','R10','',#5,#139,$);
#10300 = SHAPE_DEFINITION_REPRESENTATION(#10301,#10307);
#10301 = PRODUCT_DEFINITION_SHAPE('','',#10302);
#10302 = PRODUCT_DEFINITION('design','',#10303,#10306);
#10303 = PRODUCT_DEFINITION_FORMATION('','',#10304);
#10304 = PRODUCT('endstop-interface-board_PCB',
  'endstop-interface-board_PCB','',(#10305));
#10305 = PRODUCT_CONTEXT('',#2,'mechanical');
#10306 = PRODUCT_DEFINITION_CONTEXT('part definition',#2,'design');
#10307 = ADVANCED_BREP_SHAPE_REPRESENTATION('',(#11,#10308),#12720);
#10308 = MANIFOLD_SOLID_BREP('',#10309);
#10309 = CLOSED_SHELL('',(#10310,#10350,#10381,#10412,#11067,#11722,
    #11734,#11751,#11768,#11785,#11802,#11819,#11836,#11853,#11870,
    #11887,#11904,#11921,#11938,#11955,#11972,#11989,#12006,#12023,
    #12040,#12057,#12074,#12091,#12108,#12125,#12142,#12159,#12176,
    #12193,#12210,#12227,#12244,#12261,#12278,#12295,#12312,#12329,
    #12346,#12363,#12380,#12397,#12414,#12431,#12448,#12465,#12482,
    #12499,#12516,#12533,#12550,#12567,#12584,#12601,#12618,#12635,
    #12652,#12669,#12686,#12703));
#10310 = ADVANCED_FACE('',(#10311),#10345,.T.);
#10311 = FACE_BOUND('',#10312,.T.);
#10312 = EDGE_LOOP('',(#10313,#10323,#10331,#10339));
#10313 = ORIENTED_EDGE('',*,*,#10314,.T.);
#10314 = EDGE_CURVE('',#10315,#10317,#10319,.T.);
#10315 = VERTEX_POINT('',#10316);
#10316 = CARTESIAN_POINT('',(160.,-146.,0.));
#10317 = VERTEX_POINT('',#10318);
#10318 = CARTESIAN_POINT('',(160.,-146.,1.51));
#10319 = LINE('',#10320,#10321);
#10320 = CARTESIAN_POINT('',(160.,-146.,0.));
#10321 = VECTOR('',#10322,1.);
#10322 = DIRECTION('',(0.,0.,1.));
#10323 = ORIENTED_EDGE('',*,*,#10324,.T.);
#10324 = EDGE_CURVE('',#10317,#10325,#10327,.T.);
#10325 = VERTEX_POINT('',#10326);
#10326 = CARTESIAN_POINT('',(60.,-146.,1.51));
#10327 = LINE('',#10328,#10329);
#10328 = CARTESIAN_POINT('',(160.,-146.,1.51));
#10329 = VECTOR('',#10330,1.);
#10330 = DIRECTION('',(-1.,0.,0.));
#10331 = ORIENTED_EDGE('',*,*,#10332,.F.);
#10332 = EDGE_CURVE('',#10333,#10325,#10335,.T.);
#10333 = VERTEX_POINT('',#10334);
#10334 = CARTESIAN_POINT('',(60.,-146.,0.));
#10335 = LINE('',#10336,#10337);
#10336 = CARTESIAN_POINT('',(60.,-146.,0.));
#10337 = VECTOR('',#10338,1.);
#10338 = DIRECTION('',(0.,0.,1.));
#10339 = ORIENTED_EDGE('',*,*,#10340,.F.);
#10340 = EDGE_CURVE('',#10315,#10333,#10341,.T.);
#10341 = LINE('',#10342,#10343);
#10342 = CARTESIAN_POINT('',(160.,-146.,0.));
#10343 = VECTOR('',#10344,1.);
#10344 = DIRECTION('',(-1.,0.,0.));
#10345 = PLANE('',#10346);
#10346 = AXIS2_PLACEMENT_3D('',#10347,#10348,#10349);
#10347 = CARTESIAN_POINT('',(160.,-146.,0.));
#10348 = DIRECTION('',(0.,-1.,0.));
#10349 = DIRECTION('',(-1.,0.,0.));
#10350 = ADVANCED_FACE('',(#10351),#10376,.T.);
#10351 = FACE_BOUND('',#10352,.T.);
#10352 = EDGE_LOOP('',(#10353,#10363,#10369,#10370));
#10353 = ORIENTED_EDGE('',*,*,#10354,.T.);
#10354 = EDGE_CURVE('',#10355,#10357,#10359,.T.);
#10355 = VERTEX_POINT('',#10356);
#10356 = CARTESIAN_POINT('',(160.,-54.,0.));
#10357 = VERTEX_POINT('',#10358);
#10358 = CARTESIAN_POINT('',(160.,-54.,1.51));
#10359 = LINE('',#10360,#10361);
#10360 = CARTESIAN_POINT('',(160.,-54.,0.));
#10361 = VECTOR('',#10362,1.);
#10362 = DIRECTION('',(0.,0.,1.));
#10363 = ORIENTED_EDGE('',*,*,#10364,.T.);
#10364 = EDGE_CURVE('',#10357,#10317,#10365,.T.);
#10365 = LINE('',#10366,#10367);
#10366 = CARTESIAN_POINT('',(160.,-54.,1.51));
#10367 = VECTOR('',#10368,1.);
#10368 = DIRECTION('',(0.,-1.,0.));
#10369 = ORIENTED_EDGE('',*,*,#10314,.F.);
#10370 = ORIENTED_EDGE('',*,*,#10371,.F.);
#10371 = EDGE_CURVE('',#10355,#10315,#10372,.T.);
#10372 = LINE('',#10373,#10374);
#10373 = CARTESIAN_POINT('',(160.,-54.,0.));
#10374 = VECTOR('',#10375,1.);
#10375 = DIRECTION('',(0.,-1.,0.));
#10376 = PLANE('',#10377);
#10377 = AXIS2_PLACEMENT_3D('',#10378,#10379,#10380);
#10378 = CARTESIAN_POINT('',(160.,-54.,0.));
#10379 = DIRECTION('',(1.,0.,-0.));
#10380 = DIRECTION('',(0.,-1.,0.));
#10381 = ADVANCED_FACE('',(#10382),#10407,.T.);
#10382 = FACE_BOUND('',#10383,.T.);
#10383 = EDGE_LOOP('',(#10384,#10385,#10393,#10401));
#10384 = ORIENTED_EDGE('',*,*,#10332,.T.);
#10385 = ORIENTED_EDGE('',*,*,#10386,.T.);
#10386 = EDGE_CURVE('',#10325,#10387,#10389,.T.);
#10387 = VERTEX_POINT('',#10388);
#10388 = CARTESIAN_POINT('',(60.,-54.,1.51));
#10389 = LINE('',#10390,#10391);
#10390 = CARTESIAN_POINT('',(60.,-146.,1.51));
#10391 = VECTOR('',#10392,1.);
#10392 = DIRECTION('',(0.,1.,0.));
#10393 = ORIENTED_EDGE('',*,*,#10394,.F.);
#10394 = EDGE_CURVE('',#10395,#10387,#10397,.T.);
#10395 = VERTEX_POINT('',#10396);
#10396 = CARTESIAN_POINT('',(60.,-54.,0.));
#10397 = LINE('',#10398,#10399);
#10398 = CARTESIAN_POINT('',(60.,-54.,0.));
#10399 = VECTOR('',#10400,1.);
#10400 = DIRECTION('',(0.,0.,1.));
#10401 = ORIENTED_EDGE('',*,*,#10402,.F.);
#10402 = EDGE_CURVE('',#10333,#10395,#10403,.T.);
#10403 = LINE('',#10404,#10405);
#10404 = CARTESIAN_POINT('',(60.,-146.,0.));
#10405 = VECTOR('',#10406,1.);
#10406 = DIRECTION('',(0.,1.,0.));
#10407 = PLANE('',#10408);
#10408 = AXIS2_PLACEMENT_3D('',#10409,#10410,#10411);
#10409 = CARTESIAN_POINT('',(60.,-146.,0.));
#10410 = DIRECTION('',(-1.,0.,0.));
#10411 = DIRECTION('',(0.,1.,0.));
#10412 = ADVANCED_FACE('',(#10413,#10424,#10435,#10446,#10457,#10468,
    #10479,#10490,#10501,#10512,#10523,#10534,#10545,#10556,#10567,
    #10578,#10589,#10600,#10611,#10622,#10633,#10644,#10655,#10666,
    #10677,#10688,#10699,#10710,#10721,#10732,#10743,#10754,#10765,
    #10776,#10787,#10798,#10809,#10820,#10831,#10842,#10853,#10864,
    #10875,#10886,#10897,#10908,#10919,#10930,#10941,#10952,#10963,
    #10974,#10985,#10996,#11007,#11018,#11029,#11040,#11051),#11062,.F.
  );
#10413 = FACE_BOUND('',#10414,.F.);
#10414 = EDGE_LOOP('',(#10415,#10416,#10417,#10423));
#10415 = ORIENTED_EDGE('',*,*,#10340,.F.);
#10416 = ORIENTED_EDGE('',*,*,#10371,.F.);
#10417 = ORIENTED_EDGE('',*,*,#10418,.F.);
#10418 = EDGE_CURVE('',#10395,#10355,#10419,.T.);
#10419 = LINE('',#10420,#10421);
#10420 = CARTESIAN_POINT('',(60.,-54.,0.));
#10421 = VECTOR('',#10422,1.);
#10422 = DIRECTION('',(1.,0.,0.));
#10423 = ORIENTED_EDGE('',*,*,#10402,.F.);
#10424 = FACE_BOUND('',#10425,.F.);
#10425 = EDGE_LOOP('',(#10426));
#10426 = ORIENTED_EDGE('',*,*,#10427,.T.);
#10427 = EDGE_CURVE('',#10428,#10428,#10430,.T.);
#10428 = VERTEX_POINT('',#10429);
#10429 = CARTESIAN_POINT('',(63.5,-144.1,0.));
#10430 = CIRCLE('',#10431,1.6);
#10431 = AXIS2_PLACEMENT_3D('',#10432,#10433,#10434);
#10432 = CARTESIAN_POINT('',(63.5,-142.5,0.));
#10433 = DIRECTION('',(-0.,0.,-1.));
#10434 = DIRECTION('',(-0.,-1.,0.));
#10435 = FACE_BOUND('',#10436,.F.);
#10436 = EDGE_LOOP('',(#10437));
#10437 = ORIENTED_EDGE('',*,*,#10438,.T.);
#10438 = EDGE_CURVE('',#10439,#10439,#10441,.T.);
#10439 = VERTEX_POINT('',#10440);
#10440 = CARTESIAN_POINT('',(66.5,-136.06,0.));
#10441 = CIRCLE('',#10442,0.8);
#10442 = AXIS2_PLACEMENT_3D('',#10443,#10444,#10445);
#10443 = CARTESIAN_POINT('',(66.5,-135.26,0.));
#10444 = DIRECTION('',(-0.,0.,-1.));
#10445 = DIRECTION('',(-0.,-1.,0.));
#10446 = FACE_BOUND('',#10447,.F.);
#10447 = EDGE_LOOP('',(#10448));
#10448 = ORIENTED_EDGE('',*,*,#10449,.T.);
#10449 = EDGE_CURVE('',#10450,#10450,#10452,.T.);
#10450 = VERTEX_POINT('',#10451);
#10451 = CARTESIAN_POINT('',(66.5,-130.98,0.));
#10452 = CIRCLE('',#10453,0.8);
#10453 = AXIS2_PLACEMENT_3D('',#10454,#10455,#10456);
#10454 = CARTESIAN_POINT('',(66.5,-130.18,0.));
#10455 = DIRECTION('',(-0.,0.,-1.));
#10456 = DIRECTION('',(-0.,-1.,0.));
#10457 = FACE_BOUND('',#10458,.F.);
#10458 = EDGE_LOOP('',(#10459));
#10459 = ORIENTED_EDGE('',*,*,#10460,.T.);
#10460 = EDGE_CURVE('',#10461,#10461,#10463,.T.);
#10461 = VERTEX_POINT('',#10462);
#10462 = CARTESIAN_POINT('',(66.5,-125.9,0.));
#10463 = CIRCLE('',#10464,0.8);
#10464 = AXIS2_PLACEMENT_3D('',#10465,#10466,#10467);
#10465 = CARTESIAN_POINT('',(66.5,-125.1,0.));
#10466 = DIRECTION('',(-0.,0.,-1.));
#10467 = DIRECTION('',(-0.,-1.,0.));
#10468 = FACE_BOUND('',#10469,.F.);
#10469 = EDGE_LOOP('',(#10470));
#10470 = ORIENTED_EDGE('',*,*,#10471,.T.);
#10471 = EDGE_CURVE('',#10472,#10472,#10474,.T.);
#10472 = VERTEX_POINT('',#10473);
#10473 = CARTESIAN_POINT('',(66.5,-120.82,0.));
#10474 = CIRCLE('',#10475,0.8);
#10475 = AXIS2_PLACEMENT_3D('',#10476,#10477,#10478);
#10476 = CARTESIAN_POINT('',(66.5,-120.02,0.));
#10477 = DIRECTION('',(-0.,0.,-1.));
#10478 = DIRECTION('',(-0.,-1.,0.));
#10479 = FACE_BOUND('',#10480,.F.);
#10480 = EDGE_LOOP('',(#10481));
#10481 = ORIENTED_EDGE('',*,*,#10482,.T.);
#10482 = EDGE_CURVE('',#10483,#10483,#10485,.T.);
#10483 = VERTEX_POINT('',#10484);
#10484 = CARTESIAN_POINT('',(66.5,-115.74,0.));
#10485 = CIRCLE('',#10486,0.8);
#10486 = AXIS2_PLACEMENT_3D('',#10487,#10488,#10489);
#10487 = CARTESIAN_POINT('',(66.5,-114.94,0.));
#10488 = DIRECTION('',(-0.,0.,-1.));
#10489 = DIRECTION('',(-0.,-1.,0.));
#10490 = FACE_BOUND('',#10491,.F.);
#10491 = EDGE_LOOP('',(#10492));
#10492 = ORIENTED_EDGE('',*,*,#10493,.T.);
#10493 = EDGE_CURVE('',#10494,#10494,#10496,.T.);
#10494 = VERTEX_POINT('',#10495);
#10495 = CARTESIAN_POINT('',(66.5,-110.66,0.));
#10496 = CIRCLE('',#10497,0.8);
#10497 = AXIS2_PLACEMENT_3D('',#10498,#10499,#10500);
#10498 = CARTESIAN_POINT('',(66.5,-109.86,0.));
#10499 = DIRECTION('',(-0.,0.,-1.));
#10500 = DIRECTION('',(-0.,-1.,0.));
#10501 = FACE_BOUND('',#10502,.F.);
#10502 = EDGE_LOOP('',(#10503));
#10503 = ORIENTED_EDGE('',*,*,#10504,.T.);
#10504 = EDGE_CURVE('',#10505,#10505,#10507,.T.);
#10505 = VERTEX_POINT('',#10506);
#10506 = CARTESIAN_POINT('',(66.5,-105.58,0.));
#10507 = CIRCLE('',#10508,0.8);
#10508 = AXIS2_PLACEMENT_3D('',#10509,#10510,#10511);
#10509 = CARTESIAN_POINT('',(66.5,-104.78,0.));
#10510 = DIRECTION('',(-0.,0.,-1.));
#10511 = DIRECTION('',(-0.,-1.,0.));
#10512 = FACE_BOUND('',#10513,.F.);
#10513 = EDGE_LOOP('',(#10514));
#10514 = ORIENTED_EDGE('',*,*,#10515,.T.);
#10515 = EDGE_CURVE('',#10516,#10516,#10518,.T.);
#10516 = VERTEX_POINT('',#10517);
#10517 = CARTESIAN_POINT('',(86.5,-120.82,0.));
#10518 = CIRCLE('',#10519,0.8);
#10519 = AXIS2_PLACEMENT_3D('',#10520,#10521,#10522);
#10520 = CARTESIAN_POINT('',(86.5,-120.02,0.));
#10521 = DIRECTION('',(-0.,0.,-1.));
#10522 = DIRECTION('',(-0.,-1.,0.));
#10523 = FACE_BOUND('',#10524,.F.);
#10524 = EDGE_LOOP('',(#10525));
#10525 = ORIENTED_EDGE('',*,*,#10526,.T.);
#10526 = EDGE_CURVE('',#10527,#10527,#10529,.T.);
#10527 = VERTEX_POINT('',#10528);
#10528 = CARTESIAN_POINT('',(86.5,-115.74,0.));
#10529 = CIRCLE('',#10530,0.8);
#10530 = AXIS2_PLACEMENT_3D('',#10531,#10532,#10533);
#10531 = CARTESIAN_POINT('',(86.5,-114.94,0.));
#10532 = DIRECTION('',(-0.,0.,-1.));
#10533 = DIRECTION('',(-0.,-1.,0.));
#10534 = FACE_BOUND('',#10535,.F.);
#10535 = EDGE_LOOP('',(#10536));
#10536 = ORIENTED_EDGE('',*,*,#10537,.T.);
#10537 = EDGE_CURVE('',#10538,#10538,#10540,.T.);
#10538 = VERTEX_POINT('',#10539);
#10539 = CARTESIAN_POINT('',(86.5,-110.66,0.));
#10540 = CIRCLE('',#10541,0.8);
#10541 = AXIS2_PLACEMENT_3D('',#10542,#10543,#10544);
#10542 = CARTESIAN_POINT('',(86.5,-109.86,0.));
#10543 = DIRECTION('',(-0.,0.,-1.));
#10544 = DIRECTION('',(-0.,-1.,0.));
#10545 = FACE_BOUND('',#10546,.F.);
#10546 = EDGE_LOOP('',(#10547));
#10547 = ORIENTED_EDGE('',*,*,#10548,.T.);
#10548 = EDGE_CURVE('',#10549,#10549,#10551,.T.);
#10549 = VERTEX_POINT('',#10550);
#10550 = CARTESIAN_POINT('',(86.5,-105.58,0.));
#10551 = CIRCLE('',#10552,0.8);
#10552 = AXIS2_PLACEMENT_3D('',#10553,#10554,#10555);
#10553 = CARTESIAN_POINT('',(86.5,-104.78,0.));
#10554 = DIRECTION('',(-0.,0.,-1.));
#10555 = DIRECTION('',(-0.,-1.,0.));
#10556 = FACE_BOUND('',#10557,.F.);
#10557 = EDGE_LOOP('',(#10558));
#10558 = ORIENTED_EDGE('',*,*,#10559,.T.);
#10559 = EDGE_CURVE('',#10560,#10560,#10562,.T.);
#10560 = VERTEX_POINT('',#10561);
#10561 = CARTESIAN_POINT('',(156.5,-144.1,0.));
#10562 = CIRCLE('',#10563,1.6);
#10563 = AXIS2_PLACEMENT_3D('',#10564,#10565,#10566);
#10564 = CARTESIAN_POINT('',(156.5,-142.5,0.));
#10565 = DIRECTION('',(-0.,0.,-1.));
#10566 = DIRECTION('',(-0.,-1.,0.));
#10567 = FACE_BOUND('',#10568,.F.);
#10568 = EDGE_LOOP('',(#10569));
#10569 = ORIENTED_EDGE('',*,*,#10570,.T.);
#10570 = EDGE_CURVE('',#10571,#10571,#10573,.T.);
#10571 = VERTEX_POINT('',#10572);
#10572 = CARTESIAN_POINT('',(146.5,-136.06,0.));
#10573 = CIRCLE('',#10574,0.8);
#10574 = AXIS2_PLACEMENT_3D('',#10575,#10576,#10577);
#10575 = CARTESIAN_POINT('',(146.5,-135.26,0.));
#10576 = DIRECTION('',(-0.,0.,-1.));
#10577 = DIRECTION('',(-0.,-1.,0.));
#10578 = FACE_BOUND('',#10579,.F.);
#10579 = EDGE_LOOP('',(#10580));
#10580 = ORIENTED_EDGE('',*,*,#10581,.T.);
#10581 = EDGE_CURVE('',#10582,#10582,#10584,.T.);
#10582 = VERTEX_POINT('',#10583);
#10583 = CARTESIAN_POINT('',(146.5,-130.98,0.));
#10584 = CIRCLE('',#10585,0.8);
#10585 = AXIS2_PLACEMENT_3D('',#10586,#10587,#10588);
#10586 = CARTESIAN_POINT('',(146.5,-130.18,0.));
#10587 = DIRECTION('',(-0.,0.,-1.));
#10588 = DIRECTION('',(-0.,-1.,0.));
#10589 = FACE_BOUND('',#10590,.F.);
#10590 = EDGE_LOOP('',(#10591));
#10591 = ORIENTED_EDGE('',*,*,#10592,.T.);
#10592 = EDGE_CURVE('',#10593,#10593,#10595,.T.);
#10593 = VERTEX_POINT('',#10594);
#10594 = CARTESIAN_POINT('',(146.5,-125.9,0.));
#10595 = CIRCLE('',#10596,0.8);
#10596 = AXIS2_PLACEMENT_3D('',#10597,#10598,#10599);
#10597 = CARTESIAN_POINT('',(146.5,-125.1,0.));
#10598 = DIRECTION('',(-0.,0.,-1.));
#10599 = DIRECTION('',(-0.,-1.,0.));
#10600 = FACE_BOUND('',#10601,.F.);
#10601 = EDGE_LOOP('',(#10602));
#10602 = ORIENTED_EDGE('',*,*,#10603,.T.);
#10603 = EDGE_CURVE('',#10604,#10604,#10606,.T.);
#10604 = VERTEX_POINT('',#10605);
#10605 = CARTESIAN_POINT('',(116.5,-120.82,0.));
#10606 = CIRCLE('',#10607,0.8);
#10607 = AXIS2_PLACEMENT_3D('',#10608,#10609,#10610);
#10608 = CARTESIAN_POINT('',(116.5,-120.02,0.));
#10609 = DIRECTION('',(-0.,0.,-1.));
#10610 = DIRECTION('',(-0.,-1.,0.));
#10611 = FACE_BOUND('',#10612,.F.);
#10612 = EDGE_LOOP('',(#10613));
#10613 = ORIENTED_EDGE('',*,*,#10614,.T.);
#10614 = EDGE_CURVE('',#10615,#10615,#10617,.T.);
#10615 = VERTEX_POINT('',#10616);
#10616 = CARTESIAN_POINT('',(116.5,-115.74,0.));
#10617 = CIRCLE('',#10618,0.8);
#10618 = AXIS2_PLACEMENT_3D('',#10619,#10620,#10621);
#10619 = CARTESIAN_POINT('',(116.5,-114.94,0.));
#10620 = DIRECTION('',(-0.,0.,-1.));
#10621 = DIRECTION('',(-0.,-1.,0.));
#10622 = FACE_BOUND('',#10623,.F.);
#10623 = EDGE_LOOP('',(#10624));
#10624 = ORIENTED_EDGE('',*,*,#10625,.T.);
#10625 = EDGE_CURVE('',#10626,#10626,#10628,.T.);
#10626 = VERTEX_POINT('',#10627);
#10627 = CARTESIAN_POINT('',(116.5,-110.66,0.));
#10628 = CIRCLE('',#10629,0.8);
#10629 = AXIS2_PLACEMENT_3D('',#10630,#10631,#10632);
#10630 = CARTESIAN_POINT('',(116.5,-109.86,0.));
#10631 = DIRECTION('',(-0.,0.,-1.));
#10632 = DIRECTION('',(-0.,-1.,0.));
#10633 = FACE_BOUND('',#10634,.F.);
#10634 = EDGE_LOOP('',(#10635));
#10635 = ORIENTED_EDGE('',*,*,#10636,.T.);
#10636 = EDGE_CURVE('',#10637,#10637,#10639,.T.);
#10637 = VERTEX_POINT('',#10638);
#10638 = CARTESIAN_POINT('',(116.5,-105.58,0.));
#10639 = CIRCLE('',#10640,0.8);
#10640 = AXIS2_PLACEMENT_3D('',#10641,#10642,#10643);
#10641 = CARTESIAN_POINT('',(116.5,-104.78,0.));
#10642 = DIRECTION('',(-0.,0.,-1.));
#10643 = DIRECTION('',(-0.,-1.,0.));
#10644 = FACE_BOUND('',#10645,.F.);
#10645 = EDGE_LOOP('',(#10646));
#10646 = ORIENTED_EDGE('',*,*,#10647,.T.);
#10647 = EDGE_CURVE('',#10648,#10648,#10650,.T.);
#10648 = VERTEX_POINT('',#10649);
#10649 = CARTESIAN_POINT('',(146.5,-120.82,0.));
#10650 = CIRCLE('',#10651,0.8);
#10651 = AXIS2_PLACEMENT_3D('',#10652,#10653,#10654);
#10652 = CARTESIAN_POINT('',(146.5,-120.02,0.));
#10653 = DIRECTION('',(-0.,0.,-1.));
#10654 = DIRECTION('',(-0.,-1.,0.));
#10655 = FACE_BOUND('',#10656,.F.);
#10656 = EDGE_LOOP('',(#10657));
#10657 = ORIENTED_EDGE('',*,*,#10658,.T.);
#10658 = EDGE_CURVE('',#10659,#10659,#10661,.T.);
#10659 = VERTEX_POINT('',#10660);
#10660 = CARTESIAN_POINT('',(146.5,-115.74,0.));
#10661 = CIRCLE('',#10662,0.8);
#10662 = AXIS2_PLACEMENT_3D('',#10663,#10664,#10665);
#10663 = CARTESIAN_POINT('',(146.5,-114.94,0.));
#10664 = DIRECTION('',(-0.,0.,-1.));
#10665 = DIRECTION('',(-0.,-1.,0.));
#10666 = FACE_BOUND('',#10667,.F.);
#10667 = EDGE_LOOP('',(#10668));
#10668 = ORIENTED_EDGE('',*,*,#10669,.T.);
#10669 = EDGE_CURVE('',#10670,#10670,#10672,.T.);
#10670 = VERTEX_POINT('',#10671);
#10671 = CARTESIAN_POINT('',(146.5,-110.66,0.));
#10672 = CIRCLE('',#10673,0.8);
#10673 = AXIS2_PLACEMENT_3D('',#10674,#10675,#10676);
#10674 = CARTESIAN_POINT('',(146.5,-109.86,0.));
#10675 = DIRECTION('',(-0.,0.,-1.));
#10676 = DIRECTION('',(-0.,-1.,0.));
#10677 = FACE_BOUND('',#10678,.F.);
#10678 = EDGE_LOOP('',(#10679));
#10679 = ORIENTED_EDGE('',*,*,#10680,.T.);
#10680 = EDGE_CURVE('',#10681,#10681,#10683,.T.);
#10681 = VERTEX_POINT('',#10682);
#10682 = CARTESIAN_POINT('',(146.5,-105.58,0.));
#10683 = CIRCLE('',#10684,0.8);
#10684 = AXIS2_PLACEMENT_3D('',#10685,#10686,#10687);
#10685 = CARTESIAN_POINT('',(146.5,-104.78,0.));
#10686 = DIRECTION('',(-0.,0.,-1.));
#10687 = DIRECTION('',(-0.,-1.,0.));
#10688 = FACE_BOUND('',#10689,.F.);
#10689 = EDGE_LOOP('',(#10690));
#10690 = ORIENTED_EDGE('',*,*,#10691,.T.);
#10691 = EDGE_CURVE('',#10692,#10692,#10694,.T.);
#10692 = VERTEX_POINT('',#10693);
#10693 = CARTESIAN_POINT('',(66.5,-100.5,0.));
#10694 = CIRCLE('',#10695,0.8);
#10695 = AXIS2_PLACEMENT_3D('',#10696,#10697,#10698);
#10696 = CARTESIAN_POINT('',(66.5,-99.7,0.));
#10697 = DIRECTION('',(-0.,0.,-1.));
#10698 = DIRECTION('',(-0.,-1.,0.));
#10699 = FACE_BOUND('',#10700,.F.);
#10700 = EDGE_LOOP('',(#10701));
#10701 = ORIENTED_EDGE('',*,*,#10702,.T.);
#10702 = EDGE_CURVE('',#10703,#10703,#10705,.T.);
#10703 = VERTEX_POINT('',#10704);
#10704 = CARTESIAN_POINT('',(66.5,-95.42,0.));
#10705 = CIRCLE('',#10706,0.8);
#10706 = AXIS2_PLACEMENT_3D('',#10707,#10708,#10709);
#10707 = CARTESIAN_POINT('',(66.5,-94.62,0.));
#10708 = DIRECTION('',(-0.,0.,-1.));
#10709 = DIRECTION('',(-0.,-1.,0.));
#10710 = FACE_BOUND('',#10711,.F.);
#10711 = EDGE_LOOP('',(#10712));
#10712 = ORIENTED_EDGE('',*,*,#10713,.T.);
#10713 = EDGE_CURVE('',#10714,#10714,#10716,.T.);
#10714 = VERTEX_POINT('',#10715);
#10715 = CARTESIAN_POINT('',(66.5,-90.34,0.));
#10716 = CIRCLE('',#10717,0.8);
#10717 = AXIS2_PLACEMENT_3D('',#10718,#10719,#10720);
#10718 = CARTESIAN_POINT('',(66.5,-89.54,0.));
#10719 = DIRECTION('',(-0.,0.,-1.));
#10720 = DIRECTION('',(-0.,-1.,0.));
#10721 = FACE_BOUND('',#10722,.F.);
#10722 = EDGE_LOOP('',(#10723));
#10723 = ORIENTED_EDGE('',*,*,#10724,.T.);
#10724 = EDGE_CURVE('',#10725,#10725,#10727,.T.);
#10725 = VERTEX_POINT('',#10726);
#10726 = CARTESIAN_POINT('',(66.5,-85.26,0.));
#10727 = CIRCLE('',#10728,0.8);
#10728 = AXIS2_PLACEMENT_3D('',#10729,#10730,#10731);
#10729 = CARTESIAN_POINT('',(66.5,-84.46,0.));
#10730 = DIRECTION('',(-0.,0.,-1.));
#10731 = DIRECTION('',(-0.,-1.,0.));
#10732 = FACE_BOUND('',#10733,.F.);
#10733 = EDGE_LOOP('',(#10734));
#10734 = ORIENTED_EDGE('',*,*,#10735,.T.);
#10735 = EDGE_CURVE('',#10736,#10736,#10738,.T.);
#10736 = VERTEX_POINT('',#10737);
#10737 = CARTESIAN_POINT('',(66.5,-80.18,0.));
#10738 = CIRCLE('',#10739,0.8);
#10739 = AXIS2_PLACEMENT_3D('',#10740,#10741,#10742);
#10740 = CARTESIAN_POINT('',(66.5,-79.38,0.));
#10741 = DIRECTION('',(-0.,0.,-1.));
#10742 = DIRECTION('',(-0.,-1.,0.));
#10743 = FACE_BOUND('',#10744,.F.);
#10744 = EDGE_LOOP('',(#10745));
#10745 = ORIENTED_EDGE('',*,*,#10746,.T.);
#10746 = EDGE_CURVE('',#10747,#10747,#10749,.T.);
#10747 = VERTEX_POINT('',#10748);
#10748 = CARTESIAN_POINT('',(86.5,-100.5,0.));
#10749 = CIRCLE('',#10750,0.8);
#10750 = AXIS2_PLACEMENT_3D('',#10751,#10752,#10753);
#10751 = CARTESIAN_POINT('',(86.5,-99.7,0.));
#10752 = DIRECTION('',(-0.,0.,-1.));
#10753 = DIRECTION('',(-0.,-1.,0.));
#10754 = FACE_BOUND('',#10755,.F.);
#10755 = EDGE_LOOP('',(#10756));
#10756 = ORIENTED_EDGE('',*,*,#10757,.T.);
#10757 = EDGE_CURVE('',#10758,#10758,#10760,.T.);
#10758 = VERTEX_POINT('',#10759);
#10759 = CARTESIAN_POINT('',(86.5,-95.42,0.));
#10760 = CIRCLE('',#10761,0.8);
#10761 = AXIS2_PLACEMENT_3D('',#10762,#10763,#10764);
#10762 = CARTESIAN_POINT('',(86.5,-94.62,0.));
#10763 = DIRECTION('',(-0.,0.,-1.));
#10764 = DIRECTION('',(-0.,-1.,0.));
#10765 = FACE_BOUND('',#10766,.F.);
#10766 = EDGE_LOOP('',(#10767));
#10767 = ORIENTED_EDGE('',*,*,#10768,.T.);
#10768 = EDGE_CURVE('',#10769,#10769,#10771,.T.);
#10769 = VERTEX_POINT('',#10770);
#10770 = CARTESIAN_POINT('',(86.5,-90.34,0.));
#10771 = CIRCLE('',#10772,0.8);
#10772 = AXIS2_PLACEMENT_3D('',#10773,#10774,#10775);
#10773 = CARTESIAN_POINT('',(86.5,-89.54,0.));
#10774 = DIRECTION('',(-0.,0.,-1.));
#10775 = DIRECTION('',(-0.,-1.,0.));
#10776 = FACE_BOUND('',#10777,.F.);
#10777 = EDGE_LOOP('',(#10778));
#10778 = ORIENTED_EDGE('',*,*,#10779,.T.);
#10779 = EDGE_CURVE('',#10780,#10780,#10782,.T.);
#10780 = VERTEX_POINT('',#10781);
#10781 = CARTESIAN_POINT('',(86.5,-85.26,0.));
#10782 = CIRCLE('',#10783,0.8);
#10783 = AXIS2_PLACEMENT_3D('',#10784,#10785,#10786);
#10784 = CARTESIAN_POINT('',(86.5,-84.46,0.));
#10785 = DIRECTION('',(-0.,0.,-1.));
#10786 = DIRECTION('',(-0.,-1.,0.));
#10787 = FACE_BOUND('',#10788,.F.);
#10788 = EDGE_LOOP('',(#10789));
#10789 = ORIENTED_EDGE('',*,*,#10790,.T.);
#10790 = EDGE_CURVE('',#10791,#10791,#10793,.T.);
#10791 = VERTEX_POINT('',#10792);
#10792 = CARTESIAN_POINT('',(86.5,-80.18,0.));
#10793 = CIRCLE('',#10794,0.8);
#10794 = AXIS2_PLACEMENT_3D('',#10795,#10796,#10797);
#10795 = CARTESIAN_POINT('',(86.5,-79.38,0.));
#10796 = DIRECTION('',(-0.,0.,-1.));
#10797 = DIRECTION('',(-0.,-1.,0.));
#10798 = FACE_BOUND('',#10799,.F.);
#10799 = EDGE_LOOP('',(#10800));
#10800 = ORIENTED_EDGE('',*,*,#10801,.T.);
#10801 = EDGE_CURVE('',#10802,#10802,#10804,.T.);
#10802 = VERTEX_POINT('',#10803);
#10803 = CARTESIAN_POINT('',(66.5,-75.1,0.));
#10804 = CIRCLE('',#10805,0.8);
#10805 = AXIS2_PLACEMENT_3D('',#10806,#10807,#10808);
#10806 = CARTESIAN_POINT('',(66.5,-74.3,0.));
#10807 = DIRECTION('',(-0.,0.,-1.));
#10808 = DIRECTION('',(-0.,-1.,0.));
#10809 = FACE_BOUND('',#10810,.F.);
#10810 = EDGE_LOOP('',(#10811));
#10811 = ORIENTED_EDGE('',*,*,#10812,.T.);
#10812 = EDGE_CURVE('',#10813,#10813,#10815,.T.);
#10813 = VERTEX_POINT('',#10814);
#10814 = CARTESIAN_POINT('',(66.5,-70.02,0.));
#10815 = CIRCLE('',#10816,0.8);
#10816 = AXIS2_PLACEMENT_3D('',#10817,#10818,#10819);
#10817 = CARTESIAN_POINT('',(66.5,-69.22,0.));
#10818 = DIRECTION('',(-0.,0.,-1.));
#10819 = DIRECTION('',(-0.,-1.,0.));
#10820 = FACE_BOUND('',#10821,.F.);
#10821 = EDGE_LOOP('',(#10822));
#10822 = ORIENTED_EDGE('',*,*,#10823,.T.);
#10823 = EDGE_CURVE('',#10824,#10824,#10826,.T.);
#10824 = VERTEX_POINT('',#10825);
#10825 = CARTESIAN_POINT('',(66.5,-64.94,0.));
#10826 = CIRCLE('',#10827,0.8);
#10827 = AXIS2_PLACEMENT_3D('',#10828,#10829,#10830);
#10828 = CARTESIAN_POINT('',(66.5,-64.14,0.));
#10829 = DIRECTION('',(-0.,0.,-1.));
#10830 = DIRECTION('',(-0.,-1.,0.));
#10831 = FACE_BOUND('',#10832,.F.);
#10832 = EDGE_LOOP('',(#10833));
#10833 = ORIENTED_EDGE('',*,*,#10834,.T.);
#10834 = EDGE_CURVE('',#10835,#10835,#10837,.T.);
#10835 = VERTEX_POINT('',#10836);
#10836 = CARTESIAN_POINT('',(63.5,-59.1,0.));
#10837 = CIRCLE('',#10838,1.6);
#10838 = AXIS2_PLACEMENT_3D('',#10839,#10840,#10841);
#10839 = CARTESIAN_POINT('',(63.5,-57.5,0.));
#10840 = DIRECTION('',(-0.,0.,-1.));
#10841 = DIRECTION('',(-0.,-1.,0.));
#10842 = FACE_BOUND('',#10843,.F.);
#10843 = EDGE_LOOP('',(#10844));
#10844 = ORIENTED_EDGE('',*,*,#10845,.T.);
#10845 = EDGE_CURVE('',#10846,#10846,#10848,.T.);
#10846 = VERTEX_POINT('',#10847);
#10847 = CARTESIAN_POINT('',(86.5,-75.1,0.));
#10848 = CIRCLE('',#10849,0.8);
#10849 = AXIS2_PLACEMENT_3D('',#10850,#10851,#10852);
#10850 = CARTESIAN_POINT('',(86.5,-74.3,0.));
#10851 = DIRECTION('',(-0.,0.,-1.));
#10852 = DIRECTION('',(-0.,-1.,0.));
#10853 = FACE_BOUND('',#10854,.F.);
#10854 = EDGE_LOOP('',(#10855));
#10855 = ORIENTED_EDGE('',*,*,#10856,.T.);
#10856 = EDGE_CURVE('',#10857,#10857,#10859,.T.);
#10857 = VERTEX_POINT('',#10858);
#10858 = CARTESIAN_POINT('',(86.5,-70.02,0.));
#10859 = CIRCLE('',#10860,0.8);
#10860 = AXIS2_PLACEMENT_3D('',#10861,#10862,#10863);
#10861 = CARTESIAN_POINT('',(86.5,-69.22,0.));
#10862 = DIRECTION('',(-0.,0.,-1.));
#10863 = DIRECTION('',(-0.,-1.,0.));
#10864 = FACE_BOUND('',#10865,.F.);
#10865 = EDGE_LOOP('',(#10866));
#10866 = ORIENTED_EDGE('',*,*,#10867,.T.);
#10867 = EDGE_CURVE('',#10868,#10868,#10870,.T.);
#10868 = VERTEX_POINT('',#10869);
#10869 = CARTESIAN_POINT('',(86.5,-64.94,0.));
#10870 = CIRCLE('',#10871,0.8);
#10871 = AXIS2_PLACEMENT_3D('',#10872,#10873,#10874);
#10872 = CARTESIAN_POINT('',(86.5,-64.14,0.));
#10873 = DIRECTION('',(-0.,0.,-1.));
#10874 = DIRECTION('',(-0.,-1.,0.));
#10875 = FACE_BOUND('',#10876,.F.);
#10876 = EDGE_LOOP('',(#10877));
#10877 = ORIENTED_EDGE('',*,*,#10878,.T.);
#10878 = EDGE_CURVE('',#10879,#10879,#10881,.T.);
#10879 = VERTEX_POINT('',#10880);
#10880 = CARTESIAN_POINT('',(116.5,-100.5,0.));
#10881 = CIRCLE('',#10882,0.8);
#10882 = AXIS2_PLACEMENT_3D('',#10883,#10884,#10885);
#10883 = CARTESIAN_POINT('',(116.5,-99.7,0.));
#10884 = DIRECTION('',(-0.,0.,-1.));
#10885 = DIRECTION('',(-0.,-1.,0.));
#10886 = FACE_BOUND('',#10887,.F.);
#10887 = EDGE_LOOP('',(#10888));
#10888 = ORIENTED_EDGE('',*,*,#10889,.T.);
#10889 = EDGE_CURVE('',#10890,#10890,#10892,.T.);
#10890 = VERTEX_POINT('',#10891);
#10891 = CARTESIAN_POINT('',(116.5,-95.42,0.));
#10892 = CIRCLE('',#10893,0.8);
#10893 = AXIS2_PLACEMENT_3D('',#10894,#10895,#10896);
#10894 = CARTESIAN_POINT('',(116.5,-94.62,0.));
#10895 = DIRECTION('',(-0.,0.,-1.));
#10896 = DIRECTION('',(-0.,-1.,0.));
#10897 = FACE_BOUND('',#10898,.F.);
#10898 = EDGE_LOOP('',(#10899));
#10899 = ORIENTED_EDGE('',*,*,#10900,.T.);
#10900 = EDGE_CURVE('',#10901,#10901,#10903,.T.);
#10901 = VERTEX_POINT('',#10902);
#10902 = CARTESIAN_POINT('',(116.5,-90.34,0.));
#10903 = CIRCLE('',#10904,0.8);
#10904 = AXIS2_PLACEMENT_3D('',#10905,#10906,#10907);
#10905 = CARTESIAN_POINT('',(116.5,-89.54,0.));
#10906 = DIRECTION('',(-0.,0.,-1.));
#10907 = DIRECTION('',(-0.,-1.,0.));
#10908 = FACE_BOUND('',#10909,.F.);
#10909 = EDGE_LOOP('',(#10910));
#10910 = ORIENTED_EDGE('',*,*,#10911,.T.);
#10911 = EDGE_CURVE('',#10912,#10912,#10914,.T.);
#10912 = VERTEX_POINT('',#10913);
#10913 = CARTESIAN_POINT('',(116.5,-85.26,0.));
#10914 = CIRCLE('',#10915,0.8);
#10915 = AXIS2_PLACEMENT_3D('',#10916,#10917,#10918);
#10916 = CARTESIAN_POINT('',(116.5,-84.46,0.));
#10917 = DIRECTION('',(-0.,0.,-1.));
#10918 = DIRECTION('',(-0.,-1.,0.));
#10919 = FACE_BOUND('',#10920,.F.);
#10920 = EDGE_LOOP('',(#10921));
#10921 = ORIENTED_EDGE('',*,*,#10922,.T.);
#10922 = EDGE_CURVE('',#10923,#10923,#10925,.T.);
#10923 = VERTEX_POINT('',#10924);
#10924 = CARTESIAN_POINT('',(116.5,-80.18,0.));
#10925 = CIRCLE('',#10926,0.8);
#10926 = AXIS2_PLACEMENT_3D('',#10927,#10928,#10929);
#10927 = CARTESIAN_POINT('',(116.5,-79.38,0.));
#10928 = DIRECTION('',(-0.,0.,-1.));
#10929 = DIRECTION('',(-0.,-1.,0.));
#10930 = FACE_BOUND('',#10931,.F.);
#10931 = EDGE_LOOP('',(#10932));
#10932 = ORIENTED_EDGE('',*,*,#10933,.T.);
#10933 = EDGE_CURVE('',#10934,#10934,#10936,.T.);
#10934 = VERTEX_POINT('',#10935);
#10935 = CARTESIAN_POINT('',(146.5,-100.5,0.));
#10936 = CIRCLE('',#10937,0.8);
#10937 = AXIS2_PLACEMENT_3D('',#10938,#10939,#10940);
#10938 = CARTESIAN_POINT('',(146.5,-99.7,0.));
#10939 = DIRECTION('',(-0.,0.,-1.));
#10940 = DIRECTION('',(-0.,-1.,0.));
#10941 = FACE_BOUND('',#10942,.F.);
#10942 = EDGE_LOOP('',(#10943));
#10943 = ORIENTED_EDGE('',*,*,#10944,.T.);
#10944 = EDGE_CURVE('',#10945,#10945,#10947,.T.);
#10945 = VERTEX_POINT('',#10946);
#10946 = CARTESIAN_POINT('',(146.5,-95.42,0.));
#10947 = CIRCLE('',#10948,0.8);
#10948 = AXIS2_PLACEMENT_3D('',#10949,#10950,#10951);
#10949 = CARTESIAN_POINT('',(146.5,-94.62,0.));
#10950 = DIRECTION('',(-0.,0.,-1.));
#10951 = DIRECTION('',(-0.,-1.,0.));
#10952 = FACE_BOUND('',#10953,.F.);
#10953 = EDGE_LOOP('',(#10954));
#10954 = ORIENTED_EDGE('',*,*,#10955,.T.);
#10955 = EDGE_CURVE('',#10956,#10956,#10958,.T.);
#10956 = VERTEX_POINT('',#10957);
#10957 = CARTESIAN_POINT('',(146.5,-90.34,0.));
#10958 = CIRCLE('',#10959,0.8);
#10959 = AXIS2_PLACEMENT_3D('',#10960,#10961,#10962);
#10960 = CARTESIAN_POINT('',(146.5,-89.54,0.));
#10961 = DIRECTION('',(-0.,0.,-1.));
#10962 = DIRECTION('',(-0.,-1.,0.));
#10963 = FACE_BOUND('',#10964,.F.);
#10964 = EDGE_LOOP('',(#10965));
#10965 = ORIENTED_EDGE('',*,*,#10966,.T.);
#10966 = EDGE_CURVE('',#10967,#10967,#10969,.T.);
#10967 = VERTEX_POINT('',#10968);
#10968 = CARTESIAN_POINT('',(146.5,-85.26,0.));
#10969 = CIRCLE('',#10970,0.8);
#10970 = AXIS2_PLACEMENT_3D('',#10971,#10972,#10973);
#10971 = CARTESIAN_POINT('',(146.5,-84.46,0.));
#10972 = DIRECTION('',(-0.,0.,-1.));
#10973 = DIRECTION('',(-0.,-1.,0.));
#10974 = FACE_BOUND('',#10975,.F.);
#10975 = EDGE_LOOP('',(#10976));
#10976 = ORIENTED_EDGE('',*,*,#10977,.T.);
#10977 = EDGE_CURVE('',#10978,#10978,#10980,.T.);
#10978 = VERTEX_POINT('',#10979);
#10979 = CARTESIAN_POINT('',(146.5,-80.18,0.));
#10980 = CIRCLE('',#10981,0.8);
#10981 = AXIS2_PLACEMENT_3D('',#10982,#10983,#10984);
#10982 = CARTESIAN_POINT('',(146.5,-79.38,0.));
#10983 = DIRECTION('',(-0.,0.,-1.));
#10984 = DIRECTION('',(-0.,-1.,0.));
#10985 = FACE_BOUND('',#10986,.F.);
#10986 = EDGE_LOOP('',(#10987));
#10987 = ORIENTED_EDGE('',*,*,#10988,.T.);
#10988 = EDGE_CURVE('',#10989,#10989,#10991,.T.);
#10989 = VERTEX_POINT('',#10990);
#10990 = CARTESIAN_POINT('',(116.5,-75.1,0.));
#10991 = CIRCLE('',#10992,0.8);
#10992 = AXIS2_PLACEMENT_3D('',#10993,#10994,#10995);
#10993 = CARTESIAN_POINT('',(116.5,-74.3,0.));
#10994 = DIRECTION('',(-0.,0.,-1.));
#10995 = DIRECTION('',(-0.,-1.,0.));
#10996 = FACE_BOUND('',#10997,.F.);
#10997 = EDGE_LOOP('',(#10998));
#10998 = ORIENTED_EDGE('',*,*,#10999,.T.);
#10999 = EDGE_CURVE('',#11000,#11000,#11002,.T.);
#11000 = VERTEX_POINT('',#11001);
#11001 = CARTESIAN_POINT('',(116.5,-70.02,0.));
#11002 = CIRCLE('',#11003,0.8);
#11003 = AXIS2_PLACEMENT_3D('',#11004,#11005,#11006);
#11004 = CARTESIAN_POINT('',(116.5,-69.22,0.));
#11005 = DIRECTION('',(-0.,0.,-1.));
#11006 = DIRECTION('',(-0.,-1.,0.));
#11007 = FACE_BOUND('',#11008,.F.);
#11008 = EDGE_LOOP('',(#11009));
#11009 = ORIENTED_EDGE('',*,*,#11010,.T.);
#11010 = EDGE_CURVE('',#11011,#11011,#11013,.T.);
#11011 = VERTEX_POINT('',#11012);
#11012 = CARTESIAN_POINT('',(116.5,-64.94,0.));
#11013 = CIRCLE('',#11014,0.8);
#11014 = AXIS2_PLACEMENT_3D('',#11015,#11016,#11017);
#11015 = CARTESIAN_POINT('',(116.5,-64.14,0.));
#11016 = DIRECTION('',(-0.,0.,-1.));
#11017 = DIRECTION('',(-0.,-1.,0.));
#11018 = FACE_BOUND('',#11019,.F.);
#11019 = EDGE_LOOP('',(#11020));
#11020 = ORIENTED_EDGE('',*,*,#11021,.T.);
#11021 = EDGE_CURVE('',#11022,#11022,#11024,.T.);
#11022 = VERTEX_POINT('',#11023);
#11023 = CARTESIAN_POINT('',(146.5,-75.1,0.));
#11024 = CIRCLE('',#11025,0.8);
#11025 = AXIS2_PLACEMENT_3D('',#11026,#11027,#11028);
#11026 = CARTESIAN_POINT('',(146.5,-74.3,0.));
#11027 = DIRECTION('',(-0.,0.,-1.));
#11028 = DIRECTION('',(-0.,-1.,0.));
#11029 = FACE_BOUND('',#11030,.F.);
#11030 = EDGE_LOOP('',(#11031));
#11031 = ORIENTED_EDGE('',*,*,#11032,.T.);
#11032 = EDGE_CURVE('',#11033,#11033,#11035,.T.);
#11033 = VERTEX_POINT('',#11034);
#11034 = CARTESIAN_POINT('',(146.5,-70.02,0.));
#11035 = CIRCLE('',#11036,0.8);
#11036 = AXIS2_PLACEMENT_3D('',#11037,#11038,#11039);
#11037 = CARTESIAN_POINT('',(146.5,-69.22,0.));
#11038 = DIRECTION('',(-0.,0.,-1.));
#11039 = DIRECTION('',(-0.,-1.,0.));
#11040 = FACE_BOUND('',#11041,.F.);
#11041 = EDGE_LOOP('',(#11042));
#11042 = ORIENTED_EDGE('',*,*,#11043,.T.);
#11043 = EDGE_CURVE('',#11044,#11044,#11046,.T.);
#11044 = VERTEX_POINT('',#11045);
#11045 = CARTESIAN_POINT('',(146.5,-64.94,0.));
#11046 = CIRCLE('',#11047,0.8);
#11047 = AXIS2_PLACEMENT_3D('',#11048,#11049,#11050);
#11048 = CARTESIAN_POINT('',(146.5,-64.14,0.));
#11049 = DIRECTION('',(-0.,0.,-1.));
#11050 = DIRECTION('',(-0.,-1.,0.));
#11051 = FACE_BOUND('',#11052,.F.);
#11052 = EDGE_LOOP('',(#11053));
#11053 = ORIENTED_EDGE('',*,*,#11054,.T.);
#11054 = EDGE_CURVE('',#11055,#11055,#11057,.T.);
#11055 = VERTEX_POINT('',#11056);
#11056 = CARTESIAN_POINT('',(156.5,-59.1,0.));
#11057 = CIRCLE('',#11058,1.6);
#11058 = AXIS2_PLACEMENT_3D('',#11059,#11060,#11061);
#11059 = CARTESIAN_POINT('',(156.5,-57.5,0.));
#11060 = DIRECTION('',(-0.,0.,-1.));
#11061 = DIRECTION('',(-0.,-1.,0.));
#11062 = PLANE('',#11063);
#11063 = AXIS2_PLACEMENT_3D('',#11064,#11065,#11066);
#11064 = CARTESIAN_POINT('',(0.,0.,0.));
#11065 = DIRECTION('',(0.,0.,1.));
#11066 = DIRECTION('',(1.,0.,-0.));
#11067 = ADVANCED_FACE('',(#11068,#11079,#11090,#11101,#11112,#11123,
    #11134,#11145,#11156,#11167,#11178,#11189,#11200,#11211,#11222,
    #11233,#11244,#11255,#11266,#11277,#11288,#11299,#11310,#11321,
    #11332,#11343,#11354,#11365,#11376,#11387,#11398,#11409,#11420,
    #11431,#11442,#11453,#11464,#11475,#11486,#11497,#11508,#11519,
    #11530,#11541,#11552,#11563,#11574,#11585,#11596,#11607,#11618,
    #11629,#11640,#11651,#11662,#11673,#11684,#11695,#11706),#11717,.T.
  );
#11068 = FACE_BOUND('',#11069,.T.);
#11069 = EDGE_LOOP('',(#11070,#11071,#11072,#11078));
#11070 = ORIENTED_EDGE('',*,*,#10324,.F.);
#11071 = ORIENTED_EDGE('',*,*,#10364,.F.);
#11072 = ORIENTED_EDGE('',*,*,#11073,.F.);
#11073 = EDGE_CURVE('',#10387,#10357,#11074,.T.);
#11074 = LINE('',#11075,#11076);
#11075 = CARTESIAN_POINT('',(60.,-54.,1.51));
#11076 = VECTOR('',#11077,1.);
#11077 = DIRECTION('',(1.,0.,0.));
#11078 = ORIENTED_EDGE('',*,*,#10386,.F.);
#11079 = FACE_BOUND('',#11080,.T.);
#11080 = EDGE_LOOP('',(#11081));
#11081 = ORIENTED_EDGE('',*,*,#11082,.T.);
#11082 = EDGE_CURVE('',#11083,#11083,#11085,.T.);
#11083 = VERTEX_POINT('',#11084);
#11084 = CARTESIAN_POINT('',(63.5,-144.1,1.51));
#11085 = CIRCLE('',#11086,1.6);
#11086 = AXIS2_PLACEMENT_3D('',#11087,#11088,#11089);
#11087 = CARTESIAN_POINT('',(63.5,-142.5,1.51));
#11088 = DIRECTION('',(-0.,0.,-1.));
#11089 = DIRECTION('',(-0.,-1.,0.));
#11090 = FACE_BOUND('',#11091,.T.);
#11091 = EDGE_LOOP('',(#11092));
#11092 = ORIENTED_EDGE('',*,*,#11093,.T.);
#11093 = EDGE_CURVE('',#11094,#11094,#11096,.T.);
#11094 = VERTEX_POINT('',#11095);
#11095 = CARTESIAN_POINT('',(66.5,-136.06,1.51));
#11096 = CIRCLE('',#11097,0.8);
#11097 = AXIS2_PLACEMENT_3D('',#11098,#11099,#11100);
#11098 = CARTESIAN_POINT('',(66.5,-135.26,1.51));
#11099 = DIRECTION('',(-0.,0.,-1.));
#11100 = DIRECTION('',(-0.,-1.,0.));
#11101 = FACE_BOUND('',#11102,.T.);
#11102 = EDGE_LOOP('',(#11103));
#11103 = ORIENTED_EDGE('',*,*,#11104,.T.);
#11104 = EDGE_CURVE('',#11105,#11105,#11107,.T.);
#11105 = VERTEX_POINT('',#11106);
#11106 = CARTESIAN_POINT('',(66.5,-130.98,1.51));
#11107 = CIRCLE('',#11108,0.8);
#11108 = AXIS2_PLACEMENT_3D('',#11109,#11110,#11111);
#11109 = CARTESIAN_POINT('',(66.5,-130.18,1.51));
#11110 = DIRECTION('',(-0.,0.,-1.));
#11111 = DIRECTION('',(-0.,-1.,0.));
#11112 = FACE_BOUND('',#11113,.T.);
#11113 = EDGE_LOOP('',(#11114));
#11114 = ORIENTED_EDGE('',*,*,#11115,.T.);
#11115 = EDGE_CURVE('',#11116,#11116,#11118,.T.);
#11116 = VERTEX_POINT('',#11117);
#11117 = CARTESIAN_POINT('',(66.5,-125.9,1.51));
#11118 = CIRCLE('',#11119,0.8);
#11119 = AXIS2_PLACEMENT_3D('',#11120,#11121,#11122);
#11120 = CARTESIAN_POINT('',(66.5,-125.1,1.51));
#11121 = DIRECTION('',(-0.,0.,-1.));
#11122 = DIRECTION('',(-0.,-1.,0.));
#11123 = FACE_BOUND('',#11124,.T.);
#11124 = EDGE_LOOP('',(#11125));
#11125 = ORIENTED_EDGE('',*,*,#11126,.T.);
#11126 = EDGE_CURVE('',#11127,#11127,#11129,.T.);
#11127 = VERTEX_POINT('',#11128);
#11128 = CARTESIAN_POINT('',(66.5,-120.82,1.51));
#11129 = CIRCLE('',#11130,0.8);
#11130 = AXIS2_PLACEMENT_3D('',#11131,#11132,#11133);
#11131 = CARTESIAN_POINT('',(66.5,-120.02,1.51));
#11132 = DIRECTION('',(-0.,0.,-1.));
#11133 = DIRECTION('',(-0.,-1.,0.));
#11134 = FACE_BOUND('',#11135,.T.);
#11135 = EDGE_LOOP('',(#11136));
#11136 = ORIENTED_EDGE('',*,*,#11137,.T.);
#11137 = EDGE_CURVE('',#11138,#11138,#11140,.T.);
#11138 = VERTEX_POINT('',#11139);
#11139 = CARTESIAN_POINT('',(66.5,-115.74,1.51));
#11140 = CIRCLE('',#11141,0.8);
#11141 = AXIS2_PLACEMENT_3D('',#11142,#11143,#11144);
#11142 = CARTESIAN_POINT('',(66.5,-114.94,1.51));
#11143 = DIRECTION('',(-0.,0.,-1.));
#11144 = DIRECTION('',(-0.,-1.,0.));
#11145 = FACE_BOUND('',#11146,.T.);
#11146 = EDGE_LOOP('',(#11147));
#11147 = ORIENTED_EDGE('',*,*,#11148,.T.);
#11148 = EDGE_CURVE('',#11149,#11149,#11151,.T.);
#11149 = VERTEX_POINT('',#11150);
#11150 = CARTESIAN_POINT('',(66.5,-110.66,1.51));
#11151 = CIRCLE('',#11152,0.8);
#11152 = AXIS2_PLACEMENT_3D('',#11153,#11154,#11155);
#11153 = CARTESIAN_POINT('',(66.5,-109.86,1.51));
#11154 = DIRECTION('',(-0.,0.,-1.));
#11155 = DIRECTION('',(-0.,-1.,0.));
#11156 = FACE_BOUND('',#11157,.T.);
#11157 = EDGE_LOOP('',(#11158));
#11158 = ORIENTED_EDGE('',*,*,#11159,.T.);
#11159 = EDGE_CURVE('',#11160,#11160,#11162,.T.);
#11160 = VERTEX_POINT('',#11161);
#11161 = CARTESIAN_POINT('',(66.5,-105.58,1.51));
#11162 = CIRCLE('',#11163,0.8);
#11163 = AXIS2_PLACEMENT_3D('',#11164,#11165,#11166);
#11164 = CARTESIAN_POINT('',(66.5,-104.78,1.51));
#11165 = DIRECTION('',(-0.,0.,-1.));
#11166 = DIRECTION('',(-0.,-1.,0.));
#11167 = FACE_BOUND('',#11168,.T.);
#11168 = EDGE_LOOP('',(#11169));
#11169 = ORIENTED_EDGE('',*,*,#11170,.T.);
#11170 = EDGE_CURVE('',#11171,#11171,#11173,.T.);
#11171 = VERTEX_POINT('',#11172);
#11172 = CARTESIAN_POINT('',(86.5,-120.82,1.51));
#11173 = CIRCLE('',#11174,0.8);
#11174 = AXIS2_PLACEMENT_3D('',#11175,#11176,#11177);
#11175 = CARTESIAN_POINT('',(86.5,-120.02,1.51));
#11176 = DIRECTION('',(-0.,0.,-1.));
#11177 = DIRECTION('',(-0.,-1.,0.));
#11178 = FACE_BOUND('',#11179,.T.);
#11179 = EDGE_LOOP('',(#11180));
#11180 = ORIENTED_EDGE('',*,*,#11181,.T.);
#11181 = EDGE_CURVE('',#11182,#11182,#11184,.T.);
#11182 = VERTEX_POINT('',#11183);
#11183 = CARTESIAN_POINT('',(86.5,-115.74,1.51));
#11184 = CIRCLE('',#11185,0.8);
#11185 = AXIS2_PLACEMENT_3D('',#11186,#11187,#11188);
#11186 = CARTESIAN_POINT('',(86.5,-114.94,1.51));
#11187 = DIRECTION('',(-0.,0.,-1.));
#11188 = DIRECTION('',(-0.,-1.,0.));
#11189 = FACE_BOUND('',#11190,.T.);
#11190 = EDGE_LOOP('',(#11191));
#11191 = ORIENTED_EDGE('',*,*,#11192,.T.);
#11192 = EDGE_CURVE('',#11193,#11193,#11195,.T.);
#11193 = VERTEX_POINT('',#11194);
#11194 = CARTESIAN_POINT('',(86.5,-110.66,1.51));
#11195 = CIRCLE('',#11196,0.8);
#11196 = AXIS2_PLACEMENT_3D('',#11197,#11198,#11199);
#11197 = CARTESIAN_POINT('',(86.5,-109.86,1.51));
#11198 = DIRECTION('',(-0.,0.,-1.));
#11199 = DIRECTION('',(-0.,-1.,0.));
#11200 = FACE_BOUND('',#11201,.T.);
#11201 = EDGE_LOOP('',(#11202));
#11202 = ORIENTED_EDGE('',*,*,#11203,.T.);
#11203 = EDGE_CURVE('',#11204,#11204,#11206,.T.);
#11204 = VERTEX_POINT('',#11205);
#11205 = CARTESIAN_POINT('',(86.5,-105.58,1.51));
#11206 = CIRCLE('',#11207,0.8);
#11207 = AXIS2_PLACEMENT_3D('',#11208,#11209,#11210);
#11208 = CARTESIAN_POINT('',(86.5,-104.78,1.51));
#11209 = DIRECTION('',(-0.,0.,-1.));
#11210 = DIRECTION('',(-0.,-1.,0.));
#11211 = FACE_BOUND('',#11212,.T.);
#11212 = EDGE_LOOP('',(#11213));
#11213 = ORIENTED_EDGE('',*,*,#11214,.T.);
#11214 = EDGE_CURVE('',#11215,#11215,#11217,.T.);
#11215 = VERTEX_POINT('',#11216);
#11216 = CARTESIAN_POINT('',(156.5,-144.1,1.51));
#11217 = CIRCLE('',#11218,1.6);
#11218 = AXIS2_PLACEMENT_3D('',#11219,#11220,#11221);
#11219 = CARTESIAN_POINT('',(156.5,-142.5,1.51));
#11220 = DIRECTION('',(-0.,0.,-1.));
#11221 = DIRECTION('',(-0.,-1.,0.));
#11222 = FACE_BOUND('',#11223,.T.);
#11223 = EDGE_LOOP('',(#11224));
#11224 = ORIENTED_EDGE('',*,*,#11225,.T.);
#11225 = EDGE_CURVE('',#11226,#11226,#11228,.T.);
#11226 = VERTEX_POINT('',#11227);
#11227 = CARTESIAN_POINT('',(146.5,-136.06,1.51));
#11228 = CIRCLE('',#11229,0.8);
#11229 = AXIS2_PLACEMENT_3D('',#11230,#11231,#11232);
#11230 = CARTESIAN_POINT('',(146.5,-135.26,1.51));
#11231 = DIRECTION('',(-0.,0.,-1.));
#11232 = DIRECTION('',(-0.,-1.,0.));
#11233 = FACE_BOUND('',#11234,.T.);
#11234 = EDGE_LOOP('',(#11235));
#11235 = ORIENTED_EDGE('',*,*,#11236,.T.);
#11236 = EDGE_CURVE('',#11237,#11237,#11239,.T.);
#11237 = VERTEX_POINT('',#11238);
#11238 = CARTESIAN_POINT('',(146.5,-130.98,1.51));
#11239 = CIRCLE('',#11240,0.8);
#11240 = AXIS2_PLACEMENT_3D('',#11241,#11242,#11243);
#11241 = CARTESIAN_POINT('',(146.5,-130.18,1.51));
#11242 = DIRECTION('',(-0.,0.,-1.));
#11243 = DIRECTION('',(-0.,-1.,0.));
#11244 = FACE_BOUND('',#11245,.T.);
#11245 = EDGE_LOOP('',(#11246));
#11246 = ORIENTED_EDGE('',*,*,#11247,.T.);
#11247 = EDGE_CURVE('',#11248,#11248,#11250,.T.);
#11248 = VERTEX_POINT('',#11249);
#11249 = CARTESIAN_POINT('',(146.5,-125.9,1.51));
#11250 = CIRCLE('',#11251,0.8);
#11251 = AXIS2_PLACEMENT_3D('',#11252,#11253,#11254);
#11252 = CARTESIAN_POINT('',(146.5,-125.1,1.51));
#11253 = DIRECTION('',(-0.,0.,-1.));
#11254 = DIRECTION('',(-0.,-1.,0.));
#11255 = FACE_BOUND('',#11256,.T.);
#11256 = EDGE_LOOP('',(#11257));
#11257 = ORIENTED_EDGE('',*,*,#11258,.T.);
#11258 = EDGE_CURVE('',#11259,#11259,#11261,.T.);
#11259 = VERTEX_POINT('',#11260);
#11260 = CARTESIAN_POINT('',(116.5,-120.82,1.51));
#11261 = CIRCLE('',#11262,0.8);
#11262 = AXIS2_PLACEMENT_3D('',#11263,#11264,#11265);
#11263 = CARTESIAN_POINT('',(116.5,-120.02,1.51));
#11264 = DIRECTION('',(-0.,0.,-1.));
#11265 = DIRECTION('',(-0.,-1.,0.));
#11266 = FACE_BOUND('',#11267,.T.);
#11267 = EDGE_LOOP('',(#11268));
#11268 = ORIENTED_EDGE('',*,*,#11269,.T.);
#11269 = EDGE_CURVE('',#11270,#11270,#11272,.T.);
#11270 = VERTEX_POINT('',#11271);
#11271 = CARTESIAN_POINT('',(116.5,-115.74,1.51));
#11272 = CIRCLE('',#11273,0.8);
#11273 = AXIS2_PLACEMENT_3D('',#11274,#11275,#11276);
#11274 = CARTESIAN_POINT('',(116.5,-114.94,1.51));
#11275 = DIRECTION('',(-0.,0.,-1.));
#11276 = DIRECTION('',(-0.,-1.,0.));
#11277 = FACE_BOUND('',#11278,.T.);
#11278 = EDGE_LOOP('',(#11279));
#11279 = ORIENTED_EDGE('',*,*,#11280,.T.);
#11280 = EDGE_CURVE('',#11281,#11281,#11283,.T.);
#11281 = VERTEX_POINT('',#11282);
#11282 = CARTESIAN_POINT('',(116.5,-110.66,1.51));
#11283 = CIRCLE('',#11284,0.8);
#11284 = AXIS2_PLACEMENT_3D('',#11285,#11286,#11287);
#11285 = CARTESIAN_POINT('',(116.5,-109.86,1.51));
#11286 = DIRECTION('',(-0.,0.,-1.));
#11287 = DIRECTION('',(-0.,-1.,0.));
#11288 = FACE_BOUND('',#11289,.T.);
#11289 = EDGE_LOOP('',(#11290));
#11290 = ORIENTED_EDGE('',*,*,#11291,.T.);
#11291 = EDGE_CURVE('',#11292,#11292,#11294,.T.);
#11292 = VERTEX_POINT('',#11293);
#11293 = CARTESIAN_POINT('',(116.5,-105.58,1.51));
#11294 = CIRCLE('',#11295,0.8);
#11295 = AXIS2_PLACEMENT_3D('',#11296,#11297,#11298);
#11296 = CARTESIAN_POINT('',(116.5,-104.78,1.51));
#11297 = DIRECTION('',(-0.,0.,-1.));
#11298 = DIRECTION('',(-0.,-1.,0.));
#11299 = FACE_BOUND('',#11300,.T.);
#11300 = EDGE_LOOP('',(#11301));
#11301 = ORIENTED_EDGE('',*,*,#11302,.T.);
#11302 = EDGE_CURVE('',#11303,#11303,#11305,.T.);
#11303 = VERTEX_POINT('',#11304);
#11304 = CARTESIAN_POINT('',(146.5,-120.82,1.51));
#11305 = CIRCLE('',#11306,0.8);
#11306 = AXIS2_PLACEMENT_3D('',#11307,#11308,#11309);
#11307 = CARTESIAN_POINT('',(146.5,-120.02,1.51));
#11308 = DIRECTION('',(-0.,0.,-1.));
#11309 = DIRECTION('',(-0.,-1.,0.));
#11310 = FACE_BOUND('',#11311,.T.);
#11311 = EDGE_LOOP('',(#11312));
#11312 = ORIENTED_EDGE('',*,*,#11313,.T.);
#11313 = EDGE_CURVE('',#11314,#11314,#11316,.T.);
#11314 = VERTEX_POINT('',#11315);
#11315 = CARTESIAN_POINT('',(146.5,-115.74,1.51));
#11316 = CIRCLE('',#11317,0.8);
#11317 = AXIS2_PLACEMENT_3D('',#11318,#11319,#11320);
#11318 = CARTESIAN_POINT('',(146.5,-114.94,1.51));
#11319 = DIRECTION('',(-0.,0.,-1.));
#11320 = DIRECTION('',(-0.,-1.,0.));
#11321 = FACE_BOUND('',#11322,.T.);
#11322 = EDGE_LOOP('',(#11323));
#11323 = ORIENTED_EDGE('',*,*,#11324,.T.);
#11324 = EDGE_CURVE('',#11325,#11325,#11327,.T.);
#11325 = VERTEX_POINT('',#11326);
#11326 = CARTESIAN_POINT('',(146.5,-110.66,1.51));
#11327 = CIRCLE('',#11328,0.8);
#11328 = AXIS2_PLACEMENT_3D('',#11329,#11330,#11331);
#11329 = CARTESIAN_POINT('',(146.5,-109.86,1.51));
#11330 = DIRECTION('',(-0.,0.,-1.));
#11331 = DIRECTION('',(-0.,-1.,0.));
#11332 = FACE_BOUND('',#11333,.T.);
#11333 = EDGE_LOOP('',(#11334));
#11334 = ORIENTED_EDGE('',*,*,#11335,.T.);
#11335 = EDGE_CURVE('',#11336,#11336,#11338,.T.);
#11336 = VERTEX_POINT('',#11337);
#11337 = CARTESIAN_POINT('',(146.5,-105.58,1.51));
#11338 = CIRCLE('',#11339,0.8);
#11339 = AXIS2_PLACEMENT_3D('',#11340,#11341,#11342);
#11340 = CARTESIAN_POINT('',(146.5,-104.78,1.51));
#11341 = DIRECTION('',(-0.,0.,-1.));
#11342 = DIRECTION('',(-0.,-1.,0.));
#11343 = FACE_BOUND('',#11344,.T.);
#11344 = EDGE_LOOP('',(#11345));
#11345 = ORIENTED_EDGE('',*,*,#11346,.T.);
#11346 = EDGE_CURVE('',#11347,#11347,#11349,.T.);
#11347 = VERTEX_POINT('',#11348);
#11348 = CARTESIAN_POINT('',(66.5,-100.5,1.51));
#11349 = CIRCLE('',#11350,0.8);
#11350 = AXIS2_PLACEMENT_3D('',#11351,#11352,#11353);
#11351 = CARTESIAN_POINT('',(66.5,-99.7,1.51));
#11352 = DIRECTION('',(-0.,0.,-1.));
#11353 = DIRECTION('',(-0.,-1.,0.));
#11354 = FACE_BOUND('',#11355,.T.);
#11355 = EDGE_LOOP('',(#11356));
#11356 = ORIENTED_EDGE('',*,*,#11357,.T.);
#11357 = EDGE_CURVE('',#11358,#11358,#11360,.T.);
#11358 = VERTEX_POINT('',#11359);
#11359 = CARTESIAN_POINT('',(66.5,-95.42,1.51));
#11360 = CIRCLE('',#11361,0.8);
#11361 = AXIS2_PLACEMENT_3D('',#11362,#11363,#11364);
#11362 = CARTESIAN_POINT('',(66.5,-94.62,1.51));
#11363 = DIRECTION('',(-0.,0.,-1.));
#11364 = DIRECTION('',(-0.,-1.,0.));
#11365 = FACE_BOUND('',#11366,.T.);
#11366 = EDGE_LOOP('',(#11367));
#11367 = ORIENTED_EDGE('',*,*,#11368,.T.);
#11368 = EDGE_CURVE('',#11369,#11369,#11371,.T.);
#11369 = VERTEX_POINT('',#11370);
#11370 = CARTESIAN_POINT('',(66.5,-90.34,1.51));
#11371 = CIRCLE('',#11372,0.8);
#11372 = AXIS2_PLACEMENT_3D('',#11373,#11374,#11375);
#11373 = CARTESIAN_POINT('',(66.5,-89.54,1.51));
#11374 = DIRECTION('',(-0.,0.,-1.));
#11375 = DIRECTION('',(-0.,-1.,0.));
#11376 = FACE_BOUND('',#11377,.T.);
#11377 = EDGE_LOOP('',(#11378));
#11378 = ORIENTED_EDGE('',*,*,#11379,.T.);
#11379 = EDGE_CURVE('',#11380,#11380,#11382,.T.);
#11380 = VERTEX_POINT('',#11381);
#11381 = CARTESIAN_POINT('',(66.5,-85.26,1.51));
#11382 = CIRCLE('',#11383,0.8);
#11383 = AXIS2_PLACEMENT_3D('',#11384,#11385,#11386);
#11384 = CARTESIAN_POINT('',(66.5,-84.46,1.51));
#11385 = DIRECTION('',(-0.,0.,-1.));
#11386 = DIRECTION('',(-0.,-1.,0.));
#11387 = FACE_BOUND('',#11388,.T.);
#11388 = EDGE_LOOP('',(#11389));
#11389 = ORIENTED_EDGE('',*,*,#11390,.T.);
#11390 = EDGE_CURVE('',#11391,#11391,#11393,.T.);
#11391 = VERTEX_POINT('',#11392);
#11392 = CARTESIAN_POINT('',(66.5,-80.18,1.51));
#11393 = CIRCLE('',#11394,0.8);
#11394 = AXIS2_PLACEMENT_3D('',#11395,#11396,#11397);
#11395 = CARTESIAN_POINT('',(66.5,-79.38,1.51));
#11396 = DIRECTION('',(-0.,0.,-1.));
#11397 = DIRECTION('',(-0.,-1.,0.));
#11398 = FACE_BOUND('',#11399,.T.);
#11399 = EDGE_LOOP('',(#11400));
#11400 = ORIENTED_EDGE('',*,*,#11401,.T.);
#11401 = EDGE_CURVE('',#11402,#11402,#11404,.T.);
#11402 = VERTEX_POINT('',#11403);
#11403 = CARTESIAN_POINT('',(86.5,-100.5,1.51));
#11404 = CIRCLE('',#11405,0.8);
#11405 = AXIS2_PLACEMENT_3D('',#11406,#11407,#11408);
#11406 = CARTESIAN_POINT('',(86.5,-99.7,1.51));
#11407 = DIRECTION('',(-0.,0.,-1.));
#11408 = DIRECTION('',(-0.,-1.,0.));
#11409 = FACE_BOUND('',#11410,.T.);
#11410 = EDGE_LOOP('',(#11411));
#11411 = ORIENTED_EDGE('',*,*,#11412,.T.);
#11412 = EDGE_CURVE('',#11413,#11413,#11415,.T.);
#11413 = VERTEX_POINT('',#11414);
#11414 = CARTESIAN_POINT('',(86.5,-95.42,1.51));
#11415 = CIRCLE('',#11416,0.8);
#11416 = AXIS2_PLACEMENT_3D('',#11417,#11418,#11419);
#11417 = CARTESIAN_POINT('',(86.5,-94.62,1.51));
#11418 = DIRECTION('',(-0.,0.,-1.));
#11419 = DIRECTION('',(-0.,-1.,0.));
#11420 = FACE_BOUND('',#11421,.T.);
#11421 = EDGE_LOOP('',(#11422));
#11422 = ORIENTED_EDGE('',*,*,#11423,.T.);
#11423 = EDGE_CURVE('',#11424,#11424,#11426,.T.);
#11424 = VERTEX_POINT('',#11425);
#11425 = CARTESIAN_POINT('',(86.5,-90.34,1.51));
#11426 = CIRCLE('',#11427,0.8);
#11427 = AXIS2_PLACEMENT_3D('',#11428,#11429,#11430);
#11428 = CARTESIAN_POINT('',(86.5,-89.54,1.51));
#11429 = DIRECTION('',(-0.,0.,-1.));
#11430 = DIRECTION('',(-0.,-1.,0.));
#11431 = FACE_BOUND('',#11432,.T.);
#11432 = EDGE_LOOP('',(#11433));
#11433 = ORIENTED_EDGE('',*,*,#11434,.T.);
#11434 = EDGE_CURVE('',#11435,#11435,#11437,.T.);
#11435 = VERTEX_POINT('',#11436);
#11436 = CARTESIAN_POINT('',(86.5,-85.26,1.51));
#11437 = CIRCLE('',#11438,0.8);
#11438 = AXIS2_PLACEMENT_3D('',#11439,#11440,#11441);
#11439 = CARTESIAN_POINT('',(86.5,-84.46,1.51));
#11440 = DIRECTION('',(-0.,0.,-1.));
#11441 = DIRECTION('',(-0.,-1.,0.));
#11442 = FACE_BOUND('',#11443,.T.);
#11443 = EDGE_LOOP('',(#11444));
#11444 = ORIENTED_EDGE('',*,*,#11445,.T.);
#11445 = EDGE_CURVE('',#11446,#11446,#11448,.T.);
#11446 = VERTEX_POINT('',#11447);
#11447 = CARTESIAN_POINT('',(86.5,-80.18,1.51));
#11448 = CIRCLE('',#11449,0.8);
#11449 = AXIS2_PLACEMENT_3D('',#11450,#11451,#11452);
#11450 = CARTESIAN_POINT('',(86.5,-79.38,1.51));
#11451 = DIRECTION('',(-0.,0.,-1.));
#11452 = DIRECTION('',(-0.,-1.,0.));
#11453 = FACE_BOUND('',#11454,.T.);
#11454 = EDGE_LOOP('',(#11455));
#11455 = ORIENTED_EDGE('',*,*,#11456,.T.);
#11456 = EDGE_CURVE('',#11457,#11457,#11459,.T.);
#11457 = VERTEX_POINT('',#11458);
#11458 = CARTESIAN_POINT('',(66.5,-75.1,1.51));
#11459 = CIRCLE('',#11460,0.8);
#11460 = AXIS2_PLACEMENT_3D('',#11461,#11462,#11463);
#11461 = CARTESIAN_POINT('',(66.5,-74.3,1.51));
#11462 = DIRECTION('',(-0.,0.,-1.));
#11463 = DIRECTION('',(-0.,-1.,0.));
#11464 = FACE_BOUND('',#11465,.T.);
#11465 = EDGE_LOOP('',(#11466));
#11466 = ORIENTED_EDGE('',*,*,#11467,.T.);
#11467 = EDGE_CURVE('',#11468,#11468,#11470,.T.);
#11468 = VERTEX_POINT('',#11469);
#11469 = CARTESIAN_POINT('',(66.5,-70.02,1.51));
#11470 = CIRCLE('',#11471,0.8);
#11471 = AXIS2_PLACEMENT_3D('',#11472,#11473,#11474);
#11472 = CARTESIAN_POINT('',(66.5,-69.22,1.51));
#11473 = DIRECTION('',(-0.,0.,-1.));
#11474 = DIRECTION('',(-0.,-1.,0.));
#11475 = FACE_BOUND('',#11476,.T.);
#11476 = EDGE_LOOP('',(#11477));
#11477 = ORIENTED_EDGE('',*,*,#11478,.T.);
#11478 = EDGE_CURVE('',#11479,#11479,#11481,.T.);
#11479 = VERTEX_POINT('',#11480);
#11480 = CARTESIAN_POINT('',(66.5,-64.94,1.51));
#11481 = CIRCLE('',#11482,0.8);
#11482 = AXIS2_PLACEMENT_3D('',#11483,#11484,#11485);
#11483 = CARTESIAN_POINT('',(66.5,-64.14,1.51));
#11484 = DIRECTION('',(-0.,0.,-1.));
#11485 = DIRECTION('',(-0.,-1.,0.));
#11486 = FACE_BOUND('',#11487,.T.);
#11487 = EDGE_LOOP('',(#11488));
#11488 = ORIENTED_EDGE('',*,*,#11489,.T.);
#11489 = EDGE_CURVE('',#11490,#11490,#11492,.T.);
#11490 = VERTEX_POINT('',#11491);
#11491 = CARTESIAN_POINT('',(63.5,-59.1,1.51));
#11492 = CIRCLE('',#11493,1.6);
#11493 = AXIS2_PLACEMENT_3D('',#11494,#11495,#11496);
#11494 = CARTESIAN_POINT('',(63.5,-57.5,1.51));
#11495 = DIRECTION('',(-0.,0.,-1.));
#11496 = DIRECTION('',(-0.,-1.,0.));
#11497 = FACE_BOUND('',#11498,.T.);
#11498 = EDGE_LOOP('',(#11499));
#11499 = ORIENTED_EDGE('',*,*,#11500,.T.);
#11500 = EDGE_CURVE('',#11501,#11501,#11503,.T.);
#11501 = VERTEX_POINT('',#11502);
#11502 = CARTESIAN_POINT('',(86.5,-75.1,1.51));
#11503 = CIRCLE('',#11504,0.8);
#11504 = AXIS2_PLACEMENT_3D('',#11505,#11506,#11507);
#11505 = CARTESIAN_POINT('',(86.5,-74.3,1.51));
#11506 = DIRECTION('',(-0.,0.,-1.));
#11507 = DIRECTION('',(-0.,-1.,0.));
#11508 = FACE_BOUND('',#11509,.T.);
#11509 = EDGE_LOOP('',(#11510));
#11510 = ORIENTED_EDGE('',*,*,#11511,.T.);
#11511 = EDGE_CURVE('',#11512,#11512,#11514,.T.);
#11512 = VERTEX_POINT('',#11513);
#11513 = CARTESIAN_POINT('',(86.5,-70.02,1.51));
#11514 = CIRCLE('',#11515,0.8);
#11515 = AXIS2_PLACEMENT_3D('',#11516,#11517,#11518);
#11516 = CARTESIAN_POINT('',(86.5,-69.22,1.51));
#11517 = DIRECTION('',(-0.,0.,-1.));
#11518 = DIRECTION('',(-0.,-1.,0.));
#11519 = FACE_BOUND('',#11520,.T.);
#11520 = EDGE_LOOP('',(#11521));
#11521 = ORIENTED_EDGE('',*,*,#11522,.T.);
#11522 = EDGE_CURVE('',#11523,#11523,#11525,.T.);
#11523 = VERTEX_POINT('',#11524);
#11524 = CARTESIAN_POINT('',(86.5,-64.94,1.51));
#11525 = CIRCLE('',#11526,0.8);
#11526 = AXIS2_PLACEMENT_3D('',#11527,#11528,#11529);
#11527 = CARTESIAN_POINT('',(86.5,-64.14,1.51));
#11528 = DIRECTION('',(-0.,0.,-1.));
#11529 = DIRECTION('',(-0.,-1.,0.));
#11530 = FACE_BOUND('',#11531,.T.);
#11531 = EDGE_LOOP('',(#11532));
#11532 = ORIENTED_EDGE('',*,*,#11533,.T.);
#11533 = EDGE_CURVE('',#11534,#11534,#11536,.T.);
#11534 = VERTEX_POINT('',#11535);
#11535 = CARTESIAN_POINT('',(116.5,-100.5,1.51));
#11536 = CIRCLE('',#11537,0.8);
#11537 = AXIS2_PLACEMENT_3D('',#11538,#11539,#11540);
#11538 = CARTESIAN_POINT('',(116.5,-99.7,1.51));
#11539 = DIRECTION('',(-0.,0.,-1.));
#11540 = DIRECTION('',(-0.,-1.,0.));
#11541 = FACE_BOUND('',#11542,.T.);
#11542 = EDGE_LOOP('',(#11543));
#11543 = ORIENTED_EDGE('',*,*,#11544,.T.);
#11544 = EDGE_CURVE('',#11545,#11545,#11547,.T.);
#11545 = VERTEX_POINT('',#11546);
#11546 = CARTESIAN_POINT('',(116.5,-95.42,1.51));
#11547 = CIRCLE('',#11548,0.8);
#11548 = AXIS2_PLACEMENT_3D('',#11549,#11550,#11551);
#11549 = CARTESIAN_POINT('',(116.5,-94.62,1.51));
#11550 = DIRECTION('',(-0.,0.,-1.));
#11551 = DIRECTION('',(-0.,-1.,0.));
#11552 = FACE_BOUND('',#11553,.T.);
#11553 = EDGE_LOOP('',(#11554));
#11554 = ORIENTED_EDGE('',*,*,#11555,.T.);
#11555 = EDGE_CURVE('',#11556,#11556,#11558,.T.);
#11556 = VERTEX_POINT('',#11557);
#11557 = CARTESIAN_POINT('',(116.5,-90.34,1.51));
#11558 = CIRCLE('',#11559,0.8);
#11559 = AXIS2_PLACEMENT_3D('',#11560,#11561,#11562);
#11560 = CARTESIAN_POINT('',(116.5,-89.54,1.51));
#11561 = DIRECTION('',(-0.,0.,-1.));
#11562 = DIRECTION('',(-0.,-1.,0.));
#11563 = FACE_BOUND('',#11564,.T.);
#11564 = EDGE_LOOP('',(#11565));
#11565 = ORIENTED_EDGE('',*,*,#11566,.T.);
#11566 = EDGE_CURVE('',#11567,#11567,#11569,.T.);
#11567 = VERTEX_POINT('',#11568);
#11568 = CARTESIAN_POINT('',(116.5,-85.26,1.51));
#11569 = CIRCLE('',#11570,0.8);
#11570 = AXIS2_PLACEMENT_3D('',#11571,#11572,#11573);
#11571 = CARTESIAN_POINT('',(116.5,-84.46,1.51));
#11572 = DIRECTION('',(-0.,0.,-1.));
#11573 = DIRECTION('',(-0.,-1.,0.));
#11574 = FACE_BOUND('',#11575,.T.);
#11575 = EDGE_LOOP('',(#11576));
#11576 = ORIENTED_EDGE('',*,*,#11577,.T.);
#11577 = EDGE_CURVE('',#11578,#11578,#11580,.T.);
#11578 = VERTEX_POINT('',#11579);
#11579 = CARTESIAN_POINT('',(116.5,-80.18,1.51));
#11580 = CIRCLE('',#11581,0.8);
#11581 = AXIS2_PLACEMENT_3D('',#11582,#11583,#11584);
#11582 = CARTESIAN_POINT('',(116.5,-79.38,1.51));
#11583 = DIRECTION('',(-0.,0.,-1.));
#11584 = DIRECTION('',(-0.,-1.,0.));
#11585 = FACE_BOUND('',#11586,.T.);
#11586 = EDGE_LOOP('',(#11587));
#11587 = ORIENTED_EDGE('',*,*,#11588,.T.);
#11588 = EDGE_CURVE('',#11589,#11589,#11591,.T.);
#11589 = VERTEX_POINT('',#11590);
#11590 = CARTESIAN_POINT('',(146.5,-100.5,1.51));
#11591 = CIRCLE('',#11592,0.8);
#11592 = AXIS2_PLACEMENT_3D('',#11593,#11594,#11595);
#11593 = CARTESIAN_POINT('',(146.5,-99.7,1.51));
#11594 = DIRECTION('',(-0.,0.,-1.));
#11595 = DIRECTION('',(-0.,-1.,0.));
#11596 = FACE_BOUND('',#11597,.T.);
#11597 = EDGE_LOOP('',(#11598));
#11598 = ORIENTED_EDGE('',*,*,#11599,.T.);
#11599 = EDGE_CURVE('',#11600,#11600,#11602,.T.);
#11600 = VERTEX_POINT('',#11601);
#11601 = CARTESIAN_POINT('',(146.5,-95.42,1.51));
#11602 = CIRCLE('',#11603,0.8);
#11603 = AXIS2_PLACEMENT_3D('',#11604,#11605,#11606);
#11604 = CARTESIAN_POINT('',(146.5,-94.62,1.51));
#11605 = DIRECTION('',(-0.,0.,-1.));
#11606 = DIRECTION('',(-0.,-1.,0.));
#11607 = FACE_BOUND('',#11608,.T.);
#11608 = EDGE_LOOP('',(#11609));
#11609 = ORIENTED_EDGE('',*,*,#11610,.T.);
#11610 = EDGE_CURVE('',#11611,#11611,#11613,.T.);
#11611 = VERTEX_POINT('',#11612);
#11612 = CARTESIAN_POINT('',(146.5,-90.34,1.51));
#11613 = CIRCLE('',#11614,0.8);
#11614 = AXIS2_PLACEMENT_3D('',#11615,#11616,#11617);
#11615 = CARTESIAN_POINT('',(146.5,-89.54,1.51));
#11616 = DIRECTION('',(-0.,0.,-1.));
#11617 = DIRECTION('',(-0.,-1.,0.));
#11618 = FACE_BOUND('',#11619,.T.);
#11619 = EDGE_LOOP('',(#11620));
#11620 = ORIENTED_EDGE('',*,*,#11621,.T.);
#11621 = EDGE_CURVE('',#11622,#11622,#11624,.T.);
#11622 = VERTEX_POINT('',#11623);
#11623 = CARTESIAN_POINT('',(146.5,-85.26,1.51));
#11624 = CIRCLE('',#11625,0.8);
#11625 = AXIS2_PLACEMENT_3D('',#11626,#11627,#11628);
#11626 = CARTESIAN_POINT('',(146.5,-84.46,1.51));
#11627 = DIRECTION('',(-0.,0.,-1.));
#11628 = DIRECTION('',(-0.,-1.,0.));
#11629 = FACE_BOUND('',#11630,.T.);
#11630 = EDGE_LOOP('',(#11631));
#11631 = ORIENTED_EDGE('',*,*,#11632,.T.);
#11632 = EDGE_CURVE('',#11633,#11633,#11635,.T.);
#11633 = VERTEX_POINT('',#11634);
#11634 = CARTESIAN_POINT('',(146.5,-80.18,1.51));
#11635 = CIRCLE('',#11636,0.8);
#11636 = AXIS2_PLACEMENT_3D('',#11637,#11638,#11639);
#11637 = CARTESIAN_POINT('',(146.5,-79.38,1.51));
#11638 = DIRECTION('',(-0.,0.,-1.));
#11639 = DIRECTION('',(-0.,-1.,0.));
#11640 = FACE_BOUND('',#11641,.T.);
#11641 = EDGE_LOOP('',(#11642));
#11642 = ORIENTED_EDGE('',*,*,#11643,.T.);
#11643 = EDGE_CURVE('',#11644,#11644,#11646,.T.);
#11644 = VERTEX_POINT('',#11645);
#11645 = CARTESIAN_POINT('',(116.5,-75.1,1.51));
#11646 = CIRCLE('',#11647,0.8);
#11647 = AXIS2_PLACEMENT_3D('',#11648,#11649,#11650);
#11648 = CARTESIAN_POINT('',(116.5,-74.3,1.51));
#11649 = DIRECTION('',(-0.,0.,-1.));
#11650 = DIRECTION('',(-0.,-1.,0.));
#11651 = FACE_BOUND('',#11652,.T.);
#11652 = EDGE_LOOP('',(#11653));
#11653 = ORIENTED_EDGE('',*,*,#11654,.T.);
#11654 = EDGE_CURVE('',#11655,#11655,#11657,.T.);
#11655 = VERTEX_POINT('',#11656);
#11656 = CARTESIAN_POINT('',(116.5,-70.02,1.51));
#11657 = CIRCLE('',#11658,0.8);
#11658 = AXIS2_PLACEMENT_3D('',#11659,#11660,#11661);
#11659 = CARTESIAN_POINT('',(116.5,-69.22,1.51));
#11660 = DIRECTION('',(-0.,0.,-1.));
#11661 = DIRECTION('',(-0.,-1.,0.));
#11662 = FACE_BOUND('',#11663,.T.);
#11663 = EDGE_LOOP('',(#11664));
#11664 = ORIENTED_EDGE('',*,*,#11665,.T.);
#11665 = EDGE_CURVE('',#11666,#11666,#11668,.T.);
#11666 = VERTEX_POINT('',#11667);
#11667 = CARTESIAN_POINT('',(116.5,-64.94,1.51));
#11668 = CIRCLE('',#11669,0.8);
#11669 = AXIS2_PLACEMENT_3D('',#11670,#11671,#11672);
#11670 = CARTESIAN_POINT('',(116.5,-64.14,1.51));
#11671 = DIRECTION('',(-0.,0.,-1.));
#11672 = DIRECTION('',(-0.,-1.,0.));
#11673 = FACE_BOUND('',#11674,.T.);
#11674 = EDGE_LOOP('',(#11675));
#11675 = ORIENTED_EDGE('',*,*,#11676,.T.);
#11676 = EDGE_CURVE('',#11677,#11677,#11679,.T.);
#11677 = VERTEX_POINT('',#11678);
#11678 = CARTESIAN_POINT('',(146.5,-75.1,1.51));
#11679 = CIRCLE('',#11680,0.8);
#11680 = AXIS2_PLACEMENT_3D('',#11681,#11682,#11683);
#11681 = CARTESIAN_POINT('',(146.5,-74.3,1.51));
#11682 = DIRECTION('',(-0.,0.,-1.));
#11683 = DIRECTION('',(-0.,-1.,0.));
#11684 = FACE_BOUND('',#11685,.T.);
#11685 = EDGE_LOOP('',(#11686));
#11686 = ORIENTED_EDGE('',*,*,#11687,.T.);
#11687 = EDGE_CURVE('',#11688,#11688,#11690,.T.);
#11688 = VERTEX_POINT('',#11689);
#11689 = CARTESIAN_POINT('',(146.5,-70.02,1.51));
#11690 = CIRCLE('',#11691,0.8);
#11691 = AXIS2_PLACEMENT_3D('',#11692,#11693,#11694);
#11692 = CARTESIAN_POINT('',(146.5,-69.22,1.51));
#11693 = DIRECTION('',(-0.,0.,-1.));
#11694 = DIRECTION('',(-0.,-1.,0.));
#11695 = FACE_BOUND('',#11696,.T.);
#11696 = EDGE_LOOP('',(#11697));
#11697 = ORIENTED_EDGE('',*,*,#11698,.T.);
#11698 = EDGE_CURVE('',#11699,#11699,#11701,.T.);
#11699 = VERTEX_POINT('',#11700);
#11700 = CARTESIAN_POINT('',(146.5,-64.94,1.51));
#11701 = CIRCLE('',#11702,0.8);
#11702 = AXIS2_PLACEMENT_3D('',#11703,#11704,#11705);
#11703 = CARTESIAN_POINT('',(146.5,-64.14,1.51));
#11704 = DIRECTION('',(-0.,0.,-1.));
#11705 = DIRECTION('',(-0.,-1.,0.));
#11706 = FACE_BOUND('',#11707,.T.);
#11707 = EDGE_LOOP('',(#11708));
#11708 = ORIENTED_EDGE('',*,*,#11709,.T.);
#11709 = EDGE_CURVE('',#11710,#11710,#11712,.T.);
#11710 = VERTEX_POINT('',#11711);
#11711 = CARTESIAN_POINT('',(156.5,-59.1,1.51));
#11712 = CIRCLE('',#11713,1.6);
#11713 = AXIS2_PLACEMENT_3D('',#11714,#11715,#11716);
#11714 = CARTESIAN_POINT('',(156.5,-57.5,1.51));
#11715 = DIRECTION('',(-0.,0.,-1.));
#11716 = DIRECTION('',(-0.,-1.,0.));
#11717 = PLANE('',#11718);
#11718 = AXIS2_PLACEMENT_3D('',#11719,#11720,#11721);
#11719 = CARTESIAN_POINT('',(0.,0.,1.51));
#11720 = DIRECTION('',(0.,0.,1.));
#11721 = DIRECTION('',(1.,0.,-0.));
#11722 = ADVANCED_FACE('',(#11723),#11729,.T.);
#11723 = FACE_BOUND('',#11724,.T.);
#11724 = EDGE_LOOP('',(#11725,#11726,#11727,#11728));
#11725 = ORIENTED_EDGE('',*,*,#10394,.T.);
#11726 = ORIENTED_EDGE('',*,*,#11073,.T.);
#11727 = ORIENTED_EDGE('',*,*,#10354,.F.);
#11728 = ORIENTED_EDGE('',*,*,#10418,.F.);
#11729 = PLANE('',#11730);
#11730 = AXIS2_PLACEMENT_3D('',#11731,#11732,#11733);
#11731 = CARTESIAN_POINT('',(60.,-54.,0.));
#11732 = DIRECTION('',(0.,1.,0.));
#11733 = DIRECTION('',(1.,0.,0.));
#11734 = ADVANCED_FACE('',(#11735),#11746,.F.);
#11735 = FACE_BOUND('',#11736,.T.);
#11736 = EDGE_LOOP('',(#11737,#11738,#11744,#11745));
#11737 = ORIENTED_EDGE('',*,*,#10427,.T.);
#11738 = ORIENTED_EDGE('',*,*,#11739,.T.);
#11739 = EDGE_CURVE('',#10428,#11083,#11740,.T.);
#11740 = LINE('',#11741,#11742);
#11741 = CARTESIAN_POINT('',(63.5,-144.1,-4.6E-02));
#11742 = VECTOR('',#11743,1.);
#11743 = DIRECTION('',(0.,0.,1.));
#11744 = ORIENTED_EDGE('',*,*,#11082,.F.);
#11745 = ORIENTED_EDGE('',*,*,#11739,.F.);
#11746 = CYLINDRICAL_SURFACE('',#11747,1.6);
#11747 = AXIS2_PLACEMENT_3D('',#11748,#11749,#11750);
#11748 = CARTESIAN_POINT('',(63.5,-142.5,-4.6E-02));
#11749 = DIRECTION('',(-0.,-0.,-1.));
#11750 = DIRECTION('',(-0.,-1.,0.));
#11751 = ADVANCED_FACE('',(#11752),#11763,.F.);
#11752 = FACE_BOUND('',#11753,.T.);
#11753 = EDGE_LOOP('',(#11754,#11755,#11761,#11762));
#11754 = ORIENTED_EDGE('',*,*,#10438,.T.);
#11755 = ORIENTED_EDGE('',*,*,#11756,.T.);
#11756 = EDGE_CURVE('',#10439,#11094,#11757,.T.);
#11757 = LINE('',#11758,#11759);
#11758 = CARTESIAN_POINT('',(66.5,-136.06,-4.6E-02));
#11759 = VECTOR('',#11760,1.);
#11760 = DIRECTION('',(0.,0.,1.));
#11761 = ORIENTED_EDGE('',*,*,#11093,.F.);
#11762 = ORIENTED_EDGE('',*,*,#11756,.F.);
#11763 = CYLINDRICAL_SURFACE('',#11764,0.8);
#11764 = AXIS2_PLACEMENT_3D('',#11765,#11766,#11767);
#11765 = CARTESIAN_POINT('',(66.5,-135.26,-4.6E-02));
#11766 = DIRECTION('',(-0.,-0.,-1.));
#11767 = DIRECTION('',(-0.,-1.,0.));
#11768 = ADVANCED_FACE('',(#11769),#11780,.F.);
#11769 = FACE_BOUND('',#11770,.T.);
#11770 = EDGE_LOOP('',(#11771,#11772,#11778,#11779));
#11771 = ORIENTED_EDGE('',*,*,#10449,.T.);
#11772 = ORIENTED_EDGE('',*,*,#11773,.T.);
#11773 = EDGE_CURVE('',#10450,#11105,#11774,.T.);
#11774 = LINE('',#11775,#11776);
#11775 = CARTESIAN_POINT('',(66.5,-130.98,-4.6E-02));
#11776 = VECTOR('',#11777,1.);
#11777 = DIRECTION('',(0.,0.,1.));
#11778 = ORIENTED_EDGE('',*,*,#11104,.F.);
#11779 = ORIENTED_EDGE('',*,*,#11773,.F.);
#11780 = CYLINDRICAL_SURFACE('',#11781,0.8);
#11781 = AXIS2_PLACEMENT_3D('',#11782,#11783,#11784);
#11782 = CARTESIAN_POINT('',(66.5,-130.18,-4.6E-02));
#11783 = DIRECTION('',(-0.,-0.,-1.));
#11784 = DIRECTION('',(-0.,-1.,0.));
#11785 = ADVANCED_FACE('',(#11786),#11797,.F.);
#11786 = FACE_BOUND('',#11787,.T.);
#11787 = EDGE_LOOP('',(#11788,#11789,#11795,#11796));
#11788 = ORIENTED_EDGE('',*,*,#10460,.T.);
#11789 = ORIENTED_EDGE('',*,*,#11790,.T.);
#11790 = EDGE_CURVE('',#10461,#11116,#11791,.T.);
#11791 = LINE('',#11792,#11793);
#11792 = CARTESIAN_POINT('',(66.5,-125.9,-4.6E-02));
#11793 = VECTOR('',#11794,1.);
#11794 = DIRECTION('',(0.,0.,1.));
#11795 = ORIENTED_EDGE('',*,*,#11115,.F.);
#11796 = ORIENTED_EDGE('',*,*,#11790,.F.);
#11797 = CYLINDRICAL_SURFACE('',#11798,0.8);
#11798 = AXIS2_PLACEMENT_3D('',#11799,#11800,#11801);
#11799 = CARTESIAN_POINT('',(66.5,-125.1,-4.6E-02));
#11800 = DIRECTION('',(-0.,-0.,-1.));
#11801 = DIRECTION('',(-0.,-1.,0.));
#11802 = ADVANCED_FACE('',(#11803),#11814,.F.);
#11803 = FACE_BOUND('',#11804,.T.);
#11804 = EDGE_LOOP('',(#11805,#11806,#11812,#11813));
#11805 = ORIENTED_EDGE('',*,*,#10471,.T.);
#11806 = ORIENTED_EDGE('',*,*,#11807,.T.);
#11807 = EDGE_CURVE('',#10472,#11127,#11808,.T.);
#11808 = LINE('',#11809,#11810);
#11809 = CARTESIAN_POINT('',(66.5,-120.82,-4.6E-02));
#11810 = VECTOR('',#11811,1.);
#11811 = DIRECTION('',(0.,0.,1.));
#11812 = ORIENTED_EDGE('',*,*,#11126,.F.);
#11813 = ORIENTED_EDGE('',*,*,#11807,.F.);
#11814 = CYLINDRICAL_SURFACE('',#11815,0.8);
#11815 = AXIS2_PLACEMENT_3D('',#11816,#11817,#11818);
#11816 = CARTESIAN_POINT('',(66.5,-120.02,-4.6E-02));
#11817 = DIRECTION('',(-0.,-0.,-1.));
#11818 = DIRECTION('',(-0.,-1.,0.));
#11819 = ADVANCED_FACE('',(#11820),#11831,.F.);
#11820 = FACE_BOUND('',#11821,.T.);
#11821 = EDGE_LOOP('',(#11822,#11823,#11829,#11830));
#11822 = ORIENTED_EDGE('',*,*,#10482,.T.);
#11823 = ORIENTED_EDGE('',*,*,#11824,.T.);
#11824 = EDGE_CURVE('',#10483,#11138,#11825,.T.);
#11825 = LINE('',#11826,#11827);
#11826 = CARTESIAN_POINT('',(66.5,-115.74,-4.6E-02));
#11827 = VECTOR('',#11828,1.);
#11828 = DIRECTION('',(0.,0.,1.));
#11829 = ORIENTED_EDGE('',*,*,#11137,.F.);
#11830 = ORIENTED_EDGE('',*,*,#11824,.F.);
#11831 = CYLINDRICAL_SURFACE('',#11832,0.8);
#11832 = AXIS2_PLACEMENT_3D('',#11833,#11834,#11835);
#11833 = CARTESIAN_POINT('',(66.5,-114.94,-4.6E-02));
#11834 = DIRECTION('',(-0.,-0.,-1.));
#11835 = DIRECTION('',(-0.,-1.,0.));
#11836 = ADVANCED_FACE('',(#11837),#11848,.F.);
#11837 = FACE_BOUND('',#11838,.T.);
#11838 = EDGE_LOOP('',(#11839,#11840,#11846,#11847));
#11839 = ORIENTED_EDGE('',*,*,#10493,.T.);
#11840 = ORIENTED_EDGE('',*,*,#11841,.T.);
#11841 = EDGE_CURVE('',#10494,#11149,#11842,.T.);
#11842 = LINE('',#11843,#11844);
#11843 = CARTESIAN_POINT('',(66.5,-110.66,-4.6E-02));
#11844 = VECTOR('',#11845,1.);
#11845 = DIRECTION('',(0.,0.,1.));
#11846 = ORIENTED_EDGE('',*,*,#11148,.F.);
#11847 = ORIENTED_EDGE('',*,*,#11841,.F.);
#11848 = CYLINDRICAL_SURFACE('',#11849,0.8);
#11849 = AXIS2_PLACEMENT_3D('',#11850,#11851,#11852);
#11850 = CARTESIAN_POINT('',(66.5,-109.86,-4.6E-02));
#11851 = DIRECTION('',(-0.,-0.,-1.));
#11852 = DIRECTION('',(-0.,-1.,0.));
#11853 = ADVANCED_FACE('',(#11854),#11865,.F.);
#11854 = FACE_BOUND('',#11855,.T.);
#11855 = EDGE_LOOP('',(#11856,#11857,#11863,#11864));
#11856 = ORIENTED_EDGE('',*,*,#10504,.T.);
#11857 = ORIENTED_EDGE('',*,*,#11858,.T.);
#11858 = EDGE_CURVE('',#10505,#11160,#11859,.T.);
#11859 = LINE('',#11860,#11861);
#11860 = CARTESIAN_POINT('',(66.5,-105.58,-4.6E-02));
#11861 = VECTOR('',#11862,1.);
#11862 = DIRECTION('',(0.,0.,1.));
#11863 = ORIENTED_EDGE('',*,*,#11159,.F.);
#11864 = ORIENTED_EDGE('',*,*,#11858,.F.);
#11865 = CYLINDRICAL_SURFACE('',#11866,0.8);
#11866 = AXIS2_PLACEMENT_3D('',#11867,#11868,#11869);
#11867 = CARTESIAN_POINT('',(66.5,-104.78,-4.6E-02));
#11868 = DIRECTION('',(-0.,-0.,-1.));
#11869 = DIRECTION('',(-0.,-1.,0.));
#11870 = ADVANCED_FACE('',(#11871),#11882,.F.);
#11871 = FACE_BOUND('',#11872,.T.);
#11872 = EDGE_LOOP('',(#11873,#11874,#11880,#11881));
#11873 = ORIENTED_EDGE('',*,*,#10515,.T.);
#11874 = ORIENTED_EDGE('',*,*,#11875,.T.);
#11875 = EDGE_CURVE('',#10516,#11171,#11876,.T.);
#11876 = LINE('',#11877,#11878);
#11877 = CARTESIAN_POINT('',(86.5,-120.82,-4.6E-02));
#11878 = VECTOR('',#11879,1.);
#11879 = DIRECTION('',(0.,0.,1.));
#11880 = ORIENTED_EDGE('',*,*,#11170,.F.);
#11881 = ORIENTED_EDGE('',*,*,#11875,.F.);
#11882 = CYLINDRICAL_SURFACE('',#11883,0.8);
#11883 = AXIS2_PLACEMENT_3D('',#11884,#11885,#11886);
#11884 = CARTESIAN_POINT('',(86.5,-120.02,-4.6E-02));
#11885 = DIRECTION('',(-0.,-0.,-1.));
#11886 = DIRECTION('',(-0.,-1.,0.));
#11887 = ADVANCED_FACE('',(#11888),#11899,.F.);
#11888 = FACE_BOUND('',#11889,.T.);
#11889 = EDGE_LOOP('',(#11890,#11891,#11897,#11898));
#11890 = ORIENTED_EDGE('',*,*,#10526,.T.);
#11891 = ORIENTED_EDGE('',*,*,#11892,.T.);
#11892 = EDGE_CURVE('',#10527,#11182,#11893,.T.);
#11893 = LINE('',#11894,#11895);
#11894 = CARTESIAN_POINT('',(86.5,-115.74,-4.6E-02));
#11895 = VECTOR('',#11896,1.);
#11896 = DIRECTION('',(0.,0.,1.));
#11897 = ORIENTED_EDGE('',*,*,#11181,.F.);
#11898 = ORIENTED_EDGE('',*,*,#11892,.F.);
#11899 = CYLINDRICAL_SURFACE('',#11900,0.8);
#11900 = AXIS2_PLACEMENT_3D('',#11901,#11902,#11903);
#11901 = CARTESIAN_POINT('',(86.5,-114.94,-4.6E-02));
#11902 = DIRECTION('',(-0.,-0.,-1.));
#11903 = DIRECTION('',(-0.,-1.,0.));
#11904 = ADVANCED_FACE('',(#11905),#11916,.F.);
#11905 = FACE_BOUND('',#11906,.T.);
#11906 = EDGE_LOOP('',(#11907,#11908,#11914,#11915));
#11907 = ORIENTED_EDGE('',*,*,#10537,.T.);
#11908 = ORIENTED_EDGE('',*,*,#11909,.T.);
#11909 = EDGE_CURVE('',#10538,#11193,#11910,.T.);
#11910 = LINE('',#11911,#11912);
#11911 = CARTESIAN_POINT('',(86.5,-110.66,-4.6E-02));
#11912 = VECTOR('',#11913,1.);
#11913 = DIRECTION('',(0.,0.,1.));
#11914 = ORIENTED_EDGE('',*,*,#11192,.F.);
#11915 = ORIENTED_EDGE('',*,*,#11909,.F.);
#11916 = CYLINDRICAL_SURFACE('',#11917,0.8);
#11917 = AXIS2_PLACEMENT_3D('',#11918,#11919,#11920);
#11918 = CARTESIAN_POINT('',(86.5,-109.86,-4.6E-02));
#11919 = DIRECTION('',(-0.,-0.,-1.));
#11920 = DIRECTION('',(-0.,-1.,0.));
#11921 = ADVANCED_FACE('',(#11922),#11933,.F.);
#11922 = FACE_BOUND('',#11923,.T.);
#11923 = EDGE_LOOP('',(#11924,#11925,#11931,#11932));
#11924 = ORIENTED_EDGE('',*,*,#10548,.T.);
#11925 = ORIENTED_EDGE('',*,*,#11926,.T.);
#11926 = EDGE_CURVE('',#10549,#11204,#11927,.T.);
#11927 = LINE('',#11928,#11929);
#11928 = CARTESIAN_POINT('',(86.5,-105.58,-4.6E-02));
#11929 = VECTOR('',#11930,1.);
#11930 = DIRECTION('',(0.,0.,1.));
#11931 = ORIENTED_EDGE('',*,*,#11203,.F.);
#11932 = ORIENTED_EDGE('',*,*,#11926,.F.);
#11933 = CYLINDRICAL_SURFACE('',#11934,0.8);
#11934 = AXIS2_PLACEMENT_3D('',#11935,#11936,#11937);
#11935 = CARTESIAN_POINT('',(86.5,-104.78,-4.6E-02));
#11936 = DIRECTION('',(-0.,-0.,-1.));
#11937 = DIRECTION('',(-0.,-1.,0.));
#11938 = ADVANCED_FACE('',(#11939),#11950,.F.);
#11939 = FACE_BOUND('',#11940,.T.);
#11940 = EDGE_LOOP('',(#11941,#11942,#11948,#11949));
#11941 = ORIENTED_EDGE('',*,*,#10559,.T.);
#11942 = ORIENTED_EDGE('',*,*,#11943,.T.);
#11943 = EDGE_CURVE('',#10560,#11215,#11944,.T.);
#11944 = LINE('',#11945,#11946);
#11945 = CARTESIAN_POINT('',(156.5,-144.1,-4.6E-02));
#11946 = VECTOR('',#11947,1.);
#11947 = DIRECTION('',(0.,0.,1.));
#11948 = ORIENTED_EDGE('',*,*,#11214,.F.);
#11949 = ORIENTED_EDGE('',*,*,#11943,.F.);
#11950 = CYLINDRICAL_SURFACE('',#11951,1.6);
#11951 = AXIS2_PLACEMENT_3D('',#11952,#11953,#11954);
#11952 = CARTESIAN_POINT('',(156.5,-142.5,-4.6E-02));
#11953 = DIRECTION('',(-0.,-0.,-1.));
#11954 = DIRECTION('',(-0.,-1.,0.));
#11955 = ADVANCED_FACE('',(#11956),#11967,.F.);
#11956 = FACE_BOUND('',#11957,.T.);
#11957 = EDGE_LOOP('',(#11958,#11959,#11965,#11966));
#11958 = ORIENTED_EDGE('',*,*,#10570,.T.);
#11959 = ORIENTED_EDGE('',*,*,#11960,.T.);
#11960 = EDGE_CURVE('',#10571,#11226,#11961,.T.);
#11961 = LINE('',#11962,#11963);
#11962 = CARTESIAN_POINT('',(146.5,-136.06,-4.6E-02));
#11963 = VECTOR('',#11964,1.);
#11964 = DIRECTION('',(0.,0.,1.));
#11965 = ORIENTED_EDGE('',*,*,#11225,.F.);
#11966 = ORIENTED_EDGE('',*,*,#11960,.F.);
#11967 = CYLINDRICAL_SURFACE('',#11968,0.8);
#11968 = AXIS2_PLACEMENT_3D('',#11969,#11970,#11971);
#11969 = CARTESIAN_POINT('',(146.5,-135.26,-4.6E-02));
#11970 = DIRECTION('',(-0.,-0.,-1.));
#11971 = DIRECTION('',(-0.,-1.,0.));
#11972 = ADVANCED_FACE('',(#11973),#11984,.F.);
#11973 = FACE_BOUND('',#11974,.T.);
#11974 = EDGE_LOOP('',(#11975,#11976,#11982,#11983));
#11975 = ORIENTED_EDGE('',*,*,#10581,.T.);
#11976 = ORIENTED_EDGE('',*,*,#11977,.T.);
#11977 = EDGE_CURVE('',#10582,#11237,#11978,.T.);
#11978 = LINE('',#11979,#11980);
#11979 = CARTESIAN_POINT('',(146.5,-130.98,-4.6E-02));
#11980 = VECTOR('',#11981,1.);
#11981 = DIRECTION('',(0.,0.,1.));
#11982 = ORIENTED_EDGE('',*,*,#11236,.F.);
#11983 = ORIENTED_EDGE('',*,*,#11977,.F.);
#11984 = CYLINDRICAL_SURFACE('',#11985,0.8);
#11985 = AXIS2_PLACEMENT_3D('',#11986,#11987,#11988);
#11986 = CARTESIAN_POINT('',(146.5,-130.18,-4.6E-02));
#11987 = DIRECTION('',(-0.,-0.,-1.));
#11988 = DIRECTION('',(-0.,-1.,0.));
#11989 = ADVANCED_FACE('',(#11990),#12001,.F.);
#11990 = FACE_BOUND('',#11991,.T.);
#11991 = EDGE_LOOP('',(#11992,#11993,#11999,#12000));
#11992 = ORIENTED_EDGE('',*,*,#10592,.T.);
#11993 = ORIENTED_EDGE('',*,*,#11994,.T.);
#11994 = EDGE_CURVE('',#10593,#11248,#11995,.T.);
#11995 = LINE('',#11996,#11997);
#11996 = CARTESIAN_POINT('',(146.5,-125.9,-4.6E-02));
#11997 = VECTOR('',#11998,1.);
#11998 = DIRECTION('',(0.,0.,1.));
#11999 = ORIENTED_EDGE('',*,*,#11247,.F.);
#12000 = ORIENTED_EDGE('',*,*,#11994,.F.);
#12001 = CYLINDRICAL_SURFACE('',#12002,0.8);
#12002 = AXIS2_PLACEMENT_3D('',#12003,#12004,#12005);
#12003 = CARTESIAN_POINT('',(146.5,-125.1,-4.6E-02));
#12004 = DIRECTION('',(-0.,-0.,-1.));
#12005 = DIRECTION('',(-0.,-1.,0.));
#12006 = ADVANCED_FACE('',(#12007),#12018,.F.);
#12007 = FACE_BOUND('',#12008,.T.);
#12008 = EDGE_LOOP('',(#12009,#12010,#12016,#12017));
#12009 = ORIENTED_EDGE('',*,*,#10603,.T.);
#12010 = ORIENTED_EDGE('',*,*,#12011,.T.);
#12011 = EDGE_CURVE('',#10604,#11259,#12012,.T.);
#12012 = LINE('',#12013,#12014);
#12013 = CARTESIAN_POINT('',(116.5,-120.82,-4.6E-02));
#12014 = VECTOR('',#12015,1.);
#12015 = DIRECTION('',(0.,0.,1.));
#12016 = ORIENTED_EDGE('',*,*,#11258,.F.);
#12017 = ORIENTED_EDGE('',*,*,#12011,.F.);
#12018 = CYLINDRICAL_SURFACE('',#12019,0.8);
#12019 = AXIS2_PLACEMENT_3D('',#12020,#12021,#12022);
#12020 = CARTESIAN_POINT('',(116.5,-120.02,-4.6E-02));
#12021 = DIRECTION('',(-0.,-0.,-1.));
#12022 = DIRECTION('',(-0.,-1.,0.));
#12023 = ADVANCED_FACE('',(#12024),#12035,.F.);
#12024 = FACE_BOUND('',#12025,.T.);
#12025 = EDGE_LOOP('',(#12026,#12027,#12033,#12034));
#12026 = ORIENTED_EDGE('',*,*,#10614,.T.);
#12027 = ORIENTED_EDGE('',*,*,#12028,.T.);
#12028 = EDGE_CURVE('',#10615,#11270,#12029,.T.);
#12029 = LINE('',#12030,#12031);
#12030 = CARTESIAN_POINT('',(116.5,-115.74,-4.6E-02));
#12031 = VECTOR('',#12032,1.);
#12032 = DIRECTION('',(0.,0.,1.));
#12033 = ORIENTED_EDGE('',*,*,#11269,.F.);
#12034 = ORIENTED_EDGE('',*,*,#12028,.F.);
#12035 = CYLINDRICAL_SURFACE('',#12036,0.8);
#12036 = AXIS2_PLACEMENT_3D('',#12037,#12038,#12039);
#12037 = CARTESIAN_POINT('',(116.5,-114.94,-4.6E-02));
#12038 = DIRECTION('',(-0.,-0.,-1.));
#12039 = DIRECTION('',(-0.,-1.,0.));
#12040 = ADVANCED_FACE('',(#12041),#12052,.F.);
#12041 = FACE_BOUND('',#12042,.T.);
#12042 = EDGE_LOOP('',(#12043,#12044,#12050,#12051));
#12043 = ORIENTED_EDGE('',*,*,#10625,.T.);
#12044 = ORIENTED_EDGE('',*,*,#12045,.T.);
#12045 = EDGE_CURVE('',#10626,#11281,#12046,.T.);
#12046 = LINE('',#12047,#12048);
#12047 = CARTESIAN_POINT('',(116.5,-110.66,-4.6E-02));
#12048 = VECTOR('',#12049,1.);
#12049 = DIRECTION('',(0.,0.,1.));
#12050 = ORIENTED_EDGE('',*,*,#11280,.F.);
#12051 = ORIENTED_EDGE('',*,*,#12045,.F.);
#12052 = CYLINDRICAL_SURFACE('',#12053,0.8);
#12053 = AXIS2_PLACEMENT_3D('',#12054,#12055,#12056);
#12054 = CARTESIAN_POINT('',(116.5,-109.86,-4.6E-02));
#12055 = DIRECTION('',(-0.,-0.,-1.));
#12056 = DIRECTION('',(-0.,-1.,0.));
#12057 = ADVANCED_FACE('',(#12058),#12069,.F.);
#12058 = FACE_BOUND('',#12059,.T.);
#12059 = EDGE_LOOP('',(#12060,#12061,#12067,#12068));
#12060 = ORIENTED_EDGE('',*,*,#10636,.T.);
#12061 = ORIENTED_EDGE('',*,*,#12062,.T.);
#12062 = EDGE_CURVE('',#10637,#11292,#12063,.T.);
#12063 = LINE('',#12064,#12065);
#12064 = CARTESIAN_POINT('',(116.5,-105.58,-4.6E-02));
#12065 = VECTOR('',#12066,1.);
#12066 = DIRECTION('',(0.,0.,1.));
#12067 = ORIENTED_EDGE('',*,*,#11291,.F.);
#12068 = ORIENTED_EDGE('',*,*,#12062,.F.);
#12069 = CYLINDRICAL_SURFACE('',#12070,0.8);
#12070 = AXIS2_PLACEMENT_3D('',#12071,#12072,#12073);
#12071 = CARTESIAN_POINT('',(116.5,-104.78,-4.6E-02));
#12072 = DIRECTION('',(-0.,-0.,-1.));
#12073 = DIRECTION('',(-0.,-1.,0.));
#12074 = ADVANCED_FACE('',(#12075),#12086,.F.);
#12075 = FACE_BOUND('',#12076,.T.);
#12076 = EDGE_LOOP('',(#12077,#12078,#12084,#12085));
#12077 = ORIENTED_EDGE('',*,*,#10647,.T.);
#12078 = ORIENTED_EDGE('',*,*,#12079,.T.);
#12079 = EDGE_CURVE('',#10648,#11303,#12080,.T.);
#12080 = LINE('',#12081,#12082);
#12081 = CARTESIAN_POINT('',(146.5,-120.82,-4.6E-02));
#12082 = VECTOR('',#12083,1.);
#12083 = DIRECTION('',(0.,0.,1.));
#12084 = ORIENTED_EDGE('',*,*,#11302,.F.);
#12085 = ORIENTED_EDGE('',*,*,#12079,.F.);
#12086 = CYLINDRICAL_SURFACE('',#12087,0.8);
#12087 = AXIS2_PLACEMENT_3D('',#12088,#12089,#12090);
#12088 = CARTESIAN_POINT('',(146.5,-120.02,-4.6E-02));
#12089 = DIRECTION('',(-0.,-0.,-1.));
#12090 = DIRECTION('',(-0.,-1.,0.));
#12091 = ADVANCED_FACE('',(#12092),#12103,.F.);
#12092 = FACE_BOUND('',#12093,.T.);
#12093 = EDGE_LOOP('',(#12094,#12095,#12101,#12102));
#12094 = ORIENTED_EDGE('',*,*,#10658,.T.);
#12095 = ORIENTED_EDGE('',*,*,#12096,.T.);
#12096 = EDGE_CURVE('',#10659,#11314,#12097,.T.);
#12097 = LINE('',#12098,#12099);
#12098 = CARTESIAN_POINT('',(146.5,-115.74,-4.6E-02));
#12099 = VECTOR('',#12100,1.);
#12100 = DIRECTION('',(0.,0.,1.));
#12101 = ORIENTED_EDGE('',*,*,#11313,.F.);
#12102 = ORIENTED_EDGE('',*,*,#12096,.F.);
#12103 = CYLINDRICAL_SURFACE('',#12104,0.8);
#12104 = AXIS2_PLACEMENT_3D('',#12105,#12106,#12107);
#12105 = CARTESIAN_POINT('',(146.5,-114.94,-4.6E-02));
#12106 = DIRECTION('',(-0.,-0.,-1.));
#12107 = DIRECTION('',(-0.,-1.,0.));
#12108 = ADVANCED_FACE('',(#12109),#12120,.F.);
#12109 = FACE_BOUND('',#12110,.T.);
#12110 = EDGE_LOOP('',(#12111,#12112,#12118,#12119));
#12111 = ORIENTED_EDGE('',*,*,#10669,.T.);
#12112 = ORIENTED_EDGE('',*,*,#12113,.T.);
#12113 = EDGE_CURVE('',#10670,#11325,#12114,.T.);
#12114 = LINE('',#12115,#12116);
#12115 = CARTESIAN_POINT('',(146.5,-110.66,-4.6E-02));
#12116 = VECTOR('',#12117,1.);
#12117 = DIRECTION('',(0.,0.,1.));
#12118 = ORIENTED_EDGE('',*,*,#11324,.F.);
#12119 = ORIENTED_EDGE('',*,*,#12113,.F.);
#12120 = CYLINDRICAL_SURFACE('',#12121,0.8);
#12121 = AXIS2_PLACEMENT_3D('',#12122,#12123,#12124);
#12122 = CARTESIAN_POINT('',(146.5,-109.86,-4.6E-02));
#12123 = DIRECTION('',(-0.,-0.,-1.));
#12124 = DIRECTION('',(-0.,-1.,0.));
#12125 = ADVANCED_FACE('',(#12126),#12137,.F.);
#12126 = FACE_BOUND('',#12127,.T.);
#12127 = EDGE_LOOP('',(#12128,#12129,#12135,#12136));
#12128 = ORIENTED_EDGE('',*,*,#10680,.T.);
#12129 = ORIENTED_EDGE('',*,*,#12130,.T.);
#12130 = EDGE_CURVE('',#10681,#11336,#12131,.T.);
#12131 = LINE('',#12132,#12133);
#12132 = CARTESIAN_POINT('',(146.5,-105.58,-4.6E-02));
#12133 = VECTOR('',#12134,1.);
#12134 = DIRECTION('',(0.,0.,1.));
#12135 = ORIENTED_EDGE('',*,*,#11335,.F.);
#12136 = ORIENTED_EDGE('',*,*,#12130,.F.);
#12137 = CYLINDRICAL_SURFACE('',#12138,0.8);
#12138 = AXIS2_PLACEMENT_3D('',#12139,#12140,#12141);
#12139 = CARTESIAN_POINT('',(146.5,-104.78,-4.6E-02));
#12140 = DIRECTION('',(-0.,-0.,-1.));
#12141 = DIRECTION('',(-0.,-1.,0.));
#12142 = ADVANCED_FACE('',(#12143),#12154,.F.);
#12143 = FACE_BOUND('',#12144,.T.);
#12144 = EDGE_LOOP('',(#12145,#12146,#12152,#12153));
#12145 = ORIENTED_EDGE('',*,*,#10691,.T.);
#12146 = ORIENTED_EDGE('',*,*,#12147,.T.);
#12147 = EDGE_CURVE('',#10692,#11347,#12148,.T.);
#12148 = LINE('',#12149,#12150);
#12149 = CARTESIAN_POINT('',(66.5,-100.5,-4.6E-02));
#12150 = VECTOR('',#12151,1.);
#12151 = DIRECTION('',(0.,0.,1.));
#12152 = ORIENTED_EDGE('',*,*,#11346,.F.);
#12153 = ORIENTED_EDGE('',*,*,#12147,.F.);
#12154 = CYLINDRICAL_SURFACE('',#12155,0.8);
#12155 = AXIS2_PLACEMENT_3D('',#12156,#12157,#12158);
#12156 = CARTESIAN_POINT('',(66.5,-99.7,-4.6E-02));
#12157 = DIRECTION('',(-0.,-0.,-1.));
#12158 = DIRECTION('',(-0.,-1.,0.));
#12159 = ADVANCED_FACE('',(#12160),#12171,.F.);
#12160 = FACE_BOUND('',#12161,.T.);
#12161 = EDGE_LOOP('',(#12162,#12163,#12169,#12170));
#12162 = ORIENTED_EDGE('',*,*,#10702,.T.);
#12163 = ORIENTED_EDGE('',*,*,#12164,.T.);
#12164 = EDGE_CURVE('',#10703,#11358,#12165,.T.);
#12165 = LINE('',#12166,#12167);
#12166 = CARTESIAN_POINT('',(66.5,-95.42,-4.6E-02));
#12167 = VECTOR('',#12168,1.);
#12168 = DIRECTION('',(0.,0.,1.));
#12169 = ORIENTED_EDGE('',*,*,#11357,.F.);
#12170 = ORIENTED_EDGE('',*,*,#12164,.F.);
#12171 = CYLINDRICAL_SURFACE('',#12172,0.8);
#12172 = AXIS2_PLACEMENT_3D('',#12173,#12174,#12175);
#12173 = CARTESIAN_POINT('',(66.5,-94.62,-4.6E-02));
#12174 = DIRECTION('',(-0.,-0.,-1.));
#12175 = DIRECTION('',(-0.,-1.,0.));
#12176 = ADVANCED_FACE('',(#12177),#12188,.F.);
#12177 = FACE_BOUND('',#12178,.T.);
#12178 = EDGE_LOOP('',(#12179,#12180,#12186,#12187));
#12179 = ORIENTED_EDGE('',*,*,#10713,.T.);
#12180 = ORIENTED_EDGE('',*,*,#12181,.T.);
#12181 = EDGE_CURVE('',#10714,#11369,#12182,.T.);
#12182 = LINE('',#12183,#12184);
#12183 = CARTESIAN_POINT('',(66.5,-90.34,-4.6E-02));
#12184 = VECTOR('',#12185,1.);
#12185 = DIRECTION('',(0.,0.,1.));
#12186 = ORIENTED_EDGE('',*,*,#11368,.F.);
#12187 = ORIENTED_EDGE('',*,*,#12181,.F.);
#12188 = CYLINDRICAL_SURFACE('',#12189,0.8);
#12189 = AXIS2_PLACEMENT_3D('',#12190,#12191,#12192);
#12190 = CARTESIAN_POINT('',(66.5,-89.54,-4.6E-02));
#12191 = DIRECTION('',(-0.,-0.,-1.));
#12192 = DIRECTION('',(-0.,-1.,0.));
#12193 = ADVANCED_FACE('',(#12194),#12205,.F.);
#12194 = FACE_BOUND('',#12195,.T.);
#12195 = EDGE_LOOP('',(#12196,#12197,#12203,#12204));
#12196 = ORIENTED_EDGE('',*,*,#10724,.T.);
#12197 = ORIENTED_EDGE('',*,*,#12198,.T.);
#12198 = EDGE_CURVE('',#10725,#11380,#12199,.T.);
#12199 = LINE('',#12200,#12201);
#12200 = CARTESIAN_POINT('',(66.5,-85.26,-4.6E-02));
#12201 = VECTOR('',#12202,1.);
#12202 = DIRECTION('',(0.,0.,1.));
#12203 = ORIENTED_EDGE('',*,*,#11379,.F.);
#12204 = ORIENTED_EDGE('',*,*,#12198,.F.);
#12205 = CYLINDRICAL_SURFACE('',#12206,0.8);
#12206 = AXIS2_PLACEMENT_3D('',#12207,#12208,#12209);
#12207 = CARTESIAN_POINT('',(66.5,-84.46,-4.6E-02));
#12208 = DIRECTION('',(-0.,-0.,-1.));
#12209 = DIRECTION('',(-0.,-1.,0.));
#12210 = ADVANCED_FACE('',(#12211),#12222,.F.);
#12211 = FACE_BOUND('',#12212,.T.);
#12212 = EDGE_LOOP('',(#12213,#12214,#12220,#12221));
#12213 = ORIENTED_EDGE('',*,*,#10735,.T.);
#12214 = ORIENTED_EDGE('',*,*,#12215,.T.);
#12215 = EDGE_CURVE('',#10736,#11391,#12216,.T.);
#12216 = LINE('',#12217,#12218);
#12217 = CARTESIAN_POINT('',(66.5,-80.18,-4.6E-02));
#12218 = VECTOR('',#12219,1.);
#12219 = DIRECTION('',(0.,0.,1.));
#12220 = ORIENTED_EDGE('',*,*,#11390,.F.);
#12221 = ORIENTED_EDGE('',*,*,#12215,.F.);
#12222 = CYLINDRICAL_SURFACE('',#12223,0.8);
#12223 = AXIS2_PLACEMENT_3D('',#12224,#12225,#12226);
#12224 = CARTESIAN_POINT('',(66.5,-79.38,-4.6E-02));
#12225 = DIRECTION('',(-0.,-0.,-1.));
#12226 = DIRECTION('',(-0.,-1.,0.));
#12227 = ADVANCED_FACE('',(#12228),#12239,.F.);
#12228 = FACE_BOUND('',#12229,.T.);
#12229 = EDGE_LOOP('',(#12230,#12231,#12237,#12238));
#12230 = ORIENTED_EDGE('',*,*,#10746,.T.);
#12231 = ORIENTED_EDGE('',*,*,#12232,.T.);
#12232 = EDGE_CURVE('',#10747,#11402,#12233,.T.);
#12233 = LINE('',#12234,#12235);
#12234 = CARTESIAN_POINT('',(86.5,-100.5,-4.6E-02));
#12235 = VECTOR('',#12236,1.);
#12236 = DIRECTION('',(0.,0.,1.));
#12237 = ORIENTED_EDGE('',*,*,#11401,.F.);
#12238 = ORIENTED_EDGE('',*,*,#12232,.F.);
#12239 = CYLINDRICAL_SURFACE('',#12240,0.8);
#12240 = AXIS2_PLACEMENT_3D('',#12241,#12242,#12243);
#12241 = CARTESIAN_POINT('',(86.5,-99.7,-4.6E-02));
#12242 = DIRECTION('',(-0.,-0.,-1.));
#12243 = DIRECTION('',(-0.,-1.,0.));
#12244 = ADVANCED_FACE('',(#12245),#12256,.F.);
#12245 = FACE_BOUND('',#12246,.T.);
#12246 = EDGE_LOOP('',(#12247,#12248,#12254,#12255));
#12247 = ORIENTED_EDGE('',*,*,#10757,.T.);
#12248 = ORIENTED_EDGE('',*,*,#12249,.T.);
#12249 = EDGE_CURVE('',#10758,#11413,#12250,.T.);
#12250 = LINE('',#12251,#12252);
#12251 = CARTESIAN_POINT('',(86.5,-95.42,-4.6E-02));
#12252 = VECTOR('',#12253,1.);
#12253 = DIRECTION('',(0.,0.,1.));
#12254 = ORIENTED_EDGE('',*,*,#11412,.F.);
#12255 = ORIENTED_EDGE('',*,*,#12249,.F.);
#12256 = CYLINDRICAL_SURFACE('',#12257,0.8);
#12257 = AXIS2_PLACEMENT_3D('',#12258,#12259,#12260);
#12258 = CARTESIAN_POINT('',(86.5,-94.62,-4.6E-02));
#12259 = DIRECTION('',(-0.,-0.,-1.));
#12260 = DIRECTION('',(-0.,-1.,0.));
#12261 = ADVANCED_FACE('',(#12262),#12273,.F.);
#12262 = FACE_BOUND('',#12263,.T.);
#12263 = EDGE_LOOP('',(#12264,#12265,#12271,#12272));
#12264 = ORIENTED_EDGE('',*,*,#10768,.T.);
#12265 = ORIENTED_EDGE('',*,*,#12266,.T.);
#12266 = EDGE_CURVE('',#10769,#11424,#12267,.T.);
#12267 = LINE('',#12268,#12269);
#12268 = CARTESIAN_POINT('',(86.5,-90.34,-4.6E-02));
#12269 = VECTOR('',#12270,1.);
#12270 = DIRECTION('',(0.,0.,1.));
#12271 = ORIENTED_EDGE('',*,*,#11423,.F.);
#12272 = ORIENTED_EDGE('',*,*,#12266,.F.);
#12273 = CYLINDRICAL_SURFACE('',#12274,0.8);
#12274 = AXIS2_PLACEMENT_3D('',#12275,#12276,#12277);
#12275 = CARTESIAN_POINT('',(86.5,-89.54,-4.6E-02));
#12276 = DIRECTION('',(-0.,-0.,-1.));
#12277 = DIRECTION('',(-0.,-1.,0.));
#12278 = ADVANCED_FACE('',(#12279),#12290,.F.);
#12279 = FACE_BOUND('',#12280,.T.);
#12280 = EDGE_LOOP('',(#12281,#12282,#12288,#12289));
#12281 = ORIENTED_EDGE('',*,*,#10779,.T.);
#12282 = ORIENTED_EDGE('',*,*,#12283,.T.);
#12283 = EDGE_CURVE('',#10780,#11435,#12284,.T.);
#12284 = LINE('',#12285,#12286);
#12285 = CARTESIAN_POINT('',(86.5,-85.26,-4.6E-02));
#12286 = VECTOR('',#12287,1.);
#12287 = DIRECTION('',(0.,0.,1.));
#12288 = ORIENTED_EDGE('',*,*,#11434,.F.);
#12289 = ORIENTED_EDGE('',*,*,#12283,.F.);
#12290 = CYLINDRICAL_SURFACE('',#12291,0.8);
#12291 = AXIS2_PLACEMENT_3D('',#12292,#12293,#12294);
#12292 = CARTESIAN_POINT('',(86.5,-84.46,-4.6E-02));
#12293 = DIRECTION('',(-0.,-0.,-1.));
#12294 = DIRECTION('',(-0.,-1.,0.));
#12295 = ADVANCED_FACE('',(#12296),#12307,.F.);
#12296 = FACE_BOUND('',#12297,.T.);
#12297 = EDGE_LOOP('',(#12298,#12299,#12305,#12306));
#12298 = ORIENTED_EDGE('',*,*,#10790,.T.);
#12299 = ORIENTED_EDGE('',*,*,#12300,.T.);
#12300 = EDGE_CURVE('',#10791,#11446,#12301,.T.);
#12301 = LINE('',#12302,#12303);
#12302 = CARTESIAN_POINT('',(86.5,-80.18,-4.6E-02));
#12303 = VECTOR('',#12304,1.);
#12304 = DIRECTION('',(0.,0.,1.));
#12305 = ORIENTED_EDGE('',*,*,#11445,.F.);
#12306 = ORIENTED_EDGE('',*,*,#12300,.F.);
#12307 = CYLINDRICAL_SURFACE('',#12308,0.8);
#12308 = AXIS2_PLACEMENT_3D('',#12309,#12310,#12311);
#12309 = CARTESIAN_POINT('',(86.5,-79.38,-4.6E-02));
#12310 = DIRECTION('',(-0.,-0.,-1.));
#12311 = DIRECTION('',(-0.,-1.,0.));
#12312 = ADVANCED_FACE('',(#12313),#12324,.F.);
#12313 = FACE_BOUND('',#12314,.T.);
#12314 = EDGE_LOOP('',(#12315,#12316,#12322,#12323));
#12315 = ORIENTED_EDGE('',*,*,#10801,.T.);
#12316 = ORIENTED_EDGE('',*,*,#12317,.T.);
#12317 = EDGE_CURVE('',#10802,#11457,#12318,.T.);
#12318 = LINE('',#12319,#12320);
#12319 = CARTESIAN_POINT('',(66.5,-75.1,-4.6E-02));
#12320 = VECTOR('',#12321,1.);
#12321 = DIRECTION('',(0.,0.,1.));
#12322 = ORIENTED_EDGE('',*,*,#11456,.F.);
#12323 = ORIENTED_EDGE('',*,*,#12317,.F.);
#12324 = CYLINDRICAL_SURFACE('',#12325,0.8);
#12325 = AXIS2_PLACEMENT_3D('',#12326,#12327,#12328);
#12326 = CARTESIAN_POINT('',(66.5,-74.3,-4.6E-02));
#12327 = DIRECTION('',(-0.,-0.,-1.));
#12328 = DIRECTION('',(-0.,-1.,0.));
#12329 = ADVANCED_FACE('',(#12330),#12341,.F.);
#12330 = FACE_BOUND('',#12331,.T.);
#12331 = EDGE_LOOP('',(#12332,#12333,#12339,#12340));
#12332 = ORIENTED_EDGE('',*,*,#10812,.T.);
#12333 = ORIENTED_EDGE('',*,*,#12334,.T.);
#12334 = EDGE_CURVE('',#10813,#11468,#12335,.T.);
#12335 = LINE('',#12336,#12337);
#12336 = CARTESIAN_POINT('',(66.5,-70.02,-4.6E-02));
#12337 = VECTOR('',#12338,1.);
#12338 = DIRECTION('',(0.,0.,1.));
#12339 = ORIENTED_EDGE('',*,*,#11467,.F.);
#12340 = ORIENTED_EDGE('',*,*,#12334,.F.);
#12341 = CYLINDRICAL_SURFACE('',#12342,0.8);
#12342 = AXIS2_PLACEMENT_3D('',#12343,#12344,#12345);
#12343 = CARTESIAN_POINT('',(66.5,-69.22,-4.6E-02));
#12344 = DIRECTION('',(-0.,-0.,-1.));
#12345 = DIRECTION('',(-0.,-1.,0.));
#12346 = ADVANCED_FACE('',(#12347),#12358,.F.);
#12347 = FACE_BOUND('',#12348,.T.);
#12348 = EDGE_LOOP('',(#12349,#12350,#12356,#12357));
#12349 = ORIENTED_EDGE('',*,*,#10823,.T.);
#12350 = ORIENTED_EDGE('',*,*,#12351,.T.);
#12351 = EDGE_CURVE('',#10824,#11479,#12352,.T.);
#12352 = LINE('',#12353,#12354);
#12353 = CARTESIAN_POINT('',(66.5,-64.94,-4.6E-02));
#12354 = VECTOR('',#12355,1.);
#12355 = DIRECTION('',(0.,0.,1.));
#12356 = ORIENTED_EDGE('',*,*,#11478,.F.);
#12357 = ORIENTED_EDGE('',*,*,#12351,.F.);
#12358 = CYLINDRICAL_SURFACE('',#12359,0.8);
#12359 = AXIS2_PLACEMENT_3D('',#12360,#12361,#12362);
#12360 = CARTESIAN_POINT('',(66.5,-64.14,-4.6E-02));
#12361 = DIRECTION('',(-0.,-0.,-1.));
#12362 = DIRECTION('',(-0.,-1.,0.));
#12363 = ADVANCED_FACE('',(#12364),#12375,.F.);
#12364 = FACE_BOUND('',#12365,.T.);
#12365 = EDGE_LOOP('',(#12366,#12367,#12373,#12374));
#12366 = ORIENTED_EDGE('',*,*,#10834,.T.);
#12367 = ORIENTED_EDGE('',*,*,#12368,.T.);
#12368 = EDGE_CURVE('',#10835,#11490,#12369,.T.);
#12369 = LINE('',#12370,#12371);
#12370 = CARTESIAN_POINT('',(63.5,-59.1,-4.6E-02));
#12371 = VECTOR('',#12372,1.);
#12372 = DIRECTION('',(0.,0.,1.));
#12373 = ORIENTED_EDGE('',*,*,#11489,.F.);
#12374 = ORIENTED_EDGE('',*,*,#12368,.F.);
#12375 = CYLINDRICAL_SURFACE('',#12376,1.6);
#12376 = AXIS2_PLACEMENT_3D('',#12377,#12378,#12379);
#12377 = CARTESIAN_POINT('',(63.5,-57.5,-4.6E-02));
#12378 = DIRECTION('',(-0.,-0.,-1.));
#12379 = DIRECTION('',(-0.,-1.,0.));
#12380 = ADVANCED_FACE('',(#12381),#12392,.F.);
#12381 = FACE_BOUND('',#12382,.T.);
#12382 = EDGE_LOOP('',(#12383,#12384,#12390,#12391));
#12383 = ORIENTED_EDGE('',*,*,#10845,.T.);
#12384 = ORIENTED_EDGE('',*,*,#12385,.T.);
#12385 = EDGE_CURVE('',#10846,#11501,#12386,.T.);
#12386 = LINE('',#12387,#12388);
#12387 = CARTESIAN_POINT('',(86.5,-75.1,-4.6E-02));
#12388 = VECTOR('',#12389,1.);
#12389 = DIRECTION('',(0.,0.,1.));
#12390 = ORIENTED_EDGE('',*,*,#11500,.F.);
#12391 = ORIENTED_EDGE('',*,*,#12385,.F.);
#12392 = CYLINDRICAL_SURFACE('',#12393,0.8);
#12393 = AXIS2_PLACEMENT_3D('',#12394,#12395,#12396);
#12394 = CARTESIAN_POINT('',(86.5,-74.3,-4.6E-02));
#12395 = DIRECTION('',(-0.,-0.,-1.));
#12396 = DIRECTION('',(-0.,-1.,0.));
#12397 = ADVANCED_FACE('',(#12398),#12409,.F.);
#12398 = FACE_BOUND('',#12399,.T.);
#12399 = EDGE_LOOP('',(#12400,#12401,#12407,#12408));
#12400 = ORIENTED_EDGE('',*,*,#10856,.T.);
#12401 = ORIENTED_EDGE('',*,*,#12402,.T.);
#12402 = EDGE_CURVE('',#10857,#11512,#12403,.T.);
#12403 = LINE('',#12404,#12405);
#12404 = CARTESIAN_POINT('',(86.5,-70.02,-4.6E-02));
#12405 = VECTOR('',#12406,1.);
#12406 = DIRECTION('',(0.,0.,1.));
#12407 = ORIENTED_EDGE('',*,*,#11511,.F.);
#12408 = ORIENTED_EDGE('',*,*,#12402,.F.);
#12409 = CYLINDRICAL_SURFACE('',#12410,0.8);
#12410 = AXIS2_PLACEMENT_3D('',#12411,#12412,#12413);
#12411 = CARTESIAN_POINT('',(86.5,-69.22,-4.6E-02));
#12412 = DIRECTION('',(-0.,-0.,-1.));
#12413 = DIRECTION('',(-0.,-1.,0.));
#12414 = ADVANCED_FACE('',(#12415),#12426,.F.);
#12415 = FACE_BOUND('',#12416,.T.);
#12416 = EDGE_LOOP('',(#12417,#12418,#12424,#12425));
#12417 = ORIENTED_EDGE('',*,*,#10867,.T.);
#12418 = ORIENTED_EDGE('',*,*,#12419,.T.);
#12419 = EDGE_CURVE('',#10868,#11523,#12420,.T.);
#12420 = LINE('',#12421,#12422);
#12421 = CARTESIAN_POINT('',(86.5,-64.94,-4.6E-02));
#12422 = VECTOR('',#12423,1.);
#12423 = DIRECTION('',(0.,0.,1.));
#12424 = ORIENTED_EDGE('',*,*,#11522,.F.);
#12425 = ORIENTED_EDGE('',*,*,#12419,.F.);
#12426 = CYLINDRICAL_SURFACE('',#12427,0.8);
#12427 = AXIS2_PLACEMENT_3D('',#12428,#12429,#12430);
#12428 = CARTESIAN_POINT('',(86.5,-64.14,-4.6E-02));
#12429 = DIRECTION('',(-0.,-0.,-1.));
#12430 = DIRECTION('',(-0.,-1.,0.));
#12431 = ADVANCED_FACE('',(#12432),#12443,.F.);
#12432 = FACE_BOUND('',#12433,.T.);
#12433 = EDGE_LOOP('',(#12434,#12435,#12441,#12442));
#12434 = ORIENTED_EDGE('',*,*,#10878,.T.);
#12435 = ORIENTED_EDGE('',*,*,#12436,.T.);
#12436 = EDGE_CURVE('',#10879,#11534,#12437,.T.);
#12437 = LINE('',#12438,#12439);
#12438 = CARTESIAN_POINT('',(116.5,-100.5,-4.6E-02));
#12439 = VECTOR('',#12440,1.);
#12440 = DIRECTION('',(0.,0.,1.));
#12441 = ORIENTED_EDGE('',*,*,#11533,.F.);
#12442 = ORIENTED_EDGE('',*,*,#12436,.F.);
#12443 = CYLINDRICAL_SURFACE('',#12444,0.8);
#12444 = AXIS2_PLACEMENT_3D('',#12445,#12446,#12447);
#12445 = CARTESIAN_POINT('',(116.5,-99.7,-4.6E-02));
#12446 = DIRECTION('',(-0.,-0.,-1.));
#12447 = DIRECTION('',(-0.,-1.,0.));
#12448 = ADVANCED_FACE('',(#12449),#12460,.F.);
#12449 = FACE_BOUND('',#12450,.T.);
#12450 = EDGE_LOOP('',(#12451,#12452,#12458,#12459));
#12451 = ORIENTED_EDGE('',*,*,#10889,.T.);
#12452 = ORIENTED_EDGE('',*,*,#12453,.T.);
#12453 = EDGE_CURVE('',#10890,#11545,#12454,.T.);
#12454 = LINE('',#12455,#12456);
#12455 = CARTESIAN_POINT('',(116.5,-95.42,-4.6E-02));
#12456 = VECTOR('',#12457,1.);
#12457 = DIRECTION('',(0.,0.,1.));
#12458 = ORIENTED_EDGE('',*,*,#11544,.F.);
#12459 = ORIENTED_EDGE('',*,*,#12453,.F.);
#12460 = CYLINDRICAL_SURFACE('',#12461,0.8);
#12461 = AXIS2_PLACEMENT_3D('',#12462,#12463,#12464);
#12462 = CARTESIAN_POINT('',(116.5,-94.62,-4.6E-02));
#12463 = DIRECTION('',(-0.,-0.,-1.));
#12464 = DIRECTION('',(-0.,-1.,0.));
#12465 = ADVANCED_FACE('',(#12466),#12477,.F.);
#12466 = FACE_BOUND('',#12467,.T.);
#12467 = EDGE_LOOP('',(#12468,#12469,#12475,#12476));
#12468 = ORIENTED_EDGE('',*,*,#10900,.T.);
#12469 = ORIENTED_EDGE('',*,*,#12470,.T.);
#12470 = EDGE_CURVE('',#10901,#11556,#12471,.T.);
#12471 = LINE('',#12472,#12473);
#12472 = CARTESIAN_POINT('',(116.5,-90.34,-4.6E-02));
#12473 = VECTOR('',#12474,1.);
#12474 = DIRECTION('',(0.,0.,1.));
#12475 = ORIENTED_EDGE('',*,*,#11555,.F.);
#12476 = ORIENTED_EDGE('',*,*,#12470,.F.);
#12477 = CYLINDRICAL_SURFACE('',#12478,0.8);
#12478 = AXIS2_PLACEMENT_3D('',#12479,#12480,#12481);
#12479 = CARTESIAN_POINT('',(116.5,-89.54,-4.6E-02));
#12480 = DIRECTION('',(-0.,-0.,-1.));
#12481 = DIRECTION('',(-0.,-1.,0.));
#12482 = ADVANCED_FACE('',(#12483),#12494,.F.);
#12483 = FACE_BOUND('',#12484,.T.);
#12484 = EDGE_LOOP('',(#12485,#12486,#12492,#12493));
#12485 = ORIENTED_EDGE('',*,*,#10911,.T.);
#12486 = ORIENTED_EDGE('',*,*,#12487,.T.);
#12487 = EDGE_CURVE('',#10912,#11567,#12488,.T.);
#12488 = LINE('',#12489,#12490);
#12489 = CARTESIAN_POINT('',(116.5,-85.26,-4.6E-02));
#12490 = VECTOR('',#12491,1.);
#12491 = DIRECTION('',(0.,0.,1.));
#12492 = ORIENTED_EDGE('',*,*,#11566,.F.);
#12493 = ORIENTED_EDGE('',*,*,#12487,.F.);
#12494 = CYLINDRICAL_SURFACE('',#12495,0.8);
#12495 = AXIS2_PLACEMENT_3D('',#12496,#12497,#12498);
#12496 = CARTESIAN_POINT('',(116.5,-84.46,-4.6E-02));
#12497 = DIRECTION('',(-0.,-0.,-1.));
#12498 = DIRECTION('',(-0.,-1.,0.));
#12499 = ADVANCED_FACE('',(#12500),#12511,.F.);
#12500 = FACE_BOUND('',#12501,.T.);
#12501 = EDGE_LOOP('',(#12502,#12503,#12509,#12510));
#12502 = ORIENTED_EDGE('',*,*,#10922,.T.);
#12503 = ORIENTED_EDGE('',*,*,#12504,.T.);
#12504 = EDGE_CURVE('',#10923,#11578,#12505,.T.);
#12505 = LINE('',#12506,#12507);
#12506 = CARTESIAN_POINT('',(116.5,-80.18,-4.6E-02));
#12507 = VECTOR('',#12508,1.);
#12508 = DIRECTION('',(0.,0.,1.));
#12509 = ORIENTED_EDGE('',*,*,#11577,.F.);
#12510 = ORIENTED_EDGE('',*,*,#12504,.F.);
#12511 = CYLINDRICAL_SURFACE('',#12512,0.8);
#12512 = AXIS2_PLACEMENT_3D('',#12513,#12514,#12515);
#12513 = CARTESIAN_POINT('',(116.5,-79.38,-4.6E-02));
#12514 = DIRECTION('',(-0.,-0.,-1.));
#12515 = DIRECTION('',(-0.,-1.,0.));
#12516 = ADVANCED_FACE('',(#12517),#12528,.F.);
#12517 = FACE_BOUND('',#12518,.T.);
#12518 = EDGE_LOOP('',(#12519,#12520,#12526,#12527));
#12519 = ORIENTED_EDGE('',*,*,#10933,.T.);
#12520 = ORIENTED_EDGE('',*,*,#12521,.T.);
#12521 = EDGE_CURVE('',#10934,#11589,#12522,.T.);
#12522 = LINE('',#12523,#12524);
#12523 = CARTESIAN_POINT('',(146.5,-100.5,-4.6E-02));
#12524 = VECTOR('',#12525,1.);
#12525 = DIRECTION('',(0.,0.,1.));
#12526 = ORIENTED_EDGE('',*,*,#11588,.F.);
#12527 = ORIENTED_EDGE('',*,*,#12521,.F.);
#12528 = CYLINDRICAL_SURFACE('',#12529,0.8);
#12529 = AXIS2_PLACEMENT_3D('',#12530,#12531,#12532);
#12530 = CARTESIAN_POINT('',(146.5,-99.7,-4.6E-02));
#12531 = DIRECTION('',(-0.,-0.,-1.));
#12532 = DIRECTION('',(-0.,-1.,0.));
#12533 = ADVANCED_FACE('',(#12534),#12545,.F.);
#12534 = FACE_BOUND('',#12535,.T.);
#12535 = EDGE_LOOP('',(#12536,#12537,#12543,#12544));
#12536 = ORIENTED_EDGE('',*,*,#10944,.T.);
#12537 = ORIENTED_EDGE('',*,*,#12538,.T.);
#12538 = EDGE_CURVE('',#10945,#11600,#12539,.T.);
#12539 = LINE('',#12540,#12541);
#12540 = CARTESIAN_POINT('',(146.5,-95.42,-4.6E-02));
#12541 = VECTOR('',#12542,1.);
#12542 = DIRECTION('',(0.,0.,1.));
#12543 = ORIENTED_EDGE('',*,*,#11599,.F.);
#12544 = ORIENTED_EDGE('',*,*,#12538,.F.);
#12545 = CYLINDRICAL_SURFACE('',#12546,0.8);
#12546 = AXIS2_PLACEMENT_3D('',#12547,#12548,#12549);
#12547 = CARTESIAN_POINT('',(146.5,-94.62,-4.6E-02));
#12548 = DIRECTION('',(-0.,-0.,-1.));
#12549 = DIRECTION('',(-0.,-1.,0.));
#12550 = ADVANCED_FACE('',(#12551),#12562,.F.);
#12551 = FACE_BOUND('',#12552,.T.);
#12552 = EDGE_LOOP('',(#12553,#12554,#12560,#12561));
#12553 = ORIENTED_EDGE('',*,*,#10955,.T.);
#12554 = ORIENTED_EDGE('',*,*,#12555,.T.);
#12555 = EDGE_CURVE('',#10956,#11611,#12556,.T.);
#12556 = LINE('',#12557,#12558);
#12557 = CARTESIAN_POINT('',(146.5,-90.34,-4.6E-02));
#12558 = VECTOR('',#12559,1.);
#12559 = DIRECTION('',(0.,0.,1.));
#12560 = ORIENTED_EDGE('',*,*,#11610,.F.);
#12561 = ORIENTED_EDGE('',*,*,#12555,.F.);
#12562 = CYLINDRICAL_SURFACE('',#12563,0.8);
#12563 = AXIS2_PLACEMENT_3D('',#12564,#12565,#12566);
#12564 = CARTESIAN_POINT('',(146.5,-89.54,-4.6E-02));
#12565 = DIRECTION('',(-0.,-0.,-1.));
#12566 = DIRECTION('',(-0.,-1.,0.));
#12567 = ADVANCED_FACE('',(#12568),#12579,.F.);
#12568 = FACE_BOUND('',#12569,.T.);
#12569 = EDGE_LOOP('',(#12570,#12571,#12577,#12578));
#12570 = ORIENTED_EDGE('',*,*,#10966,.T.);
#12571 = ORIENTED_EDGE('',*,*,#12572,.T.);
#12572 = EDGE_CURVE('',#10967,#11622,#12573,.T.);
#12573 = LINE('',#12574,#12575);
#12574 = CARTESIAN_POINT('',(146.5,-85.26,-4.6E-02));
#12575 = VECTOR('',#12576,1.);
#12576 = DIRECTION('',(0.,0.,1.));
#12577 = ORIENTED_EDGE('',*,*,#11621,.F.);
#12578 = ORIENTED_EDGE('',*,*,#12572,.F.);
#12579 = CYLINDRICAL_SURFACE('',#12580,0.8);
#12580 = AXIS2_PLACEMENT_3D('',#12581,#12582,#12583);
#12581 = CARTESIAN_POINT('',(146.5,-84.46,-4.6E-02));
#12582 = DIRECTION('',(-0.,-0.,-1.));
#12583 = DIRECTION('',(-0.,-1.,0.));
#12584 = ADVANCED_FACE('',(#12585),#12596,.F.);
#12585 = FACE_BOUND('',#12586,.T.);
#12586 = EDGE_LOOP('',(#12587,#12588,#12594,#12595));
#12587 = ORIENTED_EDGE('',*,*,#10977,.T.);
#12588 = ORIENTED_EDGE('',*,*,#12589,.T.);
#12589 = EDGE_CURVE('',#10978,#11633,#12590,.T.);
#12590 = LINE('',#12591,#12592);
#12591 = CARTESIAN_POINT('',(146.5,-80.18,-4.6E-02));
#12592 = VECTOR('',#12593,1.);
#12593 = DIRECTION('',(0.,0.,1.));
#12594 = ORIENTED_EDGE('',*,*,#11632,.F.);
#12595 = ORIENTED_EDGE('',*,*,#12589,.F.);
#12596 = CYLINDRICAL_SURFACE('',#12597,0.8);
#12597 = AXIS2_PLACEMENT_3D('',#12598,#12599,#12600);
#12598 = CARTESIAN_POINT('',(146.5,-79.38,-4.6E-02));
#12599 = DIRECTION('',(-0.,-0.,-1.));
#12600 = DIRECTION('',(-0.,-1.,0.));
#12601 = ADVANCED_FACE('',(#12602),#12613,.F.);
#12602 = FACE_BOUND('',#12603,.T.);
#12603 = EDGE_LOOP('',(#12604,#12605,#12611,#12612));
#12604 = ORIENTED_EDGE('',*,*,#10988,.T.);
#12605 = ORIENTED_EDGE('',*,*,#12606,.T.);
#12606 = EDGE_CURVE('',#10989,#11644,#12607,.T.);
#12607 = LINE('',#12608,#12609);
#12608 = CARTESIAN_POINT('',(116.5,-75.1,-4.6E-02));
#12609 = VECTOR('',#12610,1.);
#12610 = DIRECTION('',(0.,0.,1.));
#12611 = ORIENTED_EDGE('',*,*,#11643,.F.);
#12612 = ORIENTED_EDGE('',*,*,#12606,.F.);
#12613 = CYLINDRICAL_SURFACE('',#12614,0.8);
#12614 = AXIS2_PLACEMENT_3D('',#12615,#12616,#12617);
#12615 = CARTESIAN_POINT('',(116.5,-74.3,-4.6E-02));
#12616 = DIRECTION('',(-0.,-0.,-1.));
#12617 = DIRECTION('',(-0.,-1.,0.));
#12618 = ADVANCED_FACE('',(#12619),#12630,.F.);
#12619 = FACE_BOUND('',#12620,.T.);
#12620 = EDGE_LOOP('',(#12621,#12622,#12628,#12629));
#12621 = ORIENTED_EDGE('',*,*,#10999,.T.);
#12622 = ORIENTED_EDGE('',*,*,#12623,.T.);
#12623 = EDGE_CURVE('',#11000,#11655,#12624,.T.);
#12624 = LINE('',#12625,#12626);
#12625 = CARTESIAN_POINT('',(116.5,-70.02,-4.6E-02));
#12626 = VECTOR('',#12627,1.);
#12627 = DIRECTION('',(0.,0.,1.));
#12628 = ORIENTED_EDGE('',*,*,#11654,.F.);
#12629 = ORIENTED_EDGE('',*,*,#12623,.F.);
#12630 = CYLINDRICAL_SURFACE('',#12631,0.8);
#12631 = AXIS2_PLACEMENT_3D('',#12632,#12633,#12634);
#12632 = CARTESIAN_POINT('',(116.5,-69.22,-4.6E-02));
#12633 = DIRECTION('',(-0.,-0.,-1.));
#12634 = DIRECTION('',(-0.,-1.,0.));
#12635 = ADVANCED_FACE('',(#12636),#12647,.F.);
#12636 = FACE_BOUND('',#12637,.T.);
#12637 = EDGE_LOOP('',(#12638,#12639,#12645,#12646));
#12638 = ORIENTED_EDGE('',*,*,#11010,.T.);
#12639 = ORIENTED_EDGE('',*,*,#12640,.T.);
#12640 = EDGE_CURVE('',#11011,#11666,#12641,.T.);
#12641 = LINE('',#12642,#12643);
#12642 = CARTESIAN_POINT('',(116.5,-64.94,-4.6E-02));
#12643 = VECTOR('',#12644,1.);
#12644 = DIRECTION('',(0.,0.,1.));
#12645 = ORIENTED_EDGE('',*,*,#11665,.F.);
#12646 = ORIENTED_EDGE('',*,*,#12640,.F.);
#12647 = CYLINDRICAL_SURFACE('',#12648,0.8);
#12648 = AXIS2_PLACEMENT_3D('',#12649,#12650,#12651);
#12649 = CARTESIAN_POINT('',(116.5,-64.14,-4.6E-02));
#12650 = DIRECTION('',(-0.,-0.,-1.));
#12651 = DIRECTION('',(-0.,-1.,0.));
#12652 = ADVANCED_FACE('',(#12653),#12664,.F.);
#12653 = FACE_BOUND('',#12654,.T.);
#12654 = EDGE_LOOP('',(#12655,#12656,#12662,#12663));
#12655 = ORIENTED_EDGE('',*,*,#11021,.T.);
#12656 = ORIENTED_EDGE('',*,*,#12657,.T.);
#12657 = EDGE_CURVE('',#11022,#11677,#12658,.T.);
#12658 = LINE('',#12659,#12660);
#12659 = CARTESIAN_POINT('',(146.5,-75.1,-4.6E-02));
#12660 = VECTOR('',#12661,1.);
#12661 = DIRECTION('',(0.,0.,1.));
#12662 = ORIENTED_EDGE('',*,*,#11676,.F.);
#12663 = ORIENTED_EDGE('',*,*,#12657,.F.);
#12664 = CYLINDRICAL_SURFACE('',#12665,0.8);
#12665 = AXIS2_PLACEMENT_3D('',#12666,#12667,#12668);
#12666 = CARTESIAN_POINT('',(146.5,-74.3,-4.6E-02));
#12667 = DIRECTION('',(-0.,-0.,-1.));
#12668 = DIRECTION('',(-0.,-1.,0.));
#12669 = ADVANCED_FACE('',(#12670),#12681,.F.);
#12670 = FACE_BOUND('',#12671,.T.);
#12671 = EDGE_LOOP('',(#12672,#12673,#12679,#12680));
#12672 = ORIENTED_EDGE('',*,*,#11032,.T.);
#12673 = ORIENTED_EDGE('',*,*,#12674,.T.);
#12674 = EDGE_CURVE('',#11033,#11688,#12675,.T.);
#12675 = LINE('',#12676,#12677);
#12676 = CARTESIAN_POINT('',(146.5,-70.02,-4.6E-02));
#12677 = VECTOR('',#12678,1.);
#12678 = DIRECTION('',(0.,0.,1.));
#12679 = ORIENTED_EDGE('',*,*,#11687,.F.);
#12680 = ORIENTED_EDGE('',*,*,#12674,.F.);
#12681 = CYLINDRICAL_SURFACE('',#12682,0.8);
#12682 = AXIS2_PLACEMENT_3D('',#12683,#12684,#12685);
#12683 = CARTESIAN_POINT('',(146.5,-69.22,-4.6E-02));
#12684 = DIRECTION('',(-0.,-0.,-1.));
#12685 = DIRECTION('',(-0.,-1.,0.));
#12686 = ADVANCED_FACE('',(#12687),#12698,.F.);
#12687 = FACE_BOUND('',#12688,.T.);
#12688 = EDGE_LOOP('',(#12689,#12690,#12696,#12697));
#12689 = ORIENTED_EDGE('',*,*,#11043,.T.);
#12690 = ORIENTED_EDGE('',*,*,#12691,.T.);
#12691 = EDGE_CURVE('',#11044,#11699,#12692,.T.);
#12692 = LINE('',#12693,#12694);
#12693 = CARTESIAN_POINT('',(146.5,-64.94,-4.6E-02));
#12694 = VECTOR('',#12695,1.);
#12695 = DIRECTION('',(0.,0.,1.));
#12696 = ORIENTED_EDGE('',*,*,#11698,.F.);
#12697 = ORIENTED_EDGE('',*,*,#12691,.F.);
#12698 = CYLINDRICAL_SURFACE('',#12699,0.8);
#12699 = AXIS2_PLACEMENT_3D('',#12700,#12701,#12702);
#12700 = CARTESIAN_POINT('',(146.5,-64.14,-4.6E-02));
#12701 = DIRECTION('',(-0.,-0.,-1.));
#12702 = DIRECTION('',(-0.,-1.,0.));
#12703 = ADVANCED_FACE('',(#12704),#12715,.F.);
#12704 = FACE_BOUND('',#12705,.T.);
#12705 = EDGE_LOOP('',(#12706,#12707,#12713,#12714));
#12706 = ORIENTED_EDGE('',*,*,#11054,.T.);
#12707 = ORIENTED_EDGE('',*,*,#12708,.T.);
#12708 = EDGE_CURVE('',#11055,#11710,#12709,.T.);
#12709 = LINE('',#12710,#12711);
#12710 = CARTESIAN_POINT('',(156.5,-59.1,-4.6E-02));
#12711 = VECTOR('',#12712,1.);
#12712 = DIRECTION('',(0.,0.,1.));
#12713 = ORIENTED_EDGE('',*,*,#11709,.F.);
#12714 = ORIENTED_EDGE('',*,*,#12708,.F.);
#12715 = CYLINDRICAL_SURFACE('',#12716,1.6);
#12716 = AXIS2_PLACEMENT_3D('',#12717,#12718,#12719);
#12717 = CARTESIAN_POINT('',(156.5,-57.5,-4.6E-02));
#12718 = DIRECTION('',(-0.,-0.,-1.));
#12719 = DIRECTION('',(-0.,-1.,0.));
#12720 = ( GEOMETRIC_REPRESENTATION_CONTEXT(3) 
GLOBAL_UNCERTAINTY_ASSIGNED_CONTEXT((#12724)) 
GLOBAL_UNIT_ASSIGNED_CONTEXT((#12721,#12722,#12723)) 
REPRESENTATION_CONTEXT('Context #1',
  '3D Context with UNIT and UNCERTAINTY') );
#12721 = ( LENGTH_UNIT() NAMED_UNIT(*) SI_UNIT(.MILLI.,.METRE.) );
#12722 = ( NAMED_UNIT(*) PLANE_ANGLE_UNIT() SI_UNIT($,.RADIAN.) );
#12723 = ( NAMED_UNIT(*) SI_UNIT($,.STERADIAN.) SOLID_ANGLE_UNIT() );
#12724 = UNCERTAINTY_MEASURE_WITH_UNIT(LENGTH_MEASURE(1.E-07),#12721,
  'distance_accuracy_value','confusion accuracy');
#12725 = CONTEXT_DEPENDENT_SHAPE_REPRESENTATION(#12726,#12728);
#12726 = ( REPRESENTATION_RELATIONSHIP('','',#10307,#10) 
REPRESENTATION_RELATIONSHIP_WITH_TRANSFORMATION(#12727) 
SHAPE_REPRESENTATION_RELATIONSHIP() );
#12727 = ITEM_DEFINED_TRANSFORMATION('','',#11,#127);
#12728 = PRODUCT_DEFINITION_SHAPE('Placement','Placement of an item',
  #12729);
#12729 = NEXT_ASSEMBLY_USAGE_OCCURRENCE('38','=>[0:1:1:6]','',#5,#10302,
  $);
#12730 = PRODUCT_RELATED_PRODUCT_CATEGORY('part',$,(#10304));
#12731 = MECHANICAL_DESIGN_GEOMETRIC_PRESENTATION_REPRESENTATION('',(
    #12732,#12740,#12747,#12754,#12761,#12768,#12775,#12782,#12789,
    #12796,#12803,#12811,#12818,#12825,#12832,#12839,#12846,#12853,
    #12860,#12867,#12874,#12881,#12888,#12895,#12902,#12909,#12916,
    #12923),#1808);
#12732 = STYLED_ITEM('color',(#12733),#956);
#12733 = PRESENTATION_STYLE_ASSIGNMENT((#12734));
#12734 = SURFACE_STYLE_USAGE(.BOTH.,#12735);
#12735 = SURFACE_SIDE_STYLE('',(#12736));
#12736 = SURFACE_STYLE_FILL_AREA(#12737);
#12737 = FILL_AREA_STYLE('',(#12738));
#12738 = FILL_AREA_STYLE_COLOUR('',#12739);
#12739 = COLOUR_RGB('',0.823999987314,0.819999987296,0.781000009244);
#12740 = STYLED_ITEM('color',(#12741),#1032);
#12741 = PRESENTATION_STYLE_ASSIGNMENT((#12742));
#12742 = SURFACE_STYLE_USAGE(.BOTH.,#12743);
#12743 = SURFACE_SIDE_STYLE('',(#12744));
#12744 = SURFACE_STYLE_FILL_AREA(#12745);
#12745 = FILL_AREA_STYLE('',(#12746));
#12746 = FILL_AREA_STYLE_COLOUR('',#12739);
#12747 = STYLED_ITEM('color',(#12748),#1063);
#12748 = PRESENTATION_STYLE_ASSIGNMENT((#12749));
#12749 = SURFACE_STYLE_USAGE(.BOTH.,#12750);
#12750 = SURFACE_SIDE_STYLE('',(#12751));
#12751 = SURFACE_STYLE_FILL_AREA(#12752);
#12752 = FILL_AREA_STYLE('',(#12753));
#12753 = FILL_AREA_STYLE_COLOUR('',#12739);
#12754 = STYLED_ITEM('color',(#12755),#1088);
#12755 = PRESENTATION_STYLE_ASSIGNMENT((#12756));
#12756 = SURFACE_STYLE_USAGE(.BOTH.,#12757);
#12757 = SURFACE_SIDE_STYLE('',(#12758));
#12758 = SURFACE_STYLE_FILL_AREA(#12759);
#12759 = FILL_AREA_STYLE('',(#12760));
#12760 = FILL_AREA_STYLE_COLOUR('',#12739);
#12761 = STYLED_ITEM('color',(#12762),#1113);
#12762 = PRESENTATION_STYLE_ASSIGNMENT((#12763));
#12763 = SURFACE_STYLE_USAGE(.BOTH.,#12764);
#12764 = SURFACE_SIDE_STYLE('',(#12765));
#12765 = SURFACE_STYLE_FILL_AREA(#12766);
#12766 = FILL_AREA_STYLE('',(#12767));
#12767 = FILL_AREA_STYLE_COLOUR('',#12739);
#12768 = STYLED_ITEM('color',(#12769),#1137);
#12769 = PRESENTATION_STYLE_ASSIGNMENT((#12770));
#12770 = SURFACE_STYLE_USAGE(.BOTH.,#12771);
#12771 = SURFACE_SIDE_STYLE('',(#12772));
#12772 = SURFACE_STYLE_FILL_AREA(#12773);
#12773 = FILL_AREA_STYLE('',(#12774));
#12774 = FILL_AREA_STYLE_COLOUR('',#12739);
#12775 = STYLED_ITEM('color',(#12776),#1161);
#12776 = PRESENTATION_STYLE_ASSIGNMENT((#12777));
#12777 = SURFACE_STYLE_USAGE(.BOTH.,#12778);
#12778 = SURFACE_SIDE_STYLE('',(#12779));
#12779 = SURFACE_STYLE_FILL_AREA(#12780);
#12780 = FILL_AREA_STYLE('',(#12781));
#12781 = FILL_AREA_STYLE_COLOUR('',#12739);
#12782 = STYLED_ITEM('color',(#12783),#1186);
#12783 = PRESENTATION_STYLE_ASSIGNMENT((#12784));
#12784 = SURFACE_STYLE_USAGE(.BOTH.,#12785);
#12785 = SURFACE_SIDE_STYLE('',(#12786));
#12786 = SURFACE_STYLE_FILL_AREA(#12787);
#12787 = FILL_AREA_STYLE('',(#12788));
#12788 = FILL_AREA_STYLE_COLOUR('',#12739);
#12789 = STYLED_ITEM('color',(#12790),#1211);
#12790 = PRESENTATION_STYLE_ASSIGNMENT((#12791));
#12791 = SURFACE_STYLE_USAGE(.BOTH.,#12792);
#12792 = SURFACE_SIDE_STYLE('',(#12793));
#12793 = SURFACE_STYLE_FILL_AREA(#12794);
#12794 = FILL_AREA_STYLE('',(#12795));
#12795 = FILL_AREA_STYLE_COLOUR('',#12739);
#12796 = STYLED_ITEM('color',(#12797),#1228);
#12797 = PRESENTATION_STYLE_ASSIGNMENT((#12798));
#12798 = SURFACE_STYLE_USAGE(.BOTH.,#12799);
#12799 = SURFACE_SIDE_STYLE('',(#12800));
#12800 = SURFACE_STYLE_FILL_AREA(#12801);
#12801 = FILL_AREA_STYLE('',(#12802));
#12802 = FILL_AREA_STYLE_COLOUR('',#12739);
#12803 = STYLED_ITEM('color',(#12804),#1314);
#12804 = PRESENTATION_STYLE_ASSIGNMENT((#12805));
#12805 = SURFACE_STYLE_USAGE(.BOTH.,#12806);
#12806 = SURFACE_SIDE_STYLE('',(#12807));
#12807 = SURFACE_STYLE_FILL_AREA(#12808);
#12808 = FILL_AREA_STYLE('',(#12809));
#12809 = FILL_AREA_STYLE_COLOUR('',#12810);
#12810 = COLOUR_RGB('',0.379000005575,0.270000008848,0.214999999939);
#12811 = STYLED_ITEM('color',(#12812),#1346);
#12812 = PRESENTATION_STYLE_ASSIGNMENT((#12813));
#12813 = SURFACE_STYLE_USAGE(.BOTH.,#12814);
#12814 = SURFACE_SIDE_STYLE('',(#12815));
#12815 = SURFACE_STYLE_FILL_AREA(#12816);
#12816 = FILL_AREA_STYLE('',(#12817));
#12817 = FILL_AREA_STYLE_COLOUR('',#12810);
#12818 = STYLED_ITEM('color',(#12819),#1370);
#12819 = PRESENTATION_STYLE_ASSIGNMENT((#12820));
#12820 = SURFACE_STYLE_USAGE(.BOTH.,#12821);
#12821 = SURFACE_SIDE_STYLE('',(#12822));
#12822 = SURFACE_STYLE_FILL_AREA(#12823);
#12823 = FILL_AREA_STYLE('',(#12824));
#12824 = FILL_AREA_STYLE_COLOUR('',#12810);
#12825 = STYLED_ITEM('color',(#12826),#1395);
#12826 = PRESENTATION_STYLE_ASSIGNMENT((#12827));
#12827 = SURFACE_STYLE_USAGE(.BOTH.,#12828);
#12828 = SURFACE_SIDE_STYLE('',(#12829));
#12829 = SURFACE_STYLE_FILL_AREA(#12830);
#12830 = FILL_AREA_STYLE('',(#12831));
#12831 = FILL_AREA_STYLE_COLOUR('',#12810);
#12832 = STYLED_ITEM('color',(#12833),#1419);
#12833 = PRESENTATION_STYLE_ASSIGNMENT((#12834));
#12834 = SURFACE_STYLE_USAGE(.BOTH.,#12835);
#12835 = SURFACE_SIDE_STYLE('',(#12836));
#12836 = SURFACE_STYLE_FILL_AREA(#12837);
#12837 = FILL_AREA_STYLE('',(#12838));
#12838 = FILL_AREA_STYLE_COLOUR('',#12810);
#12839 = STYLED_ITEM('color',(#12840),#1444);
#12840 = PRESENTATION_STYLE_ASSIGNMENT((#12841));
#12841 = SURFACE_STYLE_USAGE(.BOTH.,#12842);
#12842 = SURFACE_SIDE_STYLE('',(#12843));
#12843 = SURFACE_STYLE_FILL_AREA(#12844);
#12844 = FILL_AREA_STYLE('',(#12845));
#12845 = FILL_AREA_STYLE_COLOUR('',#12810);
#12846 = STYLED_ITEM('color',(#12847),#1468);
#12847 = PRESENTATION_STYLE_ASSIGNMENT((#12848));
#12848 = SURFACE_STYLE_USAGE(.BOTH.,#12849);
#12849 = SURFACE_SIDE_STYLE('',(#12850));
#12850 = SURFACE_STYLE_FILL_AREA(#12851);
#12851 = FILL_AREA_STYLE('',(#12852));
#12852 = FILL_AREA_STYLE_COLOUR('',#12810);
#12853 = STYLED_ITEM('color',(#12854),#1493);
#12854 = PRESENTATION_STYLE_ASSIGNMENT((#12855));
#12855 = SURFACE_STYLE_USAGE(.BOTH.,#12856);
#12856 = SURFACE_SIDE_STYLE('',(#12857));
#12857 = SURFACE_STYLE_FILL_AREA(#12858);
#12858 = FILL_AREA_STYLE('',(#12859));
#12859 = FILL_AREA_STYLE_COLOUR('',#12810);
#12860 = STYLED_ITEM('color',(#12861),#1510);
#12861 = PRESENTATION_STYLE_ASSIGNMENT((#12862));
#12862 = SURFACE_STYLE_USAGE(.BOTH.,#12863);
#12863 = SURFACE_SIDE_STYLE('',(#12864));
#12864 = SURFACE_STYLE_FILL_AREA(#12865);
#12865 = FILL_AREA_STYLE('',(#12866));
#12866 = FILL_AREA_STYLE_COLOUR('',#12739);
#12867 = STYLED_ITEM('color',(#12868),#1596);
#12868 = PRESENTATION_STYLE_ASSIGNMENT((#12869));
#12869 = SURFACE_STYLE_USAGE(.BOTH.,#12870);
#12870 = SURFACE_SIDE_STYLE('',(#12871));
#12871 = SURFACE_STYLE_FILL_AREA(#12872);
#12872 = FILL_AREA_STYLE('',(#12873));
#12873 = FILL_AREA_STYLE_COLOUR('',#12739);
#12874 = STYLED_ITEM('color',(#12875),#1627);
#12875 = PRESENTATION_STYLE_ASSIGNMENT((#12876));
#12876 = SURFACE_STYLE_USAGE(.BOTH.,#12877);
#12877 = SURFACE_SIDE_STYLE('',(#12878));
#12878 = SURFACE_STYLE_FILL_AREA(#12879);
#12879 = FILL_AREA_STYLE('',(#12880));
#12880 = FILL_AREA_STYLE_COLOUR('',#12739);
#12881 = STYLED_ITEM('color',(#12882),#1652);
#12882 = PRESENTATION_STYLE_ASSIGNMENT((#12883));
#12883 = SURFACE_STYLE_USAGE(.BOTH.,#12884);
#12884 = SURFACE_SIDE_STYLE('',(#12885));
#12885 = SURFACE_STYLE_FILL_AREA(#12886);
#12886 = FILL_AREA_STYLE('',(#12887));
#12887 = FILL_AREA_STYLE_COLOUR('',#12739);
#12888 = STYLED_ITEM('color',(#12889),#1677);
#12889 = PRESENTATION_STYLE_ASSIGNMENT((#12890));
#12890 = SURFACE_STYLE_USAGE(.BOTH.,#12891);
#12891 = SURFACE_SIDE_STYLE('',(#12892));
#12892 = SURFACE_STYLE_FILL_AREA(#12893);
#12893 = FILL_AREA_STYLE('',(#12894));
#12894 = FILL_AREA_STYLE_COLOUR('',#12739);
#12895 = STYLED_ITEM('color',(#12896),#1701);
#12896 = PRESENTATION_STYLE_ASSIGNMENT((#12897));
#12897 = SURFACE_STYLE_USAGE(.BOTH.,#12898);
#12898 = SURFACE_SIDE_STYLE('',(#12899));
#12899 = SURFACE_STYLE_FILL_AREA(#12900);
#12900 = FILL_AREA_STYLE('',(#12901));
#12901 = FILL_AREA_STYLE_COLOUR('',#12739);
#12902 = STYLED_ITEM('color',(#12903),#1725);
#12903 = PRESENTATION_STYLE_ASSIGNMENT((#12904));
#12904 = SURFACE_STYLE_USAGE(.BOTH.,#12905);
#12905 = SURFACE_SIDE_STYLE('',(#12906));
#12906 = SURFACE_STYLE_FILL_AREA(#12907);
#12907 = FILL_AREA_STYLE('',(#12908));
#12908 = FILL_AREA_STYLE_COLOUR('',#12739);
#12909 = STYLED_ITEM('color',(#12910),#1750);
#12910 = PRESENTATION_STYLE_ASSIGNMENT((#12911));
#12911 = SURFACE_STYLE_USAGE(.BOTH.,#12912);
#12912 = SURFACE_SIDE_STYLE('',(#12913));
#12913 = SURFACE_STYLE_FILL_AREA(#12914);
#12914 = FILL_AREA_STYLE('',(#12915));
#12915 = FILL_AREA_STYLE_COLOUR('',#12739);
#12916 = STYLED_ITEM('color',(#12917),#1775);
#12917 = PRESENTATION_STYLE_ASSIGNMENT((#12918));
#12918 = SURFACE_STYLE_USAGE(.BOTH.,#12919);
#12919 = SURFACE_SIDE_STYLE('',(#12920));
#12920 = SURFACE_STYLE_FILL_AREA(#12921);
#12921 = FILL_AREA_STYLE('',(#12922));
#12922 = FILL_AREA_STYLE_COLOUR('',#12739);
#12923 = STYLED_ITEM('color',(#12924),#1792);
#12924 = PRESENTATION_STYLE_ASSIGNMENT((#12925));
#12925 = SURFACE_STYLE_USAGE(.BOTH.,#12926);
#12926 = SURFACE_SIDE_STYLE('',(#12927));
#12927 = SURFACE_STYLE_FILL_AREA(#12928);
#12928 = FILL_AREA_STYLE('',(#12929));
#12929 = FILL_AREA_STYLE_COLOUR('',#12739);
#12930 = MECHANICAL_DESIGN_GEOMETRIC_PRESENTATION_REPRESENTATION('',(
    #12931),#12720);
#12931 = STYLED_ITEM('color',(#12932),#10308);
#12932 = PRESENTATION_STYLE_ASSIGNMENT((#12933));
#12933 = SURFACE_STYLE_USAGE(.BOTH.,#12934);
#12934 = SURFACE_SIDE_STYLE('',(#12935));
#12935 = SURFACE_STYLE_FILL_AREA(#12936);
#12936 = FILL_AREA_STYLE('',(#12937));
#12937 = FILL_AREA_STYLE_COLOUR('',#12938);
#12938 = COLOUR_RGB('',0.313304153717,0.484529207832,0.410020903123);
#12939 = MECHANICAL_DESIGN_GEOMETRIC_PRESENTATION_REPRESENTATION('',(
    #12940,#12947,#12954,#12961,#12968,#12975,#12982,#12989,#12997,
    #13004,#13011,#13018,#13025,#13032,#13040,#13047,#13054,#13061,
    #13068,#13075,#13082,#13089,#13096,#13103,#13110,#13117),#935);
#12940 = STYLED_ITEM('color',(#12941),#147);
#12941 = PRESENTATION_STYLE_ASSIGNMENT((#12942));
#12942 = SURFACE_STYLE_USAGE(.BOTH.,#12943);
#12943 = SURFACE_SIDE_STYLE('',(#12944));
#12944 = SURFACE_STYLE_FILL_AREA(#12945);
#12945 = FILL_AREA_STYLE('',(#12946));
#12946 = FILL_AREA_STYLE_COLOUR('',#12739);
#12947 = STYLED_ITEM('color',(#12948),#187);
#12948 = PRESENTATION_STYLE_ASSIGNMENT((#12949));
#12949 = SURFACE_STYLE_USAGE(.BOTH.,#12950);
#12950 = SURFACE_SIDE_STYLE('',(#12951));
#12951 = SURFACE_STYLE_FILL_AREA(#12952);
#12952 = FILL_AREA_STYLE('',(#12953));
#12953 = FILL_AREA_STYLE_COLOUR('',#12739);
#12954 = STYLED_ITEM('color',(#12955),#270);
#12955 = PRESENTATION_STYLE_ASSIGNMENT((#12956));
#12956 = SURFACE_STYLE_USAGE(.BOTH.,#12957);
#12957 = SURFACE_SIDE_STYLE('',(#12958));
#12958 = SURFACE_STYLE_FILL_AREA(#12959);
#12959 = FILL_AREA_STYLE('',(#12960));
#12960 = FILL_AREA_STYLE_COLOUR('',#12739);
#12961 = STYLED_ITEM('color',(#12962),#295);
#12962 = PRESENTATION_STYLE_ASSIGNMENT((#12963));
#12963 = SURFACE_STYLE_USAGE(.BOTH.,#12964);
#12964 = SURFACE_SIDE_STYLE('',(#12965));
#12965 = SURFACE_STYLE_FILL_AREA(#12966);
#12966 = FILL_AREA_STYLE('',(#12967));
#12967 = FILL_AREA_STYLE_COLOUR('',#12739);
#12968 = STYLED_ITEM('color',(#12969),#320);
#12969 = PRESENTATION_STYLE_ASSIGNMENT((#12970));
#12970 = SURFACE_STYLE_USAGE(.BOTH.,#12971);
#12971 = SURFACE_SIDE_STYLE('',(#12972));
#12972 = SURFACE_STYLE_FILL_AREA(#12973);
#12973 = FILL_AREA_STYLE('',(#12974));
#12974 = FILL_AREA_STYLE_COLOUR('',#12739);
#12975 = STYLED_ITEM('color',(#12976),#387);
#12976 = PRESENTATION_STYLE_ASSIGNMENT((#12977));
#12977 = SURFACE_STYLE_USAGE(.BOTH.,#12978);
#12978 = SURFACE_SIDE_STYLE('',(#12979));
#12979 = SURFACE_STYLE_FILL_AREA(#12980);
#12980 = FILL_AREA_STYLE('',(#12981));
#12981 = FILL_AREA_STYLE_COLOUR('',#12739);
#12982 = STYLED_ITEM('color',(#12983),#404);
#12983 = PRESENTATION_STYLE_ASSIGNMENT((#12984));
#12984 = SURFACE_STYLE_USAGE(.BOTH.,#12985);
#12985 = SURFACE_SIDE_STYLE('',(#12986));
#12986 = SURFACE_STYLE_FILL_AREA(#12987);
#12987 = FILL_AREA_STYLE('',(#12988));
#12988 = FILL_AREA_STYLE_COLOUR('',#12739);
#12989 = STYLED_ITEM('color',(#12990),#421);
#12990 = PRESENTATION_STYLE_ASSIGNMENT((#12991));
#12991 = SURFACE_STYLE_USAGE(.BOTH.,#12992);
#12992 = SURFACE_SIDE_STYLE('',(#12993));
#12993 = SURFACE_STYLE_FILL_AREA(#12994);
#12994 = FILL_AREA_STYLE('',(#12995));
#12995 = FILL_AREA_STYLE_COLOUR('',#12996);
#12996 = COLOUR_RGB('',0.894999966383,0.890999961016,0.813000030345);
#12997 = STYLED_ITEM('color',(#12998),#470);
#12998 = PRESENTATION_STYLE_ASSIGNMENT((#12999));
#12999 = SURFACE_STYLE_USAGE(.BOTH.,#13000);
#13000 = SURFACE_SIDE_STYLE('',(#13001));
#13001 = SURFACE_STYLE_FILL_AREA(#13002);
#13002 = FILL_AREA_STYLE('',(#13003));
#13003 = FILL_AREA_STYLE_COLOUR('',#12739);
#13004 = STYLED_ITEM('color',(#13005),#487);
#13005 = PRESENTATION_STYLE_ASSIGNMENT((#13006));
#13006 = SURFACE_STYLE_USAGE(.BOTH.,#13007);
#13007 = SURFACE_SIDE_STYLE('',(#13008));
#13008 = SURFACE_STYLE_FILL_AREA(#13009);
#13009 = FILL_AREA_STYLE('',(#13010));
#13010 = FILL_AREA_STYLE_COLOUR('',#12739);
#13011 = STYLED_ITEM('color',(#13012),#504);
#13012 = PRESENTATION_STYLE_ASSIGNMENT((#13013));
#13013 = SURFACE_STYLE_USAGE(.BOTH.,#13014);
#13014 = SURFACE_SIDE_STYLE('',(#13015));
#13015 = SURFACE_STYLE_FILL_AREA(#13016);
#13016 = FILL_AREA_STYLE('',(#13017));
#13017 = FILL_AREA_STYLE_COLOUR('',#12996);
#13018 = STYLED_ITEM('color',(#13019),#553);
#13019 = PRESENTATION_STYLE_ASSIGNMENT((#13020));
#13020 = SURFACE_STYLE_USAGE(.BOTH.,#13021);
#13021 = SURFACE_SIDE_STYLE('',(#13022));
#13022 = SURFACE_STYLE_FILL_AREA(#13023);
#13023 = FILL_AREA_STYLE('',(#13024));
#13024 = FILL_AREA_STYLE_COLOUR('',#12996);
#13025 = STYLED_ITEM('color',(#13026),#570);
#13026 = PRESENTATION_STYLE_ASSIGNMENT((#13027));
#13027 = SURFACE_STYLE_USAGE(.BOTH.,#13028);
#13028 = SURFACE_SIDE_STYLE('',(#13029));
#13029 = SURFACE_STYLE_FILL_AREA(#13030);
#13030 = FILL_AREA_STYLE('',(#13031));
#13031 = FILL_AREA_STYLE_COLOUR('',#12739);
#13032 = STYLED_ITEM('color',(#13033),#639);
#13033 = PRESENTATION_STYLE_ASSIGNMENT((#13034));
#13034 = SURFACE_STYLE_USAGE(.BOTH.,#13035);
#13035 = SURFACE_SIDE_STYLE('',(#13036));
#13036 = SURFACE_STYLE_FILL_AREA(#13037);
#13037 = FILL_AREA_STYLE('',(#13038));
#13038 = FILL_AREA_STYLE_COLOUR('',#13039);
#13039 = COLOUR_RGB('',8.200000279077E-02,8.600000121357E-02,
  9.399999706163E-02);
#13040 = STYLED_ITEM('color',(#13041),#670);
#13041 = PRESENTATION_STYLE_ASSIGNMENT((#13042));
#13042 = SURFACE_STYLE_USAGE(.BOTH.,#13043);
#13043 = SURFACE_SIDE_STYLE('',(#13044));
#13044 = SURFACE_STYLE_FILL_AREA(#13045);
#13045 = FILL_AREA_STYLE('',(#13046));
#13046 = FILL_AREA_STYLE_COLOUR('',#13039);
#13047 = STYLED_ITEM('color',(#13048),#694);
#13048 = PRESENTATION_STYLE_ASSIGNMENT((#13049));
#13049 = SURFACE_STYLE_USAGE(.BOTH.,#13050);
#13050 = SURFACE_SIDE_STYLE('',(#13051));
#13051 = SURFACE_STYLE_FILL_AREA(#13052);
#13052 = FILL_AREA_STYLE('',(#13053));
#13053 = FILL_AREA_STYLE_COLOUR('',#12739);
#13054 = STYLED_ITEM('color',(#13055),#763);
#13055 = PRESENTATION_STYLE_ASSIGNMENT((#13056));
#13056 = SURFACE_STYLE_USAGE(.BOTH.,#13057);
#13057 = SURFACE_SIDE_STYLE('',(#13058));
#13058 = SURFACE_STYLE_FILL_AREA(#13059);
#13059 = FILL_AREA_STYLE('',(#13060));
#13060 = FILL_AREA_STYLE_COLOUR('',#13039);
#13061 = STYLED_ITEM('color',(#13062),#787);
#13062 = PRESENTATION_STYLE_ASSIGNMENT((#13063));
#13063 = SURFACE_STYLE_USAGE(.BOTH.,#13064);
#13064 = SURFACE_SIDE_STYLE('',(#13065));
#13065 = SURFACE_STYLE_FILL_AREA(#13066);
#13066 = FILL_AREA_STYLE('',(#13067));
#13067 = FILL_AREA_STYLE_COLOUR('',#12739);
#13068 = STYLED_ITEM('color',(#13069),#804);
#13069 = PRESENTATION_STYLE_ASSIGNMENT((#13070));
#13070 = SURFACE_STYLE_USAGE(.BOTH.,#13071);
#13071 = SURFACE_SIDE_STYLE('',(#13072));
#13072 = SURFACE_STYLE_FILL_AREA(#13073);
#13073 = FILL_AREA_STYLE('',(#13074));
#13074 = FILL_AREA_STYLE_COLOUR('',#12739);
#13075 = STYLED_ITEM('color',(#13076),#821);
#13076 = PRESENTATION_STYLE_ASSIGNMENT((#13077));
#13077 = SURFACE_STYLE_USAGE(.BOTH.,#13078);
#13078 = SURFACE_SIDE_STYLE('',(#13079));
#13079 = SURFACE_STYLE_FILL_AREA(#13080);
#13080 = FILL_AREA_STYLE('',(#13081));
#13081 = FILL_AREA_STYLE_COLOUR('',#12739);
#13082 = STYLED_ITEM('color',(#13083),#838);
#13083 = PRESENTATION_STYLE_ASSIGNMENT((#13084));
#13084 = SURFACE_STYLE_USAGE(.BOTH.,#13085);
#13085 = SURFACE_SIDE_STYLE('',(#13086));
#13086 = SURFACE_STYLE_FILL_AREA(#13087);
#13087 = FILL_AREA_STYLE('',(#13088));
#13088 = FILL_AREA_STYLE_COLOUR('',#12739);
#13089 = STYLED_ITEM('color',(#13090),#855);
#13090 = PRESENTATION_STYLE_ASSIGNMENT((#13091));
#13091 = SURFACE_STYLE_USAGE(.BOTH.,#13092);
#13092 = SURFACE_SIDE_STYLE('',(#13093));
#13093 = SURFACE_STYLE_FILL_AREA(#13094);
#13094 = FILL_AREA_STYLE('',(#13095));
#13095 = FILL_AREA_STYLE_COLOUR('',#12739);
#13096 = STYLED_ITEM('color',(#13097),#872);
#13097 = PRESENTATION_STYLE_ASSIGNMENT((#13098));
#13098 = SURFACE_STYLE_USAGE(.BOTH.,#13099);
#13099 = SURFACE_SIDE_STYLE('',(#13100));
#13100 = SURFACE_STYLE_FILL_AREA(#13101);
#13101 = FILL_AREA_STYLE('',(#13102));
#13102 = FILL_AREA_STYLE_COLOUR('',#12739);
#13103 = STYLED_ITEM('color',(#13104),#889);
#13104 = PRESENTATION_STYLE_ASSIGNMENT((#13105));
#13105 = SURFACE_STYLE_USAGE(.BOTH.,#13106);
#13106 = SURFACE_SIDE_STYLE('',(#13107));
#13107 = SURFACE_STYLE_FILL_AREA(#13108);
#13108 = FILL_AREA_STYLE('',(#13109));
#13109 = FILL_AREA_STYLE_COLOUR('',#12739);
#13110 = STYLED_ITEM('color',(#13111),#906);
#13111 = PRESENTATION_STYLE_ASSIGNMENT((#13112));
#13112 = SURFACE_STYLE_USAGE(.BOTH.,#13113);
#13113 = SURFACE_SIDE_STYLE('',(#13114));
#13114 = SURFACE_STYLE_FILL_AREA(#13115);
#13115 = FILL_AREA_STYLE('',(#13116));
#13116 = FILL_AREA_STYLE_COLOUR('',#13039);
#13117 = STYLED_ITEM('color',(#13118),#923);
#13118 = PRESENTATION_STYLE_ASSIGNMENT((#13119));
#13119 = SURFACE_STYLE_USAGE(.BOTH.,#13120);
#13120 = SURFACE_SIDE_STYLE('',(#13121));
#13121 = SURFACE_STYLE_FILL_AREA(#13122);
#13122 = FILL_AREA_STYLE('',(#13123));
#13123 = FILL_AREA_STYLE_COLOUR('',#13039);
ENDSEC;
END-ISO-10303-21;
