ISO-10303-21;
HEADER;
FILE_DESCRIPTION (( 'STEP AP203' ),
    '1' );
FILE_NAME ('CUI_DEVICES_TB007-508-15GR.step',
    '2019-10-21T21:41:59',
    ( '' ),
    ( '' ),
    'SwSTEP 2.0',
    'SolidWorks 2019',
    '' );
FILE_SCHEMA (( 'CONFIG_CONTROL_DESIGN' ));
ENDSEC;

DATA;
#1 = CARTESIAN_POINT ( 'NONE',  ( 5.750000000000000000, 12.64656426582508075, -1.714246796769120618 ) ) ;
#2 = EDGE_LOOP ( 'NONE', ( #1804, #3392, #2192, #3366 ) ) ;
#3 = CARTESIAN_POINT ( 'NONE',  ( 7.010966932452109113, 12.73499999999999766, 5.874722277164099893 ) ) ;
#4 = CIRCLE ( 'NONE', #4110, 1.760296020627533320 ) ;
#5 = ORIENTED_EDGE ( 'NONE', *, *, #2843, .T. ) ;
#6 = CARTESIAN_POINT ( 'NONE',  ( 10.25000000000000000, 6.799999999999999822, 1.799999999999999822 ) ) ;
#7 = VECTOR ( 'NONE', #2082, 1000.000000000000000 ) ;
#8 = ORIENTED_EDGE ( 'NONE', *, *, #960, .T. ) ;
#9 = CARTESIAN_POINT ( 'NONE',  ( 4.499999999999803713, -0.05000000078158020611, -0.5000000000000184297 ) ) ;
#10 = VECTOR ( 'NONE', #2182, 1000.000000000000000 ) ;
#11 = LINE ( 'NONE', #1031, #1310 ) ;
#12 = ADVANCED_BREP_SHAPE_REPRESENTATION ( '', ( #3798, #688 ), #1340 ) ;
#13 = ORIENTED_EDGE ( 'NONE', *, *, #2520, .T. ) ;
#14 = CARTESIAN_POINT ( 'NONE',  ( 7.249999999999991118, 11.43499999999999872, 2.326828918379971365E-16 ) ) ;
#15 = ORIENTED_EDGE ( 'NONE', *, *, #3695, .F. ) ;
#16 = CARTESIAN_POINT ( 'NONE',  ( 4.949999999999991296, 12.73499999999999943, -3.467917139009471406 ) ) ;
#17 = CARTESIAN_POINT ( 'NONE',  ( 4.949999999999999289, 12.64656426582875959, 3.365753203235099633 ) ) ;
#18 = DIRECTION ( 'NONE',  ( -3.220379291669973468E-28, 1.000000000000000000, 1.794541526872519968E-14 ) ) ;
#19 = LINE ( 'NONE', #996, #3907 ) ;
#20 = EDGE_CURVE ( 'NONE', #209, #1991, #3605, .T. ) ;
#21 = LINE ( 'NONE', #638, #1616 ) ;
#22 = CARTESIAN_POINT ( 'NONE',  ( 5.701341293122920817, 12.73499999999999943, 6.703382409183404889 ) ) ;
#23 = AXIS2_PLACEMENT_3D ( 'NONE', #3793, #1061, #3452 ) ;
#24 = EDGE_CURVE ( 'NONE', #2895, #2558, #910, .T. ) ;
#25 = CARTESIAN_POINT ( 'NONE',  ( 5.349999999999982769, 12.64656426582178206, 5.080000000000000071 ) ) ;
#26 = CIRCLE ( 'NONE', #612, 0.3000000000000000444 ) ;
#27 = PRODUCT ( 'CUI_DEVICES_TB007-508-15GR', 'CUI_DEVICES_TB007-508-15GR', '', ( #286 ) ) ;
#28 = ORIENTED_EDGE ( 'NONE', *, *, #2396, .F. ) ;
#29 = ADVANCED_FACE ( 'NONE', ( #148 ), #1946, .F. ) ;
#30 =( BOUNDED_CURVE ( )  B_SPLINE_CURVE ( 3, ( #927, #268, #2313, #1640 ),
 .UNSPECIFIED., .F., .T. ) 
 B_SPLINE_CURVE_WITH_KNOTS ( ( 4, 4 ),
 ( 0.0000000000000000000, 1.000000000000000000 ),
 .UNSPECIFIED. ) 
 CURVE ( )  GEOMETRIC_REPRESENTATION_ITEM ( )  RATIONAL_B_SPLINE_CURVE ( ( 1.000000000000000000, 0.3333333333333333703, 0.3333333333333333703, 1.000000000000000000 ) ) 
 REPRESENTATION_ITEM ( '' )  );
#31 = LINE ( 'NONE', #500, #3414 ) ;
#32 = ORIENTED_EDGE ( 'NONE', *, *, #2046, .T. ) ;
#33 = CIRCLE ( 'NONE', #617, 0.09999999999999982514 ) ;
#34 = LINE ( 'NONE', #369, #1729 ) ;
#35 = DIRECTION ( 'NONE',  ( -0.8660254037844385966, 0.0000000000000000000, -0.5000000000000001110 ) ) ;
#36 = CC_DESIGN_APPROVAL ( #4168, ( #517 ) ) ;
#37 = CARTESIAN_POINT ( 'NONE',  ( 1.810000000000000053, -3.469446951953614189E-15, 7.620000000000000107 ) ) ;
#38 = CARTESIAN_POINT ( 'NONE',  ( 5.299999999999999822, -2.700000000000009948, -5.579999999999973426 ) ) ;
#39 = LINE ( 'NONE', #2845, #2467 ) ;
#40 = ORIENTED_EDGE ( 'NONE', *, *, #3030, .T. ) ;
#41 = PERSON_AND_ORGANIZATION ( #2659, #2350 ) ;
#42 = DIRECTION ( 'NONE',  ( 1.000000000000000000, -1.084202172485509956E-15, 0.0000000000000000000 ) ) ;
#43 = VERTEX_POINT ( 'NONE', #2245 ) ;
#44 = DIRECTION ( 'NONE',  ( 0.0000000000000000000, 0.0000000000000000000, -1.000000000000000000 ) ) ;
#45 = APPROVAL ( #4185, 'UNSPECIFIED' ) ;
#46 = CARTESIAN_POINT ( 'NONE',  ( 10.25000000000000000, 6.199999999999992184, -3.280000000000006910 ) ) ;
#47 = CARTESIAN_POINT ( 'NONE',  ( 5.299999999999990052, 4.784159143999949571, -4.079999999999789573 ) ) ;
#48 = CARTESIAN_POINT ( 'NONE',  ( 4.950000000000678746, 12.72910876695780402, 6.726903183719896262 ) ) ;
#49 = EDGE_LOOP ( 'NONE', ( #4321, #4330, #2742, #2181 ) ) ;
#50 = CARTESIAN_POINT ( 'NONE',  ( 9.300000000000000711, -1.734723475976807094E-15, -7.619999999999999218 ) ) ;
#51 = DIRECTION ( 'NONE',  ( 1.000000000000000000, -9.854725885015578669E-16, 0.0000000000000000000 ) ) ;
#52 = EDGE_CURVE ( 'NONE', #3843, #863, #844, .T. ) ;
#53 = CARTESIAN_POINT ( 'NONE',  ( 1.190000000000000169, 6.799999999999999822, 7.620000000000000107 ) ) ;
#54 =( BOUNDED_SURFACE ( )  B_SPLINE_SURFACE ( 3, 3, ( 
 ( #1655, #4386, #2725, #611 ),
 ( #2683, #649, #2027, #333 ),
 ( #629, #1008, #2384, #1983 ),
 ( #1311, #2052, #1289, #2664 ) ),
 .UNSPECIFIED., .F., .F., .F. ) 
 B_SPLINE_SURFACE_WITH_KNOTS ( ( 4, 4 ),
 ( 4, 4 ),
 ( 0.0000000000000000000, 1.000000000000000000 ),
 ( 0.0000000000000000000, 1.000000000000000000 ),
 .UNSPECIFIED. ) 
 GEOMETRIC_REPRESENTATION_ITEM ( )  RATIONAL_B_SPLINE_SURFACE ( (
 ( 1.000000000000000000, 0.8538861261458171592, 0.8538861261458171592, 1.000000000000000000),
 ( 0.8312495820266319058, 0.7097924854570504261, 0.7097924854570504261, 0.8312495820266319058),
 ( 0.8312495820266319058, 0.7097924854570504261, 0.7097924854570504261, 0.8312495820266319058),
 ( 1.000000000000000000, 0.8538861261458171592, 0.8538861261458171592, 1.000000000000000000) ) ) 
 REPRESENTATION_ITEM ( '' )  SURFACE ( )  );
#55 = ORIENTED_EDGE ( 'NONE', *, *, #357, .F. ) ;
#56 = CARTESIAN_POINT ( 'NONE',  ( 7.248658176322919644, 11.45812853178540536, 5.080000000000000071 ) ) ;
#57 = EDGE_CURVE ( 'NONE', #74, #1584, #3090, .T. ) ;
#58 = CARTESIAN_POINT ( 'NONE',  ( 7.249999999999991118, 11.43499999999999872, -5.080000000000000959 ) ) ;
#59 = CARTESIAN_POINT ( 'NONE',  ( 3.589703979381176246, 12.64656426582076776, -0.8586120530780116944 ) ) ;
#60 = VERTEX_POINT ( 'NONE', #504 ) ;
#61 = APPROVAL_STATUS ( 'not_yet_approved' ) ;
#62 = PLANE ( 'NONE',  #3607 ) ;
#63 = ORIENTED_EDGE ( 'NONE', *, *, #3948, .T. ) ;
#64 = CARTESIAN_POINT ( 'NONE',  ( 7.249552224325720218, 11.45044927442902605, -8.879104448651466086 ) ) ;
#65 = PRODUCT_DEFINITION_SHAPE ( 'NONE', 'NONE',  #4448 ) ;
#66 = CARTESIAN_POINT ( 'NONE',  ( 9.449999999999999289, 6.799999999999999822, -7.620000000000000107 ) ) ;
#67 = DIRECTION ( 'NONE',  ( -1.000000000000000000, 0.0000000000000000000, 0.0000000000000000000 ) ) ;
#68 = LINE ( 'NONE', #2737, #801 ) ;
#69 = CARTESIAN_POINT ( 'NONE',  ( 3.689038437082761579, 12.73500000000000121, 5.079999993485741605 ) ) ;
#70 = ORIENTED_EDGE ( 'NONE', *, *, #2621, .F. ) ;
#71 = ORIENTED_EDGE ( 'NONE', *, *, #4353, .F. ) ;
#72 = DIRECTION ( 'NONE',  ( 1.224646799147353207E-16, -1.434616586018100824E-31, -1.000000000000000000 ) ) ;
#73 = CARTESIAN_POINT ( 'NONE',  ( 7.167157287525209419, 11.23499999999981647, 5.080000000000000959 ) ) ;
#74 = VERTEX_POINT ( 'NONE', #170 ) ;
#75 = CARTESIAN_POINT ( 'NONE',  ( 7.010966932452110889, 12.73499999999999766, 5.080000000000000071 ) ) ;
#76 = AXIS2_PLACEMENT_3D ( 'NONE', #2408, #2002, #2431 ) ;
#77 = DIRECTION ( 'NONE',  ( -1.000000000000000000, -0.0000000000000000000, 0.0000000000000000000 ) ) ;
#78 = ADVANCED_FACE ( 'NONE', ( #1215 ), #2590, .F. ) ;
#79 = CIRCLE ( 'NONE', #2610, 0.1999999999999996503 ) ;
#80 = ORIENTED_EDGE ( 'NONE', *, *, #3328, .F. ) ;
#81 = DIRECTION ( 'NONE',  ( 0.1156426583973908656, -0.9932908816448403622, -2.072924102819404837E-31 ) ) ;
#82 = CARTESIAN_POINT ( 'NONE',  ( 2.167957166897569010, 6.600000000000004974, 6.999999999999999112 ) ) ;
#83 = VECTOR ( 'NONE', #2564, 1000.000000000000000 ) ;
#84 = PLANE ( 'NONE',  #585 ) ;
#85 = DIRECTION ( 'NONE',  ( -1.000000000000000000, 3.391049977814769632E-28, -1.794541526872530066E-14 ) ) ;
#86 = ADVANCED_FACE ( 'NONE', ( #1628 ), #251, .F. ) ;
#87 = VERTEX_POINT ( 'NONE', #4361 ) ;
#88 = VECTOR ( 'NONE', #332, 1000.000000000000000 ) ;
#89 = PERSON_AND_ORGANIZATION ( #2659, #2350 ) ;
#90 = DIRECTION ( 'NONE',  ( 1.000000000000000000, 0.0000000000000000000, -0.0000000000000000000 ) ) ;
#91 = ORIENTED_EDGE ( 'NONE', *, *, #2621, .T. ) ;
#92 = FACE_OUTER_BOUND ( 'NONE', #2063, .T. ) ;
#93 = DIRECTION ( 'NONE',  ( -2.501911041408800138E-16, -1.000000000000000000, 0.0000000000000000000 ) ) ;
#94 = ORIENTED_EDGE ( 'NONE', *, *, #1111, .T. ) ;
#95 = FACE_OUTER_BOUND ( 'NONE', #2434, .T. ) ;
#96 = ORIENTED_EDGE ( 'NONE', *, *, #691, .T. ) ;
#97 = CARTESIAN_POINT ( 'NONE',  ( 5.299999999999995381, -4.770489558936219510E-15, 5.584196010977271030 ) ) ;
#98 = ORIENTED_EDGE ( 'NONE', *, *, #3784, .F. ) ;
#99 = CARTESIAN_POINT ( 'NONE',  ( 7.249999999999991118, 11.43499999999999694, 2.326828918379971365E-16 ) ) ;
#100 = ORIENTED_EDGE ( 'NONE', *, *, #443, .F. ) ;
#101 = PLANE ( 'NONE',  #3258 ) ;
#102 = CARTESIAN_POINT ( 'NONE',  ( 7.110296020627515645, 12.64656426582178028, 5.080000000000000071 ) ) ;
#103 = PRODUCT_RELATED_PRODUCT_CATEGORY ( 'detail', '', ( #27 ) ) ;
#104 = DIRECTION ( 'NONE',  ( 0.0000000000000000000, -1.000000000000000000, 0.0000000000000000000 ) ) ;
#105 = CARTESIAN_POINT ( 'NONE',  ( 5.749999999999319655, 12.73298944267163257, -1.635789504932164018 ) ) ;
#106 = VERTEX_POINT ( 'NONE', #516 ) ;
#107 = PLANE ( 'NONE',  #892 ) ;
#108 = AXIS2_PLACEMENT_3D ( 'NONE', #3979, #1574, #488 ) ;
#109 = ADVANCED_FACE ( 'NONE', ( #562 ), #1917, .T. ) ;
#110 = FACE_BOUND ( 'NONE', #1651, .T. ) ;
#111 = CARTESIAN_POINT ( 'NONE',  ( 3.689033067547872413, 12.73500000000000121, -5.080000000000000959 ) ) ;
#112 = CARTESIAN_POINT ( 'NONE',  ( 7.010966932452109113, 12.73499999999999943, -5.874722277164099893 ) ) ;
#113 = ORIENTED_EDGE ( 'NONE', *, *, #1733, .T. ) ;
#114 = VECTOR ( 'NONE', #3134, 1000.000000000000000 ) ;
#115 = CALENDAR_DATE ( 2019, 21, 10 ) ;
#116 = CARTESIAN_POINT ( 'NONE',  ( 7.325000000000000178, 11.23499999999999943, 5.080000000000000071 ) ) ;
#117 = VERTEX_POINT ( 'NONE', #2677 ) ;
#118 = DIRECTION ( 'NONE',  ( -0.4999999999999996669, 0.0000000000000000000, 0.8660254037844388186 ) ) ;
#119 = EDGE_CURVE ( 'NONE', #2248, #606, #3009, .T. ) ;
#120 = EDGE_CURVE ( 'NONE', #3714, #3708, #877, .T. ) ;
#121 = CARTESIAN_POINT ( 'NONE',  ( 4.500000000000003553, -3.700000000000007727, -5.379999999999999893 ) ) ;
#122 = EDGE_CURVE ( 'NONE', #3056, #274, #2535, .T. ) ;
#123 = CARTESIAN_POINT ( 'NONE',  ( 1.250000000000000444, 10.00000000000000000, 7.619999999999999218 ) ) ;
#124 = CARTESIAN_POINT ( 'NONE',  ( 4.949999999999991296, 12.73499999999999943, 6.692082860990527848 ) ) ;
#125 = VERTEX_POINT ( 'NONE', #2966 ) ;
#126 = ORIENTED_EDGE ( 'NONE', *, *, #4156, .T. ) ;
#127 = FACE_OUTER_BOUND ( 'NONE', #557, .T. ) ;
#128 = DIRECTION ( 'NONE',  ( 1.000000000000000000, -9.854725885015578669E-16, 0.0000000000000000000 ) ) ;
#129 = DIRECTION ( 'NONE',  ( 0.0000000000000000000, 0.0000000000000000000, -1.000000000000000000 ) ) ;
#130 = CARTESIAN_POINT ( 'NONE',  ( 3.650000000000294342, 11.23500000000000121, 3.399999999999391509 ) ) ;
#131 = ORIENTED_EDGE ( 'NONE', *, *, #3836, .F. ) ;
#132 = CARTESIAN_POINT ( 'NONE',  ( 5.749999999995260680, 12.69570467254461832, -6.774697213584749633 ) ) ;
#133 = APPROVAL ( #3602, 'UNKNOWN' ) ;
#134 = CARTESIAN_POINT ( 'NONE',  ( 4.499999999999988454, 4.784159143999949571, 0.5000000000000557332 ) ) ;
#135 = EDGE_LOOP ( 'NONE', ( #3120, #3188, #3710, #984, #4129, #699 ) ) ;
#136 = PERSON_AND_ORGANIZATION_ROLE ( 'creator' ) ;
#137 = EDGE_LOOP ( 'NONE', ( #1631, #481, #3358, #2413 ) ) ;
#138 = CARTESIAN_POINT ( 'NONE',  ( 7.249552224325723770, 11.45044927442902782, -5.080000000000002736 ) ) ;
#139 = EDGE_CURVE ( 'NONE', #2248, #3519, #3649, .T. ) ;
#140 = DIRECTION ( 'NONE',  ( 1.000000000000000000, -3.338853781347929776E-28, 1.794541526872530066E-14 ) ) ;
#141 = ORIENTED_EDGE ( 'NONE', *, *, #1146, .T. ) ;
#142 = CARTESIAN_POINT ( 'NONE',  ( 4.949999999999999289, 12.64656426582875959, -6.794246796764900509 ) ) ;
#143 = DIRECTION ( 'NONE',  ( -1.734723475976807410E-14, 0.0000000000000000000, 1.000000000000000000 ) ) ;
#144 = DIRECTION ( 'NONE',  ( -1.734723475976807410E-14, 0.0000000000000000000, 1.000000000000000000 ) ) ;
#145 = VERTEX_POINT ( 'NONE', #2325 ) ;
#146 = LINE ( 'NONE', #909, #537 ) ;
#147 = EDGE_CURVE ( 'NONE', #3886, #1100, #1286, .T. ) ;
#148 = FACE_OUTER_BOUND ( 'NONE', #49, .T. ) ;
#149 = PLANE ( 'NONE',  #4396 ) ;
#150 = DIRECTION ( 'NONE',  ( -1.000000000000000000, 3.334909476821824268E-28, -1.794541526872530066E-14 ) ) ;
#151 = DIRECTION ( 'NONE',  ( 1.224646799147353207E-16, -1.434616586018100824E-31, -1.000000000000000000 ) ) ;
#152 = CARTESIAN_POINT ( 'NONE',  ( 10.25000000000000000, 6.799999999999999822, 6.879999999999999893 ) ) ;
#153 = ORIENTED_EDGE ( 'NONE', *, *, #2654, .T. ) ;
#154 = CARTESIAN_POINT ( 'NONE',  ( 4.500000000000006217, -2.700000000000270628, -5.579999999999944116 ) ) ;
#155 = AXIS2_PLACEMENT_3D ( 'NONE', #2991, #1226, #180 ) ;
#156 = PLANE ( 'NONE',  #1454 ) ;
#157 = VECTOR ( 'NONE', #2468, 1000.000000000000000 ) ;
#158 = ITEM_DEFINED_TRANSFORMATION ( 'NONE', 'NONE', #3932,  #688 ) ;
#159 = DIRECTION ( 'NONE',  ( 1.000000000000000000, -3.338853781347929776E-28, 1.794541526872530066E-14 ) ) ;
#160 = ORIENTED_EDGE ( 'NONE', *, *, #559, .T. ) ;
#161 = CARTESIAN_POINT ( 'NONE',  ( 9.646410161513776060, 6.599999999999999645, -8.220000000000002416 ) ) ;
#162 = VECTOR ( 'NONE', #1353, 1000.000000000000000 ) ;
#163 = AXIS2_PLACEMENT_3D ( 'NONE', #4235, #35, #1717 ) ;
#164 = CARTESIAN_POINT ( 'NONE',  ( 5.701341293122029974, 12.73499999999999588, -6.703382409183597623 ) ) ;
#165 = ORIENTED_EDGE ( 'NONE', *, *, #1726, .F. ) ;
#166 = DIRECTION ( 'NONE',  ( -1.000000000000000000, 9.130123557772668088E-16, 0.0000000000000000000 ) ) ;
#167 = CIRCLE ( 'NONE', #2257, 1.760296020627533320 ) ;
#168 = EDGE_CURVE ( 'NONE', #1093, #3971, #1245, .T. ) ;
#169 = EDGE_LOOP ( 'NONE', ( #743, #3740, #4230, #1370 ) ) ;
#170 = CARTESIAN_POINT ( 'NONE',  ( 4.949999999999999289, 11.93499999999671601, -1.799211327335755950 ) ) ;
#171 = DIRECTION ( 'NONE',  ( 0.0000000000000000000, -1.000000000000000000, 0.0000000000000000000 ) ) ;
#172 = CARTESIAN_POINT ( 'NONE',  ( 9.250000000000000000, 6.299999999999999822, 3.779999999999999805 ) ) ;
#173 = EDGE_CURVE ( 'NONE', #1429, #3843, #4003, .T. ) ;
#174 = EDGE_CURVE ( 'NONE', #3894, #1511, #4304, .T. ) ;
#175 = DIRECTION ( 'NONE',  ( -2.501911041408800138E-16, -1.000000000000000000, 0.0000000000000000000 ) ) ;
#176 = CARTESIAN_POINT ( 'NONE',  ( 10.25000000000000000, 6.799999999999999822, 3.279999999999999805 ) ) ;
#177 = AXIS2_PLACEMENT_3D ( 'NONE', #2110, #3749, #3800 ) ;
#178 = CARTESIAN_POINT ( 'NONE',  ( 5.349999999999980993, 11.93499999999403727, -5.080000000000000071 ) ) ;
#179 = CARTESIAN_POINT ( 'NONE',  ( 5.749999999999304556, 12.68816249061487333, 1.699945829408947118 ) ) ;
#180 = DIRECTION ( 'NONE',  ( 1.000000000000000000, -9.854725885015578669E-16, 0.0000000000000000000 ) ) ;
#181 = CIRCLE ( 'NONE', #2698, 1.898658176328942071 ) ;
#182 =( BOUNDED_CURVE ( )  B_SPLINE_CURVE ( 3, ( #624, #3345, #3386, #258 ),
 .UNSPECIFIED., .F., .T. ) 
 B_SPLINE_CURVE_WITH_KNOTS ( ( 4, 4 ),
 ( 0.0000000000000000000, 1.000000000000000000 ),
 .UNSPECIFIED. ) 
 CURVE ( )  GEOMETRIC_REPRESENTATION_ITEM ( )  RATIONAL_B_SPLINE_CURVE ( ( 1.000000000000000000, 0.3333333333333332038, 0.3333333333333332038, 1.000000000000000000 ) ) 
 REPRESENTATION_ITEM ( '' )  );
#183 = ORIENTED_EDGE ( 'NONE', *, *, #431, .F. ) ;
#184 = VECTOR ( 'NONE', #118, 1000.000000000000114 ) ;
#185 = LINE ( 'NONE', #1250, #2208 ) ;
#186 = CARTESIAN_POINT ( 'NONE',  ( 5.749999999999992895, 12.73499999999999943, -1.612082860990527999 ) ) ;
#187 = LINE ( 'NONE', #2998, #588 ) ;
#188 = ORIENTED_EDGE ( 'NONE', *, *, #2376, .F. ) ;
#189 = CARTESIAN_POINT ( 'NONE',  ( 5.749999999995260680, 12.67614242096979638, 3.373454429892019935 ) ) ;
#190 = CARTESIAN_POINT ( 'NONE',  ( 7.049999999999684519, 11.23499999999999766, 1.680000000000611893 ) ) ;
#191 = CARTESIAN_POINT ( 'NONE',  ( 9.250000000000000000, 5.200000000000003730, 3.780000000000001581 ) ) ;
#192 = ORIENTED_EDGE ( 'NONE', *, *, #4343, .T. ) ;
#193 = EDGE_CURVE ( 'NONE', #4154, #106, #4320, .T. ) ;
#194 = DIRECTION ( 'NONE',  ( -0.6666666666666659635, -0.6666666666666670737, 0.3333333333333338699 ) ) ;
#195 = CARTESIAN_POINT ( 'NONE',  ( 3.595871267840946128, 12.69953703111901611, -5.935603861191908415 ) ) ;
#196 = CARTESIAN_POINT ( 'NONE',  ( 3.449999999999990408, 11.43500000000000583, 8.880000000000002558 ) ) ;
#197 = CARTESIAN_POINT ( 'NONE',  ( 4.949999999999991296, 12.73499999999999943, -1.612082860990528665 ) ) ;
#198 = EDGE_CURVE ( 'NONE', #652, #1679, #581, .T. ) ;
#199 = DATE_AND_TIME ( #4305, #2777 ) ;
#200 = ORIENTED_EDGE ( 'NONE', *, *, #2241, .F. ) ;
#201 =( BOUNDED_SURFACE ( )  B_SPLINE_SURFACE ( 3, 3, ( 
 ( #22, #4394, #3404, #2692 ),
 ( #658, #4433, #1361, #4065 ),
 ( #3745, #1411, #2736, #4084 ),
 ( #1735, #2359, #3729, #1020 ) ),
 .UNSPECIFIED., .F., .F., .F. ) 
 B_SPLINE_SURFACE_WITH_KNOTS ( ( 4, 4 ),
 ( 4, 4 ),
 ( 0.0000000000000000000, 1.000000000000000000 ),
 ( 0.0000000000000000000, 1.000000000000000000 ),
 .UNSPECIFIED. ) 
 GEOMETRIC_REPRESENTATION_ITEM ( )  RATIONAL_B_SPLINE_SURFACE ( (
 ( 1.000000000000000000, 0.4743521123180107213, 0.4743521123180107213, 1.000000000000000000),
 ( 0.8312495820341851971, 0.3943049951013792853, 0.3943049951013792853, 0.8312495820341851971),
 ( 0.8312495820341851971, 0.3943049951013792853, 0.3943049951013792853, 0.8312495820341851971),
 ( 1.000000000000000000, 0.4743521123180107213, 0.4743521123180107213, 1.000000000000000000) ) ) 
 REPRESENTATION_ITEM ( '' )  SURFACE ( )  );
#202 = CARTESIAN_POINT ( 'NONE',  ( 8.014137117667079480, 12.73499999999999410, -6.257399771706763758 ) ) ;
#203 = CARTESIAN_POINT ( 'NONE',  ( 4.500000000000006217, -2.700000000000284839, 4.580000000000056026 ) ) ;
#204 = ORIENTED_EDGE ( 'NONE', *, *, #560, .T. ) ;
#205 = CC_DESIGN_PERSON_AND_ORGANIZATION_ASSIGNMENT ( #2000, #3419, ( #3646 ) ) ;
#206 = EDGE_LOOP ( 'NONE', ( #2243, #1006, #713, #3954 ) ) ;
#207 = CARTESIAN_POINT ( 'NONE',  ( 5.300000000000001599, -3.700000000000010392, 0.2999999999999992673 ) ) ;
#208 = CARTESIAN_POINT ( 'NONE',  ( 5.749999999999999112, 11.93500000000000050, -1.969999999999999973 ) ) ;
#209 = VERTEX_POINT ( 'NONE', #3264 ) ;
#210 = CARTESIAN_POINT ( 'NONE',  ( 5.750000000000001776, 12.64656426582888926, 6.794246796764878304 ) ) ;
#211 = EDGE_LOOP ( 'NONE', ( #2541, #2137, #3978, #4074 ) ) ;
#212 = CARTESIAN_POINT ( 'NONE',  ( 4.950000000004743050, 12.68578847567073531, 1.700703200956245054 ) ) ;
#213 = EDGE_CURVE ( 'NONE', #367, #4182, #234, .T. ) ;
#214 = DIRECTION ( 'NONE',  ( 2.501911041408800138E-16, 1.000000000000000000, -0.0000000000000000000 ) ) ;
#215 = VERTEX_POINT ( 'NONE', #1634 ) ;
#216 = VECTOR ( 'NONE', #3025, 1000.000000000000000 ) ;
#217 = EDGE_CURVE ( 'NONE', #1442, #1276, #2092, .T. ) ;
#218 = DIRECTION ( 'NONE',  ( -3.402072636419410836E-15, 0.9805806756909203337, 0.1961161351381833784 ) ) ;
#219 = ADVANCED_FACE ( 'NONE', ( #3687 ), #1307, .F. ) ;
#220 = VECTOR ( 'NONE', #3475, 1000.000000000000114 ) ;
#221 = LINE ( 'NONE', #1602, #4417 ) ;
#222 =( REPRESENTATION_RELATIONSHIP ('NONE','NONE', #3522, #2935 ) REPRESENTATION_RELATIONSHIP_WITH_TRANSFORMATION ( #1700 )SHAPE_REPRESENTATION_RELATIONSHIP( ) );
#223 = CARTESIAN_POINT ( 'NONE',  ( 4.950000000000073896, 12.72445880131357931, 3.421909901067867743 ) ) ;
#224 = VECTOR ( 'NONE', #1028, 1000.000000000000000 ) ;
#225 = ORIENTED_EDGE ( 'NONE', *, *, #3504, .T. ) ;
#226 = VERTEX_POINT ( 'NONE', #961 ) ;
#227 = VECTOR ( 'NONE', #3552, 1000.000000000000114 ) ;
#228 = DIRECTION ( 'NONE',  ( 0.0000000000000000000, 0.0000000000000000000, 1.000000000000000000 ) ) ;
#229 = DIRECTION ( 'NONE',  ( 0.0000000000000000000, -0.0000000000000000000, -1.000000000000000000 ) ) ;
#230 = ORIENTED_EDGE ( 'NONE', *, *, #1230, .T. ) ;
#231 = DIRECTION ( 'NONE',  ( -1.000000000000000000, -0.0000000000000000000, -0.0000000000000000000 ) ) ;
#232 = CARTESIAN_POINT ( 'NONE',  ( 7.167157287525207643, 11.23499999999981291, -5.080000000000001847 ) ) ;
#233 = APPROVAL ( #2796, 'UNSPECIFIED' ) ;
#234 = LINE ( 'NONE', #1615, #1527 ) ;
#235 = PERSON_AND_ORGANIZATION_ROLE ( 'classification_officer' ) ;
#236 = B_SPLINE_CURVE_WITH_KNOTS ( 'NONE', 3,
 ( #2791, #1745, #4157, #1075, #398, #4318, #3217, #3959, #132, #4253, #872, #1913, #3260, #4274, #2885, #1512 ),
 .UNSPECIFIED., .F., .F.,
 ( 4, 3, 3, 3, 3, 4 ),
 ( 0.0000000000000000000, 3.531517381802535166E-05, 7.066450543868401594E-05, 0.0001054618491194694109, 0.0001392987215172452220, 0.0001469974402523152915 ),
 .UNSPECIFIED. ) ;
#237 = EDGE_CURVE ( 'NONE', #757, #2861, #3601, .T. ) ;
#238 = AXIS2_PLACEMENT_3D ( 'NONE', #4265, #2196, #143 ) ;
#239 = CARTESIAN_POINT ( 'NONE',  ( 5.299999999999999822, -3.700000000000009948, 4.779999999999999361 ) ) ;
#240 = AXIS2_PLACEMENT_3D ( 'NONE', #3940, #850, #2635 ) ;
#241 = LINE ( 'NONE', #1270, #3343 ) ;
#242 = CARTESIAN_POINT ( 'NONE',  ( 7.249999999999994671, 11.43499999999999694, 8.880000000000002558 ) ) ;
#243 = EDGE_CURVE ( 'NONE', #1292, #4031, #1751, .T. ) ;
#244 = ORIENTED_EDGE ( 'NONE', *, *, #1257, .T. ) ;
#245 = CARTESIAN_POINT ( 'NONE',  ( 8.557209438086390563, 0.0000000000000000000, 7.000000000000000000 ) ) ;
#246 = CIRCLE ( 'NONE', #2637, 0.2999999999999999334 ) ;
#247 = ORIENTED_EDGE ( 'NONE', *, *, #966, .F. ) ;
#248 = DIRECTION ( 'NONE',  ( 0.0000000000000000000, 1.000000000000000000, 0.0000000000000000000 ) ) ;
#249 = LOCAL_TIME ( 21, 41, 59.00000000000000000, #1819 ) ;
#250 = PRODUCT_DEFINITION_SHAPE ( 'NONE', 'NONE',  #4450 ) ;
#251 = CYLINDRICAL_SURFACE ( 'NONE', #3020, 0.3000000000000000444 ) ;
#252 = ADVANCED_FACE ( 'NONE', ( #2745 ), #344, .T. ) ;
#253 = DIRECTION ( 'NONE',  ( -1.000000000000000000, 0.0000000000000000000, 0.0000000000000000000 ) ) ;
#254 = ORIENTED_EDGE ( 'NONE', *, *, #357, .T. ) ;
#255 = CARTESIAN_POINT ( 'NONE',  ( 3.649999999999990141, 11.43500000000000227, 0.0000000000000000000 ) ) ;
#256 = CARTESIAN_POINT ( 'NONE',  ( 3.449999999999990408, 11.43500000000000227, -1.279999999999998472 ) ) ;
#257 = ORIENTED_EDGE ( 'NONE', *, *, #1868, .T. ) ;
#258 = CARTESIAN_POINT ( 'NONE',  ( 7.049999999999563727, 11.23499999999999766, 5.079999999999999183 ) ) ;
#259 = FACE_OUTER_BOUND ( 'NONE', #4331, .T. ) ;
#260 = CARTESIAN_POINT ( 'NONE',  ( 10.25000000000000000, 6.200000000000001954, 6.879999999999995453 ) ) ;
#261 = DIRECTION ( 'NONE',  ( -1.000000000000000000, 3.338853781347929776E-28, -1.794541526872530066E-14 ) ) ;
#262 = ORIENTED_EDGE ( 'NONE', *, *, #3529, .F. ) ;
#263 = FACE_BOUND ( 'NONE', #1896, .T. ) ;
#264 = CARTESIAN_POINT ( 'NONE',  ( 0.0000000000000000000, 0.0000000000000000000, -71.12000000000000455 ) ) ;
#265 = CARTESIAN_POINT ( 'NONE',  ( 3.449999999999989964, 11.43500000000000227, 5.080000000000000071 ) ) ;
#266 = ORIENTED_EDGE ( 'NONE', *, *, #4427, .T. ) ;
#267 = CARTESIAN_POINT ( 'NONE',  ( 4.950000000000698286, 12.67827681032222564, 3.375179669261412663 ) ) ;
#268 = CARTESIAN_POINT ( 'NONE',  ( 7.049999999999685407, 11.23499999999999766, -3.399999999999389289 ) ) ;
#269 = ADVANCED_FACE ( 'NONE', ( #3395 ), #1701, .F. ) ;
#270 = CARTESIAN_POINT ( 'NONE',  ( 9.250000000000000000, 6.299999999999990052, -6.379999999999999893 ) ) ;
#271 = DIRECTION ( 'NONE',  ( 1.000000000000000000, -9.411788633734757522E-16, 0.0000000000000000000 ) ) ;
#272 = CARTESIAN_POINT ( 'NONE',  ( 5.749999999999869438, 12.73279737082328467, -3.443543654667311937 ) ) ;
#273 = EDGE_CURVE ( 'NONE', #3971, #3886, #4445, .T. ) ;
#274 = VERTEX_POINT ( 'NONE', #1371 ) ;
#275 = CARTESIAN_POINT ( 'NONE',  ( 4.949999999999998401, 12.64914866789669823, 1.713937828364314520 ) ) ;
#276 = DIRECTION ( 'NONE',  ( -1.000000000000000000, 9.130123557772668088E-16, 0.0000000000000000000 ) ) ;
#277 = ORIENTED_EDGE ( 'NONE', *, *, #3772, .T. ) ;
#278 = ORIENTED_EDGE ( 'NONE', *, *, #2456, .F. ) ;
#279 = CONTEXT_DEPENDENT_SHAPE_REPRESENTATION ( #4231, #65 ) ;
#280 = EDGE_LOOP ( 'NONE', ( #230, #4135, #1836, #3880 ) ) ;
#281 = CARTESIAN_POINT ( 'NONE',  ( 7.049999999999684519, 11.23499999999999766, -8.479999999999389360 ) ) ;
#282 = AXIS2_PLACEMENT_3D ( 'NONE', #936, #1977, #4048 ) ;
#283 = PLANE ( 'NONE',  #3759 ) ;
#284 = PLANE ( 'NONE',  #3754 ) ;
#285 = ORIENTED_EDGE ( 'NONE', *, *, #2949, .F. ) ;
#286 = MECHANICAL_CONTEXT ( 'NONE', #1899, 'mechanical' ) ;
#287 = CARTESIAN_POINT ( 'NONE',  ( 7.049999999999990941, 11.43499999999999694, 2.081899558550500773E-16 ) ) ;
#288 = VERTEX_POINT ( 'NONE', #4117 ) ;
#289 = LINE ( 'NONE', #3741, #968 ) ;
#290 = CIRCLE ( 'NONE', #654, 1.843139007349805292 ) ;
#291 = CARTESIAN_POINT ( 'NONE',  ( 5.750000000000001776, 12.40938025448233262, -3.337397567517832453 ) ) ;
#292 = DIRECTION ( 'NONE',  ( 5.517568307814269711E-16, -6.463573835647406802E-31, 1.000000000000000000 ) ) ;
#293 = AXIS2_PLACEMENT_3D ( 'NONE', #2544, #2157, #51 ) ;
#294 = CARTESIAN_POINT ( 'NONE',  ( 3.689038437082762023, 12.73500000000000121, -5.080000006514261202 ) ) ;
#295 = CARTESIAN_POINT ( 'NONE',  ( 3.451341823670963649, 11.45812853167897671, -1.282683647341944733 ) ) ;
#296 = EDGE_CURVE ( 'NONE', #668, #1458, #11, .T. ) ;
#297 = VECTOR ( 'NONE', #1374, 1000.000000000000000 ) ;
#298 = CARTESIAN_POINT ( 'NONE',  ( 5.349999999999989875, 11.45812853167969791, 5.080000000000000071 ) ) ;
#299 = CARTESIAN_POINT ( 'NONE',  ( 5.750000000000000000, 12.64656426582507898, 3.365753203230879897 ) ) ;
#300 = CIRCLE ( 'NONE', #4184, 1.760296020627533320 ) ;
#301 = ORIENTED_EDGE ( 'NONE', *, *, #2949, .T. ) ;
#302 = DIRECTION ( 'NONE',  ( -2.501911041408800138E-16, -1.000000000000000000, 0.0000000000000000000 ) ) ;
#303 = ORIENTED_EDGE ( 'NONE', *, *, #2901, .F. ) ;
#304 = EDGE_CURVE ( 'NONE', #4267, #1053, #309, .T. ) ;
#305 = EDGE_CURVE ( 'NONE', #3645, #2625, #2769, .T. ) ;
#306 = DIRECTION ( 'NONE',  ( 1.000000000000000000, -3.338853781347929776E-28, 1.794541526872530066E-14 ) ) ;
#307 = ORIENTED_EDGE ( 'NONE', *, *, #2853, .F. ) ;
#308 = ORIENTED_EDGE ( 'NONE', *, *, #3590, .F. ) ;
#309 = LINE ( 'NONE', #2071, #2606 ) ;
#310 = DIRECTION ( 'NONE',  ( -1.931148907734990011E-16, 2.262250842476587301E-31, -1.000000000000000000 ) ) ;
#311 = CARTESIAN_POINT ( 'NONE',  ( 3.589703977699978843, 12.64656426582840432, -4.221387948900449771 ) ) ;
#312 = DIRECTION ( 'NONE',  ( 1.000000000000000000, 0.0000000000000000000, 0.0000000000000000000 ) ) ;
#313 = PLANE ( 'NONE',  #3540 ) ;
#314 = ORIENTED_EDGE ( 'NONE', *, *, #826, .T. ) ;
#315 = CARTESIAN_POINT ( 'NONE',  ( 5.299999999999990052, -2.700000000000009948, -4.579999999999930793 ) ) ;
#316 = CARTESIAN_POINT ( 'NONE',  ( 4.950000000000000178, 12.40938025448233084, 1.742602432482177388 ) ) ;
#317 = VECTOR ( 'NONE', #18, 1000.000000000000000 ) ;
#318 = CARTESIAN_POINT ( 'NONE',  ( 9.250000000000000000, 6.799999999999999822, -3.780000000000001137 ) ) ;
#319 = DIRECTION ( 'NONE',  ( -1.000000000000000000, 9.130123557772668088E-16, 0.0000000000000000000 ) ) ;
#320 = VERTEX_POINT ( 'NONE', #38 ) ;
#321 = AXIS2_PLACEMENT_3D ( 'NONE', #2445, #3162, #1121 ) ;
#322 = PLANE ( 'NONE',  #3468 ) ;
#323 = DIRECTION ( 'NONE',  ( -0.4999999999999999445, 0.0000000000000000000, -0.8660254037844387076 ) ) ;
#324 = LINE ( 'NONE', #2441, #3681 ) ;
#325 = AXIS2_PLACEMENT_3D ( 'NONE', #3539, #448, #1823 ) ;
#326 = VERTEX_POINT ( 'NONE', #3445 ) ;
#327 = CARTESIAN_POINT ( 'NONE',  ( 4.949999999999991296, 12.73499999999999943, -1.612082860990528665 ) ) ;
#328 = CC_DESIGN_SECURITY_CLASSIFICATION ( #4217, ( #4446 ) ) ;
#329 = EDGE_CURVE ( 'NONE', #791, #4142, #4138, .T. ) ;
#330 = ORIENTED_EDGE ( 'NONE', *, *, #329, .F. ) ;
#331 = CARTESIAN_POINT ( 'NONE',  ( 3.650000000000296563, 11.23499999999999943, -8.479999999999385807 ) ) ;
#332 = DIRECTION ( 'NONE',  ( 1.000000000000000000, 0.0000000000000000000, 0.0000000000000000000 ) ) ;
#333 = CARTESIAN_POINT ( 'NONE',  ( 3.635702501169018941, 12.73500000000000298, 5.079999999999997407 ) ) ;
#334 = EDGE_CURVE ( 'NONE', #2895, #3173, #1398, .T. ) ;
#335 = LINE ( 'NONE', #4030, #875 ) ;
#336 = ORIENTED_EDGE ( 'NONE', *, *, #1579, .T. ) ;
#337 = CARTESIAN_POINT ( 'NONE',  ( 9.250000000000000000, 2.199999999999997069, 1.299999999999997824 ) ) ;
#338 = CARTESIAN_POINT ( 'NONE',  ( 8.699999999999999289, -3.469446951953614189E-15, -7.620000000000000107 ) ) ;
#339 = ORIENTED_EDGE ( 'NONE', *, *, #969, .F. ) ;
#340 = DIRECTION ( 'NONE',  ( -0.0000000000000000000, -0.0000000000000000000, 1.000000000000000000 ) ) ;
#341 = CARTESIAN_POINT ( 'NONE',  ( 4.499999999999801048, 0.0000000000000000000, -0.5041960109771828069 ) ) ;
#342 = CARTESIAN_POINT ( 'NONE',  ( 4.950000000002678924, 12.70467874844270106, 6.766818741883630750 ) ) ;
#343 = ORIENTED_EDGE ( 'NONE', *, *, #413, .T. ) ;
#344 =( BOUNDED_SURFACE ( )  B_SPLINE_SURFACE ( 3, 3, ( 
 ( #4424, #2704, #2367, #4092 ),
 ( #648, #671, #3367, #2091 ),
 ( #1350, #3421, #3099, #1056 ),
 ( #3469, #281, #331, #2026 ) ),
 .UNSPECIFIED., .F., .F., .F. ) 
 B_SPLINE_SURFACE_WITH_KNOTS ( ( 4, 4 ),
 ( 4, 4 ),
 ( 0.0000000000000000000, 1.000000000000000000 ),
 ( 0.0000000000000000000, 1.000000000000000000 ),
 .UNSPECIFIED. ) 
 GEOMETRIC_REPRESENTATION_ITEM ( )  RATIONAL_B_SPLINE_SURFACE ( (
 ( 1.000000000000000000, 0.3333333333333335369, 0.3333333333333335369, 1.000000000000000000),
 ( 0.8047378541240022276, 0.2682459513746675572, 0.2682459513746675572, 0.8047378541240022276),
 ( 0.8047378541240022276, 0.2682459513746675572, 0.2682459513746675572, 0.8047378541240022276),
 ( 1.000000000000000000, 0.3333333333333335369, 0.3333333333333335369, 1.000000000000000000) ) ) 
 REPRESENTATION_ITEM ( '' )  SURFACE ( )  );
#345 = CARTESIAN_POINT ( 'NONE',  ( 4.500000000000000000, -3.700000000000009948, -0.3000000000000019873 ) ) ;
#346 = ORIENTED_EDGE ( 'NONE', *, *, #349, .T. ) ;
#347 = ORIENTED_EDGE ( 'NONE', *, *, #3921, .T. ) ;
#348 = CARTESIAN_POINT ( 'NONE',  ( 9.250000000000000000, 2.200000000000009948, 6.379999999999999893 ) ) ;
#349 = EDGE_CURVE ( 'NONE', #2861, #1019, #3534, .T. ) ;
#350 = DIRECTION ( 'NONE',  ( -3.402072636419578469E-15, 0.9805806756909202226, 0.1961161351381837115 ) ) ;
#351 = CARTESIAN_POINT ( 'NONE',  ( 5.299999999999990052, -2.700000000000009948, 0.5000000000000678346 ) ) ;
#352 = PLANE ( 'NONE',  #1916 ) ;
#353 = EDGE_LOOP ( 'NONE', ( #4093, #3353, #2342, #1011 ) ) ;
#354 = DIRECTION ( 'NONE',  ( 0.0000000000000000000, -0.0000000000000000000, -1.000000000000000000 ) ) ;
#355 = CARTESIAN_POINT ( 'NONE',  ( 8.557209438086390563, 6.599999999999999645, 7.000000000000000000 ) ) ;
#356 = DIRECTION ( 'NONE',  ( -9.136576017787371555E-16, -1.000000000000000000, -2.086925533220183900E-31 ) ) ;
#357 = EDGE_CURVE ( 'NONE', #2530, #1608, #2793, .T. ) ;
#358 = ADVANCED_FACE ( 'NONE', ( #417 ), #156, .T. ) ;
#359 = VECTOR ( 'NONE', #2305, 999.9999999999998863 ) ;
#360 = CARTESIAN_POINT ( 'NONE',  ( 4.949999999999999289, 12.64656426582933335, 1.714246796768620795 ) ) ;
#361 = CARTESIAN_POINT ( 'NONE',  ( 4.500000000000006217, -2.700000000000370104, -5.579999999999928129 ) ) ;
#362 = CIRCLE ( 'NONE', #4105, 0.2000000000000000944 ) ;
#363 = CARTESIAN_POINT ( 'NONE',  ( 5.749999999995260680, 12.67614242096979815, -1.706545570107979248 ) ) ;
#364 = ORIENTED_EDGE ( 'NONE', *, *, #2843, .F. ) ;
#365 = FACE_OUTER_BOUND ( 'NONE', #1543, .T. ) ;
#366 = VECTOR ( 'NONE', #292, 1000.000000000000000 ) ;
#367 = VERTEX_POINT ( 'NONE', #492 ) ;
#368 = DIRECTION ( 'NONE',  ( -3.220379291669973468E-28, 1.000000000000000000, 1.794541526872519968E-14 ) ) ;
#369 = CARTESIAN_POINT ( 'NONE',  ( 5.299999999999999822, -5.750000000781589904, -5.579999999999979643 ) ) ;
#370 = AXIS2_PLACEMENT_3D ( 'NONE', #3748, #662, #2109 ) ;
#371 = ORIENTED_EDGE ( 'NONE', *, *, #3053, .F. ) ;
#372 = VERTEX_POINT ( 'NONE', #1770 ) ;
#373 = CARTESIAN_POINT ( 'NONE',  ( 5.300000000000015810, -0.05000000078158289146, 4.580000000000039151 ) ) ;
#374 = VECTOR ( 'NONE', #2154, 1000.000000000000000 ) ;
#375 = CARTESIAN_POINT ( 'NONE',  ( 9.250000000000000000, 6.799999999999999822, 6.379999999999998117 ) ) ;
#376 = CARTESIAN_POINT ( 'NONE',  ( 10.25000000000000000, 0.0000000000000000000, -5.584196010977182212 ) ) ;
#377 = ORIENTED_EDGE ( 'NONE', *, *, #4399, .T. ) ;
#378 = COORDINATED_UNIVERSAL_TIME_OFFSET ( 0, 0, .AHEAD. ) ;
#379 = ORIENTED_EDGE ( 'NONE', *, *, #2324, .F. ) ;
#380 = CARTESIAN_POINT ( 'NONE',  ( 7.249999999999991118, 11.43499999999999872, -5.080000000000000959 ) ) ;
#381 = CARTESIAN_POINT ( 'NONE',  ( 4.950000000000698286, 12.66838590191646219, -1.709697409983274019 ) ) ;
#382 = ADVANCED_FACE ( 'NONE', ( #1792 ), #84, .T. ) ;
#383 = DIRECTION ( 'NONE',  ( 1.000000000000000000, 0.0000000000000000000, 0.0000000000000000000 ) ) ;
#384 = VERTEX_POINT ( 'NONE', #1468 ) ;
#385 = CARTESIAN_POINT ( 'NONE',  ( 9.250000000000000000, 2.200000000000010836, 6.379999999999998117 ) ) ;
#386 = DIRECTION ( 'NONE',  ( 0.0000000000000000000, 1.000000000000000000, 0.0000000000000000000 ) ) ;
#387 = CARTESIAN_POINT ( 'NONE',  ( 8.699999999999999289, 6.599999999999991651, -7.620000000000000107 ) ) ;
#388 = EDGE_CURVE ( 'NONE', #1511, #2436, #3581, .T. ) ;
#389 = VERTEX_POINT ( 'NONE', #2529 ) ;
#390 = DIRECTION ( 'NONE',  ( -1.000000000000000000, 0.0000000000000000000, 0.0000000000000000000 ) ) ;
#391 = LINE ( 'NONE', #2521, #2465 ) ;
#392 = ORIENTED_EDGE ( 'NONE', *, *, #3728, .T. ) ;
#393 = CARTESIAN_POINT ( 'NONE',  ( 9.449999999999999289, 6.599999999999999645, -7.620000000000000107 ) ) ;
#394 = AXIS2_PLACEMENT_3D ( 'NONE', #270, #1732, #2012 ) ;
#395 = DIRECTION ( 'NONE',  ( -2.501911041408800138E-16, -1.000000000000000000, 0.0000000000000000000 ) ) ;
#396 = VERTEX_POINT ( 'NONE', #1131 ) ;
#397 = APPROVAL_PERSON_ORGANIZATION ( #1516, #45, #769 ) ;
#398 = CARTESIAN_POINT ( 'NONE',  ( 5.749999999999321432, 12.72522597148189227, -6.738022933191346375 ) ) ;
#399 = DIRECTION ( 'NONE',  ( -0.6666666666666660745, -0.6666666666666671848, -0.3333333333333335924 ) ) ;
#400 = APPROVAL_PERSON_ORGANIZATION ( #4075, #1999, #1980 ) ;
#401 = LINE ( 'NONE', #4141, #2828 ) ;
#402 = PERSON_AND_ORGANIZATION ( #2659, #2350 ) ;
#403 = ORIENTED_EDGE ( 'NONE', *, *, #1441, .F. ) ;
#404 = CARTESIAN_POINT ( 'NONE',  ( 4.500000000000006217, 4.784159143999949571, -0.4999999999998965827 ) ) ;
#405 = LINE ( 'NONE', #3137, #2918 ) ;
#406 = ADVANCED_FACE ( 'NONE', ( #787 ), #3742, .T. ) ;
#407 = LINE ( 'NONE', #1269, #2680 ) ;
#408 = ORIENTED_EDGE ( 'NONE', *, *, #1476, .T. ) ;
#409 = VERTEX_POINT ( 'NONE', #3663 ) ;
#410 = CARTESIAN_POINT ( 'NONE',  ( 7.049999999999990052, 11.43499999999999694, -5.080000000000000959 ) ) ;
#411 = CARTESIAN_POINT ( 'NONE',  ( 7.249999999999992006, 11.31784271247447649, 5.080000000000000959 ) ) ;
#412 = EDGE_LOOP ( 'NONE', ( #2055, #1660, #2097, #285 ) ) ;
#413 = EDGE_CURVE ( 'NONE', #591, #757, #290, .T. ) ;
#414 = CARTESIAN_POINT ( 'NONE',  ( 3.449999999999989964, 11.44273112629124967, 1.280000000000001359 ) ) ;
#415 = DIRECTION ( 'NONE',  ( 1.000000000000000000, -9.854725885015578669E-16, 0.0000000000000000000 ) ) ;
#416 = ORIENTED_EDGE ( 'NONE', *, *, #711, .T. ) ;
#417 = FACE_OUTER_BOUND ( 'NONE', #2917, .T. ) ;
#418 = LINE ( 'NONE', #1470, #1598 ) ;
#419 = VERTEX_POINT ( 'NONE', #260 ) ;
#420 = PERSON_AND_ORGANIZATION_ROLE ( 'design_owner' ) ;
#421 = ORIENTED_EDGE ( 'NONE', *, *, #3161, .T. ) ;
#422 = DIRECTION ( 'NONE',  ( -1.000000000000000000, 9.130123557772668088E-16, 0.0000000000000000000 ) ) ;
#423 = DIRECTION ( 'NONE',  ( -1.000000000000000000, 0.0000000000000000000, -0.0000000000000000000 ) ) ;
#424 = ORIENTED_EDGE ( 'NONE', *, *, #3328, .T. ) ;
#425 = LINE ( 'NONE', #2060, #3911 ) ;
#426 = CARTESIAN_POINT ( 'NONE',  ( 3.451341823664733077, 11.45812853167969969, 5.080000000000000071 ) ) ;
#427 = LINE ( 'NONE', #451, #2407 ) ;
#428 = FACE_OUTER_BOUND ( 'NONE', #4049, .T. ) ;
#429 = EDGE_LOOP ( 'NONE', ( #2702, #3750, #1892, #3176 ) ) ;
#430 = VERTEX_POINT ( 'NONE', #2929 ) ;
#431 = EDGE_CURVE ( 'NONE', #3293, #2095, #1223, .T. ) ;
#432 = ORIENTED_EDGE ( 'NONE', *, *, #2980, .T. ) ;
#433 = CIRCLE ( 'NONE', #3900, 0.2000000000000000944 ) ;
#434 = DIRECTION ( 'NONE',  ( -1.171453342316279939E-15, -1.000000000000000000, -0.0000000000000000000 ) ) ;
#435 = CARTESIAN_POINT ( 'NONE',  ( 3.375000000000000000, 10.44999999999999929, 5.080000000000000071 ) ) ;
#436 = CIRCLE ( 'NONE', #4039, 1.843139007349806180 ) ;
#437 = EDGE_CURVE ( 'NONE', #4200, #1768, #1696, .T. ) ;
#438 = DIRECTION ( 'NONE',  ( -1.794541526872530066E-14, -1.794541526872519968E-14, 1.000000000000000000 ) ) ;
#439 = EDGE_CURVE ( 'NONE', #4375, #4348, #1172, .T. ) ;
#440 = AXIS2_PLACEMENT_3D ( 'NONE', #573, #2669, #4314 ) ;
#441 = CARTESIAN_POINT ( 'NONE',  ( 3.589703979381177579, 12.64656426582076776, 8.673617379884035472E-16 ) ) ;
#442 = ORIENTED_EDGE ( 'NONE', *, *, #3728, .F. ) ;
#443 = EDGE_CURVE ( 'NONE', #3925, #4197, #3364, .T. ) ;
#444 = VECTOR ( 'NONE', #4298, 1000.000000000000000 ) ;
#445 = APPLICATION_PROTOCOL_DEFINITION ( 'international standard', 'config_control_design', 1994, #1446 ) ;
#446 = CARTESIAN_POINT ( 'NONE',  ( 5.299999999999995381, -4.770489558936219510E-15, 0.5041960109772708476 ) ) ;
#447 = ORIENTED_EDGE ( 'NONE', *, *, #3778, .F. ) ;
#448 = DIRECTION ( 'NONE',  ( 1.794541526872530066E-14, 1.889646980599319876E-14, -1.000000000000000000 ) ) ;
#449 = CARTESIAN_POINT ( 'NONE',  ( 4.499999999999984013, -0.05000000078162009781, -4.279999999999878568 ) ) ;
#450 = CARTESIAN_POINT ( 'NONE',  ( 3.589703979372449005, 12.64656426582178383, 5.080000000000000071 ) ) ;
#451 = CARTESIAN_POINT ( 'NONE',  ( 0.0000000000000000000, 0.0000000000000000000, 7.620000000000000107 ) ) ;
#452 =( REPRESENTATION_RELATIONSHIP ('NONE','NONE', #3522, #2935 ) REPRESENTATION_RELATIONSHIP_WITH_TRANSFORMATION ( #3074 )SHAPE_REPRESENTATION_RELATIONSHIP( ) );
#453 = DIRECTION ( 'NONE',  ( 0.0000000000000000000, 0.0000000000000000000, -1.000000000000000000 ) ) ;
#454 = ORIENTED_EDGE ( 'NONE', *, *, #4158, .F. ) ;
#455 = LINE ( 'NONE', #4196, #457 ) ;
#456 = ORIENTED_EDGE ( 'NONE', *, *, #4306, .F. ) ;
#457 = VECTOR ( 'NONE', #2878, 1000.000000000000000 ) ;
#458 = CARTESIAN_POINT ( 'NONE',  ( 7.248658176329016989, 11.45812853167897138, 3.797316352658055560 ) ) ;
#459 = LINE ( 'NONE', #1071, #1321 ) ;
#460 = LINE ( 'NONE', #1072, #1086 ) ;
#461 = VECTOR ( 'NONE', #1874, 1000.000000000000114 ) ;
#462 = PLANE ( 'NONE',  #2391 ) ;
#463 = EDGE_LOOP ( 'NONE', ( #3774, #2863, #1134, #2140 ) ) ;
#464 = EDGE_LOOP ( 'NONE', ( #1150, #4236, #188, #278 ) ) ;
#465 = CARTESIAN_POINT ( 'NONE',  ( 10.25000000000000000, 6.200000000000001954, 3.279999999999998028 ) ) ;
#466 = VECTOR ( 'NONE', #3412, 1000.000000000000000 ) ;
#467 = CARTESIAN_POINT ( 'NONE',  ( 7.249999999999990230, 11.31784271247447471, -5.080000000000001847 ) ) ;
#468 = DIRECTION ( 'NONE',  ( 0.0000000000000000000, 1.000000000000000000, 0.0000000000000000000 ) ) ;
#469 = ADVANCED_FACE ( 'NONE', ( #1367 ), #1451, .T. ) ;
#470 = VECTOR ( 'NONE', #773, 1000.000000000000000 ) ;
#471 = DATE_AND_TIME ( #1844, #249 ) ;
#472 = CARTESIAN_POINT ( 'NONE',  ( 7.248658176329017877, 11.45812853167897138, 2.325185658316293854E-16 ) ) ;
#473 = ORIENTED_EDGE ( 'NONE', *, *, #4076, .T. ) ;
#474 = CARTESIAN_POINT ( 'NONE',  ( 4.499999999999804601, -0.05000000078158020611, 4.579999999999981419 ) ) ;
#475 = CC_DESIGN_APPROVAL ( #814, ( #1488 ) ) ;
#476 = EDGE_CURVE ( 'NONE', #791, #819, #1151, .T. ) ;
#477 = ORGANIZATION ( 'NAUO-ORG4', 'UNSPECIFIED', 'UNSPECIFIED' ) ;
#478 = CARTESIAN_POINT ( 'NONE',  ( 5.749999999999999112, 11.93499999999701977, -1.799211327335711763 ) ) ;
#479 = CARTESIAN_POINT ( 'NONE',  ( 3.650000000000416911, 11.23500000000000121, 5.080000000000000959 ) ) ;
#480 = CARTESIAN_POINT ( 'NONE',  ( 5.300000000000001599, -2.700000000000009948, -4.580000000000000071 ) ) ;
#481 = ORIENTED_EDGE ( 'NONE', *, *, #305, .F. ) ;
#482 = DIRECTION ( 'NONE',  ( -0.9610693039298836560, 0.2763074248798411681, 0.0000000000000000000 ) ) ;
#483 = DIRECTION ( 'NONE',  ( 0.8164965809277262565, -0.4082482904638624621, 0.4082482904638631283 ) ) ;
#484 = CARTESIAN_POINT ( 'NONE',  ( 3.451341823670963205, 11.45812853167897671, 3.797316352658052896 ) ) ;
#485 = VERTEX_POINT ( 'NONE', #4228 ) ;
#486 = DIRECTION ( 'NONE',  ( 1.000000000000000000, 0.0000000000000000000, 0.0000000000000000000 ) ) ;
#487 = ORIENTED_EDGE ( 'NONE', *, *, #2101, .F. ) ;
#488 = DIRECTION ( 'NONE',  ( 1.000000000000000000, -9.136576017787367610E-16, 0.0000000000000000000 ) ) ;
#489 = FACE_OUTER_BOUND ( 'NONE', #2080, .T. ) ;
#490 = CARTESIAN_POINT ( 'NONE',  ( 9.449999999999999289, 14.00000000000000000, -7.620000000000000107 ) ) ;
#491 = CARTESIAN_POINT ( 'NONE',  ( 5.750000000000001776, 12.64656426582888926, 1.714246796764878011 ) ) ;
#492 = CARTESIAN_POINT ( 'NONE',  ( 5.299999999999994493, -0.05000000078161231931, -4.579999999999872173 ) ) ;
#493 = CONTEXT_DEPENDENT_SHAPE_REPRESENTATION ( #3541, #756 ) ;
#494 = EDGE_CURVE ( 'NONE', #963, #3418, #1463, .T. ) ;
#495 = ORIENTED_EDGE ( 'NONE', *, *, #1500, .F. ) ;
#496 = CARTESIAN_POINT ( 'NONE',  ( 8.557209438086390563, 6.599999999999999645, 7.129999999999999893 ) ) ;
#497 = PERSON ( 'NAUO-PER2', 'UNSPECIFIED', 'UNSPECIFIED', ('UNSPECIFIED'), ('UNSPECIFIED'), ('UNSPECIFIED') ) ;
#498 = CARTESIAN_POINT ( 'NONE',  ( 7.931257721594279886, 12.73499999999999410, -6.220771708771041908 ) ) ;
#499 = EDGE_CURVE ( 'NONE', #3425, #1211, #1439, .T. ) ;
#500 = CARTESIAN_POINT ( 'NONE',  ( 5.299999999999990052, -9.540979117872439019E-15, -4.079999999999789573 ) ) ;
#501 = EDGE_CURVE ( 'NONE', #2750, #2973, #2819, .T. ) ;
#502 = PLANE ( 'NONE',  #951 ) ;
#503 = VERTEX_POINT ( 'NONE', #102 ) ;
#504 = CARTESIAN_POINT ( 'NONE',  ( 10.25000000000000000, 6.200000000000001066, -1.800000000000000044 ) ) ;
#505 = CARTESIAN_POINT ( 'NONE',  ( 7.325000000000000178, 10.44999999999999929, 5.080000000000000071 ) ) ;
#506 = DIRECTION ( 'NONE',  ( -1.000000000000000000, 1.332267629550187849E-15, 0.0000000000000000000 ) ) ;
#507 = FACE_OUTER_BOUND ( 'NONE', #778, .T. ) ;
#508 = CARTESIAN_POINT ( 'NONE',  ( 3.650000000000416911, 11.23500000000000121, 0.0000000000000000000 ) ) ;
#509 = ORIENTED_EDGE ( 'NONE', *, *, #431, .T. ) ;
#510 = FACE_OUTER_BOUND ( 'NONE', #464, .T. ) ;
#511 = AXIS2_PLACEMENT_3D ( 'NONE', #1547, #3546, #2915 ) ;
#512 = DIRECTION ( 'NONE',  ( -1.171453342316279939E-15, -1.000000000000000000, 0.0000000000000000000 ) ) ;
#513 = CARTESIAN_POINT ( 'NONE',  ( 4.158098634558129447, 12.73500000000000298, 6.569085828324114473 ) ) ;
#514 = CIRCLE ( 'NONE', #3965, 1.900000000000000133 ) ;
#515 = CARTESIAN_POINT ( 'NONE',  ( 5.750000000000003553, 12.65751425528054419, 1.712937712264713808 ) ) ;
#516 = CARTESIAN_POINT ( 'NONE',  ( 8.353589838486222163, 0.0000000000000000000, -8.220000000000000639 ) ) ;
#517 = PRODUCT_DEFINITION ( 'UNKNOWN', '', #1272, #2421 ) ;
#518 = APPROVAL_ROLE ( '' ) ;
#519 = ORIENTED_EDGE ( 'NONE', *, *, #2604, .F. ) ;
#520 = LINE ( 'NONE', #3329, #4325 ) ;
#521 = CIRCLE ( 'NONE', #660, 0.2000000000000000944 ) ;
#522 = DIRECTION ( 'NONE',  ( 0.0000000000000000000, 1.000000000000000000, 0.0000000000000000000 ) ) ;
#523 = CARTESIAN_POINT ( 'NONE',  ( 7.993234973611840211, 14.00000000000000000, 7.620000000000000107 ) ) ;
#524 = CARTESIAN_POINT ( 'NONE',  ( 3.449999999999990408, 11.31784271247447826, -3.800000000000001155 ) ) ;
#525 = AXIS2_PLACEMENT_3D ( 'NONE', #1324, #3069, #1044 ) ;
#526 = CARTESIAN_POINT ( 'NONE',  ( 3.689033067547870637, 12.63500000000000156, 0.0000000000000000000 ) ) ;
#527 = EDGE_CURVE ( 'NONE', #1276, #2069, #460, .T. ) ;
#528 = EDGE_LOOP ( 'NONE', ( #3834, #4273, #2001, #2065 ) ) ;
#529 = DIRECTION ( 'NONE',  ( 1.000000000000000000, -3.338853781347929776E-28, 1.794541526872530066E-14 ) ) ;
#530 = ORIENTED_EDGE ( 'NONE', *, *, #2520, .F. ) ;
#531 = CARTESIAN_POINT ( 'NONE',  ( 1.199999999999999734, 6.599999999999999645, -7.620000000000000107 ) ) ;
#532 = CARTESIAN_POINT ( 'NONE',  ( 5.749999999999930722, 12.71957496777950780, 6.748147016353231109 ) ) ;
#533 = FACE_OUTER_BOUND ( 'NONE', #1283, .T. ) ;
#534 = EDGE_LOOP ( 'NONE', ( #1588, #421 ) ) ;
#535 = CARTESIAN_POINT ( 'NONE',  ( 4.950000000002678924, 12.71935702003381863, 1.668631667042422606 ) ) ;
#536 = DIRECTION ( 'NONE',  ( -1.171453342316279939E-15, -1.000000000000000000, 0.0000000000000000000 ) ) ;
#537 = VECTOR ( 'NONE', #2977, 1000.000000000000000 ) ;
#538 = CARTESIAN_POINT ( 'NONE',  ( 5.749999999999932498, 12.71957496777950780, 1.668147016353231038 ) ) ;
#539 = DIRECTION ( 'NONE',  ( -1.734723475976806779E-14, 0.0000000000000000000, 1.000000000000000000 ) ) ;
#540 = CIRCLE ( 'NONE', #3989, 0.1999999999999996503 ) ;
#541 = DATE_TIME_ROLE ( 'classification_date' ) ;
#542 = EDGE_LOOP ( 'NONE', ( #1395, #2784, #4405, #1079, #2314, #3049, #1718, #3239, #1716, #2730, #3015, #3288, #2937, #192, #4240, #2816, #4317, #3991, #3506 ) ) ;
#543 = AXIS2_PLACEMENT_3D ( 'NONE', #47, #4218, #4263 ) ;
#544 = CARTESIAN_POINT ( 'NONE',  ( 8.250000000000000000, 14.00000000000000000, 7.620000000000000107 ) ) ;
#545 = ORIENTED_EDGE ( 'NONE', *, *, #3004, .F. ) ;
#546 = CC_DESIGN_APPROVAL ( #233, ( #848 ) ) ;
#547 = CARTESIAN_POINT ( 'NONE',  ( 4.499999999999992895, -3.700000000000007727, -4.779999999999999361 ) ) ;
#548 = CARTESIAN_POINT ( 'NONE',  ( 3.449999999999989519, 11.31784271247447649, -4.653657836759947660E-16 ) ) ;
#549 = LINE ( 'NONE', #1943, #2383 ) ;
#550 = DIRECTION ( 'NONE',  ( -0.4999999999999996669, 0.0000000000000000000, 0.8660254037844388186 ) ) ;
#551 = ORIENTED_EDGE ( 'NONE', *, *, #1420, .T. ) ;
#552 = CARTESIAN_POINT ( 'NONE',  ( 5.749999999996039612, 12.65172273822158822, 3.366475062076021985 ) ) ;
#553 = LINE ( 'NONE', #2608, #1886 ) ;
#554 = EDGE_CURVE ( 'NONE', #1794, #4091, #3375, .T. ) ;
#555 = CARTESIAN_POINT ( 'NONE',  ( 5.750000000000001776, 12.64656426582888926, -3.365753203235122282 ) ) ;
#556 = CARTESIAN_POINT ( 'NONE',  ( 10.25000000000000000, 6.200000000000009948, 6.379999999999999893 ) ) ;
#557 = EDGE_LOOP ( 'NONE', ( #1074, #1228, #754, #2623 ) ) ;
#558 = CARTESIAN_POINT ( 'NONE',  ( 4.949999999999991296, 12.73499999999999943, 1.612082860990528665 ) ) ;
#559 = EDGE_CURVE ( 'NONE', #2069, #3494, #873, .T. ) ;
#560 = EDGE_CURVE ( 'NONE', #2112, #822, #433, .T. ) ;
#561 = DIRECTION ( 'NONE',  ( -1.171453342316279939E-15, -1.000000000000000000, 0.0000000000000000000 ) ) ;
#562 = FACE_OUTER_BOUND ( 'NONE', #992, .T. ) ;
#563 = VERTEX_POINT ( 'NONE', #3214 ) ;
#564 = SHAPE_DEFINITION_REPRESENTATION ( #3816, #2935 ) ;
#565 = DIRECTION ( 'NONE',  ( 1.000000000000000000, -1.171453342316279939E-15, -1.931148907734990011E-16 ) ) ;
#566 = EDGE_LOOP ( 'NONE', ( #2756, #1596, #2620, #1235 ) ) ;
#567 = CARTESIAN_POINT ( 'NONE',  ( 5.749999999999999112, 11.93499999999701977, -6.879211327335712056 ) ) ;
#568 = CARTESIAN_POINT ( 'NONE',  ( 3.449999999999990408, 11.43500000000000227, -4.653657836759942730E-16 ) ) ;
#569 = DIRECTION ( 'NONE',  ( -1.000000000000000000, 3.334909476821824268E-28, -1.794541526872530066E-14 ) ) ;
#570 = ORIENTED_EDGE ( 'NONE', *, *, #2376, .T. ) ;
#571 = DIRECTION ( 'NONE',  ( 0.0000000000000000000, -0.0000000000000000000, -1.000000000000000000 ) ) ;
#572 = CC_DESIGN_PERSON_AND_ORGANIZATION_ASSIGNMENT ( #1449, #1750, ( #1050 ) ) ;
#573 = CARTESIAN_POINT ( 'NONE',  ( 0.0000000000000000000, 0.0000000000000000000, 7.620000000000000107 ) ) ;
#574 = CARTESIAN_POINT ( 'NONE',  ( 5.749999999999304556, 12.66838590191671443, -3.370302590016821753 ) ) ;
#575 = EDGE_CURVE ( 'NONE', #921, #3056, #3186, .T. ) ;
#576 = EDGE_LOOP ( 'NONE', ( #2880, #141, #3087, #3592 ) ) ;
#577 = CARTESIAN_POINT ( 'NONE',  ( 5.749999999999999112, 11.93500000000000050, -1.969999999999999973 ) ) ;
#578 = CARTESIAN_POINT ( 'NONE',  ( 7.249999999999992006, 11.43499999999999694, -3.800000000000000266 ) ) ;
#579 = EDGE_CURVE ( 'NONE', #320, #4443, #34, .T. ) ;
#580 = AXIS2_PLACEMENT_3D ( 'NONE', #2286, #214, #1889 ) ;
#581 = LINE ( 'NONE', #3624, #3463 ) ;
#582 = EDGE_LOOP ( 'NONE', ( #2292, #3864, #266, #2542 ) ) ;
#583 = DATE_AND_TIME ( #3667, #834 ) ;
#584 = ORIENTED_EDGE ( 'NONE', *, *, #4076, .F. ) ;
#585 = AXIS2_PLACEMENT_3D ( 'NONE', #741, #2212, #2818 ) ;
#586 = DIRECTION ( 'NONE',  ( 0.0000000000000000000, 1.000000000000000000, -0.0000000000000000000 ) ) ;
#587 = ADVANCED_FACE ( 'NONE', ( #4174 ), #2866, .F. ) ;
#588 = VECTOR ( 'NONE', #904, 1000.000000000000000 ) ;
#589 = CARTESIAN_POINT ( 'NONE',  ( 5.721047637985603451, 12.69953703112068766, -6.794436134513060388 ) ) ;
#590 = CARTESIAN_POINT ( 'NONE',  ( 5.349999999999989875, 12.73499999999999943, -5.080000000000000071 ) ) ;
#591 = VERTEX_POINT ( 'NONE', #1767 ) ;
#592 = DIRECTION ( 'NONE',  ( -3.402072636421427165E-15, -0.9805806756909206667, 0.1961161351381814355 ) ) ;
#593 = VECTOR ( 'NONE', #2041, 1000.000000000000000 ) ;
#594 = ORIENTED_EDGE ( 'NONE', *, *, #1202, .F. ) ;
#595 = CARTESIAN_POINT ( 'NONE',  ( 9.250000000000000000, 6.299999999999999822, -119.9440000000000026 ) ) ;
#596 = AXIS2_PLACEMENT_3D ( 'NONE', #2158, #1051, #4249 ) ;
#597 = PLANE ( 'NONE',  #1736 ) ;
#598 = PLANE ( 'NONE',  #2902 ) ;
#599 = LINE ( 'NONE', #2340, #4173 ) ;
#600 = PRODUCT_RELATED_PRODUCT_CATEGORY ( 'detail', '', ( #2809 ) ) ;
#601 = ORIENTED_EDGE ( 'NONE', *, *, #2758, .F. ) ;
#602 = CARTESIAN_POINT ( 'NONE',  ( 4.949999999999999289, 12.64656426582933335, 1.714246796768620795 ) ) ;
#603 = DIRECTION ( 'NONE',  ( -1.734723475976807410E-14, 0.0000000000000000000, 1.000000000000000000 ) ) ;
#604 = CARTESIAN_POINT ( 'NONE',  ( 10.25000000000000000, 0.0000000000000000000, 4.575803989022819707 ) ) ;
#605 = CALENDAR_DATE ( 2019, 21, 10 ) ;
#606 = VERTEX_POINT ( 'NONE', #3938 ) ;
#607 = AXIS2_PLACEMENT_3D ( 'NONE', #1152, #3892, #1301 ) ;
#608 = ADVANCED_FACE ( 'NONE', ( #1571 ), #4316, .T. ) ;
#609 = CARTESIAN_POINT ( 'NONE',  ( 3.451341823677039677, 11.45812853178540891, 5.080000000000000071 ) ) ;
#610 = LINE ( 'NONE', #3716, #3181 ) ;
#611 = CARTESIAN_POINT ( 'NONE',  ( 3.689033067547873301, 12.73500000000000121, 5.079999999999997407 ) ) ;
#612 = AXIS2_PLACEMENT_3D ( 'NONE', #3289, #2952, #1966 ) ;
#613 = PLANE ( 'NONE',  #1731 ) ;
#614 = EDGE_LOOP ( 'NONE', ( #2686, #4296, #3756, #1611 ) ) ;
#615 = CARTESIAN_POINT ( 'NONE',  ( 5.749999999999999112, 12.17219196888833821, -6.850922332791466118 ) ) ;
#616 = EDGE_CURVE ( 'NONE', #3216, #372, #1590, .T. ) ;
#617 = AXIS2_PLACEMENT_3D ( 'NONE', #1581, #1894, #4326 ) ;
#618 = EDGE_LOOP ( 'NONE', ( #4131, #2923, #2294, #3525 ) ) ;
#619 = CC_DESIGN_APPROVAL ( #133, ( #4217 ) ) ;
#620 = CARTESIAN_POINT ( 'NONE',  ( 3.449999999999989964, 11.44273112629125144, -1.279999999999998250 ) ) ;
#621 = CARTESIAN_POINT ( 'NONE',  ( 4.195177831678916114, 12.73500000000000121, 6.522761435585685774 ) ) ;
#622 = LINE ( 'NONE', #2942, #2910 ) ;
#623 = EDGE_LOOP ( 'NONE', ( #2068, #3950, #2288, #2760 ) ) ;
#624 = CARTESIAN_POINT ( 'NONE',  ( 3.650000000000416911, 11.23500000000000121, 5.080000000000000959 ) ) ;
#625 = ORIENTED_EDGE ( 'NONE', *, *, #3029, .T. ) ;
#626 = DATE_AND_TIME ( #1348, #3999 ) ;
#627 = B_SPLINE_CURVE_WITH_KNOTS ( 'NONE', 3,
 ( #210, #1507, #3919, #3976, #2882, #3619, #2547, #823, #532, #2941, #2921, #3937, #2203, #3576, #1218, #1532 ),
 .UNSPECIFIED., .F., .F.,
 ( 4, 3, 3, 3, 3, 4 ),
 ( 8.348222229663367995E-15, 3.308388942448985684E-05, 6.613717211494208399E-05, 9.966070390112543448E-05, 0.0001340858777773921550, 0.0001469394654597983192 ),
 .UNSPECIFIED. ) ;
#628 = DIRECTION ( 'NONE',  ( -0.0000000000000000000, -0.9805806756909204447, 0.1961161351381830731 ) ) ;
#629 = CARTESIAN_POINT ( 'NONE',  ( 4.965164424293944556, 12.69953703111901078, 3.368606068534515607 ) ) ;
#630 = EDGE_CURVE ( 'NONE', #632, #1214, #1013, .T. ) ;
#631 = CARTESIAN_POINT ( 'NONE',  ( 7.248658176329017877, 11.45812853167897138, 5.079999999999999183 ) ) ;
#632 = VERTEX_POINT ( 'NONE', #869 ) ;
#633 = CARTESIAN_POINT ( 'NONE',  ( 4.949999999999999289, 12.64656426582875959, -1.714246796764900216 ) ) ;
#634 = FACE_OUTER_BOUND ( 'NONE', #618, .T. ) ;
#635 = DIRECTION ( 'NONE',  ( 1.000000000000000000, 0.0000000000000000000, 0.0000000000000000000 ) ) ;
#636 = CARTESIAN_POINT ( 'NONE',  ( 5.749999999999992006, 12.73499999999999943, 0.0000000000000000000 ) ) ;
#637 = ADVANCED_FACE ( 'NONE', ( #507 ), #2593, .T. ) ;
#638 = CARTESIAN_POINT ( 'NONE',  ( 9.250000000000000000, 6.299999999999990052, -6.379999999999999893 ) ) ;
#639 = CARTESIAN_POINT ( 'NONE',  ( 10.25000000000000000, 6.799999999999999822, 7.620000000000000107 ) ) ;
#640 = ADVANCED_FACE ( 'NONE', ( #110, #4234, #1791, #2090 ), #1157, .T. ) ;
#641 =( BOUNDED_CURVE ( )  B_SPLINE_CURVE ( 3, ( #1430, #4259, #2125, #1083 ),
 .UNSPECIFIED., .F., .T. ) 
 B_SPLINE_CURVE_WITH_KNOTS ( ( 4, 4 ),
 ( 0.0000000000000000000, 1.000000000000000000 ),
 .UNSPECIFIED. ) 
 CURVE ( )  GEOMETRIC_REPRESENTATION_ITEM ( )  RATIONAL_B_SPLINE_CURVE ( ( 1.000000000000000000, 0.8584414868985703606, 0.8584414868985703606, 1.000000000000000000 ) ) 
 REPRESENTATION_ITEM ( '' )  );
#642 = DIRECTION ( 'NONE',  ( -1.000000000000000000, 0.0000000000000000000, 0.0000000000000000000 ) ) ;
#643 = DIRECTION ( 'NONE',  ( 0.0000000000000000000, 0.0000000000000000000, -1.000000000000000000 ) ) ;
#644 = EDGE_LOOP ( 'NONE', ( #2118, #2526 ) ) ;
#645 = LINE ( 'NONE', #1632, #1614 ) ;
#646 = EDGE_LOOP ( 'NONE', ( #1948, #3320, #509, #2449 ) ) ;
#647 = ORIENTED_EDGE ( 'NONE', *, *, #3023, .T. ) ;
#648 = CARTESIAN_POINT ( 'NONE',  ( 7.249999999999992006, 11.31784271247447649, -5.080000000000000959 ) ) ;
#649 = CARTESIAN_POINT ( 'NONE',  ( 4.158098635934760701, 12.73500000000000298, 3.590914171373335240 ) ) ;
#650 = SHAPE_REPRESENTATION_RELATIONSHIP ( 'NONE' , 'NONE' ,  #2935, #12 ) ;
#651 = DIRECTION ( 'NONE',  ( 1.000000000000000000, 0.0000000000000000000, 1.224646799147355919E-16 ) ) ;
#652 = VERTEX_POINT ( 'NONE', #82 ) ;
#653 = DIRECTION ( 'NONE',  ( -1.171453342316279939E-15, -1.000000000000000000, 0.0000000000000000000 ) ) ;
#654 = AXIS2_PLACEMENT_3D ( 'NONE', #178, #4360, #4023 ) ;
#655 = DIRECTION ( 'NONE',  ( 0.5000000000000001110, -0.0000000000000000000, -0.8660254037844385966 ) ) ;
#656 = LINE ( 'NONE', #3766, #2959 ) ;
#657 = CARTESIAN_POINT ( 'NONE',  ( 8.085622008323129606, 12.64656426582414461, -1.208992099812091991 ) ) ;
#658 = CARTESIAN_POINT ( 'NONE',  ( 5.712622210152577651, 12.73499999999999943, 6.755506206254403345 ) ) ;
#659 = DIRECTION ( 'NONE',  ( -1.000000000000000000, 1.171453342316279939E-15, 0.0000000000000000000 ) ) ;
#660 = AXIS2_PLACEMENT_3D ( 'NONE', #3535, #2794, #1057 ) ;
#661 = EDGE_CURVE ( 'NONE', #1743, #3159, #1467, .T. ) ;
#662 = DIRECTION ( 'NONE',  ( 0.0000000000000000000, -0.1961161351381830731, -0.9805806756909204447 ) ) ;
#663 = LINE ( 'NONE', #1737, #2403 ) ;
#664 = VECTOR ( 'NONE', #310, 1000.000000000000000 ) ;
#665 = ORIENTED_EDGE ( 'NONE', *, *, #3803, .F. ) ;
#666 = CARTESIAN_POINT ( 'NONE',  ( 3.689033069104792784, 12.73500000000000298, -0.7947222790503691847 ) ) ;
#667 = EDGE_CURVE ( 'NONE', #384, #3293, #3381, .T. ) ;
#668 = VERTEX_POINT ( 'NONE', #3706 ) ;
#669 = ORIENTED_EDGE ( 'NONE', *, *, #3695, .T. ) ;
#670 = CALENDAR_DATE ( 2019, 21, 10 ) ;
#671 = CARTESIAN_POINT ( 'NONE',  ( 7.249999999999991118, 11.31784271247447649, -8.880000000000000782 ) ) ;
#672 = CARTESIAN_POINT ( 'NONE',  ( 4.195177831678914337, 12.73500000000000298, -3.637238564414315700 ) ) ;
#673 = CARTESIAN_POINT ( 'NONE',  ( 0.0000000000000000000, 0.0000000000000000000, -25.40000000000000213 ) ) ;
#674 = DIRECTION ( 'NONE',  ( 0.4472135954999588159, 0.8944271909999155223, -0.0000000000000000000 ) ) ;
#675 = ORIENTED_EDGE ( 'NONE', *, *, #2131, .F. ) ;
#676 = CARTESIAN_POINT ( 'NONE',  ( 5.750000000000000888, 11.93499999999675154, 1.799211327335742849 ) ) ;
#677 = VECTOR ( 'NONE', #194, 1000.000000000000000 ) ;
#678 = CARTESIAN_POINT ( 'NONE',  ( 5.299999999999990052, -0.05000000078162009781, -4.279999999999863469 ) ) ;
#679 = ORIENTED_EDGE ( 'NONE', *, *, #1357, .T. ) ;
#680 = CIRCLE ( 'NONE', #1197, 1.843139007349805292 ) ;
#681 = CARTESIAN_POINT ( 'NONE',  ( 7.248658176329017877, 11.45812853167897138, -5.080000000000000959 ) ) ;
#682 = LINE ( 'NONE', #4086, #729 ) ;
#683 = CARTESIAN_POINT ( 'NONE',  ( 4.950000000002678924, 12.71195981187718616, 6.757797158873359855 ) ) ;
#684 = VECTOR ( 'NONE', #4216, 1000.000000000000000 ) ;
#685 = ORIENTED_EDGE ( 'NONE', *, *, #3634, .T. ) ;
#686 = ADVANCED_FACE ( 'NONE', ( #3342 ), #809, .T. ) ;
#687 = DIRECTION ( 'NONE',  ( 1.000000000000000000, -3.338853781347929776E-28, 1.794541526872530066E-14 ) ) ;
#688 = AXIS2_PLACEMENT_3D ( 'NONE', #4440, #1377, #3738 ) ;
#689 = CC_DESIGN_SECURITY_CLASSIFICATION ( #3646, ( #4450 ) ) ;
#690 = EDGE_LOOP ( 'NONE', ( #4042, #2837, #1772, #3975 ) ) ;
#691 = EDGE_CURVE ( 'NONE', #2872, #4267, #599, .T. ) ;
#692 = VERTEX_POINT ( 'NONE', #4067 ) ;
#693 = APPROVAL_STATUS ( 'not_yet_approved' ) ;
#694 = EDGE_CURVE ( 'NONE', #779, #1480, #362, .T. ) ;
#695 = CARTESIAN_POINT ( 'NONE',  ( 7.049999999999561950, 11.23499999999999766, -5.080000000000000959 ) ) ;
#696 = CARTESIAN_POINT ( 'NONE',  ( 1.942790561913620095, 6.599999999999999645, 7.000000000000000000 ) ) ;
#697 = DIRECTION ( 'NONE',  ( 0.0000000000000000000, 0.0000000000000000000, -1.000000000000000000 ) ) ;
#698 =( NAMED_UNIT ( * ) PLANE_ANGLE_UNIT ( ) SI_UNIT ( $, .RADIAN. ) );
#699 = ORIENTED_EDGE ( 'NONE', *, *, #1936, .T. ) ;
#700 = CARTESIAN_POINT ( 'NONE',  ( 10.25000000000000000, 6.799999999999999822, -3.279999999999999805 ) ) ;
#701 = CARTESIAN_POINT ( 'NONE',  ( 3.689038437082761135, 12.73500000000000121, -6.514260371341593064E-09 ) ) ;
#702 = DIRECTION ( 'NONE',  ( 1.000000000000000000, -3.338853781347929776E-28, 1.794541526872530066E-14 ) ) ;
#703 = DIRECTION ( 'NONE',  ( 1.000000000000000000, 0.0000000000000000000, 0.0000000000000000000 ) ) ;
#704 = EDGE_LOOP ( 'NONE', ( #1059, #3027, #2992, #3656, #3913, #1506, #2634, #1496 ) ) ;
#705 = CARTESIAN_POINT ( 'NONE',  ( -0.6999999999999999556, -2.700000000000009948, 0.4999999999999990563 ) ) ;
#706 = DIRECTION ( 'NONE',  ( -1.000000000000000000, 3.338853781347929776E-28, -1.794541526872530066E-14 ) ) ;
#707 = CARTESIAN_POINT ( 'NONE',  ( 3.650000000000416911, 11.23500000000000121, 0.0000000000000000000 ) ) ;
#708 = CC_DESIGN_PERSON_AND_ORGANIZATION_ASSIGNMENT ( #1918, #1183, ( #1272 ) ) ;
#709 = ORIENTED_EDGE ( 'NONE', *, *, #334, .F. ) ;
#710 = CARTESIAN_POINT ( 'NONE',  ( 3.635702501172414891, 12.73500000000000476, -3.358441812070296416E-09 ) ) ;
#711 = EDGE_CURVE ( 'NONE', #2311, #795, #2890, .T. ) ;
#712 = VERTEX_POINT ( 'NONE', #491 ) ;
#713 = ORIENTED_EDGE ( 'NONE', *, *, #2580, .F. ) ;
#714 = CARTESIAN_POINT ( 'NONE',  ( 3.532842712474772107, 11.23499999999982180, 0.0000000000000000000 ) ) ;
#715 = PRODUCT_DEFINITION_SHAPE ( 'NONE', 'NONE',  #848 ) ;
#716 = EDGE_CURVE ( 'NONE', #795, #2311, #940, .T. ) ;
#717 = DIRECTION ( 'NONE',  ( -0.0000000000000000000, 0.0000000000000000000, -1.000000000000000000 ) ) ;
#718 = ORIENTED_EDGE ( 'NONE', *, *, #3838, .T. ) ;
#719 = EDGE_CURVE ( 'NONE', #3490, #1870, #68, .T. ) ;
#720 = PERSON_AND_ORGANIZATION ( #2659, #2350 ) ;
#721 = CARTESIAN_POINT ( 'NONE',  ( 8.466173140978199285, 6.599999999999999645, -8.025000000000000355 ) ) ;
#722 = ORIENTED_EDGE ( 'NONE', *, *, #3361, .F. ) ;
#723 = CARTESIAN_POINT ( 'NONE',  ( 5.349999999999982769, 12.64656426582178206, -5.080000000000000071 ) ) ;
#724 = EDGE_CURVE ( 'NONE', #2721, #372, #2805, .T. ) ;
#725 = VECTOR ( 'NONE', #3325, 1000.000000000000000 ) ;
#726 = CARTESIAN_POINT ( 'NONE',  ( 5.722352193219256478, 12.64656426582414994, 1.720463868963787002 ) ) ;
#727 = ORIENTED_EDGE ( 'NONE', *, *, #2493, .F. ) ;
#728 = CARTESIAN_POINT ( 'NONE',  ( 4.500000000000006217, -2.700000000000333689, 4.580000000000067573 ) ) ;
#729 = VECTOR ( 'NONE', #2420, 999.9999999999998863 ) ;
#730 = ORIENTED_EDGE ( 'NONE', *, *, #1257, .F. ) ;
#731 = CARTESIAN_POINT ( 'NONE',  ( 10.25000000000000000, 6.799999999999999822, -7.620000000000001883 ) ) ;
#732 = VECTOR ( 'NONE', #2797, 1000.000000000000000 ) ;
#733 = ORIENTED_EDGE ( 'NONE', *, *, #1848, .F. ) ;
#734 = CARTESIAN_POINT ( 'NONE',  ( 4.950000000000698286, 12.67827681032222742, -6.784820330738588368 ) ) ;
#735 = VECTOR ( 'NONE', #1165, 1000.000000000000000 ) ;
#736 = CARTESIAN_POINT ( 'NONE',  ( 5.349999999999982769, 12.64656426582178206, 0.0000000000000000000 ) ) ;
#737 = EDGE_LOOP ( 'NONE', ( #3780, #1857, #2956, #3675 ) ) ;
#738 = ORIENTED_EDGE ( 'NONE', *, *, #1495, .F. ) ;
#739 = FACE_OUTER_BOUND ( 'NONE', #1418, .T. ) ;
#740 = AXIS2_PLACEMENT_3D ( 'NONE', #3405, #1323, #323 ) ;
#741 = CARTESIAN_POINT ( 'NONE',  ( 4.949999999999999289, 11.93500000000000050, 7.040000000000000036 ) ) ;
#742 = LINE ( 'NONE', #376, #3179 ) ;
#743 = ORIENTED_EDGE ( 'NONE', *, *, #168, .T. ) ;
#744 = CALENDAR_DATE ( 2019, 21, 10 ) ;
#745 = ADVANCED_FACE ( 'NONE', ( #752 ), #3139, .F. ) ;
#746 = ORIENTED_EDGE ( 'NONE', *, *, #2968, .T. ) ;
#747 = CARTESIAN_POINT ( 'NONE',  ( 7.325000000000000178, 11.23499999999999943, -5.080000000000000071 ) ) ;
#748 = CARTESIAN_POINT ( 'NONE',  ( 5.749999999999999112, 12.17219196888833821, -1.770922332791466047 ) ) ;
#749 = EDGE_CURVE ( 'NONE', #2083, #668, #682, .T. ) ;
#750 = ORIENTED_EDGE ( 'NONE', *, *, #1755, .F. ) ;
#751 = AXIS2_PLACEMENT_3D ( 'NONE', #3470, #104, #4229 ) ;
#752 = FACE_OUTER_BOUND ( 'NONE', #3118, .T. ) ;
#753 = DIRECTION ( 'NONE',  ( -1.000000000000000000, 0.0000000000000000000, 0.0000000000000000000 ) ) ;
#754 = ORIENTED_EDGE ( 'NONE', *, *, #3075, .F. ) ;
#755 = AXIS2_PLACEMENT_3D ( 'NONE', #700, #2687, #3429 ) ;
#756 = PRODUCT_DEFINITION_SHAPE ( 'NONE', 'NONE',  #4447 ) ;
#757 = VERTEX_POINT ( 'NONE', #2061 ) ;
#758 = CARTESIAN_POINT ( 'NONE',  ( 4.499999999999605649, -0.05000000078158019917, -0.8000000000000589973 ) ) ;
#759 = CARTESIAN_POINT ( 'NONE',  ( 3.449999999999989964, 11.43500000000000227, 0.0000000000000000000 ) ) ;
#760 = VERTEX_POINT ( 'NONE', #341 ) ;
#761 = DIRECTION ( 'NONE',  ( -0.0000000000000000000, -0.0000000000000000000, -1.000000000000000000 ) ) ;
#762 = VECTOR ( 'NONE', #1209, 1000.000000000000000 ) ;
#763 = CARTESIAN_POINT ( 'NONE',  ( 4.949999999999999289, 12.64656426582875959, -6.794246796764900509 ) ) ;
#764 = DIRECTION ( 'NONE',  ( -1.000000000000000000, 9.130123557772668088E-16, 0.0000000000000000000 ) ) ;
#765 = CC_DESIGN_APPROVAL ( #4237, ( #3208 ) ) ;
#766 = ORIENTED_EDGE ( 'NONE', *, *, #3167, .F. ) ;
#767 = PLANE ( 'NONE',  #1902 ) ;
#768 = ORIENTED_EDGE ( 'NONE', *, *, #3382, .F. ) ;
#769 = APPROVAL_ROLE ( '' ) ;
#770 = VERTEX_POINT ( 'NONE', #2781 ) ;
#771 = CARTESIAN_POINT ( 'NONE',  ( 7.249999999999990230, 11.43499999999999694, -5.080000000000000959 ) ) ;
#772 = EDGE_CURVE ( 'NONE', #2961, #1440, #1713, .T. ) ;
#773 = DIRECTION ( 'NONE',  ( 1.000000000000000000, 0.0000000000000000000, -0.0000000000000000000 ) ) ;
#774 = ORIENTED_EDGE ( 'NONE', *, *, #2700, .T. ) ;
#775 = CARTESIAN_POINT ( 'NONE',  ( 4.499999999999979572, -3.700000000000006395, 6.080000000000190141 ) ) ;
#776 = EDGE_CURVE ( 'NONE', #1070, #1429, #4149, .T. ) ;
#777 = CARTESIAN_POINT ( 'NONE',  ( 4.500000000000000000, -3.700000000000009948, 4.779999999999999361 ) ) ;
#778 = EDGE_LOOP ( 'NONE', ( #519, #679, #4176, #2498 ) ) ;
#779 = VERTEX_POINT ( 'NONE', #3841 ) ;
#780 = EDGE_CURVE ( 'NONE', #2501, #3939, #3241, .T. ) ;
#781 = DIRECTION ( 'NONE',  ( -9.136576017787373527E-16, -1.000000000000000000, -2.086925533220183900E-31 ) ) ;
#782 = FACE_OUTER_BOUND ( 'NONE', #1931, .T. ) ;
#783 = ORIENTED_EDGE ( 'NONE', *, *, #2089, .F. ) ;
#784 = CARTESIAN_POINT ( 'NONE',  ( 5.749999999999992006, 12.73499999999999943, 5.080000000000000071 ) ) ;
#785 = DIRECTION ( 'NONE',  ( -2.501911041408800138E-16, -1.000000000000000000, 0.0000000000000000000 ) ) ;
#786 = CARTESIAN_POINT ( 'NONE',  ( 7.049999999999685407, 11.23499999999999766, 3.399999999999388844 ) ) ;
#787 = FACE_OUTER_BOUND ( 'NONE', #2899, .T. ) ;
#788 = DIRECTION ( 'NONE',  ( -0.5000000000000022204, -0.0000000000000000000, 0.8660254037844373753 ) ) ;
#789 = ORIENTED_EDGE ( 'NONE', *, *, #2039, .T. ) ;
#790 = PERSON_AND_ORGANIZATION ( #2659, #2350 ) ;
#791 = VERTEX_POINT ( 'NONE', #2152 ) ;
#792 = PLANE ( 'NONE',  #325 ) ;
#793 = DIRECTION ( 'NONE',  ( 0.0000000000000000000, 0.0000000000000000000, -1.000000000000000000 ) ) ;
#794 = CARTESIAN_POINT ( 'NONE',  ( 3.689033065990947602, 12.73500000000000121, 5.874722275277831862 ) ) ;
#795 = VERTEX_POINT ( 'NONE', #426 ) ;
#796 = ORIENTED_EDGE ( 'NONE', *, *, #1705, .F. ) ;
#797 = CARTESIAN_POINT ( 'NONE',  ( 7.249999999999991118, 11.43499999999999694, 3.800000000000000711 ) ) ;
#798 = EDGE_LOOP ( 'NONE', ( #1526, #3041, #3955, #113 ) ) ;
#799 = ADVANCED_FACE ( 'NONE', ( #2538 ), #2453, .T. ) ;
#800 = LINE ( 'NONE', #4227, #2831 ) ;
#801 = VECTOR ( 'NONE', #1362, 1000.000000000000000 ) ;
#802 = CARTESIAN_POINT ( 'NONE',  ( 3.449999999999990852, 11.43500000000000050, 1.280000000000001581 ) ) ;
#803 = DIRECTION ( 'NONE',  ( -0.5000000000000001110, 0.0000000000000000000, 0.8660254037844385966 ) ) ;
#804 = ADVANCED_FACE ( 'NONE', ( #1143 ), #4288, .T. ) ;
#805 = AXIS2_PLACEMENT_3D ( 'NONE', #25, #1023, #3408 ) ;
#806 = CARTESIAN_POINT ( 'NONE',  ( 3.635702501169019385, 12.73500000000000476, -5.916175551053240333 ) ) ;
#807 = VECTOR ( 'NONE', #3113, 999.9999999999998863 ) ;
#808 = APPROVAL_ROLE ( '' ) ;
#809 =( BOUNDED_SURFACE ( )  B_SPLINE_SURFACE ( 3, 3, ( 
 ( #3941, #2652, #621, #1995 ),
 ( #4017, #1343, #513, #2983 ),
 ( #4040, #931, #1643, #955 ),
 ( #1666, #2693, #3680, #2211 ) ),
 .UNSPECIFIED., .F., .F., .F. ) 
 B_SPLINE_SURFACE_WITH_KNOTS ( ( 4, 4 ),
 ( 4, 4 ),
 ( 0.0000000000000000000, 1.000000000000000000 ),
 ( 0.0000000000000000000, 1.000000000000000000 ),
 .UNSPECIFIED. ) 
 GEOMETRIC_REPRESENTATION_ITEM ( )  RATIONAL_B_SPLINE_SURFACE ( (
 ( 1.000000000000000000, 0.8538861257352947653, 0.8538861257352947653, 1.000000000000000000),
 ( 0.8312495820436721639, 0.7097924851303543115, 0.7097924851303543115, 0.8312495820436721639),
 ( 0.8312495820436721639, 0.7097924851303543115, 0.7097924851303543115, 0.8312495820436721639),
 ( 1.000000000000000000, 0.8538861257352947653, 0.8538861257352947653, 1.000000000000000000) ) ) 
 REPRESENTATION_ITEM ( '' )  SURFACE ( )  );
#810 = ORIENTED_EDGE ( 'NONE', *, *, #443, .T. ) ;
#811 = CARTESIAN_POINT ( 'NONE',  ( 4.499999999999992895, -3.700000000000007727, 5.379999999999999893 ) ) ;
#812 = CARTESIAN_POINT ( 'NONE',  ( 7.010966932452110889, 12.73499999999999766, 1.017048918658543783E-16 ) ) ;
#813 = ORIENTED_EDGE ( 'NONE', *, *, #193, .T. ) ;
#814 = APPROVAL ( #4004, 'UNKNOWN' ) ;
#815 = DIRECTION ( 'NONE',  ( 0.0000000000000000000, 0.0000000000000000000, -1.000000000000000000 ) ) ;
#816 = CARTESIAN_POINT ( 'NONE',  ( 9.250000000000000000, 5.199999999999998401, 6.379999999999991012 ) ) ;
#817 = DIRECTION ( 'NONE',  ( -1.000000000000000000, 3.338853781347929776E-28, -1.794541526872530066E-14 ) ) ;
#818 = ORIENTED_EDGE ( 'NONE', *, *, #2238, .F. ) ;
#819 = VERTEX_POINT ( 'NONE', #123 ) ;
#820 = CIRCLE ( 'NONE', #607, 1.975000000000000089 ) ;
#821 = CARTESIAN_POINT ( 'NONE',  ( 7.049999999999990052, 11.43499999999999694, -5.080000000000000959 ) ) ;
#822 = VERTEX_POINT ( 'NONE', #479 ) ;
#823 = CARTESIAN_POINT ( 'NONE',  ( 5.749999999999845457, 12.71295948527745345, 6.757530025091304182 ) ) ;
#824 = CARTESIAN_POINT ( 'NONE',  ( 4.950000000000155609, 12.70509370452902331, -6.765475017931662727 ) ) ;
#825 = AXIS2_PLACEMENT_3D ( 'NONE', #2279, #2596, #4000 ) ;
#826 = EDGE_CURVE ( 'NONE', #2861, #1794, #2265, .T. ) ;
#827 = VERTEX_POINT ( 'NONE', #3245 ) ;
#828 = ORIENTED_EDGE ( 'NONE', *, *, #437, .F. ) ;
#829 = PLANE ( 'NONE',  #1680 ) ;
#830 = AXIS2_PLACEMENT_3D ( 'NONE', #3906, #44, #4163 ) ;
#831 = CARTESIAN_POINT ( 'NONE',  ( 5.750000000000001776, 12.64656426582888926, 1.714246796764878011 ) ) ;
#832 = EDGE_CURVE ( 'NONE', #2095, #3173, #2515, .T. ) ;
#833 = VERTEX_POINT ( 'NONE', #450 ) ;
#834 = LOCAL_TIME ( 21, 41, 59.00000000000000000, #1938 ) ;
#835 = DATE_TIME_ROLE ( 'classification_date' ) ;
#836 = EDGE_CURVE ( 'NONE', #419, #384, #862, .T. ) ;
#837 = CARTESIAN_POINT ( 'NONE',  ( 3.449999999999990852, 11.44273112629124967, -4.653657836759942730E-16 ) ) ;
#838 = EDGE_LOOP ( 'NONE', ( #2739, #900, #3010, #2772 ) ) ;
#839 = CARTESIAN_POINT ( 'NONE',  ( 3.451341823670963205, 11.45812853167897316, -8.877316352658054299 ) ) ;
#840 =( BOUNDED_SURFACE ( )  B_SPLINE_SURFACE ( 3, 3, ( 
 ( #3379, #295, #1665, #681 ),
 ( #3770, #2779, #3084, #3112 ),
 ( #3044, #620, #4415, #2394 ),
 ( #1712, #256, #1388, #1993 ) ),
 .UNSPECIFIED., .F., .F., .F. ) 
 B_SPLINE_SURFACE_WITH_KNOTS ( ( 4, 4 ),
 ( 4, 4 ),
 ( 0.0000000000000000000, 1.000000000000000000 ),
 ( 0.0000000000000000000, 1.000000000000000000 ),
 .UNSPECIFIED. ) 
 GEOMETRIC_REPRESENTATION_ITEM ( )  RATIONAL_B_SPLINE_SURFACE ( (
 ( 1.000000000000000000, 0.3333333333333332038, 0.3333333333333332038, 1.000000000000000000),
 ( 0.9988808742757321335, 0.3329602914252439150, 0.3329602914252439150, 0.9988808742757321335),
 ( 0.9988808742757321335, 0.3329602914252439150, 0.3329602914252439150, 0.9988808742757321335),
 ( 1.000000000000000000, 0.3333333333333332038, 0.3333333333333332038, 1.000000000000000000) ) ) 
 REPRESENTATION_ITEM ( '' )  SURFACE ( )  );
#841 = CARTESIAN_POINT ( 'NONE',  ( 5.750000000000001776, 12.64656426582888926, -3.365753203235122282 ) ) ;
#842 = DIRECTION ( 'NONE',  ( -1.000000000000000000, 0.0000000000000000000, 0.0000000000000000000 ) ) ;
#843 = ORIENTED_EDGE ( 'NONE', *, *, #1022, .T. ) ;
#844 = LINE ( 'NONE', #4351, #2451 ) ;
#845 = CARTESIAN_POINT ( 'NONE',  ( 10.25000000000000000, 6.199999999999999289, -3.779999999999999805 ) ) ;
#846 = CARTESIAN_POINT ( 'NONE',  ( 7.325000000000000178, 13.99999999999999822, -5.080000000000000071 ) ) ;
#847 = DIRECTION ( 'NONE',  ( 1.000000000000000000, -0.0000000000000000000, 0.0000000000000000000 ) ) ;
#848 = PRODUCT_DEFINITION ( 'UNKNOWN', '', #1050, #3085 ) ;
#849 = ORIENTED_EDGE ( 'NONE', *, *, #3590, .T. ) ;
#850 = DIRECTION ( 'NONE',  ( 0.0000000000000000000, -0.1961161351381840445, 0.9805806756909202226 ) ) ;
#851 = CARTESIAN_POINT ( 'NONE',  ( 3.449999999999988631, 11.31784271247448004, 8.880000000000004334 ) ) ;
#852 = APPROVAL_STATUS ( 'not_yet_approved' ) ;
#853 = CARTESIAN_POINT ( 'NONE',  ( 3.449999999999991296, 11.44273112629124967, -3.799999999999999378 ) ) ;
#854 = ORIENTED_EDGE ( 'NONE', *, *, #2581, .T. ) ;
#855 = FACE_OUTER_BOUND ( 'NONE', #798, .T. ) ;
#856 = EDGE_CURVE ( 'NONE', #3073, #3915, #1535, .T. ) ;
#857 = CARTESIAN_POINT ( 'NONE',  ( 4.949999999999999289, 12.64656426582933335, 6.794246796768621088 ) ) ;
#858 = ORIENTED_EDGE ( 'NONE', *, *, #1224, .F. ) ;
#859 = PLANE ( 'NONE',  #3704 ) ;
#860 = CARTESIAN_POINT ( 'NONE',  ( 3.449999999999991296, 11.43500000000000227, -3.799999999999999378 ) ) ;
#861 = EDGE_CURVE ( 'NONE', #60, #3209, #187, .T. ) ;
#862 = LINE ( 'NONE', #2242, #3098 ) ;
#863 = VERTEX_POINT ( 'NONE', #4369 ) ;
#864 = EDGE_LOOP ( 'NONE', ( #3303, #1645, #3885, #962 ) ) ;
#865 = PLANE ( 'NONE',  #2747 ) ;
#866 = DIRECTION ( 'NONE',  ( -0.0000000000000000000, 0.0000000000000000000, 1.000000000000000000 ) ) ;
#867 = ORIENTED_EDGE ( 'NONE', *, *, #1534, .F. ) ;
#868 = DIRECTION ( 'NONE',  ( 1.332267629550187849E-15, 1.000000000000000000, -1.209806994167949925E-15 ) ) ;
#869 = CARTESIAN_POINT ( 'NONE',  ( 5.299999999999995381, -0.05000000078161231931, 0.5000000000001281197 ) ) ;
#870 = CARTESIAN_POINT ( 'NONE',  ( 10.25000000000000000, 1.700000000000000178, 7.620000000000000107 ) ) ;
#871 = ORIENTED_EDGE ( 'NONE', *, *, #3501, .F. ) ;
#872 = CARTESIAN_POINT ( 'NONE',  ( 5.749999999995260680, 12.67614242096979638, -6.786545570107980652 ) ) ;
#873 = CIRCLE ( 'NONE', #3171, 1.898658176328942071 ) ;
#874 = CARTESIAN_POINT ( 'NONE',  ( 7.049999999999685407, 11.23499999999999588, -5.080000000000000959 ) ) ;
#875 = VECTOR ( 'NONE', #3719, 1000.000000000000000 ) ;
#876 = CARTESIAN_POINT ( 'NONE',  ( 7.249999999999991118, 11.43499999999999872, 5.079999999999999183 ) ) ;
#877 = LINE ( 'NONE', #3302, #725 ) ;
#878 = PERSON_AND_ORGANIZATION ( #2659, #2350 ) ;
#879 = VECTOR ( 'NONE', #717, 1000.000000000000000 ) ;
#880 = CIRCLE ( 'NONE', #2684, 0.1999999999999996503 ) ;
#881 = ADVANCED_FACE ( 'NONE', ( #3633 ), #3725, .F. ) ;
#882 = PLANE ( 'NONE',  #3495 ) ;
#883 = LINE ( 'NONE', #3268, #3126 ) ;
#884 = EDGE_LOOP ( 'NONE', ( #3388, #1561, #1492, #625 ) ) ;
#885 = EDGE_CURVE ( 'NONE', #3209, #1429, #549, .T. ) ;
#886 = CARTESIAN_POINT ( 'NONE',  ( 5.749999999996039612, 12.65427415702093761, 3.366989705259003429 ) ) ;
#887 = CARTESIAN_POINT ( 'NONE',  ( 5.299999999999994493, -2.700000000000005951, -4.579999999999952998 ) ) ;
#888 = CARTESIAN_POINT ( 'NONE',  ( 7.010966932452110889, 12.73499999999999766, 1.017048918658543783E-16 ) ) ;
#889 = ORIENTED_EDGE ( 'NONE', *, *, #1647, .T. ) ;
#890 = PLANE ( 'NONE',  #240 ) ;
#891 = ORIENTED_EDGE ( 'NONE', *, *, #1960, .F. ) ;
#892 = AXIS2_PLACEMENT_3D ( 'NONE', #3532, #438, #3851 ) ;
#893 = CARTESIAN_POINT ( 'NONE',  ( 3.449999999999989964, 11.43500000000000405, 5.080000000000000071 ) ) ;
#894 = CARTESIAN_POINT ( 'NONE',  ( 7.049999999999688960, 11.23499999999999766, -1.680000000000608562 ) ) ;
#895 = AXIS2_PLACEMENT_3D ( 'NONE', #2720, #2343, #1646 ) ;
#896 = ITEM_DEFINED_TRANSFORMATION ( 'NONE', 'NONE', #977,  #688 ) ;
#897 = VECTOR ( 'NONE', #3016, 1000.000000000000000 ) ;
#898 = CC_DESIGN_DATE_AND_TIME_ASSIGNMENT ( #2848, #3856, ( #3208 ) ) ;
#899 = LINE ( 'NONE', #2220, #1410 ) ;
#900 = ORIENTED_EDGE ( 'NONE', *, *, #1275, .T. ) ;
#901 = APPROVAL_PERSON_ORGANIZATION ( #2967, #133, #518 ) ;
#902 = DIRECTION ( 'NONE',  ( 1.000000000000000000, -9.411788633734763438E-16, 0.0000000000000000000 ) ) ;
#903 = LINE ( 'NONE', #1156, #1541 ) ;
#904 = DIRECTION ( 'NONE',  ( -0.0000000000000000000, -1.000000000000000000, -0.0000000000000000000 ) ) ;
#905 = EDGE_CURVE ( 'NONE', #1522, #2795, #30, .T. ) ;
#906 = CARTESIAN_POINT ( 'NONE',  ( 5.300000000000001599, -2.700000000000009948, 0.4999999999999990563 ) ) ;
#907 = EDGE_LOOP ( 'NONE', ( #262, #160, #932, #257 ) ) ;
#908 = CC_DESIGN_APPROVAL ( #2803, ( #3791 ) ) ;
#909 = CARTESIAN_POINT ( 'NONE',  ( 10.25000000000000000, 6.799999999999999822, -6.879999999999999005 ) ) ;
#910 = LINE ( 'NONE', #1926, #1167 ) ;
#911 = CARTESIAN_POINT ( 'NONE',  ( 8.353589838486222163, 6.599999999999999645, -8.220000000000002416 ) ) ;
#912 = CARTESIAN_POINT ( 'NONE',  ( 9.300000000000000711, 6.599999999999980993, -7.620000000000000107 ) ) ;
#913 = ADVANCED_FACE ( 'NONE', ( #1294 ), #2323, .T. ) ;
#914 = DIRECTION ( 'NONE',  ( 1.000000000000000000, -3.338853781347929776E-28, 1.794541526872530066E-14 ) ) ;
#915 = ORIENTED_EDGE ( 'NONE', *, *, #2267, .T. ) ;
#916 = CARTESIAN_POINT ( 'NONE',  ( 4.950000000003960565, 12.65172273822438775, 1.713524937923418090 ) ) ;
#917 = LINE ( 'NONE', #490, #3324 ) ;
#918 = EDGE_CURVE ( 'NONE', #1160, #4154, #2689, .T. ) ;
#919 = DIRECTION ( 'NONE',  ( 0.0000000000000000000, -1.000000000000000000, 0.0000000000000000000 ) ) ;
#920 = COORDINATED_UNIVERSAL_TIME_OFFSET ( 0, 0, .AHEAD. ) ;
#921 = VERTEX_POINT ( 'NONE', #2010 ) ;
#922 = CARTESIAN_POINT ( 'NONE',  ( 3.595871266169321512, 12.69953703112280508, -4.224396140781418119 ) ) ;
#923 = CARTESIAN_POINT ( 'NONE',  ( 5.712622210152575875, 12.73499999999999766, -3.404493793745599461 ) ) ;
#924 = CARTESIAN_POINT ( 'NONE',  ( 7.249999999999992895, 11.44273112629124611, 8.880000000000002558 ) ) ;
#925 = ORIENTED_EDGE ( 'NONE', *, *, #4244, .F. ) ;
#926 = CARTESIAN_POINT ( 'NONE',  ( 2.625902306574849909, 14.00000000000000000, -7.619999999999999218 ) ) ;
#927 = CARTESIAN_POINT ( 'NONE',  ( 7.049999999999561950, 11.23499999999999766, 1.249139735130075885E-16 ) ) ;
#928 = ORIENTED_EDGE ( 'NONE', *, *, #724, .T. ) ;
#929 = CARTESIAN_POINT ( 'NONE',  ( 5.349999999999980993, 11.93499999999403727, 9.951952430687865387E-32 ) ) ;
#930 = DIRECTION ( 'NONE',  ( 1.000000000000000000, -9.854725885015578669E-16, 0.0000000000000000000 ) ) ;
#931 = CARTESIAN_POINT ( 'NONE',  ( 3.595871266169322400, 12.69953703112280508, 5.935603859218583800 ) ) ;
#932 = ORIENTED_EDGE ( 'NONE', *, *, #2178, .T. ) ;
#933 = ADVANCED_FACE ( 'NONE', ( #1564 ), #3291, .F. ) ;
#934 = LINE ( 'NONE', #3683, #4207 ) ;
#935 = VECTOR ( 'NONE', #2639, 1000.000000000000000 ) ;
#936 = CARTESIAN_POINT ( 'NONE',  ( 9.250000000000000000, 6.299999999999999822, -119.9440000000000026 ) ) ;
#937 = EDGE_CURVE ( 'NONE', #946, #606, #656, .T. ) ;
#938 = PERSON_AND_ORGANIZATION_ROLE ( 'classification_officer' ) ;
#939 = ORIENTED_EDGE ( 'NONE', *, *, #2047, .T. ) ;
#940 = CIRCLE ( 'NONE', #2741, 1.898658176328942071 ) ;
#941 = LINE ( 'NONE', #609, #3752 ) ;
#942 = LINE ( 'NONE', #2329, #1389 ) ;
#943 = AXIS2_PLACEMENT_3D ( 'NONE', #526, #1897, #3270 ) ;
#944 = DIRECTION ( 'NONE',  ( 1.000000000000000000, 0.0000000000000000000, 0.0000000000000000000 ) ) ;
#945 = DIRECTION ( 'NONE',  ( 0.8164965809277260345, -0.4082482904638622956, 0.4082482904638637389 ) ) ;
#946 = VERTEX_POINT ( 'NONE', #2058 ) ;
#947 = CARTESIAN_POINT ( 'NONE',  ( 4.499999999999992006, 0.0000000000000000000, -4.575803989022737106 ) ) ;
#948 = DIRECTION ( 'NONE',  ( -9.136576017787373527E-16, -1.000000000000000000, -2.086925533220183900E-31 ) ) ;
#949 = AXIS2_PLACEMENT_3D ( 'NONE', #1692, #1759, #2062 ) ;
#950 = ORIENTED_EDGE ( 'NONE', *, *, #494, .F. ) ;
#951 = AXIS2_PLACEMENT_3D ( 'NONE', #2497, #453, #1852 ) ;
#952 = DIRECTION ( 'NONE',  ( 0.0000000000000000000, -0.0000000000000000000, -1.000000000000000000 ) ) ;
#953 =( BOUNDED_CURVE ( )  B_SPLINE_CURVE ( 3, ( #4198, #3, #4171, #3846 ),
 .UNSPECIFIED., .F., .T. ) 
 B_SPLINE_CURVE_WITH_KNOTS ( ( 4, 4 ),
 ( 0.0000000000000000000, 1.000000000000000000 ),
 .UNSPECIFIED. ) 
 CURVE ( )  GEOMETRIC_REPRESENTATION_ITEM ( )  RATIONAL_B_SPLINE_CURVE ( ( 1.000000000000000000, 0.8584414868985700275, 0.8584414868985700275, 1.000000000000000000 ) ) 
 REPRESENTATION_ITEM ( '' )  );
#954 = CARTESIAN_POINT ( 'NONE',  ( 5.749999999999845457, 12.71295948527745523, -3.402469974908696848 ) ) ;
#955 = CARTESIAN_POINT ( 'NONE',  ( 4.965164424315887892, 12.69953703112280330, 6.791393931465736777 ) ) ;
#956 = VERTEX_POINT ( 'NONE', #2800 ) ;
#957 = CARTESIAN_POINT ( 'NONE',  ( 4.949999999999999289, 12.17219196889117505, -3.309077667208863982 ) ) ;
#958 = CARTESIAN_POINT ( 'NONE',  ( 5.349999999999989875, 12.73499999999999943, 5.080000000000000071 ) ) ;
#959 = DIRECTION ( 'NONE',  ( -0.0000000000000000000, 0.9805806756909201116, 0.1961161351381840168 ) ) ;
#960 = EDGE_CURVE ( 'NONE', #1019, #591, #1383, .T. ) ;
#961 = CARTESIAN_POINT ( 'NONE',  ( 4.500000000000006217, -2.700000000000356337, -0.4999999999999314992 ) ) ;
#962 = ORIENTED_EDGE ( 'NONE', *, *, #2972, .T. ) ;
#963 = VERTEX_POINT ( 'NONE', #2752 ) ;
#964 = AXIS2_PLACEMENT_3D ( 'NONE', #1295, #4289, #550 ) ;
#965 = CARTESIAN_POINT ( 'NONE',  ( 5.299999999999999822, -3.700000000000009948, 4.780000000000000249 ) ) ;
#966 = EDGE_CURVE ( 'NONE', #485, #125, #1090, .T. ) ;
#967 = LINE ( 'NONE', #3760, #1248 ) ;
#968 = VECTOR ( 'NONE', #973, 1000.000000000000114 ) ;
#969 = EDGE_CURVE ( 'NONE', #3627, #2973, #19, .T. ) ;
#970 = DIRECTION ( 'NONE',  ( 0.0000000000000000000, 0.0000000000000000000, 1.000000000000000000 ) ) ;
#971 = CARTESIAN_POINT ( 'NONE',  ( 4.950000000004743050, 12.68578847567073531, -3.379296799043755239 ) ) ;
#972 = ORIENTED_EDGE ( 'NONE', *, *, #168, .F. ) ;
#973 = DIRECTION ( 'NONE',  ( -0.5000000000000048850, -0.0000000000000000000, -0.8660254037844358210 ) ) ;
#974 = CARTESIAN_POINT ( 'NONE',  ( 5.349999999999980993, 11.93499999999403727, 9.951952430687880714E-32 ) ) ;
#975 = AXIS2_PLACEMENT_3D ( 'NONE', #3042, #2437, #4389 ) ;
#976 = CARTESIAN_POINT ( 'NONE',  ( 7.049999999999685407, 11.23499999999999766, -3.399999999999388844 ) ) ;
#977 = AXIS2_PLACEMENT_3D ( 'NONE', #1985, #970, #312 ) ;
#978 = CARTESIAN_POINT ( 'NONE',  ( 5.712622210152577651, 12.73499999999999588, 1.675506206254401720 ) ) ;
#979 = DIRECTION ( 'NONE',  ( -1.000000000000000000, 3.391049977814769632E-28, -1.794541526872530066E-14 ) ) ;
#980 = LOCAL_TIME ( 21, 41, 59.00000000000000000, #2703 ) ;
#981 = ORIENTED_EDGE ( 'NONE', *, *, #2424, .T. ) ;
#982 = DIRECTION ( 'NONE',  ( 1.000000000000000000, -3.338853781347929776E-28, 1.794541526872530066E-14 ) ) ;
#983 = DIRECTION ( 'NONE',  ( 1.171453342316279939E-15, 1.000000000000000000, -0.0000000000000000000 ) ) ;
#984 = ORIENTED_EDGE ( 'NONE', *, *, #1839, .T. ) ;
#985 = ORIENTED_EDGE ( 'NONE', *, *, #349, .F. ) ;
#986 = LINE ( 'NONE', #4051, #664 ) ;
#987 = DIRECTION ( 'NONE',  ( 1.171453342316279939E-15, 1.000000000000000000, -0.0000000000000000000 ) ) ;
#988 = ORIENTED_EDGE ( 'NONE', *, *, #1328, .T. ) ;
#989 =( LENGTH_UNIT ( ) NAMED_UNIT ( * ) SI_UNIT ( .MILLI., .METRE. ) );
#990 = DIRECTION ( 'NONE',  ( 0.0000000000000000000, 0.9805806756909204447, -0.1961161351381830731 ) ) ;
#991 = EDGE_CURVE ( 'NONE', #326, #3159, #3755, .T. ) ;
#992 = EDGE_LOOP ( 'NONE', ( #4077, #4088, #2679, #2473 ) ) ;
#993 = FACE_OUTER_BOUND ( 'NONE', #412, .T. ) ;
#994 = CARTESIAN_POINT ( 'NONE',  ( 5.299999999999990052, -0.05000000078161020295, 5.580000000000119975 ) ) ;
#995 = EDGE_CURVE ( 'NONE', #833, #795, #941, .T. ) ;
#996 = CARTESIAN_POINT ( 'NONE',  ( 2.625902306574849909, 14.00000000000000000, 7.620000000000000107 ) ) ;
#997 = DIRECTION ( 'NONE',  ( 0.0000000000000000000, -1.000000000000000000, 0.0000000000000000000 ) ) ;
#998 = EDGE_CURVE ( 'NONE', #819, #2750, #520, .T. ) ;
#999 = CARTESIAN_POINT ( 'NONE',  ( 5.749999999999999112, 11.93499999999701977, 3.280788672664288530 ) ) ;
#1000 = CARTESIAN_POINT ( 'NONE',  ( 5.750000000000001776, 12.64656426582888926, 6.794246796764878304 ) ) ;
#1001 = CARTESIAN_POINT ( 'NONE',  ( 9.667957166897569010, 6.599999999999999645, 6.999999999999999112 ) ) ;
#1002 = DIRECTION ( 'NONE',  ( 1.794541526872530066E-14, -0.0000000000000000000, -1.000000000000000000 ) ) ;
#1003 = EDGE_LOOP ( 'NONE', ( #1879, #3235, #2661, #3399 ) ) ;
#1004 = PLANE ( 'NONE',  #3973 ) ;
#1005 = ORIENTED_EDGE ( 'NONE', *, *, #4053, .T. ) ;
#1006 = ORIENTED_EDGE ( 'NONE', *, *, #499, .T. ) ;
#1007 = CC_DESIGN_PERSON_AND_ORGANIZATION_ASSIGNMENT ( #2662, #938, ( #3791 ) ) ;
#1008 = CARTESIAN_POINT ( 'NONE',  ( 4.130405133862628198, 12.69953703111901433, 3.556315669581202599 ) ) ;
#1009 = ORIENTED_EDGE ( 'NONE', *, *, #1524, .F. ) ;
#1010 = CARTESIAN_POINT ( 'NONE',  ( 4.950000000002678924, 12.71935702003381863, -3.411368332957577465 ) ) ;
#1011 = ORIENTED_EDGE ( 'NONE', *, *, #3336, .F. ) ;
#1012 = DIRECTION ( 'NONE',  ( -1.000000000000000000, 0.0000000000000000000, -0.0000000000000000000 ) ) ;
#1013 = CIRCLE ( 'NONE', #1381, 0.2999999999999999334 ) ;
#1014 = DIRECTION ( 'NONE',  ( 0.5000000000000009992, 0.0000000000000000000, 0.8660254037844380415 ) ) ;
#1015 = ADVANCED_FACE ( 'NONE', ( #1229, #1939, #2969, #2059 ), #322, .T. ) ;
#1016 = CARTESIAN_POINT ( 'NONE',  ( 5.300000000000014921, -4.770489558936219510E-15, -5.584196010977176883 ) ) ;
#1017 = AXIS2_PLACEMENT_3D ( 'NONE', #3818, #674, #1682 ) ;
#1018 = CARTESIAN_POINT ( 'NONE',  ( 8.085622008323793963, 12.64656426582414817, 1.208992099810588750 ) ) ;
#1019 = VERTEX_POINT ( 'NONE', #1342 ) ;
#1020 = CARTESIAN_POINT ( 'NONE',  ( 5.722352193218312344, 12.64656426582414639, 3.359536131036008122 ) ) ;
#1021 = CARTESIAN_POINT ( 'NONE',  ( 9.421243556529820040, 6.599999999999999645, -8.220000000000000639 ) ) ;
#1022 = EDGE_CURVE ( 'NONE', #1991, #1109, #4340, .T. ) ;
#1023 = DIRECTION ( 'NONE',  ( -1.171453342316279939E-15, -1.000000000000000000, 0.0000000000000000000 ) ) ;
#1024 = AXIS2_PLACEMENT_3D ( 'NONE', #1910, #2573, #1399 ) ;
#1025 = ORIENTED_EDGE ( 'NONE', *, *, #716, .F. ) ;
#1026 = ADVANCED_FACE ( 'NONE', ( #3068 ), #2014, .F. ) ;
#1027 = LINE ( 'NONE', #1763, #1041 ) ;
#1028 = DIRECTION ( 'NONE',  ( -1.000000000000000000, 3.338853781347929776E-28, -1.794541526872530066E-14 ) ) ;
#1029 = ORIENTED_EDGE ( 'NONE', *, *, #3890, .T. ) ;
#1030 = SECURITY_CLASSIFICATION_LEVEL ( 'unclassified' ) ;
#1031 = CARTESIAN_POINT ( 'NONE',  ( 5.299999999999999822, -3.700000000000009948, -5.000000000000000000 ) ) ;
#1032 = DIRECTION ( 'NONE',  ( 1.000000000000000000, -0.0000000000000000000, 0.0000000000000000000 ) ) ;
#1033 = AXIS2_PLACEMENT_3D ( 'NONE', #1908, #706, #2440 ) ;
#1034 = CARTESIAN_POINT ( 'NONE',  ( 9.250000000000000000, 7.599999999999999645, 7.620000000000000107 ) ) ;
#1035 = EDGE_LOOP ( 'NONE', ( #3466, #1302, #3575, #647 ) ) ;
#1036 = CARTESIAN_POINT ( 'NONE',  ( 4.949999999999999289, 11.93499999999671601, -1.799211327335755950 ) ) ;
#1037 = DIRECTION ( 'NONE',  ( 1.000000000000000000, 0.0000000000000000000, 0.0000000000000000000 ) ) ;
#1038 = DIRECTION ( 'NONE',  ( -0.0000000000000000000, -1.000000000000000000, -0.0000000000000000000 ) ) ;
#1039 = CIRCLE ( 'NONE', #2194, 0.3000000000000000444 ) ;
#1040 = CARTESIAN_POINT ( 'NONE',  ( 4.949999999999991296, 12.73499999999999943, -6.692082860990527848 ) ) ;
#1041 = VECTOR ( 'NONE', #3119, 1000.000000000000114 ) ;
#1042 = FACE_OUTER_BOUND ( 'NONE', #907, .T. ) ;
#1043 = EDGE_CURVE ( 'NONE', #4197, #1573, #3456, .T. ) ;
#1044 = DIRECTION ( 'NONE',  ( 1.000000000000000000, 0.0000000000000000000, 0.0000000000000000000 ) ) ;
#1045 = CARTESIAN_POINT ( 'NONE',  ( 4.950000000000678746, 12.72522597148189583, 6.738022933191346375 ) ) ;
#1046 = AXIS2_PLACEMENT_3D ( 'NONE', #2418, #2036, #703 ) ;
#1047 = VERTEX_POINT ( 'NONE', #361 ) ;
#1048 = CARTESIAN_POINT ( 'NONE',  ( 4.195177831678914337, 12.73500000000000298, 1.442761435585685703 ) ) ;
#1049 = EDGE_CURVE ( 'NONE', #3450, #1109, #436, .T. ) ;
#1050 = PRODUCT_DEFINITION_FORMATION_WITH_SPECIFIED_SOURCE ( 'ANY', '', #27, .NOT_KNOWN. ) ;
#1051 = DIRECTION ( 'NONE',  ( 1.171453342316279939E-15, 1.000000000000000000, -0.0000000000000000000 ) ) ;
#1052 = LOCAL_TIME ( 21, 41, 59.00000000000000000, #1675 ) ;
#1053 = VERTEX_POINT ( 'NONE', #3022 ) ;
#1054 = CARTESIAN_POINT ( 'NONE',  ( 8.332042833102427437, 6.599999999999999645, 7.000000000000000888 ) ) ;
#1055 = ADVANCED_FACE ( 'NONE', ( #1689 ), #201, .T. ) ;
#1056 = CARTESIAN_POINT ( 'NONE',  ( 3.532842712474772995, 11.23499999999982357, -5.080000000000000959 ) ) ;
#1057 = DIRECTION ( 'NONE',  ( -1.000000000000000000, 0.0000000000000000000, 0.0000000000000000000 ) ) ;
#1058 = ORIENTED_EDGE ( 'NONE', *, *, #2815, .F. ) ;
#1059 = ORIENTED_EDGE ( 'NONE', *, *, #1534, .T. ) ;
#1060 = PLANE ( 'NONE',  #975 ) ;
#1061 = DIRECTION ( 'NONE',  ( 0.0000000000000000000, 0.0000000000000000000, -1.000000000000000000 ) ) ;
#1062 = DIRECTION ( 'NONE',  ( -1.734723475976807410E-14, -6.211574946531537135E-15, 1.000000000000000000 ) ) ;
#1063 = CARTESIAN_POINT ( 'NONE',  ( 7.010966932452110889, 12.73499999999999766, 5.080000000000000071 ) ) ;
#1064 = CARTESIAN_POINT ( 'NONE',  ( 5.701341293122920817, 12.73499999999999766, 1.623382409183404373 ) ) ;
#1065 = FACE_OUTER_BOUND ( 'NONE', #884, .T. ) ;
#1066 = FACE_OUTER_BOUND ( 'NONE', #4437, .T. ) ;
#1067 = ORIENTED_EDGE ( 'NONE', *, *, #885, .F. ) ;
#1068 = FACE_OUTER_BOUND ( 'NONE', #542, .T. ) ;
#1069 = DIRECTION ( 'NONE',  ( 1.794541526872530066E-14, -0.0000000000000000000, -1.000000000000000000 ) ) ;
#1070 = VERTEX_POINT ( 'NONE', #2037 ) ;
#1071 = CARTESIAN_POINT ( 'NONE',  ( 8.289638583737175992, 13.74631306408207365, 7.620000000000000107 ) ) ;
#1072 = CARTESIAN_POINT ( 'NONE',  ( 7.248658176322919644, 11.45812853178540536, -5.080000000000000071 ) ) ;
#1073 = ADVANCED_FACE ( 'NONE', ( #1042 ), #840, .T. ) ;
#1074 = ORIENTED_EDGE ( 'NONE', *, *, #3890, .F. ) ;
#1075 = CARTESIAN_POINT ( 'NONE',  ( 5.749999999999321432, 12.72910876695780225, -6.726903183719896262 ) ) ;
#1076 = CARTESIAN_POINT ( 'NONE',  ( 4.965164424293943668, 12.69953703111901433, -6.791393931465485423 ) ) ;
#1077 = DIRECTION ( 'NONE',  ( 0.0000000000000000000, -0.0000000000000000000, -1.000000000000000000 ) ) ;
#1078 = ADVANCED_FACE ( 'NONE', ( #2757 ), #3797, .T. ) ;
#1079 = ORIENTED_EDGE ( 'NONE', *, *, #1282, .F. ) ;
#1080 = CALENDAR_DATE ( 2019, 21, 10 ) ;
#1081 = LINE ( 'NONE', #721, #220 ) ;
#1082 = ORIENTED_EDGE ( 'NONE', *, *, #1936, .F. ) ;
#1083 = CARTESIAN_POINT ( 'NONE',  ( 7.010966932452110889, 12.73499999999999766, 1.017048918658543783E-16 ) ) ;
#1084 = AXIS2_PLACEMENT_3D ( 'NONE', #3982, #919, #2930 ) ;
#1085 = CARTESIAN_POINT ( 'NONE',  ( 4.950000000000698286, 12.68816249061464774, -1.699945829409096998 ) ) ;
#1086 = VECTOR ( 'NONE', #4250, 1000.000000000000114 ) ;
#1087 = DIRECTION ( 'NONE',  ( 2.501911041408800138E-16, 1.000000000000000000, -0.0000000000000000000 ) ) ;
#1088 = CARTESIAN_POINT ( 'NONE',  ( 4.949999999999991296, 12.73499999999999943, -6.692082860990527848 ) ) ;
#1089 = CARTESIAN_POINT ( 'NONE',  ( 0.8320428331024299906, 6.599999999999999645, 7.000000000000000000 ) ) ;
#1090 = CIRCLE ( 'NONE', #3679, 0.2999999999999999334 ) ;
#1091 = CARTESIAN_POINT ( 'NONE',  ( 8.689999999999999503, 6.599999999999999645, 7.620000000000000107 ) ) ;
#1092 = CARTESIAN_POINT ( 'NONE',  ( 4.950000000004741274, 12.69570467254462365, 6.774697213584751410 ) ) ;
#1093 = VERTEX_POINT ( 'NONE', #3483 ) ;
#1094 = ORIENTED_EDGE ( 'NONE', *, *, #2318, .F. ) ;
#1095 = DIRECTION ( 'NONE',  ( -1.000000000000000000, 1.332267629550187849E-15, 0.0000000000000000000 ) ) ;
#1096 = VECTOR ( 'NONE', #3808, 1000.000000000000000 ) ;
#1097 = FACE_OUTER_BOUND ( 'NONE', #3596, .T. ) ;
#1098 = CARTESIAN_POINT ( 'NONE',  ( 3.450447775674257311, 11.45044927442903138, 1.280895551348535166 ) ) ;
#1099 = AXIS2_PLACEMENT_3D ( 'NONE', #736, #1422, #415 ) ;
#1100 = VERTEX_POINT ( 'NONE', #728 ) ;
#1101 = FACE_OUTER_BOUND ( 'NONE', #3795, .T. ) ;
#1102 = AXIS2_PLACEMENT_3D ( 'NONE', #1189, #2587, #3610 ) ;
#1103 =( BOUNDED_SURFACE ( )  B_SPLINE_SURFACE ( 3, 3, ( 
 ( #3154, #3199, #839, #3223 ),
 ( #138, #64, #1453, #2826 ),
 ( #4189, #3858, #3177, #3881 ),
 ( #771, #2150, #2218, #3585 ) ),
 .UNSPECIFIED., .F., .F., .F. ) 
 B_SPLINE_SURFACE_WITH_KNOTS ( ( 4, 4 ),
 ( 4, 4 ),
 ( 0.0000000000000000000, 1.000000000000000000 ),
 ( 0.0000000000000000000, 1.000000000000000000 ),
 .UNSPECIFIED. ) 
 GEOMETRIC_REPRESENTATION_ITEM ( )  RATIONAL_B_SPLINE_SURFACE ( (
 ( 1.000000000000000000, 0.3333333333333334259, 0.3333333333333334259, 1.000000000000000000),
 ( 0.9988808742757321335, 0.3329602914252441370, 0.3329602914252441370, 0.9988808742757321335),
 ( 0.9988808742757321335, 0.3329602914252441370, 0.3329602914252441370, 0.9988808742757321335),
 ( 1.000000000000000000, 0.3333333333333334259, 0.3333333333333334259, 1.000000000000000000) ) ) 
 REPRESENTATION_ITEM ( '' )  SURFACE ( )  );
#1104 = ADVANCED_FACE ( 'NONE', ( #1065 ), #2439, .T. ) ;
#1105 = DIRECTION ( 'NONE',  ( -0.6666666666666665186, -0.6666666666666665186, -0.3333333333333338699 ) ) ;
#1106 = ORIENTED_EDGE ( 'NONE', *, *, #173, .F. ) ;
#1107 = DATE_AND_TIME ( #744, #2204 ) ;
#1108 = DIRECTION ( 'NONE',  ( -1.000000000000000000, 0.0000000000000000000, 0.0000000000000000000 ) ) ;
#1109 = VERTEX_POINT ( 'NONE', #2710 ) ;
#1110 = FACE_OUTER_BOUND ( 'NONE', #1326, .T. ) ;
#1111 = EDGE_CURVE ( 'NONE', #2134, #1217, #2105, .T. ) ;
#1112 = EDGE_CURVE ( 'NONE', #3142, #396, #1238, .T. ) ;
#1113 = LINE ( 'NONE', #3521, #2773 ) ;
#1114 = ORIENTED_EDGE ( 'NONE', *, *, #3778, .T. ) ;
#1115 = VECTOR ( 'NONE', #3401, 1000.000000000000000 ) ;
#1116 = FACE_OUTER_BOUND ( 'NONE', #623, .T. ) ;
#1117 = LINE ( 'NONE', #2517, #735 ) ;
#1118 = ORIENTED_EDGE ( 'NONE', *, *, #661, .F. ) ;
#1119 = VECTOR ( 'NONE', #3451, 1000.000000000000000 ) ;
#1120 = ORIENTED_EDGE ( 'NONE', *, *, #3564, .T. ) ;
#1121 = DIRECTION ( 'NONE',  ( 0.0000000000000000000, -0.0000000000000000000, 1.000000000000000000 ) ) ;
#1122 = CARTESIAN_POINT ( 'NONE',  ( 7.049999999999685407, 11.23499999999999588, 5.079999999999999183 ) ) ;
#1123 = EDGE_LOOP ( 'NONE', ( #4210, #4300, #339, #3918 ) ) ;
#1124 = DIRECTION ( 'NONE',  ( 0.0000000000000000000, 1.000000000000000000, 0.0000000000000000000 ) ) ;
#1125 = VECTOR ( 'NONE', #1231, 1000.000000000000000 ) ;
#1126 = CARTESIAN_POINT ( 'NONE',  ( 4.950000000000155609, 12.69733902327529407, -6.773307792453387322 ) ) ;
#1127 = PLANE ( 'NONE',  #2179 ) ;
#1128 = EDGE_LOOP ( 'NONE', ( #2261, #3477, #1296, #4356 ) ) ;
#1129 = CC_DESIGN_APPROVAL ( #45, ( #1050 ) ) ;
#1130 = CARTESIAN_POINT ( 'NONE',  ( 7.049999999999563727, 11.23499999999999766, 5.079999999999999183 ) ) ;
#1131 = CARTESIAN_POINT ( 'NONE',  ( 4.949999999999999289, 12.64656426582933335, -3.365753203231379498 ) ) ;
#1132 = ADVANCED_FACE ( 'NONE', ( #1706 ), #352, .T. ) ;
#1133 = CARTESIAN_POINT ( 'NONE',  ( 5.499999999999584332, -0.05000000078158019917, -0.5000000000000409672 ) ) ;
#1134 = ORIENTED_EDGE ( 'NONE', *, *, #1049, .F. ) ;
#1135 = DATE_AND_TIME ( #1472, #2706 ) ;
#1136 = CARTESIAN_POINT ( 'NONE',  ( 4.178667269030220233, 12.73500000000000121, 3.659305001168327465 ) ) ;
#1137 =( BOUNDED_CURVE ( )  B_SPLINE_CURVE ( 3, ( #1950, #666, #2044, #327 ),
 .UNSPECIFIED., .F., .T. ) 
 B_SPLINE_CURVE_WITH_KNOTS ( ( 4, 4 ),
 ( 0.5000000007378366806, 1.000000000000000000 ),
 .UNSPECIFIED. ) 
 CURVE ( )  GEOMETRIC_REPRESENTATION_ITEM ( )  RATIONAL_B_SPLINE_CURVE ( ( 1.000000000000000000, 0.8584414873009038605, 0.8584414873009038605, 1.000000000000000000 ) ) 
 REPRESENTATION_ITEM ( '' )  );
#1138 = ORIENTED_EDGE ( 'NONE', *, *, #1868, .F. ) ;
#1139 = CARTESIAN_POINT ( 'NONE',  ( 5.349999999999999645, 10.44999999999999929, -5.080000000000000071 ) ) ;
#1140 = DIRECTION ( 'NONE',  ( 1.000000000000000000, 0.0000000000000000000, 0.0000000000000000000 ) ) ;
#1141 = EDGE_CURVE ( 'NONE', #3216, #1366, #3372, .T. ) ;
#1142 = CARTESIAN_POINT ( 'NONE',  ( 6.521332732297200785, 12.73499999999999943, -3.659305001497700882 ) ) ;
#1143 = FACE_OUTER_BOUND ( 'NONE', #2371, .T. ) ;
#1144 = DIRECTION ( 'NONE',  ( -0.8164965809277259234, 0.4082482904638639609, 0.4082482904638621846 ) ) ;
#1145 = EDGE_LOOP ( 'NONE', ( #71, #2488, #4090, #594 ) ) ;
#1146 = EDGE_CURVE ( 'NONE', #760, #1518, #335, .T. ) ;
#1147 = ORIENTED_EDGE ( 'NONE', *, *, #1495, .T. ) ;
#1148 = CARTESIAN_POINT ( 'NONE',  ( 7.248658176329017877, 11.45812853167897138, 2.325185658316293854E-16 ) ) ;
#1149 = DIRECTION ( 'NONE',  ( -1.171453342316279939E-15, -1.000000000000000000, 0.0000000000000000000 ) ) ;
#1150 = ORIENTED_EDGE ( 'NONE', *, *, #147, .F. ) ;
#1151 = LINE ( 'NONE', #3849, #3676 ) ;
#1152 = CARTESIAN_POINT ( 'NONE',  ( 5.349999999999999645, 11.23499999999999943, 5.080000000000000071 ) ) ;
#1153 = ORIENTED_EDGE ( 'NONE', *, *, #296, .T. ) ;
#1154 = ORIENTED_EDGE ( 'NONE', *, *, #334, .T. ) ;
#1155 = PLANE ( 'NONE',  #1676 ) ;
#1156 = CARTESIAN_POINT ( 'NONE',  ( 10.25000000000000000, 6.199999999999978861, -3.279999999999999805 ) ) ;
#1157 = PLANE ( 'NONE',  #4390 ) ;
#1158 = ORIENTED_EDGE ( 'NONE', *, *, #2456, .T. ) ;
#1159 = APPROVAL_DATE_TIME ( #2823, #233 ) ;
#1160 = VERTEX_POINT ( 'NONE', #2685 ) ;
#1161 = CARTESIAN_POINT ( 'NONE',  ( 5.349999999999989875, 11.43500000000000050, 0.0000000000000000000 ) ) ;
#1162 = DIRECTION ( 'NONE',  ( -0.0000000000000000000, 0.0000000000000000000, 1.000000000000000000 ) ) ;
#1163 = ORIENTED_EDGE ( 'NONE', *, *, #4107, .F. ) ;
#1164 = EDGE_CURVE ( 'NONE', #3682, #2648, #4079, .T. ) ;
#1165 = DIRECTION ( 'NONE',  ( 0.5000000000000009992, 0.0000000000000000000, 0.8660254037844380415 ) ) ;
#1166 = ORIENTED_EDGE ( 'NONE', *, *, #2427, .F. ) ;
#1167 = VECTOR ( 'NONE', #571, 1000.000000000000000 ) ;
#1168 = ORIENTED_EDGE ( 'NONE', *, *, #2324, .T. ) ;
#1169 = DIRECTION ( 'NONE',  ( 0.7071067811865470176, 0.7071067811865480168, 0.0000000000000000000 ) ) ;
#1170 = ORIENTED_EDGE ( 'NONE', *, *, #3359, .F. ) ;
#1171 = CARTESIAN_POINT ( 'NONE',  ( 5.349999999999982769, 12.64656426582178206, -5.080000000000000071 ) ) ;
#1172 = CIRCLE ( 'NONE', #3604, 0.2999999999999999334 ) ;
#1173 = ADVANCED_FACE ( 'NONE', ( #1314 ), #613, .T. ) ;
#1174 = CARTESIAN_POINT ( 'NONE',  ( 4.949999999999999289, 12.65751425528028840, -6.792937712264779826 ) ) ;
#1175 = ADVANCED_FACE ( 'NONE', ( #4409 ), #313, .T. ) ;
#1176 = AXIS2_PLACEMENT_3D ( 'NONE', #1234, #948, #1924 ) ;
#1177 = ORIENTED_EDGE ( 'NONE', *, *, #554, .F. ) ;
#1178 = CYLINDRICAL_SURFACE ( 'NONE', #3195, 1.975000000000000089 ) ;
#1179 = VECTOR ( 'NONE', #1550, 1000.000000000000000 ) ;
#1180 = CARTESIAN_POINT ( 'NONE',  ( 7.249999999999990230, 11.31784271247447471, 5.080000000000000071 ) ) ;
#1181 = ORIENTED_EDGE ( 'NONE', *, *, #2513, .F. ) ;
#1182 = VECTOR ( 'NONE', #2298, 1000.000000000000000 ) ;
#1183 = PERSON_AND_ORGANIZATION_ROLE ( 'design_supplier' ) ;
#1184 = CARTESIAN_POINT ( 'NONE',  ( 7.249999999999990230, 11.44273112629124434, -3.799999999999999378 ) ) ;
#1185 = ORIENTED_EDGE ( 'NONE', *, *, #1733, .F. ) ;
#1186 = CARTESIAN_POINT ( 'NONE',  ( -0.6999999999999999556, -3.700000000000010392, 0.2999999999999989897 ) ) ;
#1187 = DIRECTION ( 'NONE',  ( 0.0000000000000000000, 0.0000000000000000000, 1.000000000000000000 ) ) ;
#1188 = LINE ( 'NONE', #1777, #4068 ) ;
#1189 = CARTESIAN_POINT ( 'NONE',  ( 9.250000000000000000, 6.299999999999999822, 3.779999999999999805 ) ) ;
#1190 = CARTESIAN_POINT ( 'NONE',  ( 4.949999999999999289, 12.64656426582933335, 6.794246796768621088 ) ) ;
#1191 = EDGE_LOOP ( 'NONE', ( #1308, #1138, #1120, #2575 ) ) ;
#1192 = PLANE ( 'NONE',  #1478 ) ;
#1193 = CARTESIAN_POINT ( 'NONE',  ( 5.749999999997323030, 12.70467874844269751, 3.393181258116370724 ) ) ;
#1194 = DIRECTION ( 'NONE',  ( 1.000000000000000000, 0.0000000000000000000, 0.0000000000000000000 ) ) ;
#1195 = ORIENTED_EDGE ( 'NONE', *, *, #2304, .T. ) ;
#1196 = CARTESIAN_POINT ( 'NONE',  ( 7.049999999999563727, 11.23499999999999766, 5.079999999999999183 ) ) ;
#1197 = AXIS2_PLACEMENT_3D ( 'NONE', #2264, #3951, #902 ) ;
#1198 = ORIENTED_EDGE ( 'NONE', *, *, #826, .F. ) ;
#1199 = ADVANCED_FACE ( 'NONE', ( #1986 ), #4062, .T. ) ;
#1200 = CARTESIAN_POINT ( 'NONE',  ( 4.950000000000001066, 12.73499999999999943, 1.623854585596241629 ) ) ;
#1201 = AXIS2_PLACEMENT_3D ( 'NONE', #496, #997, #3744 ) ;
#1202 = EDGE_CURVE ( 'NONE', #4073, #1591, #1621, .T. ) ;
#1203 = CARTESIAN_POINT ( 'NONE',  ( 7.167157287525207643, 11.23499999999981291, 5.080000000000000071 ) ) ;
#1204 = DIRECTION ( 'NONE',  ( 0.0000000000000000000, -0.0000000000000000000, -1.000000000000000000 ) ) ;
#1205 = ADVANCED_FACE ( 'NONE', ( #1637 ), #1725, .T. ) ;
#1206 = CALENDAR_DATE ( 2019, 21, 10 ) ;
#1207 = DIRECTION ( 'NONE',  ( -1.171453342316279939E-15, -1.000000000000000000, 0.0000000000000000000 ) ) ;
#1208 = ORIENTED_EDGE ( 'NONE', *, *, #2574, .T. ) ;
#1209 = DIRECTION ( 'NONE',  ( -0.0000000000000000000, -1.000000000000000000, -0.0000000000000000000 ) ) ;
#1210 = CARTESIAN_POINT ( 'NONE',  ( 4.949999999999999289, 12.17219196889117505, 6.850922332791137492 ) ) ;
#1211 = VERTEX_POINT ( 'NONE', #3833 ) ;
#1212 = CARTESIAN_POINT ( 'NONE',  ( 9.250000000000000000, 2.199999999999988187, -3.780000000000001581 ) ) ;
#1213 = DIRECTION ( 'NONE',  ( -2.501911041408800138E-16, -1.000000000000000000, 0.0000000000000000000 ) ) ;
#1214 = VERTEX_POINT ( 'NONE', #446 ) ;
#1215 = FACE_OUTER_BOUND ( 'NONE', #2846, .T. ) ;
#1216 = CARTESIAN_POINT ( 'NONE',  ( 4.499999999999988454, 4.784159143999949571, -4.579999999999948557 ) ) ;
#1217 = VERTEX_POINT ( 'NONE', #14 ) ;
#1218 = CARTESIAN_POINT ( 'NONE',  ( 5.750000000000001776, 12.73499999999999943, 6.696418486921939639 ) ) ;
#1219 = DIRECTION ( 'NONE',  ( 0.7071067811865470176, 0.7071067811865480168, 0.0000000000000000000 ) ) ;
#1220 = LINE ( 'NONE', #870, #3773 ) ;
#1221 = VERTEX_POINT ( 'NONE', #3175 ) ;
#1222 = CARTESIAN_POINT ( 'NONE',  ( 4.950000000003960565, 12.65427415702094116, 1.713010294741000861 ) ) ;
#1223 = LINE ( 'NONE', #2699, #3964 ) ;
#1224 = EDGE_CURVE ( 'NONE', #3142, #4091, #2849, .T. ) ;
#1225 = CARTESIAN_POINT ( 'NONE',  ( 5.749999999999304556, 12.67827681032246545, 1.704820330738464618 ) ) ;
#1226 = DIRECTION ( 'NONE',  ( -1.171453342316279939E-15, -1.000000000000000000, 0.0000000000000000000 ) ) ;
#1227 = DATE_AND_TIME ( #1206, #3711 ) ;
#1228 = ORIENTED_EDGE ( 'NONE', *, *, #1755, .T. ) ;
#1229 = FACE_BOUND ( 'NONE', #2, .T. ) ;
#1230 = EDGE_CURVE ( 'NONE', #3293, #3503, #2458, .T. ) ;
#1231 = DIRECTION ( 'NONE',  ( 0.0000000000000000000, 1.000000000000000000, 0.0000000000000000000 ) ) ;
#1232 = ORIENTED_EDGE ( 'NONE', *, *, #1710, .F. ) ;
#1233 = PLANE ( 'NONE',  #1754 ) ;
#1234 = CARTESIAN_POINT ( 'NONE',  ( 5.349999999999980105, 11.45812853178540713, -5.080000000000000071 ) ) ;
#1235 = ORIENTED_EDGE ( 'NONE', *, *, #937, .T. ) ;
#1236 = CARTESIAN_POINT ( 'NONE',  ( 5.750000000000000000, 12.73499999999999943, 3.456145414403759109 ) ) ;
#1237 = CARTESIAN_POINT ( 'NONE',  ( 7.049999999999561950, 11.23499999999999766, 1.249139735130075885E-16 ) ) ;
#1238 = B_SPLINE_CURVE_WITH_KNOTS ( 'NONE', 3,
 ( #2054, #2310, #4387, #4055, #3063, #1010, #1335, #3427, #3332, #971, #2666, #3697, #3014, #1658, #2995, #3671 ),
 .UNSPECIFIED., .F., .F.,
 ( 4, 3, 3, 3, 3, 4 ),
 ( 0.0000000000000000000, 3.531517381903924332E-05, 7.066450544071289702E-05, 0.0001054618491224981026, 0.0001392987215212461991, 0.0001469974402480885294 ),
 .UNSPECIFIED. ) ;
#1239 = ORIENTED_EDGE ( 'NONE', *, *, #3560, .T. ) ;
#1240 = CARTESIAN_POINT ( 'NONE',  ( 7.993234973611840211, 14.00000000000000000, -7.620000000000000107 ) ) ;
#1241 = VECTOR ( 'NONE', #3165, 1000.000000000000000 ) ;
#1242 = CARTESIAN_POINT ( 'NONE',  ( 7.167157287525211196, 11.23499999999981647, -1.445685424949562092 ) ) ;
#1243 = CIRCLE ( 'NONE', #1802, 1.898658176328942071 ) ;
#1244 = CARTESIAN_POINT ( 'NONE',  ( 5.750000000000005329, 12.73499999999999943, 1.616418486921940456 ) ) ;
#1245 = LINE ( 'NONE', #604, #3600 ) ;
#1246 = CALENDAR_DATE ( 2019, 21, 10 ) ;
#1247 = ADVANCED_FACE ( 'NONE', ( #3789 ), #62, .T. ) ;
#1248 = VECTOR ( 'NONE', #1352, 1000.000000000000000 ) ;
#1249 = VECTOR ( 'NONE', #2256, 1000.000000000000000 ) ;
#1250 = CARTESIAN_POINT ( 'NONE',  ( 5.299999999999990052, -0.05000000078161020295, 0.5000000000001180167 ) ) ;
#1251 = EDGE_CURVE ( 'NONE', #1782, #409, #3132, .T. ) ;
#1252 = CARTESIAN_POINT ( 'NONE',  ( 4.950000000000155609, 12.69733902327529229, 3.386692207546611044 ) ) ;
#1253 = ADVANCED_FACE ( 'NONE', ( #2486 ), #3152, .F. ) ;
#1254 = FACE_OUTER_BOUND ( 'NONE', #1437, .T. ) ;
#1255 = ORIENTED_EDGE ( 'NONE', *, *, #1839, .F. ) ;
#1256 = ORIENTED_EDGE ( 'NONE', *, *, #1644, .T. ) ;
#1257 = EDGE_CURVE ( 'NONE', #1870, #2031, #1081, .T. ) ;
#1258 = CARTESIAN_POINT ( 'NONE',  ( 5.349999999999982769, 12.64656426582178206, 5.080000000000000071 ) ) ;
#1259 = PLANE ( 'NONE',  #4402 ) ;
#1260 = VERTEX_POINT ( 'NONE', #116 ) ;
#1261 = DIRECTION ( 'NONE',  ( 0.8944271909999158554, 0.0000000000000000000, -0.4472135954999579277 ) ) ;
#1262 = CARTESIAN_POINT ( 'NONE',  ( 7.248658176335226244, 11.45812853167969614, 5.080000000000000071 ) ) ;
#1263 = VECTOR ( 'NONE', #1861, 1000.000000000000000 ) ;
#1264 = DIRECTION ( 'NONE',  ( 0.0000000000000000000, 1.000000000000000000, 0.0000000000000000000 ) ) ;
#1265 = AXIS2_PLACEMENT_3D ( 'NONE', #1327, #1365, #1284 ) ;
#1266 = ITEM_DEFINED_TRANSFORMATION ( 'NONE', 'NONE', #3996,  #688 ) ;
#1267 = EDGE_LOOP ( 'NONE', ( #1170, #3513, #2802, #1957 ) ) ;
#1268 = VECTOR ( 'NONE', #1162, 1000.000000000000000 ) ;
#1269 = CARTESIAN_POINT ( 'NONE',  ( 10.25000000000000000, 1.699999999999988409, -6.879999999999999005 ) ) ;
#1270 = CARTESIAN_POINT ( 'NONE',  ( 5.299999999999999822, -3.700000000000009948, -5.379999999999999893 ) ) ;
#1271 = ORIENTED_EDGE ( 'NONE', *, *, #2574, .F. ) ;
#1272 = PRODUCT_DEFINITION_FORMATION_WITH_SPECIFIED_SOURCE ( 'ANY', '', #2809, .NOT_KNOWN. ) ;
#1273 = LINE ( 'NONE', #245, #4279 ) ;
#1274 = CARTESIAN_POINT ( 'NONE',  ( 5.349999999999999645, 10.44999999999999929, 0.0000000000000000000 ) ) ;
#1275 = EDGE_CURVE ( 'NONE', #145, #4270, #2195, .T. ) ;
#1276 = VERTEX_POINT ( 'NONE', #2412 ) ;
#1277 = CC_DESIGN_SECURITY_CLASSIFICATION ( #3791, ( #4449 ) ) ;
#1278 = CARTESIAN_POINT ( 'NONE',  ( 5.749999999999319655, 12.73298944267163257, 3.444210495067835165 ) ) ;
#1279 = CARTESIAN_POINT ( 'NONE',  ( 9.250000000000000000, 6.799999999999999822, 1.299999999999999378 ) ) ;
#1280 =( BOUNDED_SURFACE ( )  B_SPLINE_SURFACE ( 3, 3, ( 
 ( #1807, #484, #458, #1148 ),
 ( #3868, #3144, #1529, #3847 ),
 ( #3550, #4248, #3917, #3185 ),
 ( #759, #1764, #797, #99 ) ),
 .UNSPECIFIED., .F., .F., .F. ) 
 B_SPLINE_SURFACE_WITH_KNOTS ( ( 4, 4 ),
 ( 4, 4 ),
 ( 0.0000000000000000000, 1.000000000000000000 ),
 ( 0.0000000000000000000, 1.000000000000000000 ),
 .UNSPECIFIED. ) 
 GEOMETRIC_REPRESENTATION_ITEM ( )  RATIONAL_B_SPLINE_SURFACE ( (
 ( 1.000000000000000000, 0.3333333333333334259, 0.3333333333333334259, 1.000000000000000000),
 ( 0.9988808742757321335, 0.3329602914252441370, 0.3329602914252441370, 0.9988808742757321335),
 ( 0.9988808742757321335, 0.3329602914252441370, 0.3329602914252441370, 0.9988808742757321335),
 ( 1.000000000000000000, 0.3333333333333334259, 0.3333333333333334259, 1.000000000000000000) ) ) 
 REPRESENTATION_ITEM ( '' )  SURFACE ( )  );
#1281 = DIRECTION ( 'NONE',  ( 0.7071067811865480168, -0.7071067811865470176, 0.0000000000000000000 ) ) ;
#1282 = EDGE_CURVE ( 'NONE', #3627, #2939, #1883, .T. ) ;
#1283 = EDGE_LOOP ( 'NONE', ( #32, #3983 ) ) ;
#1284 = DIRECTION ( 'NONE',  ( 1.000000000000000000, -9.136576017787367610E-16, 0.0000000000000000000 ) ) ;
#1285 = CARTESIAN_POINT ( 'NONE',  ( 3.450447775674257755, 11.45044927442903138, -3.799104448651466015 ) ) ;
#1286 = LINE ( 'NONE', #2259, #935 ) ;
#1287 = APPROVAL_STATUS ( 'not_yet_approved' ) ;
#1288 = ORIENTED_EDGE ( 'NONE', *, *, #4442, .T. ) ;
#1289 = CARTESIAN_POINT ( 'NONE',  ( 3.589703979381178911, 12.64656426582076776, 4.221387946921986156 ) ) ;
#1290 = LINE ( 'NONE', #3331, #1125 ) ;
#1291 = DIRECTION ( 'NONE',  ( -1.000000000000000000, 0.0000000000000000000, -0.0000000000000000000 ) ) ;
#1292 = VERTEX_POINT ( 'NONE', #1517 ) ;
#1293 = CARTESIAN_POINT ( 'NONE',  ( 4.950000000000131628, 12.73279737082321894, 3.443543654667029941 ) ) ;
#1294 = FACE_OUTER_BOUND ( 'NONE', #3150, .T. ) ;
#1295 = CARTESIAN_POINT ( 'NONE',  ( 9.299999999999998934, 6.599999999999999645, -7.620000000000000107 ) ) ;
#1296 = ORIENTED_EDGE ( 'NONE', *, *, #2046, .F. ) ;
#1297 = LINE ( 'NONE', #2650, #4179 ) ;
#1298 = EDGE_CURVE ( 'NONE', #1217, #1480, #514, .T. ) ;
#1299 = CARTESIAN_POINT ( 'NONE',  ( 5.749999999999845457, 12.70509370452921338, -3.394524982068534591 ) ) ;
#1300 = DIRECTION ( 'NONE',  ( -1.000000000000000000, 0.0000000000000000000, -0.0000000000000000000 ) ) ;
#1301 = DIRECTION ( 'NONE',  ( 1.000000000000000000, 0.0000000000000000000, 0.0000000000000000000 ) ) ;
#1302 = ORIENTED_EDGE ( 'NONE', *, *, #3225, .T. ) ;
#1303 =( BOUNDED_CURVE ( )  B_SPLINE_CURVE ( 3, ( #124, #3524, #794, #69 ),
 .UNSPECIFIED., .F., .T. ) 
 B_SPLINE_CURVE_WITH_KNOTS ( ( 4, 4 ),
 ( 0.0000000000000000000, 0.5000000007378365696 ),
 .UNSPECIFIED. ) 
 CURVE ( )  GEOMETRIC_REPRESENTATION_ITEM ( )  RATIONAL_B_SPLINE_CURVE ( ( 1.000000000000000000, 0.8584414864962361946, 0.8584414864962361946, 1.000000000000000000 ) ) 
 REPRESENTATION_ITEM ( '' )  );
#1304 = CARTESIAN_POINT ( 'NONE',  ( 4.950000000000000178, 12.40938025448233084, -3.337397567517822683 ) ) ;
#1305 = ADVANCED_FACE ( 'NONE', ( #2888 ), #1904, .T. ) ;
#1306 = EDGE_CURVE ( 'NONE', #3886, #3231, #2656, .T. ) ;
#1307 = PLANE ( 'NONE',  #282 ) ;
#1308 = ORIENTED_EDGE ( 'NONE', *, *, #1434, .F. ) ;
#1309 = ORIENTED_EDGE ( 'NONE', *, *, #4152, .F. ) ;
#1310 = VECTOR ( 'NONE', #3785, 1000.000000000000000 ) ;
#1311 = CARTESIAN_POINT ( 'NONE',  ( 4.963811392465978578, 12.64656426582076598, 3.362589030075396668 ) ) ;
#1312 = AXIS2_PLACEMENT_3D ( 'NONE', #2824, #4186, #1108 ) ;
#1313 = DIRECTION ( 'NONE',  ( 0.0000000000000000000, 0.0000000000000000000, 1.000000000000000000 ) ) ;
#1314 = FACE_OUTER_BOUND ( 'NONE', #2114, .T. ) ;
#1315 = ORIENTED_EDGE ( 'NONE', *, *, #4374, .F. ) ;
#1316 = DIRECTION ( 'NONE',  ( -1.000000000000000000, 9.136576017758483468E-16, 0.0000000000000000000 ) ) ;
#1317 = CARTESIAN_POINT ( 'NONE',  ( -0.6999999999999999556, -3.700000000000010392, -4.779999999999999361 ) ) ;
#1318 = VECTOR ( 'NONE', #4015, 1000.000000000000000 ) ;
#1319 = CARTESIAN_POINT ( 'NONE',  ( 8.014137117667075927, 12.73499999999999410, -1.177399771706765241 ) ) ;
#1320 = CC_DESIGN_PERSON_AND_ORGANIZATION_ASSIGNMENT ( #2435, #136, ( #848 ) ) ;
#1321 = VECTOR ( 'NONE', #4201, 1000.000000000000114 ) ;
#1322 = CARTESIAN_POINT ( 'NONE',  ( 4.949999999999999289, 11.93500000000000050, 3.109999999999999876 ) ) ;
#1323 = DIRECTION ( 'NONE',  ( 0.8660254037844387076, 0.0000000000000000000, -0.4999999999999999445 ) ) ;
#1324 = CARTESIAN_POINT ( 'NONE',  ( 7.049999999999991829, 11.43499999999999694, 5.079999999999999183 ) ) ;
#1325 = DIRECTION ( 'NONE',  ( 0.0000000000000000000, 0.0000000000000000000, -1.000000000000000000 ) ) ;
#1326 = EDGE_LOOP ( 'NONE', ( #3276, #3312, #3928, #2589 ) ) ;
#1327 = CARTESIAN_POINT ( 'NONE',  ( 5.349999999999980105, 11.45812853178540713, 5.080000000000000071 ) ) ;
#1328 = EDGE_CURVE ( 'NONE', #833, #3845, #4, .T. ) ;
#1329 = EDGE_LOOP ( 'NONE', ( #1185, #3538, #4435, #1752 ) ) ;
#1330 = VERTEX_POINT ( 'NONE', #1953 ) ;
#1331 = AXIS2_PLACEMENT_3D ( 'NONE', #4233, #1769, #3125 ) ;
#1332 = LINE ( 'NONE', #4007, #2960 ) ;
#1333 = ADVANCED_FACE ( 'NONE', ( #4358 ), #2987, .F. ) ;
#1334 = AXIS2_PLACEMENT_3D ( 'NONE', #723, #653, #2076 ) ;
#1335 = CARTESIAN_POINT ( 'NONE',  ( 4.950000000002678924, 12.71195981187718616, -3.402202841126639843 ) ) ;
#1336 = EDGE_LOOP ( 'NONE', ( #2774, #1984, #3526, #810 ) ) ;
#1337 = CARTESIAN_POINT ( 'NONE',  ( 4.499999999999992895, 0.0000000000000000000, 5.584196010977263924 ) ) ;
#1338 = CARTESIAN_POINT ( 'NONE',  ( 5.750000000000001776, 12.64656426582888926, -3.365753203235122282 ) ) ;
#1339 = AXIS2_PLACEMENT_3D ( 'NONE', #1664, #3455, #319 ) ;
#1340 =( GEOMETRIC_REPRESENTATION_CONTEXT ( 3 ) GLOBAL_UNCERTAINTY_ASSIGNED_CONTEXT ( ( #2563 ) ) GLOBAL_UNIT_ASSIGNED_CONTEXT ( ( #989, #698, #2029 ) ) REPRESENTATION_CONTEXT ( 'NONE', 'WORKASPACE' ) );
#1341 = CARTESIAN_POINT ( 'NONE',  ( 9.250000000000000000, 5.199999999999997513, 1.299999999999999822 ) ) ;
#1342 = CARTESIAN_POINT ( 'NONE',  ( 5.749999999999999112, 11.93499999999701977, -6.879211327335712056 ) ) ;
#1343 = CARTESIAN_POINT ( 'NONE',  ( 3.635702499534283483, 12.73500000000000298, 5.916175549125245681 ) ) ;
#1344 = CARTESIAN_POINT ( 'NONE',  ( 5.749999999996039612, 12.65172273822159177, -1.713524937923977864 ) ) ;
#1345 = VERTEX_POINT ( 'NONE', #3346 ) ;
#1346 = CARTESIAN_POINT ( 'NONE',  ( 1.942790561913620095, 6.600000000000011191, 7.620000000000000107 ) ) ;
#1347 = VERTEX_POINT ( 'NONE', #4239 ) ;
#1348 = CALENDAR_DATE ( 2019, 21, 10 ) ;
#1349 = ADVANCED_FACE ( 'NONE', ( #259 ), #1633, .T. ) ;
#1350 = CARTESIAN_POINT ( 'NONE',  ( 7.167157287525209419, 11.23499999999981647, -5.080000000000000959 ) ) ;
#1351 = DIRECTION ( 'NONE',  ( -0.0000000000000000000, 0.0000000000000000000, 1.000000000000000000 ) ) ;
#1352 = DIRECTION ( 'NONE',  ( 0.0000000000000000000, 1.000000000000000000, 0.0000000000000000000 ) ) ;
#1353 = DIRECTION ( 'NONE',  ( -0.0000000000000000000, -1.000000000000000000, 0.0000000000000000000 ) ) ;
#1354 = ORIENTED_EDGE ( 'NONE', *, *, #630, .F. ) ;
#1355 = FACE_OUTER_BOUND ( 'NONE', #3444, .T. ) ;
#1356 = CARTESIAN_POINT ( 'NONE',  ( 5.299999999999999822, -5.750000000781589904, -0.4999999999999839573 ) ) ;
#1357 = EDGE_CURVE ( 'NONE', #3517, #1330, #3753, .T. ) ;
#1358 = DIRECTION ( 'NONE',  ( -0.0000000000000000000, -1.000000000000000000, 0.0000000000000000000 ) ) ;
#1359 = ADVANCED_FACE ( 'NONE', ( #782 ), #1280, .T. ) ;
#1360 = CARTESIAN_POINT ( 'NONE',  ( 8.014137117667724297, 12.73499999999999766, 1.177399771705302634 ) ) ;
#1361 = CARTESIAN_POINT ( 'NONE',  ( 8.014137117667083032, 12.73499999999999055, 3.902600228293234164 ) ) ;
#1362 = DIRECTION ( 'NONE',  ( -1.000000000000000000, 1.332267629550187849E-15, 0.0000000000000000000 ) ) ;
#1363 = CARTESIAN_POINT ( 'NONE',  ( 4.950000000000000178, 12.73499999999999943, 6.703854585596241478 ) ) ;
#1364 = ORIENTED_EDGE ( 'NONE', *, *, #3661, .T. ) ;
#1365 = DIRECTION ( 'NONE',  ( -9.136576017787373527E-16, -1.000000000000000000, -2.086925533220184338E-31 ) ) ;
#1366 = VERTEX_POINT ( 'NONE', #1830 ) ;
#1367 = FACE_OUTER_BOUND ( 'NONE', #3362, .T. ) ;
#1368 = CARTESIAN_POINT ( 'NONE',  ( 5.500000000000005329, -0.05000000078161020295, 5.580000000000140403 ) ) ;
#1369 = ORIENTED_EDGE ( 'NONE', *, *, #772, .T. ) ;
#1370 = ORIENTED_EDGE ( 'NONE', *, *, #1954, .T. ) ;
#1371 = CARTESIAN_POINT ( 'NONE',  ( 3.375000000000000000, 11.23499999999999943, 2.418677428316022529E-16 ) ) ;
#1372 = AXIS2_PLACEMENT_3D ( 'NONE', #929, #2315, #2567 ) ;
#1373 = DIRECTION ( 'NONE',  ( 0.0000000000000000000, 0.0000000000000000000, 1.000000000000000000 ) ) ;
#1374 = DIRECTION ( 'NONE',  ( -1.000000000000000000, 0.0000000000000000000, -0.0000000000000000000 ) ) ;
#1375 = ORIENTED_EDGE ( 'NONE', *, *, #3082, .T. ) ;
#1376 = ADVANCED_FACE ( 'NONE', ( #127 ), #149, .F. ) ;
#1377 = DIRECTION ( 'NONE',  ( 0.0000000000000000000, 0.0000000000000000000, 1.000000000000000000 ) ) ;
#1378 = CARTESIAN_POINT ( 'NONE',  ( 3.451341823670963649, 11.45812853167897671, 8.877316352658057852 ) ) ;
#1379 = ORIENTED_EDGE ( 'NONE', *, *, #3082, .F. ) ;
#1380 = LINE ( 'NONE', #4430, #1909 ) ;
#1381 = AXIS2_PLACEMENT_3D ( 'NONE', #2632, #914, #2228 ) ;
#1382 = CARTESIAN_POINT ( 'NONE',  ( 4.949999999999999289, 11.93499999999701977, 1.799211327335719757 ) ) ;
#1383 = LINE ( 'NONE', #3453, #366 ) ;
#1384 = FACE_OUTER_BOUND ( 'NONE', #3333, .T. ) ;
#1385 = AXIS2_PLACEMENT_3D ( 'NONE', #3007, #4377, #4044 ) ;
#1386 = EDGE_CURVE ( 'NONE', #3935, #3925, #391, .T. ) ;
#1387 = FACE_OUTER_BOUND ( 'NONE', #1471, .T. ) ;
#1388 = CARTESIAN_POINT ( 'NONE',  ( 7.249999999999994671, 11.43499999999999694, -1.279999999999998472 ) ) ;
#1389 = VECTOR ( 'NONE', #3352, 1000.000000000000000 ) ;
#1390 = ADVANCED_FACE ( 'NONE', ( #2881 ), #1436, .T. ) ;
#1391 = AXIS2_PLACEMENT_3D ( 'NONE', #1457, #817, #144 ) ;
#1392 = ORIENTED_EDGE ( 'NONE', *, *, #885, .T. ) ;
#1393 = DIRECTION ( 'NONE',  ( 1.332267629550187849E-15, 1.000000000000000000, -1.209806994167949925E-15 ) ) ;
#1394 = B_SPLINE_CURVE_WITH_KNOTS ( 'NONE', 3,
 ( #1812, #3187, #105, #2718, #2783, #1667, #2422, #3047, #4087, #3799, #363, #1714, #2738, #1344, #4416, #1 ),
 .UNSPECIFIED., .F., .F.,
 ( 4, 3, 3, 3, 3, 4 ),
 ( 4.336808689942017736E-19, 3.531517381802507384E-05, 7.066450543868405660E-05, 0.0001054618491194700614, 0.0001392987215172446528, 0.0001469974402523165926 ),
 .UNSPECIFIED. ) ;
#1395 = ORIENTED_EDGE ( 'NONE', *, *, #3642, .F. ) ;
#1396 = ORIENTED_EDGE ( 'NONE', *, *, #1576, .T. ) ;
#1397 = CARTESIAN_POINT ( 'NONE',  ( 9.250000000000000000, 2.200000000000007727, 6.379999999999996341 ) ) ;
#1398 = LINE ( 'NONE', #375, #2536 ) ;
#1399 = DIRECTION ( 'NONE',  ( 1.000000000000000000, 0.0000000000000000000, 0.0000000000000000000 ) ) ;
#1400 = CARTESIAN_POINT ( 'NONE',  ( 2.167957166897569454, -7.589415207398531038E-16, 6.999999999999999112 ) ) ;
#1401 = ORIENTED_EDGE ( 'NONE', *, *, #2089, .T. ) ;
#1402 = VECTOR ( 'NONE', #3436, 1000.000000000000000 ) ;
#1403 = EDGE_LOOP ( 'NONE', ( #727, #1683, #204, #3947 ) ) ;
#1404 = CARTESIAN_POINT ( 'NONE',  ( 7.325000000000000178, 10.44999999999999929, -5.080000000000000071 ) ) ;
#1405 = CARTESIAN_POINT ( 'NONE',  ( 1.810000000000000053, 6.599999999999999645, 7.620000000000000107 ) ) ;
#1406 = AXIS2_PLACEMENT_3D ( 'NONE', #2221, #3244, #166 ) ;
#1407 = DIRECTION ( 'NONE',  ( 0.2763074248798411681, 0.9610693039298835449, 0.0000000000000000000 ) ) ;
#1408 = CARTESIAN_POINT ( 'NONE',  ( 3.532842712474772551, 11.23499999999982180, -3.634314575050436869 ) ) ;
#1409 = DIRECTION ( 'NONE',  ( 0.5000000000000048850, 0.0000000000000000000, 0.8660254037844358210 ) ) ;
#1410 = VECTOR ( 'NONE', #3242, 1000.000000000000000 ) ;
#1411 = CARTESIAN_POINT ( 'NONE',  ( 8.076037614648482688, 12.69953703112068588, 6.284756333246471982 ) ) ;
#1412 = DIRECTION ( 'NONE',  ( 1.000000000000000000, 0.0000000000000000000, -0.0000000000000000000 ) ) ;
#1413 = ADVANCED_FACE ( 'NONE', ( #3887 ), #4175, .T. ) ;
#1414 = CC_DESIGN_APPROVAL ( #2594, ( #1837 ) ) ;
#1415 = EDGE_LOOP ( 'NONE', ( #750, #2207, #768, #1846 ) ) ;
#1416 = FACE_OUTER_BOUND ( 'NONE', #206, .T. ) ;
#1417 = CARTESIAN_POINT ( 'NONE',  ( 1.078756443470130000, 0.0000000000000000000, -8.220000000000000639 ) ) ;
#1418 = EDGE_LOOP ( 'NONE', ( #843, #889, #854, #4282, #1921, #1761 ) ) ;
#1419 = FACE_OUTER_BOUND ( 'NONE', #2048, .T. ) ;
#1420 = EDGE_CURVE ( 'NONE', #503, #3198, #2461, .T. ) ;
#1421 = CARTESIAN_POINT ( 'NONE',  ( 3.449999999999990852, 11.44273112629124967, 5.080000000000001847 ) ) ;
#1422 = DIRECTION ( 'NONE',  ( -1.171453342316279939E-15, -1.000000000000000000, 0.0000000000000000000 ) ) ;
#1423 = ORIENTED_EDGE ( 'NONE', *, *, #4221, .F. ) ;
#1424 = DIRECTION ( 'NONE',  ( -1.000000000000000000, 1.171453342316279939E-15, 5.517568307814269711E-16 ) ) ;
#1425 = CARTESIAN_POINT ( 'NONE',  ( 5.349999999999980993, 11.93499999999403727, -5.080000000000000071 ) ) ;
#1426 = LINE ( 'NONE', #1133, #1096 ) ;
#1427 = EDGE_LOOP ( 'NONE', ( #1401, #2022, #891, #1585 ) ) ;
#1428 = PERSON_AND_ORGANIZATION ( #2659, #2350 ) ;
#1429 = VERTEX_POINT ( 'NONE', #3574 ) ;
#1430 = CARTESIAN_POINT ( 'NONE',  ( 5.749999999999992895, 12.73499999999999943, -1.612082860990527999 ) ) ;
#1431 = CARTESIAN_POINT ( 'NONE',  ( 10.25000000000000000, 6.199999999999996625, -6.880000000000000782 ) ) ;
#1432 = ORIENTED_EDGE ( 'NONE', *, *, #2373, .F. ) ;
#1433 = ORIENTED_EDGE ( 'NONE', *, *, #2424, .F. ) ;
#1434 = EDGE_CURVE ( 'NONE', #3866, #4031, #79, .T. ) ;
#1435 = CARTESIAN_POINT ( 'NONE',  ( 9.646410161513777837, 6.599999999999994316, -8.220000000000002416 ) ) ;
#1436 = PLANE ( 'NONE',  #3178 ) ;
#1437 = EDGE_LOOP ( 'NONE', ( #1181, #1315, #4383, #2726 ) ) ;
#1438 = CARTESIAN_POINT ( 'NONE',  ( 7.248658176322919644, 11.45812853178540536, 1.607708950454020642E-61 ) ) ;
#1439 = LINE ( 'NONE', #1742, #3313 ) ;
#1440 = VERTEX_POINT ( 'NONE', #3232 ) ;
#1441 = EDGE_CURVE ( 'NONE', #3494, #2069, #1243, .T. ) ;
#1442 = VERTEX_POINT ( 'NONE', #3936 ) ;
#1443 = CARTESIAN_POINT ( 'NONE',  ( 7.249999999999990230, 11.31784271247447471, 2.326828918379972351E-16 ) ) ;
#1444 = PRODUCT_DEFINITION_SHAPE ( 'NONE', 'NONE',  #4446 ) ;
#1445 = ADVANCED_FACE ( 'NONE', ( #1097 ), #1720, .T. ) ;
#1446 = APPLICATION_CONTEXT ( 'configuration controlled 3d designs of mechanical parts and assemblies' ) ;
#1447 = DIRECTION ( 'NONE',  ( -1.000000000000000000, 0.0000000000000000000, 0.0000000000000000000 ) ) ;
#1448 = ORIENTED_EDGE ( 'NONE', *, *, #2493, .T. ) ;
#1449 = PERSON_AND_ORGANIZATION ( #2659, #2350 ) ;
#1450 = CARTESIAN_POINT ( 'NONE',  ( 4.949999999999991296, 12.73499999999999943, 3.467917139009471406 ) ) ;
#1451 =( BOUNDED_SURFACE ( )  B_SPLINE_SURFACE ( 3, 3, ( 
 ( #3712, #4111, #1648, #3779 ),
 ( #2066, #4379, #1098, #4155 ),
 ( #2838, #3146, #414, #1421 ),
 ( #1787, #3891, #802, #2548 ) ),
 .UNSPECIFIED., .F., .F., .F. ) 
 B_SPLINE_SURFACE_WITH_KNOTS ( ( 4, 4 ),
 ( 4, 4 ),
 ( 0.0000000000000000000, 1.000000000000000000 ),
 ( 0.0000000000000000000, 1.000000000000000000 ),
 .UNSPECIFIED. ) 
 GEOMETRIC_REPRESENTATION_ITEM ( )  RATIONAL_B_SPLINE_SURFACE ( (
 ( 1.000000000000000000, 0.3333333333333334259, 0.3333333333333334259, 1.000000000000000000),
 ( 0.9988808742757321335, 0.3329602914252441370, 0.3329602914252441370, 0.9988808742757321335),
 ( 0.9988808742757321335, 0.3329602914252441370, 0.3329602914252441370, 0.9988808742757321335),
 ( 1.000000000000000000, 0.3333333333333334259, 0.3333333333333334259, 1.000000000000000000) ) ) 
 REPRESENTATION_ITEM ( '' )  SURFACE ( )  );
#1452 = ORIENTED_EDGE ( 'NONE', *, *, #3354, .F. ) ;
#1453 = CARTESIAN_POINT ( 'NONE',  ( 3.450447775674257311, 11.45044927442903138, -8.879104448651466086 ) ) ;
#1454 = AXIS2_PLACEMENT_3D ( 'NONE', #3559, #3170, #2481 ) ;
#1455 = FACE_OUTER_BOUND ( 'NONE', #4255, .T. ) ;
#1456 = AXIS2_PLACEMENT_3D ( 'NONE', #3197, #1473, #42 ) ;
#1457 = CARTESIAN_POINT ( 'NONE',  ( 5.499999999999589662, -0.05000000078158019917, -5.880000000000039861 ) ) ;
#1458 = VERTEX_POINT ( 'NONE', #207 ) ;
#1459 = ORIENTED_EDGE ( 'NONE', *, *, #716, .T. ) ;
#1460 = CARTESIAN_POINT ( 'NONE',  ( 5.749999999999992895, 12.73499999999999943, 6.692082860990527848 ) ) ;
#1461 = CIRCLE ( 'NONE', #1099, 1.760296020627533320 ) ;
#1462 = CARTESIAN_POINT ( 'NONE',  ( 7.167157287525206755, 11.23499999999981824, 1.445685424949564313 ) ) ;
#1463 = LINE ( 'NONE', #53, #1241 ) ;
#1464 = AXIS2_PLACEMENT_3D ( 'NONE', #208, #1928, #1149 ) ;
#1465 = ORIENTED_EDGE ( 'NONE', *, *, #776, .F. ) ;
#1466 = CARTESIAN_POINT ( 'NONE',  ( 7.049999999999685407, 11.23499999999999588, 2.081899558550126310E-16 ) ) ;
#1467 = LINE ( 'NONE', #2165, #216 ) ;
#1468 = CARTESIAN_POINT ( 'NONE',  ( 10.25000000000000000, 6.200000000000007283, 3.279999999999999805 ) ) ;
#1469 = ADVANCED_FACE ( 'NONE', ( #1568 ), #4294, .F. ) ;
#1470 = CARTESIAN_POINT ( 'NONE',  ( 10.25000000000000000, 6.199999999999977973, 6.879999999999999893 ) ) ;
#1471 = EDGE_LOOP ( 'NONE', ( #1255, #1094, #733, #1082, #347, #13 ) ) ;
#1472 = CALENDAR_DATE ( 2019, 21, 10 ) ;
#1473 = DIRECTION ( 'NONE',  ( -1.084202172485509956E-15, -1.000000000000000000, 0.0000000000000000000 ) ) ;
#1474 = EDGE_LOOP ( 'NONE', ( #3813, #1699, #722, #939, #377, #1866 ) ) ;
#1475 = CARTESIAN_POINT ( 'NONE',  ( 1.078756443470130000, 6.599999999999999645, -8.220000000000000639 ) ) ;
#1476 = EDGE_CURVE ( 'NONE', #106, #1870, #3639, .T. ) ;
#1477 = CARTESIAN_POINT ( 'NONE',  ( 0.8535898384862236066, 6.599999999999999645, -8.220000000000000639 ) ) ;
#1478 = AXIS2_PLACEMENT_3D ( 'NONE', #3914, #482, #3230 ) ;
#1479 = DIRECTION ( 'NONE',  ( 0.0000000000000000000, 0.0000000000000000000, 1.000000000000000000 ) ) ;
#1480 = VERTEX_POINT ( 'NONE', #3678 ) ;
#1481 = CONICAL_SURFACE ( 'NONE', #2768, 1.898658176322939983, 0.1159019745381328903 ) ;
#1482 = EDGE_LOOP ( 'NONE', ( #2822, #473, #3764, #1734 ) ) ;
#1483 = DIRECTION ( 'NONE',  ( 0.7071067811865480168, -0.7071067811865470176, 0.0000000000000000000 ) ) ;
#1484 = DIRECTION ( 'NONE',  ( -0.4472135954999579832, 0.0000000000000000000, 0.8944271909999159664 ) ) ;
#1485 = AXIS2_PLACEMENT_3D ( 'NONE', #355, #2731, #1012 ) ;
#1486 = CARTESIAN_POINT ( 'NONE',  ( 3.649999999999990141, 11.43500000000000227, 5.080000000000000071 ) ) ;
#1487 = DIRECTION ( 'NONE',  ( 0.8660254037844373753, -0.0000000000000000000, 0.5000000000000022204 ) ) ;
#1488 = SECURITY_CLASSIFICATION ( '', '', #2640 ) ;
#1489 = CARTESIAN_POINT ( 'NONE',  ( 7.249999999999991118, 11.43499999999999694, 3.800000000000000711 ) ) ;
#1490 = CARTESIAN_POINT ( 'NONE',  ( 4.973902936655020035, 12.73500000000000121, -6.752533082913880769 ) ) ;
#1491 = PLANE ( 'NONE',  #163 ) ;
#1492 = ORIENTED_EDGE ( 'NONE', *, *, #2101, .T. ) ;
#1493 = COORDINATED_UNIVERSAL_TIME_OFFSET ( 0, 0, .AHEAD. ) ;
#1494 = CARTESIAN_POINT ( 'NONE',  ( 3.689033069104791895, 12.73500000000000298, 4.285277720949632219 ) ) ;
#1495 = EDGE_CURVE ( 'NONE', #1047, #320, #1297, .T. ) ;
#1496 = ORIENTED_EDGE ( 'NONE', *, *, #4100, .F. ) ;
#1497 = DIRECTION ( 'NONE',  ( 1.000000000000000000, 0.0000000000000000000, 0.0000000000000000000 ) ) ;
#1498 = CARTESIAN_POINT ( 'NONE',  ( 2.625902306574849909, 14.00000000000000000, 7.620000000000000107 ) ) ;
#1499 = CARTESIAN_POINT ( 'NONE',  ( 7.010966932452110889, 12.73499999999999766, -5.080000000000000071 ) ) ;
#1500 = EDGE_CURVE ( 'NONE', #3438, #3894, #553, .T. ) ;
#1501 = ADVANCED_FACE ( 'NONE', ( #1586 ), #3295, .T. ) ;
#1502 = CARTESIAN_POINT ( 'NONE',  ( 4.950000000003958789, 12.65427415702094294, 6.793010294741001154 ) ) ;
#1503 = ORIENTED_EDGE ( 'NONE', *, *, #3354, .T. ) ;
#1504 = ORIENTED_EDGE ( 'NONE', *, *, #3161, .F. ) ;
#1505 = CARTESIAN_POINT ( 'NONE',  ( 5.299999999999999822, -5.750000000781589904, -0.4999999999999839573 ) ) ;
#1506 = ORIENTED_EDGE ( 'NONE', *, *, #4016, .F. ) ;
#1507 = CARTESIAN_POINT ( 'NONE',  ( 5.750000000000003553, 12.65751425528054419, 6.792937712264714101 ) ) ;
#1508 = CARTESIAN_POINT ( 'NONE',  ( 5.349999999999999645, 10.44999999999999929, 0.0000000000000000000 ) ) ;
#1509 = FACE_OUTER_BOUND ( 'NONE', #1329, .T. ) ;
#1510 = ORIENTED_EDGE ( 'NONE', *, *, #2524, .T. ) ;
#1511 = VERTEX_POINT ( 'NONE', #2316 ) ;
#1512 = CARTESIAN_POINT ( 'NONE',  ( 5.750000000000000000, 12.64656426582508075, -6.794246796769121133 ) ) ;
#1513 = CARTESIAN_POINT ( 'NONE',  ( 3.689033067547872857, 12.73500000000000298, -5.890162729031258593 ) ) ;
#1514 = ORIENTED_EDGE ( 'NONE', *, *, #1146, .F. ) ;
#1515 = CC_DESIGN_DATE_AND_TIME_ASSIGNMENT ( #3832, #1773, ( #517 ) ) ;
#1516 = PERSON_AND_ORGANIZATION ( #2659, #2350 ) ;
#1517 = CARTESIAN_POINT ( 'NONE',  ( 3.650000000000416911, 11.23500000000000121, -5.080000000000000959 ) ) ;
#1518 = VERTEX_POINT ( 'NONE', #2957 ) ;
#1519 = DIRECTION ( 'NONE',  ( -2.501911041408800138E-16, -1.000000000000000000, 0.0000000000000000000 ) ) ;
#1520 = EDGE_CURVE ( 'NONE', #1991, #503, #3612, .T. ) ;
#1521 = CARTESIAN_POINT ( 'NONE',  ( 5.349999999999999645, 11.23499999999999943, -5.080000000000000071 ) ) ;
#1522 = VERTEX_POINT ( 'NONE', #1237 ) ;
#1523 = DIRECTION ( 'NONE',  ( 0.0000000000000000000, 0.0000000000000000000, 1.000000000000000000 ) ) ;
#1524 = EDGE_CURVE ( 'NONE', #1347, #3843, #1880, .T. ) ;
#1525 = CARTESIAN_POINT ( 'NONE',  ( 5.299999999999999822, -2.700000000000009948, -0.4999999999999770184 ) ) ;
#1526 = ORIENTED_EDGE ( 'NONE', *, *, #2159, .T. ) ;
#1527 = VECTOR ( 'NONE', #261, 1000.000000000000000 ) ;
#1528 = CARTESIAN_POINT ( 'NONE',  ( 5.749999999995260680, 12.68578847567073176, 3.379296799043757904 ) ) ;
#1529 = CARTESIAN_POINT ( 'NONE',  ( 7.249552224325722882, 11.45044927442902605, 3.799104448651467347 ) ) ;
#1530 = LINE ( 'NONE', #4295, #3394 ) ;
#1531 = ORIENTED_EDGE ( 'NONE', *, *, #3448, .F. ) ;
#1532 = CARTESIAN_POINT ( 'NONE',  ( 5.749999999999992895, 12.73499999999999943, 6.692082860990527848 ) ) ;
#1533 = VECTOR ( 'NONE', #2116, 1000.000000000000000 ) ;
#1534 = EDGE_CURVE ( 'NONE', #367, #1553, #1609, .T. ) ;
#1535 = CIRCLE ( 'NONE', #943, 0.09999999999999982514 ) ;
#1536 = ORIENTED_EDGE ( 'NONE', *, *, #1520, .F. ) ;
#1537 = DIRECTION ( 'NONE',  ( 1.000000000000000000, 0.0000000000000000000, 1.794541526872530066E-14 ) ) ;
#1538 = CARTESIAN_POINT ( 'NONE',  ( 5.349999999999989875, 11.45812853167969791, 5.080000000000000071 ) ) ;
#1539 = VECTOR ( 'NONE', #1780, 1000.000000000000000 ) ;
#1540 = CARTESIAN_POINT ( 'NONE',  ( 4.195177833015007351, 12.73500000000000298, -6.522761435875966463 ) ) ;
#1541 = VECTOR ( 'NONE', #399, 1000.000000000000000 ) ;
#1542 = DATE_AND_TIME ( #1246, #3859 ) ;
#1543 = EDGE_LOOP ( 'NONE', ( #3536, #371, #3963, #2667 ) ) ;
#1544 = LINE ( 'NONE', #161, #762 ) ;
#1545 = CARTESIAN_POINT ( 'NONE',  ( 5.721047637986544920, 12.69953703112069121, -3.365563865487145367 ) ) ;
#1546 = FACE_OUTER_BOUND ( 'NONE', #353, .T. ) ;
#1547 = CARTESIAN_POINT ( 'NONE',  ( 5.349999999999980105, 11.45812853178540713, 5.080000000000000071 ) ) ;
#1548 = ORIENTED_EDGE ( 'NONE', *, *, #2735, .F. ) ;
#1549 = ORIENTED_EDGE ( 'NONE', *, *, #296, .F. ) ;
#1550 = DIRECTION ( 'NONE',  ( -2.501911041408800138E-16, -1.000000000000000000, 0.0000000000000000000 ) ) ;
#1551 = ADVANCED_FACE ( 'NONE', ( #4038 ), #2246, .F. ) ;
#1552 = AXIS2_PLACEMENT_3D ( 'NONE', #3622, #3556, #1261 ) ;
#1553 = VERTEX_POINT ( 'NONE', #887 ) ;
#1554 = CARTESIAN_POINT ( 'NONE',  ( 4.950000000002678924, 12.70467874844269929, 1.686818741883630901 ) ) ;
#1555 = ADVANCED_FACE ( 'NONE', ( #3001 ), #865, .T. ) ;
#1556 = AXIS2_PLACEMENT_3D ( 'NONE', #2909, #4283, #1867 ) ;
#1557 = CARTESIAN_POINT ( 'NONE',  ( 5.749999999999845457, 12.69733902327550190, 1.693307792453212945 ) ) ;
#1558 =( GEOMETRIC_REPRESENTATION_CONTEXT ( 3 ) GLOBAL_UNCERTAINTY_ASSIGNED_CONTEXT ( ( #3819 ) ) GLOBAL_UNIT_ASSIGNED_CONTEXT ( ( #3426, #3788, #3449 ) ) REPRESENTATION_CONTEXT ( 'NONE', 'WORKASPACE' ) );
#1559 =( BOUNDED_SURFACE ( )  B_SPLINE_SURFACE ( 3, 3, ( 
 ( #1746, #3515, #2870, #58 ),
 ( #2528, #2842, #3557, #467 ),
 ( #2303, #2282, #1242, #232 ),
 ( #2927, #3598, #2578, #874 ) ),
 .UNSPECIFIED., .F., .F., .F. ) 
 B_SPLINE_SURFACE_WITH_KNOTS ( ( 4, 4 ),
 ( 4, 4 ),
 ( 0.0000000000000000000, 1.000000000000000000 ),
 ( 0.0000000000000000000, 1.000000000000000000 ),
 .UNSPECIFIED. ) 
 GEOMETRIC_REPRESENTATION_ITEM ( )  RATIONAL_B_SPLINE_SURFACE ( (
 ( 1.000000000000000000, 0.3333333333333332038, 0.3333333333333332038, 1.000000000000000000),
 ( 0.8047378541240031158, 0.2682459513746676127, 0.2682459513746676127, 0.8047378541240031158),
 ( 0.8047378541240031158, 0.2682459513746676127, 0.2682459513746676127, 0.8047378541240031158),
 ( 1.000000000000000000, 0.3333333333333332038, 0.3333333333333332038, 1.000000000000000000) ) ) 
 REPRESENTATION_ITEM ( '' )  SURFACE ( )  );
#1560 = PERSON_AND_ORGANIZATION_ROLE ( 'creator' ) ;
#1561 = ORIENTED_EDGE ( 'NONE', *, *, #2267, .F. ) ;
#1562 = CARTESIAN_POINT ( 'NONE',  ( 7.049999999999561950, 11.23499999999999766, -5.080000000000000959 ) ) ;
#1563 = DIRECTION ( 'NONE',  ( -0.0000000000000000000, -1.000000000000000000, 0.0000000000000000000 ) ) ;
#1564 = FACE_OUTER_BOUND ( 'NONE', #614, .T. ) ;
#1565 =( BOUNDED_SURFACE ( )  B_SPLINE_SURFACE ( 3, 3, ( 
 ( #1064, #4101, #1688, #4413 ),
 ( #978, #1360, #1319, #3067 ),
 ( #3817, #3431, #2778, #2755 ),
 ( #726, #1018, #657, #3021 ) ),
 .UNSPECIFIED., .F., .F., .F. ) 
 B_SPLINE_SURFACE_WITH_KNOTS ( ( 4, 4 ),
 ( 4, 4 ),
 ( 0.0000000000000000000, 1.000000000000000000 ),
 ( 0.0000000000000000000, 1.000000000000000000 ),
 .UNSPECIFIED. ) 
 GEOMETRIC_REPRESENTATION_ITEM ( )  RATIONAL_B_SPLINE_SURFACE ( (
 ( 1.000000000000000000, 0.4743521123180107213, 0.4743521123180107213, 1.000000000000000000),
 ( 0.8312495820341943009, 0.3943049951013836152, 0.3943049951013836152, 0.8312495820341943009),
 ( 0.8312495820341943009, 0.3943049951013836152, 0.3943049951013836152, 0.8312495820341943009),
 ( 1.000000000000000000, 0.4743521123180107213, 0.4743521123180107213, 1.000000000000000000) ) ) 
 REPRESENTATION_ITEM ( '' )  SURFACE ( )  );
#1566 = VERTEX_POINT ( 'NONE', #2296 ) ;
#1567 = CARTESIAN_POINT ( 'NONE',  ( 5.749999999995260680, 12.69570467254462010, 3.385302786415251397 ) ) ;
#1568 = FACE_OUTER_BOUND ( 'NONE', #1145, .T. ) ;
#1569 = ORIENTED_EDGE ( 'NONE', *, *, #173, .T. ) ;
#1570 = LINE ( 'NONE', #3278, #1182 ) ;
#1571 = FACE_OUTER_BOUND ( 'NONE', #3810, .T. ) ;
#1572 = ADVANCED_FACE ( 'NONE', ( #4372, #3275 ), #597, .F. ) ;
#1573 = VERTEX_POINT ( 'NONE', #2982 ) ;
#1574 = DIRECTION ( 'NONE',  ( -9.136576017787371555E-16, -1.000000000000000000, -2.086925533220183900E-31 ) ) ;
#1575 = CARTESIAN_POINT ( 'NONE',  ( 5.749999999999932498, 12.72947253920396449, 1.647765679071599099 ) ) ;
#1576 = EDGE_CURVE ( 'NONE', #43, #1260, #3594, .T. ) ;
#1577 = CARTESIAN_POINT ( 'NONE',  ( 3.650000000000416911, 11.23500000000000121, -5.080000000000000959 ) ) ;
#1578 = COORDINATED_UNIVERSAL_TIME_OFFSET ( 0, 0, .AHEAD. ) ;
#1579 = EDGE_CURVE ( 'NONE', #2625, #4182, #2920, .T. ) ;
#1580 = VERTEX_POINT ( 'NONE', #3956 ) ;
#1581 = CARTESIAN_POINT ( 'NONE',  ( 3.689033067547870637, 12.63500000000000156, 5.080000000000000071 ) ) ;
#1582 = CARTESIAN_POINT ( 'NONE',  ( 4.965164424315888780, 12.69953703112280330, 1.711393931465736262 ) ) ;
#1583 = LINE ( 'NONE', #318, #3558 ) ;
#1584 = VERTEX_POINT ( 'NONE', #3618 ) ;
#1585 = ORIENTED_EDGE ( 'NONE', *, *, #2047, .F. ) ;
#1586 = FACE_OUTER_BOUND ( 'NONE', #1003, .T. ) ;
#1587 =( BOUNDED_CURVE ( )  B_SPLINE_CURVE ( 3, ( #4109, #3775, #4153, #2474 ),
 .UNSPECIFIED., .F., .T. ) 
 B_SPLINE_CURVE_WITH_KNOTS ( ( 4, 4 ),
 ( 0.0000000000000000000, 0.5000000007378366806 ),
 .UNSPECIFIED. ) 
 CURVE ( )  GEOMETRIC_REPRESENTATION_ITEM ( )  RATIONAL_B_SPLINE_CURVE ( ( 1.000000000000000000, 0.8584414864962361946, 0.8584414864962361946, 1.000000000000000000 ) ) 
 REPRESENTATION_ITEM ( '' )  );
#1588 = ORIENTED_EDGE ( 'NONE', *, *, #780, .T. ) ;
#1589 = FACE_OUTER_BOUND ( 'NONE', #4312, .T. ) ;
#1590 = LINE ( 'NONE', #3977, #4254 ) ;
#1591 = VERTEX_POINT ( 'NONE', #531 ) ;
#1592 = FACE_OUTER_BOUND ( 'NONE', #137, .T. ) ;
#1593 = AXIS2_PLACEMENT_3D ( 'NONE', #2251, #3003, #1300 ) ;
#1594 = VECTOR ( 'NONE', #1291, 1000.000000000000000 ) ;
#1595 = CARTESIAN_POINT ( 'NONE',  ( 10.25000000000000000, 0.0000000000000000000, 7.620000000000000107 ) ) ;
#1596 = ORIENTED_EDGE ( 'NONE', *, *, #139, .T. ) ;
#1597 = SECURITY_CLASSIFICATION_LEVEL ( 'unclassified' ) ;
#1598 = VECTOR ( 'NONE', #1105, 1000.000000000000000 ) ;
#1599 = ADVANCED_FACE ( 'NONE', ( #3330 ), #3390, .T. ) ;
#1600 = CARTESIAN_POINT ( 'NONE',  ( 4.950000000003958789, 12.65172273822438953, 6.793524937923418605 ) ) ;
#1601 = VECTOR ( 'NONE', #218, 1000.000000000000000 ) ;
#1602 = CARTESIAN_POINT ( 'NONE',  ( 2.146410161513770287, 6.599999999999999645, -8.220000000000000639 ) ) ;
#1603 = ORIENTED_EDGE ( 'NONE', *, *, #3838, .F. ) ;
#1604 = CARTESIAN_POINT ( 'NONE',  ( 4.950000000000131628, 12.73473344514864536, 3.459237733085169353 ) ) ;
#1605 = EDGE_CURVE ( 'NONE', #2353, #791, #1332, .T. ) ;
#1606 = EDGE_LOOP ( 'NONE', ( #774, #4371 ) ) ;
#1607 = ORIENTED_EDGE ( 'NONE', *, *, #3580, .F. ) ;
#1608 = VERTEX_POINT ( 'NONE', #239 ) ;
#1609 = LINE ( 'NONE', #1947, #2543 ) ;
#1610 = VECTOR ( 'NONE', #3257, 1000.000000000000000 ) ;
#1611 = ORIENTED_EDGE ( 'NONE', *, *, #575, .F. ) ;
#1612 = CARTESIAN_POINT ( 'NONE',  ( 3.375000000000000000, 11.23499999999999943, 5.080000000000000071 ) ) ;
#1613 = CARTESIAN_POINT ( 'NONE',  ( 7.249552224325725547, 11.45044927442902605, -3.799104448651466015 ) ) ;
#1614 = VECTOR ( 'NONE', #302, 1000.000000000000000 ) ;
#1615 = CARTESIAN_POINT ( 'NONE',  ( 5.500000000000005329, -0.05000000078161020295, -4.579999999999860627 ) ) ;
#1616 = VECTOR ( 'NONE', #3727, 1000.000000000000000 ) ;
#1617 = VECTOR ( 'NONE', #2622, 1000.000000000000000 ) ;
#1618 = FACE_OUTER_BOUND ( 'NONE', #838, .T. ) ;
#1619 = EDGE_CURVE ( 'NONE', #1160, #4073, #967, .T. ) ;
#1620 = CARTESIAN_POINT ( 'NONE',  ( 8.085622008323790411, 12.64656426582414817, -3.871007900189411544 ) ) ;
#1621 = LINE ( 'NONE', #3763, #1594 ) ;
#1622 = ORIENTED_EDGE ( 'NONE', *, *, #1963, .T. ) ;
#1623 = CC_DESIGN_SECURITY_CLASSIFICATION ( #3208, ( #1050 ) ) ;
#1624 = CARTESIAN_POINT ( 'NONE',  ( 4.973902936676231512, 12.73499999999999943, 1.672533082915170555 ) ) ;
#1625 = CYLINDRICAL_SURFACE ( 'NONE', #1749, 1.975000000000000089 ) ;
#1626 = EDGE_LOOP ( 'NONE', ( #796, #2996, #818, #709 ) ) ;
#1627 = ADVANCED_FACE ( 'NONE', ( #1678 ), #3737, .T. ) ;
#1628 = FACE_OUTER_BOUND ( 'NONE', #1415, .T. ) ;
#1629 = DIRECTION ( 'NONE',  ( -0.0000000000000000000, -1.000000000000000000, -1.889646980599319876E-14 ) ) ;
#1630 = ADVANCED_FACE ( 'NONE', ( #1618 ), #54, .T. ) ;
#1631 = ORIENTED_EDGE ( 'NONE', *, *, #3803, .T. ) ;
#1632 = CARTESIAN_POINT ( 'NONE',  ( 3.375000000000000000, 10.44999999999999929, -5.080000000000000071 ) ) ;
#1633 = PLANE ( 'NONE',  #1385 ) ;
#1634 = CARTESIAN_POINT ( 'NONE',  ( 5.749999999999992895, 12.73499999999999943, -6.692082860990527848 ) ) ;
#1635 = EDGE_LOOP ( 'NONE', ( #1154, #2163, #3472, #3672 ) ) ;
#1636 = FACE_BOUND ( 'NONE', #169, .T. ) ;
#1637 = FACE_OUTER_BOUND ( 'NONE', #1482, .T. ) ;
#1638 = VERTEX_POINT ( 'NONE', #3424 ) ;
#1639 = FACE_OUTER_BOUND ( 'NONE', #2519, .T. ) ;
#1640 = CARTESIAN_POINT ( 'NONE',  ( 3.650000000000416911, 11.23500000000000121, 0.0000000000000000000 ) ) ;
#1641 = DIRECTION ( 'NONE',  ( -9.136576017787373527E-16, -1.000000000000000000, -2.086925533220184338E-31 ) ) ;
#1642 = CARTESIAN_POINT ( 'NONE',  ( 5.749999999999869438, 12.73473344514865779, -3.459237733085362976 ) ) ;
#1643 = CARTESIAN_POINT ( 'NONE',  ( 4.130405132454771255, 12.69953703112280508, 6.603684330108266387 ) ) ;
#1644 = EDGE_CURVE ( 'NONE', #3418, #2353, #1704, .T. ) ;
#1645 = ORIENTED_EDGE ( 'NONE', *, *, #2327, .F. ) ;
#1646 = DIRECTION ( 'NONE',  ( -0.8944271909999154113, 0.4472135954999587604, 0.0000000000000000000 ) ) ;
#1647 = EDGE_CURVE ( 'NONE', #1109, #4345, #4027, .T. ) ;
#1648 = CARTESIAN_POINT ( 'NONE',  ( 3.451341823670963205, 11.45812853167897316, 1.282683647341947175 ) ) ;
#1649 = AXIS2_PLACEMENT_3D ( 'NONE', #4193, #815, #842 ) ;
#1650 = ORIENTED_EDGE ( 'NONE', *, *, #1298, .F. ) ;
#1651 = EDGE_LOOP ( 'NONE', ( #4232, #126 ) ) ;
#1652 = CALENDAR_DATE ( 2019, 21, 10 ) ;
#1653 = AXIS2_PLACEMENT_3D ( 'NONE', #1322, #4124, #2338 ) ;
#1654 = CARTESIAN_POINT ( 'NONE',  ( 5.299999999999999822, -3.700000000000009948, -10.08000000000000007 ) ) ;
#1655 = CARTESIAN_POINT ( 'NONE',  ( 4.985603046709015551, 12.73499999999999943, 3.459498222422557223 ) ) ;
#1656 = VECTOR ( 'NONE', #3669, 1000.000000000000000 ) ;
#1657 = DIRECTION ( 'NONE',  ( 1.000000000000000000, 0.0000000000000000000, 0.0000000000000000000 ) ) ;
#1658 = CARTESIAN_POINT ( 'NONE',  ( 4.950000000003960565, 12.65172273822438775, -3.366475062076581981 ) ) ;
#1659 =( REPRESENTATION_RELATIONSHIP ('NONE','NONE', #3522, #2935 ) REPRESENTATION_RELATIONSHIP_WITH_TRANSFORMATION ( #896 )SHAPE_REPRESENTATION_RELATIONSHIP( ) );
#1660 = ORIENTED_EDGE ( 'NONE', *, *, #4421, .F. ) ;
#1661 = DIRECTION ( 'NONE',  ( -2.501911041408800138E-16, -1.000000000000000000, 0.0000000000000000000 ) ) ;
#1662 = CC_DESIGN_DATE_AND_TIME_ASSIGNMENT ( #1227, #541, ( #1488 ) ) ;
#1663 = VECTOR ( 'NONE', #1803, 1000.000000000000000 ) ;
#1664 = CARTESIAN_POINT ( 'NONE',  ( 5.349999999999989875, 11.43500000000000050, 5.080000000000000071 ) ) ;
#1665 = CARTESIAN_POINT ( 'NONE',  ( 7.248658176329019653, 11.45812853167897138, -1.282683647341943622 ) ) ;
#1666 = CARTESIAN_POINT ( 'NONE',  ( 3.589703979382066201, 12.64656426582840432, 5.079999996551445740 ) ) ;
#1667 = CARTESIAN_POINT ( 'NONE',  ( 5.749999999997323030, 12.71935702003381685, -1.668631667042420386 ) ) ;
#1668 = DIRECTION ( 'NONE',  ( 1.000000000000000000, 0.0000000000000000000, 0.0000000000000000000 ) ) ;
#1669 = ORIENTED_EDGE ( 'NONE', *, *, #998, .F. ) ;
#1670 = EDGE_CURVE ( 'NONE', #1214, #4375, #942, .T. ) ;
#1671 = CARTESIAN_POINT ( 'NONE',  ( 3.589703979372449005, 12.64656426582178383, -5.080000000000000071 ) ) ;
#1672 = EDGE_LOOP ( 'NONE', ( #2504, #3373, #972, #2499 ) ) ;
#1673 = ADVANCED_FACE ( 'NONE', ( #263, #1636, #4052, #3369 ), #284, .T. ) ;
#1674 = ORIENTED_EDGE ( 'NONE', *, *, #836, .F. ) ;
#1675 = COORDINATED_UNIVERSAL_TIME_OFFSET ( 0, 0, .AHEAD. ) ;
#1676 = AXIS2_PLACEMENT_3D ( 'NONE', #3491, #1424, #3467 ) ;
#1677 = DIRECTION ( 'NONE',  ( -0.6666666666666660745, -0.6666666666666671848, 0.3333333333333335924 ) ) ;
#1678 = FACE_OUTER_BOUND ( 'NONE', #3830, .T. ) ;
#1679 = VERTEX_POINT ( 'NONE', #1400 ) ;
#1680 = AXIS2_PLACEMENT_3D ( 'NONE', #2209, #3579, #1537 ) ;
#1681 = DIRECTION ( 'NONE',  ( 1.000000000000000000, 0.0000000000000000000, 0.0000000000000000000 ) ) ;
#1682 = DIRECTION ( 'NONE',  ( -0.8944271909999154113, 0.4472135954999587604, 0.0000000000000000000 ) ) ;
#1683 = ORIENTED_EDGE ( 'NONE', *, *, #4053, .F. ) ;
#1684 = DIRECTION ( 'NONE',  ( -1.000000000000000000, 9.136576017758483468E-16, 0.0000000000000000000 ) ) ;
#1685 = LINE ( 'NONE', #1730, #1972 ) ;
#1686 = VECTOR ( 'NONE', #3835, 1000.000000000000000 ) ;
#1687 = CC_DESIGN_SECURITY_CLASSIFICATION ( #1837, ( #1272 ) ) ;
#1688 = CARTESIAN_POINT ( 'NONE',  ( 7.931257721594278109, 12.73499999999999410, -1.140771708771041393 ) ) ;
#1689 = FACE_OUTER_BOUND ( 'NONE', #3873, .T. ) ;
#1690 = CARTESIAN_POINT ( 'NONE',  ( 9.250000000000000000, 2.199999999999988187, -6.379999999999999005 ) ) ;
#1691 = CARTESIAN_POINT ( 'NONE',  ( 5.749999999999869438, 12.73420261174141821, -3.454934726216800200 ) ) ;
#1692 = CARTESIAN_POINT ( 'NONE',  ( 5.349999999999999645, 11.23499999999999943, 5.080000000000000071 ) ) ;
#1693 = CC_DESIGN_PERSON_AND_ORGANIZATION_ASSIGNMENT ( #790, #2096, ( #3208 ) ) ;
#1694 = ORIENTED_EDGE ( 'NONE', *, *, #2892, .T. ) ;
#1695 = DIRECTION ( 'NONE',  ( 5.517568307814269711E-16, -6.463573835647406802E-31, 1.000000000000000000 ) ) ;
#1696 = LINE ( 'NONE', #3091, #2244 ) ;
#1697 = ADVANCED_FACE ( 'NONE', ( #1771 ), #3109, .T. ) ;
#1698 = DIRECTION ( 'NONE',  ( 1.000000000000000000, 0.0000000000000000000, 0.0000000000000000000 ) ) ;
#1699 = ORIENTED_EDGE ( 'NONE', *, *, #3644, .T. ) ;
#1700 = ITEM_DEFINED_TRANSFORMATION ( 'NONE', 'NONE', #3500,  #688 ) ;
#1701 = CYLINDRICAL_SURFACE ( 'NONE', #3464, 1.975000000000000089 ) ;
#1702 = ADVANCED_FACE ( 'NONE', ( #3787 ), #3877, .T. ) ;
#1703 = LINE ( 'NONE', #1654, #1811 ) ;
#1704 = LINE ( 'NONE', #4439, #297 ) ;
#1705 = EDGE_CURVE ( 'NONE', #419, #2895, #418, .T. ) ;
#1706 = FACE_OUTER_BOUND ( 'NONE', #2345, .T. ) ;
#1707 = DIRECTION ( 'NONE',  ( 0.0000000000000000000, -0.1961161351381830731, -0.9805806756909204447 ) ) ;
#1708 = ORIENTED_EDGE ( 'NONE', *, *, #1762, .F. ) ;
#1709 = CARTESIAN_POINT ( 'NONE',  ( 5.499999999999584332, -0.05000000078158019917, -5.580000000000040039 ) ) ;
#1710 = EDGE_CURVE ( 'NONE', #215, #827, #2366, .T. ) ;
#1711 = LINE ( 'NONE', #1341, #2199 ) ;
#1712 = CARTESIAN_POINT ( 'NONE',  ( 3.449999999999989964, 11.43500000000000227, -5.080000000000000071 ) ) ;
#1713 = LINE ( 'NONE', #1089, #2099 ) ;
#1714 = CARTESIAN_POINT ( 'NONE',  ( 5.749999999996039612, 12.66532890578434589, -1.710780456545829109 ) ) ;
#1715 = ORIENTED_EDGE ( 'NONE', *, *, #3747, .T. ) ;
#1716 = ORIENTED_EDGE ( 'NONE', *, *, #2931, .T. ) ;
#1717 = DIRECTION ( 'NONE',  ( -0.5000000000000001110, 0.0000000000000000000, 0.8660254037844385966 ) ) ;
#1718 = ORIENTED_EDGE ( 'NONE', *, *, #3501, .T. ) ;
#1719 = CARTESIAN_POINT ( 'NONE',  ( 3.532842712474771218, 11.23499999999982180, 3.634314575050436424 ) ) ;
#1720 =( BOUNDED_SURFACE ( )  B_SPLINE_SURFACE ( 3, 3, ( 
 ( #2475, #2139, #3510, #2862 ),
 ( #411, #3527, #1784, #3163 ),
 ( #73, #1462, #2836, #4199 ),
 ( #1122, #190, #3254, #1927 ) ),
 .UNSPECIFIED., .F., .F., .F. ) 
 B_SPLINE_SURFACE_WITH_KNOTS ( ( 4, 4 ),
 ( 4, 4 ),
 ( 0.0000000000000000000, 1.000000000000000000 ),
 ( 0.0000000000000000000, 1.000000000000000000 ),
 .UNSPECIFIED. ) 
 GEOMETRIC_REPRESENTATION_ITEM ( )  RATIONAL_B_SPLINE_SURFACE ( (
 ( 1.000000000000000000, 0.3333333333333335369, 0.3333333333333335369, 1.000000000000000000),
 ( 0.8047378541240022276, 0.2682459513746675572, 0.2682459513746675572, 0.8047378541240022276),
 ( 0.8047378541240022276, 0.2682459513746675572, 0.2682459513746675572, 0.8047378541240022276),
 ( 1.000000000000000000, 0.3333333333333335369, 0.3333333333333335369, 1.000000000000000000) ) ) 
 REPRESENTATION_ITEM ( '' )  SURFACE ( )  );
#1721 = CARTESIAN_POINT ( 'NONE',  ( 0.0000000000000000000, 10.00000000000000000, 7.620000000000000107 ) ) ;
#1722 = CARTESIAN_POINT ( 'NONE',  ( 9.449999999999999289, 6.799999999999999822, 7.620000000000000107 ) ) ;
#1723 = ORIENTED_EDGE ( 'NONE', *, *, #2348, .T. ) ;
#1724 = DIRECTION ( 'NONE',  ( 1.000000000000000000, 0.0000000000000000000, 0.0000000000000000000 ) ) ;
#1725 = PLANE ( 'NONE',  #3387 ) ;
#1726 = EDGE_CURVE ( 'NONE', #2381, #1511, #3129, .T. ) ;
#1727 = VERTEX_POINT ( 'NONE', #3493 ) ;
#1728 = LINE ( 'NONE', #4121, #1119 ) ;
#1729 = VECTOR ( 'NONE', #2477, 1000.000000000000000 ) ;
#1730 = CARTESIAN_POINT ( 'NONE',  ( 4.500000000000006217, -2.700000000000293277, -0.4999999999999440448 ) ) ;
#1731 = AXIS2_PLACEMENT_3D ( 'NONE', #590, #2370, #2352 ) ;
#1732 = DIRECTION ( 'NONE',  ( 0.4472135954999588159, -0.0000000000000000000, 0.8944271909999155223 ) ) ;
#1733 = EDGE_CURVE ( 'NONE', #372, #3327, #39, .T. ) ;
#1734 = ORIENTED_EDGE ( 'NONE', *, *, #3277, .F. ) ;
#1735 = CARTESIAN_POINT ( 'NONE',  ( 5.722352193219256478, 12.64656426582414817, 6.800463868963788627 ) ) ;
#1736 = AXIS2_PLACEMENT_3D ( 'NONE', #3657, #1970, #952 ) ;
#1737 = CARTESIAN_POINT ( 'NONE',  ( 4.500000000000000000, -3.700000000000009948, -0.3000000000000007661 ) ) ;
#1738 = AXIS2_PLACEMENT_3D ( 'NONE', #2227, #151, #486 ) ;
#1739 = ORIENTED_EDGE ( 'NONE', *, *, #2011, .T. ) ;
#1740 = PLANE ( 'NONE',  #2633 ) ;
#1741 = ORIENTED_EDGE ( 'NONE', *, *, #2972, .F. ) ;
#1742 = CARTESIAN_POINT ( 'NONE',  ( 9.250000000000000000, 7.599999999999999645, -7.620000000000000107 ) ) ;
#1743 = VERTEX_POINT ( 'NONE', #4209 ) ;
#1744 = ORIENTED_EDGE ( 'NONE', *, *, #3948, .F. ) ;
#1745 = CARTESIAN_POINT ( 'NONE',  ( 5.750000000000000000, 12.73499999999999943, -6.703854585596242366 ) ) ;
#1746 = CARTESIAN_POINT ( 'NONE',  ( 3.449999999999989964, 11.43500000000000405, -5.080000000000000071 ) ) ;
#1747 = CARTESIAN_POINT ( 'NONE',  ( 4.130405133862625533, 12.69953703111901433, -1.523684330418797028 ) ) ;
#1748 = ORIENTED_EDGE ( 'NONE', *, *, #1224, .T. ) ;
#1749 = AXIS2_PLACEMENT_3D ( 'NONE', #2603, #1213, #4034 ) ;
#1750 = PERSON_AND_ORGANIZATION_ROLE ( 'creator' ) ;
#1751 =( BOUNDED_CURVE ( )  B_SPLINE_CURVE ( 3, ( #1577, #2948, #894, #695 ),
 .UNSPECIFIED., .F., .T. ) 
 B_SPLINE_CURVE_WITH_KNOTS ( ( 4, 4 ),
 ( 0.0000000000000000000, 1.000000000000000000 ),
 .UNSPECIFIED. ) 
 CURVE ( )  GEOMETRIC_REPRESENTATION_ITEM ( )  RATIONAL_B_SPLINE_CURVE ( ( 1.000000000000000000, 0.3333333333333332038, 0.3333333333333332038, 1.000000000000000000 ) ) 
 REPRESENTATION_ITEM ( '' )  );
#1752 = ORIENTED_EDGE ( 'NONE', *, *, #2761, .T. ) ;
#1753 = CARTESIAN_POINT ( 'NONE',  ( 4.949999999999999289, 12.40938025448213544, 3.337397567517799590 ) ) ;
#1754 = AXIS2_PLACEMENT_3D ( 'NONE', #3310, #2586, #4346 ) ;
#1755 = EDGE_CURVE ( 'NONE', #3184, #4348, #1426, .T. ) ;
#1756 = CARTESIAN_POINT ( 'NONE',  ( 4.499999999999989342, -0.05000000078161515038, -4.579999999999913918 ) ) ;
#1757 = CARTESIAN_POINT ( 'NONE',  ( 9.250000000000000000, 6.299999999999999822, -1.299999999999999822 ) ) ;
#1758 = EDGE_CURVE ( 'NONE', #692, #3265, #2253, .T. ) ;
#1759 = DIRECTION ( 'NONE',  ( 2.501911041408800138E-16, 1.000000000000000000, -0.0000000000000000000 ) ) ;
#1760 = ORGANIZATION ( 'NAUO-ORG2', 'UNSPECIFIED', 'UNSPECIFIED' ) ;
#1761 = ORIENTED_EDGE ( 'NONE', *, *, #20, .T. ) ;
#1762 = EDGE_CURVE ( 'NONE', #4142, #770, #401, .T. ) ;
#1763 = CARTESIAN_POINT ( 'NONE',  ( 8.289638583737175992, 13.74631306408207365, -7.620000000000000107 ) ) ;
#1764 = CARTESIAN_POINT ( 'NONE',  ( 3.449999999999989964, 11.43500000000000227, 3.799999999999999378 ) ) ;
#1765 = ORIENTED_EDGE ( 'NONE', *, *, #1705, .T. ) ;
#1766 = LINE ( 'NONE', #1438, #227 ) ;
#1767 = CARTESIAN_POINT ( 'NONE',  ( 5.750000000000000888, 11.93499999999675154, -3.280788672664257444 ) ) ;
#1768 = VERTEX_POINT ( 'NONE', #4118 ) ;
#1769 = DIRECTION ( 'NONE',  ( -2.501911041408800138E-16, -1.000000000000000000, 0.0000000000000000000 ) ) ;
#1770 = CARTESIAN_POINT ( 'NONE',  ( 9.667957166897570787, 6.599999999999999645, 6.999999999999999112 ) ) ;
#1771 = FACE_OUTER_BOUND ( 'NONE', #690, .T. ) ;
#1772 = ORIENTED_EDGE ( 'NONE', *, *, #991, .F. ) ;
#1773 = DATE_TIME_ROLE ( 'creation_date' ) ;
#1774 = ORIENTED_EDGE ( 'NONE', *, *, #501, .F. ) ;
#1775 = CARTESIAN_POINT ( 'NONE',  ( 4.949999999999999289, 11.93499999999671601, 3.280788672664244565 ) ) ;
#1776 = DIRECTION ( 'NONE',  ( -0.0000000000000000000, -1.000000000000000000, -1.889646980599319876E-14 ) ) ;
#1777 = CARTESIAN_POINT ( 'NONE',  ( 10.25000000000000000, 6.199999999999977973, 1.799999999999999822 ) ) ;
#1778 = CARTESIAN_POINT ( 'NONE',  ( 10.25000000000000000, 0.0000000000000000000, -7.619999999999999218 ) ) ;
#1779 = DIRECTION ( 'NONE',  ( -2.501911041408800138E-16, -1.000000000000000000, 0.0000000000000000000 ) ) ;
#1780 = DIRECTION ( 'NONE',  ( -1.000000000000000000, 3.338853781347929776E-28, -1.794541526872530066E-14 ) ) ;
#1781 = ORIENTED_EDGE ( 'NONE', *, *, #1954, .F. ) ;
#1782 = VERTEX_POINT ( 'NONE', #2166 ) ;
#1783 = CARTESIAN_POINT ( 'NONE',  ( 10.25000000000000000, 1.700000000000009504, 6.880000000000000782 ) ) ;
#1784 = CARTESIAN_POINT ( 'NONE',  ( 3.449999999999988631, 11.31784271247448004, 1.279999999999999805 ) ) ;
#1785 = PLANE ( 'NONE',  #2034 ) ;
#1786 = EDGE_CURVE ( 'NONE', #795, #2112, #521, .T. ) ;
#1787 = CARTESIAN_POINT ( 'NONE',  ( 7.249999999999992006, 11.43499999999999694, 5.079999999999999183 ) ) ;
#1788 = ORIENTED_EDGE ( 'NONE', *, *, #2513, .T. ) ;
#1789 = DIRECTION ( 'NONE',  ( -0.5000000000000009992, -0.0000000000000000000, -0.8660254037844380415 ) ) ;
#1790 = EDGE_CURVE ( 'NONE', #3660, #3265, #2454, .T. ) ;
#1791 = FACE_BOUND ( 'NONE', #1606, .T. ) ;
#1792 = FACE_OUTER_BOUND ( 'NONE', #1474, .T. ) ;
#1793 = CARTESIAN_POINT ( 'NONE',  ( 3.689033067547873301, 12.73500000000000121, 0.0000000000000000000 ) ) ;
#1794 = VERTEX_POINT ( 'NONE', #2094 ) ;
#1795 = APPROVAL_ROLE ( '' ) ;
#1796 = DIRECTION ( 'NONE',  ( -0.0000000000000000000, -0.0000000000000000000, -1.000000000000000000 ) ) ;
#1797 = ORIENTED_EDGE ( 'NONE', *, *, #527, .F. ) ;
#1798 = VECTOR ( 'NONE', #959, 1000.000000000000114 ) ;
#1799 = PLANE ( 'NONE',  #543 ) ;
#1800 = ORIENTED_EDGE ( 'NONE', *, *, #2128, .F. ) ;
#1801 = CC_DESIGN_PERSON_AND_ORGANIZATION_ASSIGNMENT ( #4075, #2049, ( #2354 ) ) ;
#1802 = AXIS2_PLACEMENT_3D ( 'NONE', #2812, #2568, #4172 ) ;
#1803 = DIRECTION ( 'NONE',  ( 1.000000000000000000, 0.0000000000000000000, -0.0000000000000000000 ) ) ;
#1804 = ORIENTED_EDGE ( 'NONE', *, *, #2735, .T. ) ;
#1805 = ORIENTED_EDGE ( 'NONE', *, *, #2901, .T. ) ;
#1806 = AXIS2_PLACEMENT_3D ( 'NONE', #1722, #697, #1447 ) ;
#1807 = CARTESIAN_POINT ( 'NONE',  ( 3.451341823670963205, 11.45812853167897671, 0.0000000000000000000 ) ) ;
#1808 = VERTEX_POINT ( 'NONE', #3471 ) ;
#1809 = DIRECTION ( 'NONE',  ( -1.000000000000000000, 9.136576017758483468E-16, 0.0000000000000000000 ) ) ;
#1810 = CARTESIAN_POINT ( 'NONE',  ( 9.555373864405590112, 6.599999999999999645, 7.195000000000000284 ) ) ;
#1811 = VECTOR ( 'NONE', #1351, 1000.000000000000000 ) ;
#1812 = CARTESIAN_POINT ( 'NONE',  ( 5.749999999999992895, 12.73499999999999943, -1.612082860990527999 ) ) ;
#1813 = EDGE_CURVE ( 'NONE', #2868, #485, #742, .T. ) ;
#1814 = ORIENTED_EDGE ( 'NONE', *, *, #3665, .T. ) ;
#1815 = CARTESIAN_POINT ( 'NONE',  ( 10.25000000000000000, 1.699999999999999956, -1.799999999999999822 ) ) ;
#1816 = CARTESIAN_POINT ( 'NONE',  ( 7.993234973611840211, 14.00000000000000000, 7.620000000000000107 ) ) ;
#1817 = EDGE_CURVE ( 'NONE', #60, #1070, #2579, .T. ) ;
#1818 = ORIENTED_EDGE ( 'NONE', *, *, #1786, .T. ) ;
#1819 = COORDINATED_UNIVERSAL_TIME_OFFSET ( 0, 0, .AHEAD. ) ;
#1820 = ADVANCED_FACE ( 'NONE', ( #3283 ), #2013, .T. ) ;
#1821 = DIRECTION ( 'NONE',  ( 0.4999999999999999445, 0.0000000000000000000, -0.8660254037844387076 ) ) ;
#1822 = ORIENTED_EDGE ( 'NONE', *, *, #4399, .F. ) ;
#1823 = DIRECTION ( 'NONE',  ( 0.0000000000000000000, 1.000000000000000000, 1.889646980599319876E-14 ) ) ;
#1824 = CARTESIAN_POINT ( 'NONE',  ( 7.993234973611840211, 13.69999999999999929, 7.620000000000000107 ) ) ;
#1825 = VECTOR ( 'NONE', #1407, 1000.000000000000114 ) ;
#1826 = CARTESIAN_POINT ( 'NONE',  ( 4.950000000000000178, 12.64914866789670000, 6.793937828364315479 ) ) ;
#1827 = ORIENTED_EDGE ( 'NONE', *, *, #4047, .T. ) ;
#1828 = CIRCLE ( 'NONE', #1406, 1.900000000000000133 ) ;
#1829 = EDGE_LOOP ( 'NONE', ( #2270, #1153, #1744, #495 ) ) ;
#1830 = CARTESIAN_POINT ( 'NONE',  ( 8.332042833102427437, 0.0000000000000000000, 7.000000000000000888 ) ) ;
#1831 = ORIENTED_EDGE ( 'NONE', *, *, #4242, .F. ) ;
#1832 = AXIS2_PLACEMENT_3D ( 'NONE', #1139, #1519, #1497 ) ;
#1833 = CARTESIAN_POINT ( 'NONE',  ( 4.950000000000698286, 12.68816249061464774, -6.779945829409097513 ) ) ;
#1834 = CC_DESIGN_PERSON_AND_ORGANIZATION_ASSIGNMENT ( #3196, #2457, ( #517 ) ) ;
#1835 = CARTESIAN_POINT ( 'NONE',  ( 7.049999999999561950, 11.23499999999999766, 1.249139735130075885E-16 ) ) ;
#1836 = ORIENTED_EDGE ( 'NONE', *, *, #836, .T. ) ;
#1837 = SECURITY_CLASSIFICATION ( '', '', #1597 ) ;
#1838 = CARTESIAN_POINT ( 'NONE',  ( 10.25000000000000000, 6.200000000000000178, 7.620000000000000107 ) ) ;
#1839 = EDGE_CURVE ( 'NONE', #712, #4220, #3323, .T. ) ;
#1840 = CARTESIAN_POINT ( 'NONE',  ( 4.985603046709014663, 12.73499999999999943, -6.700501777577442475 ) ) ;
#1841 = APPROVAL_PERSON_ORGANIZATION ( #2662, #2803, #3057 ) ;
#1842 = CARTESIAN_POINT ( 'NONE',  ( 7.249999999999994671, 11.43500000000000227, 8.880000000000002558 ) ) ;
#1843 = ORIENTED_EDGE ( 'NONE', *, *, #122, .T. ) ;
#1844 = CALENDAR_DATE ( 2019, 21, 10 ) ;
#1845 = CARTESIAN_POINT ( 'NONE',  ( 7.249552224325724659, 11.45044927442902782, 2.326280551333744888E-16 ) ) ;
#1846 = ORIENTED_EDGE ( 'NONE', *, *, #439, .T. ) ;
#1847 = CARTESIAN_POINT ( 'NONE',  ( 9.299999999999998934, -5.204170427930421283E-15, -7.620000000000000107 ) ) ;
#1848 = EDGE_CURVE ( 'NONE', #3485, #1580, #2028, .T. ) ;
#1849 = FACE_OUTER_BOUND ( 'NONE', #3413, .T. ) ;
#1850 = ADVANCED_FACE ( 'NONE', ( #3300 ), #1491, .T. ) ;
#1851 = CARTESIAN_POINT ( 'NONE',  ( 4.949999999999999289, 11.93499999999671601, -6.879211327335756465 ) ) ;
#1852 = DIRECTION ( 'NONE',  ( -1.000000000000000000, 0.0000000000000000000, -0.0000000000000000000 ) ) ;
#1853 = EDGE_LOOP ( 'NONE', ( #3166, #2167, #1723, #3668 ) ) ;
#1854 = EDGE_LOOP ( 'NONE', ( #4018, #3094, #3757, #2985 ) ) ;
#1855 = CARTESIAN_POINT ( 'NONE',  ( 5.349999999999980105, 11.45812853178540713, 1.607708950454020642E-61 ) ) ;
#1856 = CARTESIAN_POINT ( 'NONE',  ( 5.299999999999990052, 4.784159143999949571, 6.080000000000209681 ) ) ;
#1857 = ORIENTED_EDGE ( 'NONE', *, *, #4094, .T. ) ;
#1858 = LINE ( 'NONE', #912, #3545 ) ;
#1859 = ORIENTED_EDGE ( 'NONE', *, *, #57, .T. ) ;
#1860 = ORIENTED_EDGE ( 'NONE', *, *, #694, .T. ) ;
#1861 = DIRECTION ( 'NONE',  ( 0.0000000000000000000, 0.0000000000000000000, -1.000000000000000000 ) ) ;
#1862 = CC_DESIGN_PERSON_AND_ORGANIZATION_ASSIGNMENT ( #3326, #235, ( #1488 ) ) ;
#1863 = DIRECTION ( 'NONE',  ( -1.171453342316279939E-15, -1.000000000000000000, -0.0000000000000000000 ) ) ;
#1864 = APPROVAL_STATUS ( 'not_yet_approved' ) ;
#1865 = DIRECTION ( 'NONE',  ( 1.171453342316279939E-15, 1.000000000000000000, 0.0000000000000000000 ) ) ;
#1866 = ORIENTED_EDGE ( 'NONE', *, *, #2073, .T. ) ;
#1867 = DIRECTION ( 'NONE',  ( -1.734723475976807410E-14, 3.277452817242640287E-13, 1.000000000000000000 ) ) ;
#1868 = EDGE_CURVE ( 'NONE', #2551, #3866, #4329, .T. ) ;
#1869 = CARTESIAN_POINT ( 'NONE',  ( 4.950000000000000178, 12.40938025448233084, 6.822602432482177903 ) ) ;
#1870 = VERTEX_POINT ( 'NONE', #2143 ) ;
#1871 = DIRECTION ( 'NONE',  ( 1.000000000000000000, -9.136576017787367610E-16, 0.0000000000000000000 ) ) ;
#1872 = PLANE ( 'NONE',  #1102 ) ;
#1873 =( BOUNDED_SURFACE ( )  B_SPLINE_SURFACE ( 3, 3, ( 
 ( #2762, #4130, #1048, #2425 ),
 ( #710, #2084, #3460, #1624 ),
 ( #3357, #4011, #4327, #1582 ),
 ( #3609, #2239, #2293, #2602 ) ),
 .UNSPECIFIED., .F., .F., .F. ) 
 B_SPLINE_SURFACE_WITH_KNOTS ( ( 4, 4 ),
 ( 4, 4 ),
 ( 0.0000000000000000000, 1.000000000000000000 ),
 ( 0.0000000000000000000, 1.000000000000000000 ),
 .UNSPECIFIED. ) 
 GEOMETRIC_REPRESENTATION_ITEM ( )  RATIONAL_B_SPLINE_SURFACE ( (
 ( 1.000000000000000000, 0.8538861257352946543, 0.8538861257352946543, 1.000000000000000000),
 ( 0.8312495820436721639, 0.7097924851303542004, 0.7097924851303542004, 0.8312495820436721639),
 ( 0.8312495820436721639, 0.7097924851303542004, 0.7097924851303542004, 0.8312495820436721639),
 ( 1.000000000000000000, 0.8538861257352946543, 0.8538861257352946543, 1.000000000000000000) ) ) 
 REPRESENTATION_ITEM ( '' )  SURFACE ( )  );
#1874 = DIRECTION ( 'NONE',  ( -0.0000000000000000000, 0.9805806756909201116, 0.1961161351381840168 ) ) ;
#1875 = LINE ( 'NONE', #3863, #4264 ) ;
#1876 = ORIENTED_EDGE ( 'NONE', *, *, #1520, .T. ) ;
#1877 = VECTOR ( 'NONE', #628, 999.9999999999998863 ) ;
#1878 = EDGE_CURVE ( 'NONE', #4026, #3915, #1461, .T. ) ;
#1879 = ORIENTED_EDGE ( 'NONE', *, *, #2892, .F. ) ;
#1880 = LINE ( 'NONE', #1279, #1318 ) ;
#1881 = CARTESIAN_POINT ( 'NONE',  ( 5.299999999999999822, -2.700000000000009948, 4.580000000000025828 ) ) ;
#1882 = CARTESIAN_POINT ( 'NONE',  ( 9.667957166897570787, 0.0000000000000000000, 6.999999999999999112 ) ) ;
#1883 = CIRCLE ( 'NONE', #1312, 0.2999999999999999334 ) ;
#1884 = ORIENTED_EDGE ( 'NONE', *, *, #1644, .F. ) ;
#1885 = CARTESIAN_POINT ( 'NONE',  ( 4.950000000002678924, 12.71195981187718616, 1.677797158873360228 ) ) ;
#1886 = VECTOR ( 'NONE', #3341, 1000.000000000000000 ) ;
#1887 = CARTESIAN_POINT ( 'NONE',  ( 4.130405133862626421, 12.69953703111901611, -6.603684330418799320 ) ) ;
#1888 = CARTESIAN_POINT ( 'NONE',  ( 5.749999999999304556, 12.66838590191671443, 1.709697409983178318 ) ) ;
#1889 = DIRECTION ( 'NONE',  ( 1.000000000000000000, 0.0000000000000000000, 0.0000000000000000000 ) ) ;
#1890 = AXIS2_PLACEMENT_3D ( 'NONE', #4272, #868, #506 ) ;
#1891 = CONTEXT_DEPENDENT_SHAPE_REPRESENTATION ( #1659, #1444 ) ;
#1892 = ORIENTED_EDGE ( 'NONE', *, *, #3747, .F. ) ;
#1893 = DIRECTION ( 'NONE',  ( 0.2763074248798411681, 0.9610693039298835449, 0.0000000000000000000 ) ) ;
#1894 = DIRECTION ( 'NONE',  ( 0.0000000000000000000, 0.0000000000000000000, 1.000000000000000000 ) ) ;
#1895 = CARTESIAN_POINT ( 'NONE',  ( 5.749999999999999112, 11.93500000000000050, -7.049999999999999822 ) ) ;
#1896 = EDGE_LOOP ( 'NONE', ( #2319, #2307, #3365, #225 ) ) ;
#1897 = DIRECTION ( 'NONE',  ( 0.0000000000000000000, 0.0000000000000000000, 1.000000000000000000 ) ) ;
#1898 = ADVANCED_FACE ( 'NONE', ( #2789 ), #1127, .F. ) ;
#1899 = APPLICATION_CONTEXT ( 'configuration controlled 3d designs of mechanical parts and assemblies' ) ;
#1900 = ORIENTED_EDGE ( 'NONE', *, *, #2050, .T. ) ;
#1901 = CARTESIAN_POINT ( 'NONE',  ( 5.749999999999319655, 12.72522597148189405, 3.421977066808654655 ) ) ;
#1902 = AXIS2_PLACEMENT_3D ( 'NONE', #348, #2527, #2450 ) ;
#1903 = CARTESIAN_POINT ( 'NONE',  ( 4.499999999999979572, 4.784159143999949571, -4.079999999999810001 ) ) ;
#1904 =( BOUNDED_SURFACE ( )  B_SPLINE_SURFACE ( 3, 3, ( 
 ( #472, #3684, #2532, #3322 ),
 ( #1845, #1613, #1285, #2582 ),
 ( #4257, #1184, #853, #837 ),
 ( #3904, #578, #4281, #1975 ) ),
 .UNSPECIFIED., .F., .F., .F. ) 
 B_SPLINE_SURFACE_WITH_KNOTS ( ( 4, 4 ),
 ( 4, 4 ),
 ( 0.0000000000000000000, 1.000000000000000000 ),
 ( 0.0000000000000000000, 1.000000000000000000 ),
 .UNSPECIFIED. ) 
 GEOMETRIC_REPRESENTATION_ITEM ( )  RATIONAL_B_SPLINE_SURFACE ( (
 ( 1.000000000000000000, 0.3333333333333334259, 0.3333333333333334259, 1.000000000000000000),
 ( 0.9988808742757321335, 0.3329602914252441370, 0.3329602914252441370, 0.9988808742757321335),
 ( 0.9988808742757321335, 0.3329602914252441370, 0.3329602914252441370, 0.9988808742757321335),
 ( 1.000000000000000000, 0.3333333333333334259, 0.3333333333333334259, 1.000000000000000000) ) ) 
 REPRESENTATION_ITEM ( '' )  SURFACE ( )  );
#1905 = DIRECTION ( 'NONE',  ( 1.794541526872530066E-14, 1.889646980599319876E-14, -1.000000000000000000 ) ) ;
#1906 = EDGE_CURVE ( 'NONE', #1345, #43, #4397, .T. ) ;
#1907 = B_SPLINE_CURVE_WITH_KNOTS ( 'NONE', 3,
 ( #1036, #3105, #3400, #633 ),
 .UNSPECIFIED., .F., .F.,
 ( 4, 4 ),
 ( 2.697442093118649891E-15, 0.0007166189195523339382 ),
 .UNSPECIFIED. ) ;
#1908 = CARTESIAN_POINT ( 'NONE',  ( 5.500000000000000000, -0.05000000078162009781, 0.8000000000001420419 ) ) ;
#1909 = VECTOR ( 'NONE', #2355, 1000.000000000000000 ) ;
#1910 = CARTESIAN_POINT ( 'NONE',  ( 5.350000000000000533, 13.99999999999999822, 5.080000000000000071 ) ) ;
#1911 = EDGE_CURVE ( 'NONE', #389, #2198, #3415, .T. ) ;
#1912 = EDGE_LOOP ( 'NONE', ( #2446, #416, #1818, #1005 ) ) ;
#1913 = CARTESIAN_POINT ( 'NONE',  ( 5.749999999996039612, 12.66532890578434234, -6.790780456545830290 ) ) ;
#1914 = CIRCLE ( 'NONE', #830, 0.8000000000000003775 ) ;
#1915 = CARTESIAN_POINT ( 'NONE',  ( 5.749999999999932498, 12.72445880131370011, 1.658090098931876977 ) ) ;
#1916 = AXIS2_PLACEMENT_3D ( 'NONE', #4054, #3696, #4428 ) ;
#1917 = PLANE ( 'NONE',  #1084 ) ;
#1918 = PERSON_AND_ORGANIZATION ( #2659, #2350 ) ;
#1919 = ORIENTED_EDGE ( 'NONE', *, *, #2452, .F. ) ;
#1920 = FACE_OUTER_BOUND ( 'NONE', #3344, .T. ) ;
#1921 = ORIENTED_EDGE ( 'NONE', *, *, #2402, .F. ) ;
#1922 = CARTESIAN_POINT ( 'NONE',  ( 5.750000000000000000, 12.40938025447665893, -6.822602432482845813 ) ) ;
#1923 = CARTESIAN_POINT ( 'NONE',  ( 7.167157287525209419, 11.23499999999981647, 2.225375855715045357E-16 ) ) ;
#1924 = DIRECTION ( 'NONE',  ( 1.000000000000000000, -9.136576017787367610E-16, 0.0000000000000000000 ) ) ;
#1925 = ORIENTED_EDGE ( 'NONE', *, *, #52, .F. ) ;
#1926 = CARTESIAN_POINT ( 'NONE',  ( 9.250000000000000000, 5.200000000000008171, 6.379999999999999893 ) ) ;
#1927 = CARTESIAN_POINT ( 'NONE',  ( 3.650000000000294342, 11.23499999999999943, 5.080000000000000071 ) ) ;
#1928 = DIRECTION ( 'NONE',  ( -1.000000000000000000, 1.171453342316279939E-15, 5.517568307814269711E-16 ) ) ;
#1929 = VERTEX_POINT ( 'NONE', #3442 ) ;
#1930 = CARTESIAN_POINT ( 'NONE',  ( 7.049999999999684519, 11.23499999999999766, 1.680000000000611893 ) ) ;
#1931 = EDGE_LOOP ( 'NONE', ( #4224, #3032, #1860, #2722 ) ) ;
#1932 = EDGE_CURVE ( 'NONE', #1345, #3465, #2162, .T. ) ;
#1933 = CARTESIAN_POINT ( 'NONE',  ( 4.950000000004743050, 12.69570467254462187, 1.694697213584751339 ) ) ;
#1934 = DIRECTION ( 'NONE',  ( 1.000000000000000000, -9.854725885015578669E-16, 0.0000000000000000000 ) ) ;
#1935 = DIRECTION ( 'NONE',  ( -1.000000000000000000, 3.338853781347929776E-28, -1.794541526872530066E-14 ) ) ;
#1936 = EDGE_CURVE ( 'NONE', #3630, #3485, #1394, .T. ) ;
#1937 = EDGE_LOOP ( 'NONE', ( #2075, #1114, #2448, #1433, #2483, #3895, #40, #2326 ) ) ;
#1938 = COORDINATED_UNIVERSAL_TIME_OFFSET ( 0, 0, .AHEAD. ) ;
#1939 = FACE_BOUND ( 'NONE', #4247, .T. ) ;
#1940 = DIRECTION ( 'NONE',  ( -0.1543768802736090462, 0.9880120337511014705, 0.0000000000000000000 ) ) ;
#1941 = ORIENTED_EDGE ( 'NONE', *, *, #3247, .T. ) ;
#1942 = FACE_OUTER_BOUND ( 'NONE', #2007, .T. ) ;
#1943 = CARTESIAN_POINT ( 'NONE',  ( 10.25000000000000000, 1.699999999999998179, -1.799999999999999822 ) ) ;
#1944 = CARTESIAN_POINT ( 'NONE',  ( 3.650000000000295231, 11.23499999999999943, -4.163799117100252621E-16 ) ) ;
#1945 = ORIENTED_EDGE ( 'NONE', *, *, #3776, .F. ) ;
#1946 = CYLINDRICAL_SURFACE ( 'NONE', #4384, 0.2999999999999999334 ) ;
#1947 = CARTESIAN_POINT ( 'NONE',  ( 5.299999999999990052, -0.05000000078161020295, -4.579999999999880167 ) ) ;
#1948 = ORIENTED_EDGE ( 'NONE', *, *, #2238, .T. ) ;
#1949 = ORIENTED_EDGE ( 'NONE', *, *, #119, .T. ) ;
#1950 = CARTESIAN_POINT ( 'NONE',  ( 3.689038437082761135, 12.73500000000000121, -6.514260371341593064E-09 ) ) ;
#1951 = VECTOR ( 'NONE', #386, 1000.000000000000000 ) ;
#1952 = PERSON ( 'NAUO-PER1', 'UNSPECIFIED', 'UNSPECIFIED', ('UNSPECIFIED'), ('UNSPECIFIED'), ('UNSPECIFIED') ) ;
#1953 = CARTESIAN_POINT ( 'NONE',  ( 0.8535898384862232735, 0.0000000000000000000, -8.220000000000000639 ) ) ;
#1954 = EDGE_CURVE ( 'NONE', #2813, #1093, #4165, .T. ) ;
#1955 = AXIS2_PLACEMENT_3D ( 'NONE', #287, #4441, #651 ) ;
#1956 = DIRECTION ( 'NONE',  ( -0.0000000000000000000, -1.000000000000000000, -0.0000000000000000000 ) ) ;
#1957 = ORIENTED_EDGE ( 'NONE', *, *, #3441, .F. ) ;
#1958 = APPROVAL_DATE_TIME ( #583, #133 ) ;
#1959 = AXIS2_PLACEMENT_3D ( 'NONE', #2377, #3383, #3435 ) ;
#1960 = EDGE_CURVE ( 'NONE', #288, #833, #3970, .T. ) ;
#1961 = CARTESIAN_POINT ( 'NONE',  ( 5.349999999999989875, 12.73499999999999943, 0.0000000000000000000 ) ) ;
#1962 = VECTOR ( 'NONE', #761, 1000.000000000000000 ) ;
#1963 = EDGE_CURVE ( 'NONE', #1276, #4293, #3908, .T. ) ;
#1964 = CARTESIAN_POINT ( 'NONE',  ( 5.722352193219255589, 12.64656426582414994, -3.359536131036214179 ) ) ;
#1965 = CARTESIAN_POINT ( 'NONE',  ( 9.250000000000000000, 2.199999999999990852, -3.780000000000001137 ) ) ;
#1966 = DIRECTION ( 'NONE',  ( -1.734723475976806779E-14, 0.0000000000000000000, 1.000000000000000000 ) ) ;
#1967 = EDGE_LOOP ( 'NONE', ( #925, #2850, #2444, #738 ) ) ;
#1968 = CARTESIAN_POINT ( 'NONE',  ( 10.25000000000000000, 6.799999999999999822, 1.799999999999999600 ) ) ;
#1969 = DIRECTION ( 'NONE',  ( -1.000000000000000000, 0.0000000000000000000, 0.0000000000000000000 ) ) ;
#1970 = DIRECTION ( 'NONE',  ( 0.0000000000000000000, -1.000000000000000000, 0.0000000000000000000 ) ) ;
#1971 = PLANE ( 'NONE',  #740 ) ;
#1972 = VECTOR ( 'NONE', #2712, 999.9999999999998863 ) ;
#1973 = ORIENTED_EDGE ( 'NONE', *, *, #719, .F. ) ;
#1974 = DIRECTION ( 'NONE',  ( 0.8944271909999154113, 0.0000000000000000000, 0.4472135954999587604 ) ) ;
#1975 = CARTESIAN_POINT ( 'NONE',  ( 3.449999999999990408, 11.43500000000000050, -4.653657836759942730E-16 ) ) ;
#1976 = AXIS2_PLACEMENT_3D ( 'NONE', #3709, #2018, #1974 ) ;
#1977 = DIRECTION ( 'NONE',  ( -1.000000000000000000, 0.0000000000000000000, 0.0000000000000000000 ) ) ;
#1978 = VECTOR ( 'NONE', #522, 1000.000000000000000 ) ;
#1979 = ORIENTED_EDGE ( 'NONE', *, *, #3448, .T. ) ;
#1980 = APPROVAL_ROLE ( '' ) ;
#1981 = ORIENTED_EDGE ( 'NONE', *, *, #1357, .F. ) ;
#1982 = LOCAL_TIME ( 21, 41, 59.00000000000000000, #3220 ) ;
#1983 = CARTESIAN_POINT ( 'NONE',  ( 3.595871267840948349, 12.69953703111901433, 5.079999999999997407 ) ) ;
#1984 = ORIENTED_EDGE ( 'NONE', *, *, #2161, .F. ) ;
#1985 = CARTESIAN_POINT ( 'NONE',  ( 0.0000000000000000000, 0.0000000000000000000, -10.16000000000000014 ) ) ;
#1986 = FACE_OUTER_BOUND ( 'NONE', #1912, .T. ) ;
#1987 = ADVANCED_FACE ( 'NONE', ( #1066 ), #3141, .T. ) ;
#1988 = ORIENTED_EDGE ( 'NONE', *, *, #3916, .T. ) ;
#1989 = ORGANIZATION ( 'NAUO-ORG5', 'UNSPECIFIED', 'UNSPECIFIED' ) ;
#1990 = CARTESIAN_POINT ( 'NONE',  ( 4.949999999999991296, 12.73499999999999943, 3.467917139009471406 ) ) ;
#1991 = VERTEX_POINT ( 'NONE', #299 ) ;
#1992 = EDGE_CURVE ( 'NONE', #652, #1440, #3086, .T. ) ;
#1993 = CARTESIAN_POINT ( 'NONE',  ( 7.249999999999991118, 11.43499999999999694, -5.080000000000000959 ) ) ;
#1994 = DIRECTION ( 'NONE',  ( 0.0000000000000000000, -1.000000000000000000, 0.0000000000000000000 ) ) ;
#1995 = CARTESIAN_POINT ( 'NONE',  ( 4.985603046728845023, 12.73499999999999943, 6.700501777581902907 ) ) ;
#1996 = ORIENTED_EDGE ( 'NONE', *, *, #711, .F. ) ;
#1997 = CARTESIAN_POINT ( 'NONE',  ( 1.189999999999998392, 4.336808689942017736E-16, 7.620000000000000107 ) ) ;
#1998 = ORIENTED_EDGE ( 'NONE', *, *, #1605, .F. ) ;
#1999 = APPROVAL ( #1864, 'UNKNOWN' ) ;
#2000 = PERSON_AND_ORGANIZATION ( #3898, #1989 ) ;
#2001 = ORIENTED_EDGE ( 'NONE', *, *, #304, .F. ) ;
#2002 = DIRECTION ( 'NONE',  ( 1.000000000000000000, -3.338853781347929776E-28, 1.794541526872530066E-14 ) ) ;
#2003 = DIRECTION ( 'NONE',  ( -1.000000000000000000, 0.0000000000000000000, -0.0000000000000000000 ) ) ;
#2004 = CARTESIAN_POINT ( 'NONE',  ( 3.589703979382066201, 12.64656426582840432, -5.080000003448557067 ) ) ;
#2005 = APPLICATION_PROTOCOL_DEFINITION ( 'international standard', 'config_control_design', 1994, #1899 ) ;
#2006 = CARTESIAN_POINT ( 'NONE',  ( 3.449999999999990408, 11.43500000000000227, 8.880000000000002558 ) ) ;
#2007 = EDGE_LOOP ( 'NONE', ( #1364, #8, #1375, #1208, #3286, #1941 ) ) ;
#2008 = LINE ( 'NONE', #1709, #897 ) ;
#2009 = DIRECTION ( 'NONE',  ( -0.8660254037844380415, 0.0000000000000000000, 0.5000000000000009992 ) ) ;
#2010 = CARTESIAN_POINT ( 'NONE',  ( 7.325000000000000178, 13.99999999999999822, 0.0000000000000000000 ) ) ;
#2011 = EDGE_CURVE ( 'NONE', #3418, #2961, #2807, .T. ) ;
#2012 = DIRECTION ( 'NONE',  ( 0.8944271909999154113, 0.0000000000000000000, -0.4472135954999587604 ) ) ;
#2013 =( BOUNDED_SURFACE ( )  B_SPLINE_SURFACE ( 3, 3, ( 
 ( #893, #196, #1842, #876 ),
 ( #2284, #851, #4278, #1180 ),
 ( #3219, #3943, #3901, #1203 ),
 ( #2231, #3599, #2555, #4302 ) ),
 .UNSPECIFIED., .F., .F., .F. ) 
 B_SPLINE_SURFACE_WITH_KNOTS ( ( 4, 4 ),
 ( 4, 4 ),
 ( 0.0000000000000000000, 1.000000000000000000 ),
 ( 0.0000000000000000000, 1.000000000000000000 ),
 .UNSPECIFIED. ) 
 GEOMETRIC_REPRESENTATION_ITEM ( )  RATIONAL_B_SPLINE_SURFACE ( (
 ( 1.000000000000000000, 0.3333333333333332038, 0.3333333333333332038, 1.000000000000000000),
 ( 0.8047378541240031158, 0.2682459513746676127, 0.2682459513746676127, 0.8047378541240031158),
 ( 0.8047378541240031158, 0.2682459513746676127, 0.2682459513746676127, 0.8047378541240031158),
 ( 1.000000000000000000, 0.3333333333333332038, 0.3333333333333332038, 1.000000000000000000) ) ) 
 REPRESENTATION_ITEM ( '' )  SURFACE ( )  );
#2014 = PLANE ( 'NONE',  #1653 ) ;
#2015 = EDGE_CURVE ( 'NONE', #1638, #563, #3484, .T. ) ;
#2016 = CARTESIAN_POINT ( 'NONE',  ( 4.950000000003958789, 12.66532890578434767, 6.790780456545832955 ) ) ;
#2017 = ORIENTED_EDGE ( 'NONE', *, *, #1043, .F. ) ;
#2018 = DIRECTION ( 'NONE',  ( -0.4472135954999588159, 0.0000000000000000000, 0.8944271909999155223 ) ) ;
#2019 = CARTESIAN_POINT ( 'NONE',  ( 5.300000000000020250, -0.05000000078158019917, -0.8000000000000445644 ) ) ;
#2020 =( BOUNDED_CURVE ( )  B_SPLINE_CURVE ( 3, ( #1499, #2829, #1142, #2514 ),
 .UNSPECIFIED., .F., .T. ) 
 B_SPLINE_CURVE_WITH_KNOTS ( ( 4, 4 ),
 ( 0.0000000000000000000, 1.000000000000000000 ),
 .UNSPECIFIED. ) 
 CURVE ( )  GEOMETRIC_REPRESENTATION_ITEM ( )  RATIONAL_B_SPLINE_CURVE ( ( 1.000000000000000000, 0.8584414868985700275, 0.8584414868985700275, 1.000000000000000000 ) ) 
 REPRESENTATION_ITEM ( '' )  );
#2021 = VECTOR ( 'NONE', #3237, 1000.000000000000000 ) ;
#2022 = ORIENTED_EDGE ( 'NONE', *, *, #4425, .T. ) ;
#2023 = ORIENTED_EDGE ( 'NONE', *, *, #3921, .F. ) ;
#2024 = DATE_TIME_ROLE ( 'classification_date' ) ;
#2025 = VECTOR ( 'NONE', #1796, 1000.000000000000000 ) ;
#2026 = CARTESIAN_POINT ( 'NONE',  ( 3.650000000000296119, 11.23499999999999943, -5.080000000000000071 ) ) ;
#2027 = CARTESIAN_POINT ( 'NONE',  ( 3.635702501169020717, 12.73500000000000298, 4.243824448946758032 ) ) ;
#2028 = CIRCLE ( 'NONE', #4112, 1.760296020627533320 ) ;
#2029 =( NAMED_UNIT ( * ) SI_UNIT ( $, .STERADIAN. ) SOLID_ANGLE_UNIT ( ) );
#2030 = CARTESIAN_POINT ( 'NONE',  ( 7.248658176329019653, 11.45812853167897138, 8.877316352658057852 ) ) ;
#2031 = VERTEX_POINT ( 'NONE', #387 ) ;
#2032 = DIRECTION ( 'NONE',  ( -1.171453342316279939E-15, -1.000000000000000000, -0.0000000000000000000 ) ) ;
#2033 = DIRECTION ( 'NONE',  ( 1.000000000000000000, -9.411788633734763438E-16, 0.0000000000000000000 ) ) ;
#2034 = AXIS2_PLACEMENT_3D ( 'NONE', #1856, #150, #2273 ) ;
#2035 = CARTESIAN_POINT ( 'NONE',  ( 7.049999999999685407, 11.23499999999999588, 2.081899558550126310E-16 ) ) ;
#2036 = DIRECTION ( 'NONE',  ( -2.501911041408800138E-16, -1.000000000000000000, 0.0000000000000000000 ) ) ;
#2037 = CARTESIAN_POINT ( 'NONE',  ( 9.250000000000000000, 5.199999999999996625, -1.299999999999998712 ) ) ;
#2038 = CARTESIAN_POINT ( 'NONE',  ( 1.810000000000000275, 6.600000000000004974, 7.620000000000000107 ) ) ;
#2039 = EDGE_CURVE ( 'NONE', #4200, #3645, #324, .T. ) ;
#2040 = CARTESIAN_POINT ( 'NONE',  ( 5.749999999999928946, 12.71957496777950780, -3.411852983646769921 ) ) ;
#2041 = DIRECTION ( 'NONE',  ( -0.4999999999999999445, 0.0000000000000000000, -0.8660254037844387076 ) ) ;
#2042 = LINE ( 'NONE', #2398, #1402 ) ;
#2043 = ORIENTED_EDGE ( 'NONE', *, *, #575, .T. ) ;
#2044 = CARTESIAN_POINT ( 'NONE',  ( 4.178667269030222009, 12.73500000000000121, -1.420694998831673717 ) ) ;
#2045 = ORIENTED_EDGE ( 'NONE', *, *, #52, .T. ) ;
#2046 = EDGE_CURVE ( 'NONE', #1260, #3465, #2897, .T. ) ;
#2047 = EDGE_CURVE ( 'NONE', #3653, #288, #2247, .T. ) ;
#2048 = EDGE_LOOP ( 'NONE', ( #3249, #307, #1925, #1009 ) ) ;
#2049 = PERSON_AND_ORGANIZATION_ROLE ( 'classification_officer' ) ;
#2050 = EDGE_CURVE ( 'NONE', #632, #2436, #3206, .T. ) ;
#2051 = VECTOR ( 'NONE', #81, 1000.000000000000114 ) ;
#2052 = CARTESIAN_POINT ( 'NONE',  ( 4.126117196948061228, 12.64656426582076776, 3.550958593663656071 ) ) ;
#2053 = CARTESIAN_POINT ( 'NONE',  ( 0.0000000000000000000, 0.0000000000000000000, -40.64000000000000057 ) ) ;
#2054 = CARTESIAN_POINT ( 'NONE',  ( 4.949999999999991296, 12.73499999999999943, -3.467917139009471406 ) ) ;
#2055 = ORIENTED_EDGE ( 'NONE', *, *, #2297, .F. ) ;
#2056 = CARTESIAN_POINT ( 'NONE',  ( 5.750000000000000888, 12.17219196889117505, 1.770922332791127429 ) ) ;
#2057 = VECTOR ( 'NONE', #2193, 1000.000000000000000 ) ;
#2058 = CARTESIAN_POINT ( 'NONE',  ( 10.25000000000000000, 6.799999999999999822, 7.620000000000000107 ) ) ;
#2059 = FACE_OUTER_BOUND ( 'NONE', #566, .T. ) ;
#2060 = CARTESIAN_POINT ( 'NONE',  ( 10.25000000000000000, 1.699999999999989742, 7.620000000000000107 ) ) ;
#2061 = CARTESIAN_POINT ( 'NONE',  ( 4.949999999999999289, 11.93499999999701977, -3.280788672664280980 ) ) ;
#2062 = DIRECTION ( 'NONE',  ( 1.000000000000000000, 0.0000000000000000000, 0.0000000000000000000 ) ) ;
#2063 = EDGE_LOOP ( 'NONE', ( #2388, #3309, #1058, #2017 ) ) ;
#2064 = CARTESIAN_POINT ( 'NONE',  ( 3.649999999999990141, 11.43500000000000227, -5.080000000000000071 ) ) ;
#2065 = ORIENTED_EDGE ( 'NONE', *, *, #691, .F. ) ;
#2066 = CARTESIAN_POINT ( 'NONE',  ( 7.249552224325725547, 11.45044927442902782, 5.080000000000000959 ) ) ;
#2067 = EDGE_CURVE ( 'NONE', #215, #1566, #4222, .T. ) ;
#2068 = ORIENTED_EDGE ( 'NONE', *, *, #3720, .F. ) ;
#2069 = VERTEX_POINT ( 'NONE', #2876 ) ;
#2070 = DATE_TIME_ROLE ( 'classification_date' ) ;
#2071 = CARTESIAN_POINT ( 'NONE',  ( 10.25000000000000000, 6.199999999999998401, -6.880000000000001670 ) ) ;
#2072 = CARTESIAN_POINT ( 'NONE',  ( 4.985603046709013775, 12.73499999999999943, -1.620501777577442848 ) ) ;
#2073 = EDGE_CURVE ( 'NONE', #3443, #3450, #3505, .T. ) ;
#2074 = DIRECTION ( 'NONE',  ( 0.7071067811865480168, -0.7071067811865470176, 0.0000000000000000000 ) ) ;
#2075 = ORIENTED_EDGE ( 'NONE', *, *, #1878, .T. ) ;
#2076 = DIRECTION ( 'NONE',  ( 1.000000000000000000, -9.854725885015578669E-16, 0.0000000000000000000 ) ) ;
#2077 = LINE ( 'NONE', #1356, #317 ) ;
#2078 = DIRECTION ( 'NONE',  ( 0.0000000000000000000, -0.0000000000000000000, 1.000000000000000000 ) ) ;
#2079 = LINE ( 'NONE', #4393, #2701 ) ;
#2080 = EDGE_LOOP ( 'NONE', ( #2455, #100, #2671, #55, #570, #4307, #1781, #1531 ) ) ;
#2081 = CARTESIAN_POINT ( 'NONE',  ( 5.750000000000000000, 12.64656426582507898, 3.365753203230879897 ) ) ;
#2082 = DIRECTION ( 'NONE',  ( -1.000000000000000000, 1.332267629550187849E-15, 0.0000000000000000000 ) ) ;
#2083 = VERTEX_POINT ( 'NONE', #1525 ) ;
#2084 = CARTESIAN_POINT ( 'NONE',  ( 3.635702499534282151, 12.73500000000000298, 0.8361755491252442773 ) ) ;
#2085 = LINE ( 'NONE', #784, #10 ) ;
#2086 = DIRECTION ( 'NONE',  ( -1.734723475976807410E-14, 3.188457888917788296E-13, 1.000000000000000000 ) ) ;
#2087 = LINE ( 'NONE', #37, #2484 ) ;
#2088 = FACE_OUTER_BOUND ( 'NONE', #1191, .T. ) ;
#2089 = EDGE_CURVE ( 'NONE', #3653, #145, #1303, .T. ) ;
#2090 = FACE_OUTER_BOUND ( 'NONE', #864, .T. ) ;
#2091 = CARTESIAN_POINT ( 'NONE',  ( 3.449999999999990408, 11.31784271247447649, -5.080000000000000959 ) ) ;
#2092 = CIRCLE ( 'NONE', #155, 1.760296020627533320 ) ;
#2093 = PLANE ( 'NONE',  #751 ) ;
#2094 = CARTESIAN_POINT ( 'NONE',  ( 4.949999999999999289, 12.64656426582875959, -6.794246796764900509 ) ) ;
#2095 = VERTEX_POINT ( 'NONE', #4245 ) ;
#2096 = PERSON_AND_ORGANIZATION_ROLE ( 'classification_officer' ) ;
#2097 = ORIENTED_EDGE ( 'NONE', *, *, #1164, .F. ) ;
#2098 = CARTESIAN_POINT ( 'NONE',  ( 5.750000000000001776, 12.64656426582888926, 1.714246796764878011 ) ) ;
#2099 = VECTOR ( 'NONE', #3115, 1000.000000000000000 ) ;
#2100 = CARTESIAN_POINT ( 'NONE',  ( 9.250000000000000000, 2.199999999999989964, -3.779999999999999805 ) ) ;
#2101 = EDGE_CURVE ( 'NONE', #1929, #2234, #407, .T. ) ;
#2102 = DIRECTION ( 'NONE',  ( 1.000000000000000000, -0.0000000000000000000, 0.0000000000000000000 ) ) ;
#2103 = EDGE_CURVE ( 'NONE', #1330, #3012, #1117, .T. ) ;
#2104 = LINE ( 'NONE', #2690, #3337 ) ;
#2105 = CIRCLE ( 'NONE', #1955, 0.1999999999999996503 ) ;
#2106 = CARTESIAN_POINT ( 'NONE',  ( 4.178667266375339473, 12.73499999999999588, -3.659305001827072079 ) ) ;
#2107 = DIRECTION ( 'NONE',  ( 0.0000000000000000000, -0.9805806756909201116, -0.1961161351381840168 ) ) ;
#2108 = VECTOR ( 'NONE', #4194, 1000.000000000000000 ) ;
#2109 = DIRECTION ( 'NONE',  ( 0.0000000000000000000, 0.9805806756909204447, -0.1961161351381830731 ) ) ;
#2110 = CARTESIAN_POINT ( 'NONE',  ( 4.949999999999999289, 11.93500000000000050, -3.120000000000000107 ) ) ;
#2111 = AXIS2_PLACEMENT_3D ( 'NONE', #2642, #1479, #753 ) ;
#2112 = VERTEX_POINT ( 'NONE', #3571 ) ;
#2113 = DIRECTION ( 'NONE',  ( 2.501911041408800138E-16, 1.000000000000000000, -0.0000000000000000000 ) ) ;
#2114 = EDGE_LOOP ( 'NONE', ( #3548, #1423, #1232 ) ) ;
#2115 = DIRECTION ( 'NONE',  ( 0.8944271909999158554, 0.0000000000000000000, 0.4472135954999579277 ) ) ;
#2116 = DIRECTION ( 'NONE',  ( -2.501911041408800138E-16, -1.000000000000000000, 0.0000000000000000000 ) ) ;
#2117 = CARTESIAN_POINT ( 'NONE',  ( 5.299999999999990052, -0.05000000078161020295, -4.579999999999880167 ) ) ;
#2118 = ORIENTED_EDGE ( 'NONE', *, *, #3533, .T. ) ;
#2119 = CARTESIAN_POINT ( 'NONE',  ( 0.0000000000000000000, 0.0000000000000000000, -7.620000000000000107 ) ) ;
#2120 = DIRECTION ( 'NONE',  ( -1.000000000000000000, -0.0000000000000000000, -0.0000000000000000000 ) ) ;
#2121 = ORIENTED_EDGE ( 'NONE', *, *, #1476, .F. ) ;
#2122 = APPROVAL_DATE_TIME ( #1135, #45 ) ;
#2123 = CARTESIAN_POINT ( 'NONE',  ( 10.25000000000000000, 6.199999999999999289, 1.299999999999999822 ) ) ;
#2124 = VERTEX_POINT ( 'NONE', #2197 ) ;
#2125 = CARTESIAN_POINT ( 'NONE',  ( 7.010966932452110001, 12.73499999999999588, -0.7947222771640977124 ) ) ;
#2126 = CARTESIAN_POINT ( 'NONE',  ( 4.950000000000155609, 12.70509370452902331, -1.685475017931662878 ) ) ;
#2127 = AXIS2_PLACEMENT_3D ( 'NONE', #2389, #2032, #1316 ) ;
#2128 = EDGE_CURVE ( 'NONE', #2337, #1053, #3933, .T. ) ;
#2129 = DIRECTION ( 'NONE',  ( 1.000000000000000000, 0.0000000000000000000, 0.0000000000000000000 ) ) ;
#2130 = AXIS2_PLACEMENT_3D ( 'NONE', #449, #140, #2537 ) ;
#2131 = EDGE_CURVE ( 'NONE', #106, #87, #3884, .T. ) ;
#2132 = CARTESIAN_POINT ( 'NONE',  ( 5.350000000000000533, 13.99999999999999822, -5.080000000000000071 ) ) ;
#2133 = DIRECTION ( 'NONE',  ( -1.000000000000000000, -0.0000000000000000000, -0.0000000000000000000 ) ) ;
#2134 = VERTEX_POINT ( 'NONE', #2174 ) ;
#2135 = APPROVAL_PERSON_ORGANIZATION ( #1428, #4168, #1795 ) ;
#2136 = EDGE_CURVE ( 'NONE', #956, #1553, #2894, .T. ) ;
#2137 = ORIENTED_EDGE ( 'NONE', *, *, #3454, .F. ) ;
#2138 = FACE_OUTER_BOUND ( 'NONE', #2478, .T. ) ;
#2139 = CARTESIAN_POINT ( 'NONE',  ( 7.249999999999990230, 11.43499999999999872, 1.280000000000000693 ) ) ;
#2140 = ORIENTED_EDGE ( 'NONE', *, *, #2073, .F. ) ;
#2141 = CARTESIAN_POINT ( 'NONE',  ( 0.0000000000000000000, 0.0000000000000000000, 7.620000000000000107 ) ) ;
#2142 = DIRECTION ( 'NONE',  ( 1.000000000000000000, 0.0000000000000000000, 0.0000000000000000000 ) ) ;
#2143 = CARTESIAN_POINT ( 'NONE',  ( 8.353589838486222163, 6.599999999999995204, -8.220000000000002416 ) ) ;
#2144 = CARTESIAN_POINT ( 'NONE',  ( 7.167157287525207643, 11.23499999999981824, 3.634314575050436869 ) ) ;
#2145 = CARTESIAN_POINT ( 'NONE',  ( 4.195177833015006463, 12.73500000000000298, -1.442761435875965947 ) ) ;
#2146 = ORIENTED_EDGE ( 'NONE', *, *, #2159, .F. ) ;
#2147 = SHAPE_DEFINITION_REPRESENTATION ( #715, #3522 ) ;
#2148 = CARTESIAN_POINT ( 'NONE',  ( 4.949999999999989519, 12.73499999999999943, -5.080000000000000071 ) ) ;
#2149 = ORIENTED_EDGE ( 'NONE', *, *, #3053, .T. ) ;
#2150 = CARTESIAN_POINT ( 'NONE',  ( 7.249999999999988454, 11.43499999999999694, -8.879999999999999005 ) ) ;
#2151 = CARTESIAN_POINT ( 'NONE',  ( 5.749999999999992895, 12.73499999999999943, 1.612082860990527999 ) ) ;
#2152 = CARTESIAN_POINT ( 'NONE',  ( 0.0000000000000000000, 10.00000000000000000, 7.620000000000000107 ) ) ;
#2153 = ADVANCED_FACE ( 'NONE', ( #428 ), #502, .F. ) ;
#2154 = DIRECTION ( 'NONE',  ( 1.000000000000000000, 0.0000000000000000000, 0.0000000000000000000 ) ) ;
#2155 = ORIENTED_EDGE ( 'NONE', *, *, #1813, .F. ) ;
#2156 = ORIENTED_EDGE ( 'NONE', *, *, #3247, .F. ) ;
#2157 = DIRECTION ( 'NONE',  ( -1.171453342316279939E-15, -1.000000000000000000, 0.0000000000000000000 ) ) ;
#2158 = CARTESIAN_POINT ( 'NONE',  ( 5.349999999999989875, 12.73499999999999943, -5.080000000000000071 ) ) ;
#2159 = EDGE_CURVE ( 'NONE', #3327, #1727, #1875, .T. ) ;
#2160 = CARTESIAN_POINT ( 'NONE',  ( 4.949999999999991296, 12.73499999999999943, -6.692082860990527848 ) ) ;
#2161 = EDGE_CURVE ( 'NONE', #3935, #1573, #3248, .T. ) ;
#2162 = LINE ( 'NONE', #435, #2385 ) ;
#2163 = ORIENTED_EDGE ( 'NONE', *, *, #832, .F. ) ;
#2164 = CARTESIAN_POINT ( 'NONE',  ( 2.146410161513769843, 6.599999999999999645, -8.220000000000000639 ) ) ;
#2165 = CARTESIAN_POINT ( 'NONE',  ( 4.949999999999989519, 12.73499999999999943, 0.0000000000000000000 ) ) ;
#2166 = CARTESIAN_POINT ( 'NONE',  ( 9.250000000000000000, 7.599999999999998757, 7.619999999999999218 ) ) ;
#2167 = ORIENTED_EDGE ( 'NONE', *, *, #998, .T. ) ;
#2168 = CALENDAR_DATE ( 2019, 21, 10 ) ;
#2169 = EDGE_LOOP ( 'NONE', ( #2595, #2190, #1996, #766, #551, #4381, #1814, #1822 ) ) ;
#2170 = CARTESIAN_POINT ( 'NONE',  ( 4.949999999999998401, 12.17219196889104005, 3.309077667208847995 ) ) ;
#2171 = AXIS2_PLACEMENT_3D ( 'NONE', #298, #1863, #2717 ) ;
#2172 = DIRECTION ( 'NONE',  ( -3.334909476821824268E-28, -1.000000000000000000, -5.984633544517506745E-42 ) ) ;
#2173 = AXIS2_PLACEMENT_3D ( 'NONE', #4035, #569, #4060 ) ;
#2174 = CARTESIAN_POINT ( 'NONE',  ( 7.248658176335226244, 11.45812853167969614, -2.206075080606631781E-41 ) ) ;
#2175 = ORIENTED_EDGE ( 'NONE', *, *, #2188, .F. ) ;
#2176 = CARTESIAN_POINT ( 'NONE',  ( 8.289638583737172439, 13.74631306408208964, 7.620000000000000107 ) ) ;
#2177 = ORIENTED_EDGE ( 'NONE', *, *, #2241, .T. ) ;
#2178 = EDGE_CURVE ( 'NONE', #3494, #2551, #3617, .T. ) ;
#2179 = AXIS2_PLACEMENT_3D ( 'NONE', #2117, #3489, #4113 ) ;
#2180 = DIRECTION ( 'NONE',  ( -9.136576017787371555E-16, -1.000000000000000000, -2.086925533220183900E-31 ) ) ;
#2181 = ORIENTED_EDGE ( 'NONE', *, *, #4271, .F. ) ;
#2182 = DIRECTION ( 'NONE',  ( 0.0000000000000000000, 0.0000000000000000000, 1.000000000000000000 ) ) ;
#2183 = DIRECTION ( 'NONE',  ( 1.000000000000000000, -0.0000000000000000000, 0.0000000000000000000 ) ) ;
#2184 = CARTESIAN_POINT ( 'NONE',  ( 9.309999999999998721, 0.0000000000000000000, 7.619999999999999218 ) ) ;
#2185 = ORIENTED_EDGE ( 'NONE', *, *, #616, .F. ) ;
#2186 = ADVANCED_FACE ( 'NONE', ( #4266 ), #3228, .F. ) ;
#2187 = PLANE ( 'NONE',  #4412 ) ;
#2188 = EDGE_CURVE ( 'NONE', #2508, #1608, #2832, .T. ) ;
#2189 = APPROVAL_STATUS ( 'not_yet_approved' ) ;
#2190 = ORIENTED_EDGE ( 'NONE', *, *, #995, .T. ) ;
#2191 = DIRECTION ( 'NONE',  ( 1.171453342316279939E-15, 1.000000000000000000, 0.0000000000000000000 ) ) ;
#2192 = ORIENTED_EDGE ( 'NONE', *, *, #3277, .T. ) ;
#2193 = DIRECTION ( 'NONE',  ( -0.0000000000000000000, -1.000000000000000000, 0.0000000000000000000 ) ) ;
#2194 = AXIS2_PLACEMENT_3D ( 'NONE', #758, #687, #2500 ) ;
#2195 =( BOUNDED_CURVE ( )  B_SPLINE_CURVE ( 3, ( #4213, #1494, #1136, #1450 ),
 .UNSPECIFIED., .F., .T. ) 
 B_SPLINE_CURVE_WITH_KNOTS ( ( 4, 4 ),
 ( 0.5000000007378365696, 1.000000000000000000 ),
 .UNSPECIFIED. ) 
 CURVE ( )  GEOMETRIC_REPRESENTATION_ITEM ( )  RATIONAL_B_SPLINE_CURVE ( ( 1.000000000000000000, 0.8584414873009038605, 0.8584414873009038605, 1.000000000000000000 ) ) 
 REPRESENTATION_ITEM ( '' )  );
#2196 = DIRECTION ( 'NONE',  ( 1.000000000000000000, -3.338853781347929776E-28, 1.794541526872530066E-14 ) ) ;
#2197 = CARTESIAN_POINT ( 'NONE',  ( 9.299999999999998934, 6.599999999999994316, -7.620000000000000107 ) ) ;
#2198 = VERTEX_POINT ( 'NONE', #3182 ) ;
#2199 = VECTOR ( 'NONE', #1204, 1000.000000000000000 ) ;
#2200 = ORIENTED_EDGE ( 'NONE', *, *, #4299, .F. ) ;
#2201 = DIRECTION ( 'NONE',  ( -1.794541526872530066E-14, -1.794541526872519968E-14, 1.000000000000000000 ) ) ;
#2202 = ORIENTED_EDGE ( 'NONE', *, *, #2792, .T. ) ;
#2203 = CARTESIAN_POINT ( 'NONE',  ( 5.749999999999869438, 12.73420261174141821, 6.705065273783199054 ) ) ;
#2204 = LOCAL_TIME ( 21, 41, 59.00000000000000000, #1493 ) ;
#2205 = CARTESIAN_POINT ( 'NONE',  ( 4.950000000000072120, 12.72947253920386856, -6.727765679071868732 ) ) ;
#2206 = LINE ( 'NONE', #152, #444 ) ;
#2207 = ORIENTED_EDGE ( 'NONE', *, *, #3560, .F. ) ;
#2208 = VECTOR ( 'NONE', #4078, 1000.000000000000000 ) ;
#2209 = CARTESIAN_POINT ( 'NONE',  ( 5.299999999999999822, -5.750000000781589904, 4.580000000000019611 ) ) ;
#2210 = DIRECTION ( 'NONE',  ( 1.000000000000000000, 0.0000000000000000000, 1.224646799147355919E-16 ) ) ;
#2211 = CARTESIAN_POINT ( 'NONE',  ( 4.963811392487187391, 12.64656426582840254, 6.797410969928463054 ) ) ;
#2212 = DIRECTION ( 'NONE',  ( 1.000000000000000000, -1.171453342316279939E-15, -1.931148907734990011E-16 ) ) ;
#2213 = ADVANCED_FACE ( 'NONE', ( #95 ), #2858, .T. ) ;
#2214 = CC_DESIGN_APPROVAL ( #1999, ( #2354 ) ) ;
#2215 = SECURITY_CLASSIFICATION_LEVEL ( 'unclassified' ) ;
#2216 = CARTESIAN_POINT ( 'NONE',  ( 5.499999999999584332, -0.05000000078158019917, 4.579999999999960103 ) ) ;
#2217 = ORIENTED_EDGE ( 'NONE', *, *, #1911, .F. ) ;
#2218 = CARTESIAN_POINT ( 'NONE',  ( 3.449999999999990852, 11.43500000000000050, -8.879999999999999005 ) ) ;
#2219 = ADVANCED_FACE ( 'NONE', ( #2317 ), #598, .T. ) ;
#2220 = CARTESIAN_POINT ( 'NONE',  ( 10.25000000000000000, 0.0000000000000000000, 5.584196010977269253 ) ) ;
#2221 = CARTESIAN_POINT ( 'NONE',  ( 5.349999999999989875, 11.43500000000000050, 5.080000000000000071 ) ) ;
#2222 = DIRECTION ( 'NONE',  ( 0.0000000000000000000, -0.0000000000000000000, -1.000000000000000000 ) ) ;
#2223 = ORIENTED_EDGE ( 'NONE', *, *, #3110, .F. ) ;
#2224 = CARTESIAN_POINT ( 'NONE',  ( 5.750000000000000000, 12.64914866789105297, 3.366062171634784495 ) ) ;
#2225 = DIRECTION ( 'NONE',  ( 1.224646799147353207E-16, -1.434616586018100824E-31, -1.000000000000000000 ) ) ;
#2226 =( BOUNDED_SURFACE ( )  B_SPLINE_SURFACE ( 3, 3, ( 
 ( #3826, #4137, #1489, #3806 ),
 ( #3514, #4206, #3875, #1443 ),
 ( #714, #1719, #2144, #2817 ),
 ( #4178, #2505, #786, #1466 ) ),
 .UNSPECIFIED., .F., .F., .F. ) 
 B_SPLINE_SURFACE_WITH_KNOTS ( ( 4, 4 ),
 ( 4, 4 ),
 ( 0.0000000000000000000, 1.000000000000000000 ),
 ( 0.0000000000000000000, 1.000000000000000000 ),
 .UNSPECIFIED. ) 
 GEOMETRIC_REPRESENTATION_ITEM ( )  RATIONAL_B_SPLINE_SURFACE ( (
 ( 1.000000000000000000, 0.3333333333333334259, 0.3333333333333334259, 1.000000000000000000),
 ( 0.8047378541240031158, 0.2682459513746677793, 0.2682459513746677793, 0.8047378541240031158),
 ( 0.8047378541240031158, 0.2682459513746677793, 0.2682459513746677793, 0.8047378541240031158),
 ( 1.000000000000000000, 0.3333333333333334259, 0.3333333333333334259, 1.000000000000000000) ) ) 
 REPRESENTATION_ITEM ( '' )  SURFACE ( )  );
#2227 = CARTESIAN_POINT ( 'NONE',  ( 7.049999999999991829, 11.43499999999999694, 5.079999999999999183 ) ) ;
#2228 = DIRECTION ( 'NONE',  ( -1.734723475976807410E-14, 0.0000000000000000000, 1.000000000000000000 ) ) ;
#2229 = VERTEX_POINT ( 'NONE', #2038 ) ;
#2230 = CARTESIAN_POINT ( 'NONE',  ( 4.950000000000680522, 12.73298944267163257, 1.635789504932165128 ) ) ;
#2231 = CARTESIAN_POINT ( 'NONE',  ( 3.650000000000295231, 11.23500000000000121, 5.080000000000000071 ) ) ;
#2232 = COORDINATED_UNIVERSAL_TIME_OFFSET ( 0, 0, .AHEAD. ) ;
#2233 = ADVANCED_FACE ( 'NONE', ( #4395 ), #1971, .T. ) ;
#2234 = VERTEX_POINT ( 'NONE', #1690 ) ;
#2235 = PLANE ( 'NONE',  #1201 ) ;
#2236 = B_SPLINE_CURVE_WITH_KNOTS ( 'NONE', 3,
 ( #676, #2056, #2711, #2098 ),
 .UNSPECIFIED., .F., .F.,
 ( 4, 4 ),
 ( 2.734128518929426992E-15, 0.0007166189195523916177 ),
 .UNSPECIFIED. ) ;
#2237 = CARTESIAN_POINT ( 'NONE',  ( 4.949999999999999289, 11.93499999999701977, 6.879211327335720938 ) ) ;
#2238 = EDGE_CURVE ( 'NONE', #3173, #3503, #3771, .T. ) ;
#2239 = CARTESIAN_POINT ( 'NONE',  ( 3.589703977699978843, 12.64656426582840432, 0.8586120510995512989 ) ) ;
#2240 = CARTESIAN_POINT ( 'NONE',  ( 7.249999999999992006, 11.31784271247447471, -3.800000000000002043 ) ) ;
#2241 = EDGE_CURVE ( 'NONE', #430, #4091, #3577, .T. ) ;
#2242 = CARTESIAN_POINT ( 'NONE',  ( 10.25000000000000000, 6.200000000000009948, 7.620000000000000107 ) ) ;
#2243 = ORIENTED_EDGE ( 'NONE', *, *, #2874, .F. ) ;
#2244 = VECTOR ( 'NONE', #3052, 1000.000000000000000 ) ;
#2245 = CARTESIAN_POINT ( 'NONE',  ( 7.325000000000000178, 13.99999999999999822, 5.080000000000000071 ) ) ;
#2246 = PLANE ( 'NONE',  #2611 ) ;
#2247 = B_SPLINE_CURVE_WITH_KNOTS ( 'NONE', 3,
 ( #3070, #1363, #3458, #48, #1045, #4106, #683, #342, #1092, #2470, #3842, #2016, #1502, #1600, #1826, #1190 ),
 .UNSPECIFIED., .F., .F.,
 ( 4, 3, 3, 3, 3, 4 ),
 ( 0.0000000000000000000, 3.531517381903964990E-05, 7.066450544071375083E-05, 0.0001054618491224980484, 0.0001392987215212466057, 0.0001469974402480890444 ),
 .UNSPECIFIED. ) ;
#2248 = VERTEX_POINT ( 'NONE', #1778 ) ;
#2249 = CARTESIAN_POINT ( 'NONE',  ( 5.749999999999992895, 12.73499999999999943, 1.612082860990527999 ) ) ;
#2250 = AXIS2_PLACEMENT_3D ( 'NONE', #1855, #2180, #4269 ) ;
#2251 = CARTESIAN_POINT ( 'NONE',  ( 1.078756443470130000, 6.599999999999999645, -8.220000000000000639 ) ) ;
#2252 = DIRECTION ( 'NONE',  ( -0.0000000000000000000, -0.0000000000000000000, 1.000000000000000000 ) ) ;
#2253 = CIRCLE ( 'NONE', #4041, 0.2999999999999999334 ) ;
#2254 = ORIENTED_EDGE ( 'NONE', *, *, #237, .F. ) ;
#2255 = FACE_OUTER_BOUND ( 'NONE', #4226, .T. ) ;
#2256 = DIRECTION ( 'NONE',  ( 0.0000000000000000000, 1.000000000000000000, 0.0000000000000000000 ) ) ;
#2257 = AXIS2_PLACEMENT_3D ( 'NONE', #2554, #512, #3261 ) ;
#2258 = CARTESIAN_POINT ( 'NONE',  ( 5.749999999999845457, 12.70509370452921161, 1.685475017931466590 ) ) ;
#2259 = CARTESIAN_POINT ( 'NONE',  ( 4.500000000000006217, 4.784159143999949571, 4.580000000000103100 ) ) ;
#2260 = DATE_AND_TIME ( #3582, #2990 ) ;
#2261 = ORIENTED_EDGE ( 'NONE', *, *, #1906, .F. ) ;
#2262 = CARTESIAN_POINT ( 'NONE',  ( 4.949999999999999289, 12.73499999999999943, -1.616418486922036379 ) ) ;
#2263 = CARTESIAN_POINT ( 'NONE',  ( 5.750000000000000888, 11.93499999999674976, 6.879211327335743142 ) ) ;
#2264 = CARTESIAN_POINT ( 'NONE',  ( 5.349999999999980993, 11.93499999999403727, 5.080000000000000071 ) ) ;
#2265 = B_SPLINE_CURVE_WITH_KNOTS ( 'NONE', 3,
 ( #1851, #3523, #3952, #142 ),
 .UNSPECIFIED., .F., .F.,
 ( 4, 4 ),
 ( 2.697467812798049822E-15, 0.0007166189195523339382 ),
 .UNSPECIFIED. ) ;
#2266 = CARTESIAN_POINT ( 'NONE',  ( 7.249999999999992006, 11.31784271247447649, 2.326828918379972844E-16 ) ) ;
#2267 = EDGE_CURVE ( 'NONE', #1929, #2648, #425, .T. ) ;
#2268 = CARTESIAN_POINT ( 'NONE',  ( 4.500000000000000000, -3.700000000000009948, -10.08000000000000007 ) ) ;
#2269 = ORIENTED_EDGE ( 'NONE', *, *, #2600, .T. ) ;
#2270 = ORIENTED_EDGE ( 'NONE', *, *, #2787, .T. ) ;
#2271 = CIRCLE ( 'NONE', #238, 0.2999999999999999334 ) ;
#2272 = DIRECTION ( 'NONE',  ( -1.000000000000000000, 3.334909476821824268E-28, -1.794541526872530066E-14 ) ) ;
#2273 = DIRECTION ( 'NONE',  ( -1.794541526872530066E-14, 0.0000000000000000000, 1.000000000000000000 ) ) ;
#2274 = DIRECTION ( 'NONE',  ( -0.0000000000000000000, -1.000000000000000000, -0.0000000000000000000 ) ) ;
#2275 = ADVANCED_FACE ( 'NONE', ( #3226 ), #1872, .T. ) ;
#2276 = AXIS2_PLACEMENT_3D ( 'NONE', #2064, #3088, #390 ) ;
#2277 = DIRECTION ( 'NONE',  ( 0.0000000000000000000, 1.000000000000000000, 0.0000000000000000000 ) ) ;
#2278 = ORIENTED_EDGE ( 'NONE', *, *, #3336, .T. ) ;
#2279 = CARTESIAN_POINT ( 'NONE',  ( 5.349999999999989875, 11.43500000000000050, -5.080000000000000071 ) ) ;
#2280 = CARTESIAN_POINT ( 'NONE',  ( 10.25000000000000000, 0.0000000000000000000, 7.620000000000000107 ) ) ;
#2281 = VECTOR ( 'NONE', #1661, 1000.000000000000000 ) ;
#2282 = CARTESIAN_POINT ( 'NONE',  ( 3.532842712474771663, 11.23499999999982180, -1.445685424949561426 ) ) ;
#2283 = CARTESIAN_POINT ( 'NONE',  ( 4.126117196948061228, 12.64656426582076776, -6.609041406336344515 ) ) ;
#2284 = CARTESIAN_POINT ( 'NONE',  ( 3.449999999999989075, 11.31784271247447826, 5.080000000000000959 ) ) ;
#2285 = LOCAL_TIME ( 21, 41, 59.00000000000000000, #2232 ) ;
#2286 = CARTESIAN_POINT ( 'NONE',  ( 5.349999999999999645, 11.23499999999999943, 0.0000000000000000000 ) ) ;
#2287 = SECURITY_CLASSIFICATION_LEVEL ( 'unclassified' ) ;
#2288 = ORIENTED_EDGE ( 'NONE', *, *, #4047, .F. ) ;
#2289 = CC_DESIGN_SECURITY_CLASSIFICATION ( #2354, ( #4448 ) ) ;
#2290 = CARTESIAN_POINT ( 'NONE',  ( 4.950000000000155609, 12.71295948527728292, -1.677530025091523269 ) ) ;
#2291 = LINE ( 'NONE', #3949, #1978 ) ;
#2292 = ORIENTED_EDGE ( 'NONE', *, *, #3307, .F. ) ;
#2293 = CARTESIAN_POINT ( 'NONE',  ( 4.126117195532687631, 12.64656426582840432, 1.529041406027930705 ) ) ;
#2294 = ORIENTED_EDGE ( 'NONE', *, *, #2487, .F. ) ;
#2295 = ORIENTED_EDGE ( 'NONE', *, *, #3359, .T. ) ;
#2296 = CARTESIAN_POINT ( 'NONE',  ( 5.749999999999992895, 12.73499999999999943, -3.467917139009472294 ) ) ;
#2297 = EDGE_CURVE ( 'NONE', #2872, #2337, #903, .T. ) ;
#2298 = DIRECTION ( 'NONE',  ( 1.000000000000000000, -0.0000000000000000000, 0.0000000000000000000 ) ) ;
#2299 = ORIENTED_EDGE ( 'NONE', *, *, #4133, .F. ) ;
#2300 = FACE_OUTER_BOUND ( 'NONE', #1626, .T. ) ;
#2301 = DIRECTION ( 'NONE',  ( 1.000000000000000000, -9.854725885015578669E-16, 0.0000000000000000000 ) ) ;
#2302 = ADVANCED_FACE ( 'NONE', ( #2088 ), #1559, .T. ) ;
#2303 = CARTESIAN_POINT ( 'NONE',  ( 3.532842712474772107, 11.23499999999982180, -5.080000000000000959 ) ) ;
#2304 = EDGE_CURVE ( 'NONE', #3915, #326, #167, .T. ) ;
#2305 = DIRECTION ( 'NONE',  ( -3.402072636419484200E-15, 0.9805806756909202226, 0.1961161351381842111 ) ) ;
#2306 = APPROVAL_ROLE ( '' ) ;
#2307 = ORIENTED_EDGE ( 'NONE', *, *, #4306, .T. ) ;
#2308 = CARTESIAN_POINT ( 'NONE',  ( 3.689033065960701130, 12.73500000000000298, -4.269837272835155240 ) ) ;
#2309 = CARTESIAN_POINT ( 'NONE',  ( 8.014137117667722521, 12.73499999999999766, -3.902600228294697438 ) ) ;
#2310 = CARTESIAN_POINT ( 'NONE',  ( 4.950000000000001066, 12.73499999999999943, -3.456145414403758220 ) ) ;
#2311 = VERTEX_POINT ( 'NONE', #1262 ) ;
#2312 = CARTESIAN_POINT ( 'NONE',  ( 4.949999999999999289, 12.64656426582875959, 3.365753203235099633 ) ) ;
#2313 = CARTESIAN_POINT ( 'NONE',  ( 3.650000000000295675, 11.23500000000000121, -3.399999999999389289 ) ) ;
#2314 = ORIENTED_EDGE ( 'NONE', *, *, #2327, .T. ) ;
#2315 = DIRECTION ( 'NONE',  ( -9.136576017787371555E-16, -1.000000000000000000, -2.086925533220183900E-31 ) ) ;
#2316 = CARTESIAN_POINT ( 'NONE',  ( 4.499999999999988454, -2.699999999999823430, 0.5000000000000542899 ) ) ;
#2317 = FACE_OUTER_BOUND ( 'NONE', #1829, .T. ) ;
#2318 = EDGE_CURVE ( 'NONE', #1580, #712, #300, .T. ) ;
#2319 = ORIENTED_EDGE ( 'NONE', *, *, #1813, .T. ) ;
#2320 = CARTESIAN_POINT ( 'NONE',  ( 4.949999999999999289, 11.93499999999671601, 3.280788672664244565 ) ) ;
#2321 = VECTOR ( 'NONE', #3807, 1000.000000000000000 ) ;
#2322 = DIRECTION ( 'NONE',  ( -1.000000000000000000, 3.338853781347929776E-28, -1.794541526872530066E-14 ) ) ;
#2323 = CONICAL_SURFACE ( 'NONE', #1176, 1.898658176322939983, 0.1159019745381328903 ) ;
#2324 = EDGE_CURVE ( 'NONE', #1217, #1522, #880, .T. ) ;
#2325 = CARTESIAN_POINT ( 'NONE',  ( 3.689038437082761579, 12.73500000000000121, 5.079999993485741605 ) ) ;
#2326 = ORIENTED_EDGE ( 'NONE', *, *, #2980, .F. ) ;
#2327 = EDGE_CURVE ( 'NONE', #3627, #3265, #917, .T. ) ;
#2328 = VECTOR ( 'NONE', #1002, 1000.000000000000000 ) ;
#2329 = CARTESIAN_POINT ( 'NONE',  ( 5.299999999999990052, -9.540979117872439019E-15, 1.000000000000210054 ) ) ;
#2330 = ADVANCED_FACE ( 'NONE', ( #3008 ), #1004, .T. ) ;
#2331 = AXIS2_PLACEMENT_3D ( 'NONE', #2339, #3658, #659 ) ;
#2332 = CARTESIAN_POINT ( 'NONE',  ( 0.0000000000000000000, 0.0000000000000000000, 0.0000000000000000000 ) ) ;
#2333 = CARTESIAN_POINT ( 'NONE',  ( 8.332042833102427437, 6.599999999999999645, 7.000000000000000888 ) ) ;
#2334 = ORIENTED_EDGE ( 'NONE', *, *, #2373, .T. ) ;
#2335 = CARTESIAN_POINT ( 'NONE',  ( 4.950000000000155609, 12.71295948527728115, 3.402469974908475692 ) ) ;
#2336 = DIRECTION ( 'NONE',  ( 0.0000000000000000000, 0.0000000000000000000, -1.000000000000000000 ) ) ;
#2337 = VERTEX_POINT ( 'NONE', #2362 ) ;
#2338 = DIRECTION ( 'NONE',  ( 1.000000000000000000, -1.084202172485509956E-15, 0.0000000000000000000 ) ) ;
#2339 = CARTESIAN_POINT ( 'NONE',  ( 5.349999999999989875, 12.73499999999999943, 5.080000000000000071 ) ) ;
#2340 = CARTESIAN_POINT ( 'NONE',  ( 10.25000000000000000, 6.199999999999990408, 7.620000000000000107 ) ) ;
#2341 = AXIS2_PLACEMENT_3D ( 'NONE', #4098, #2009, #1014 ) ;
#2342 = ORIENTED_EDGE ( 'NONE', *, *, #1878, .F. ) ;
#2343 = DIRECTION ( 'NONE',  ( 0.4472135954999588159, 0.8944271909999155223, -0.0000000000000000000 ) ) ;
#2344 = CIRCLE ( 'NONE', #2127, 1.898658176328942071 ) ;
#2345 = EDGE_LOOP ( 'NONE', ( #1708, #330, #2808, #277 ) ) ;
#2346 = AXIS2_PLACEMENT_3D ( 'NONE', #1521, #1087, #2129 ) ;
#2347 = CONTEXT_DEPENDENT_SHAPE_REPRESENTATION ( #222, #3306 ) ;
#2348 = EDGE_CURVE ( 'NONE', #2750, #2939, #3734, .T. ) ;
#2349 = CARTESIAN_POINT ( 'NONE',  ( 4.499999999999992006, -3.700000000000016609, -4.780000000000001137 ) ) ;
#2350 = ORGANIZATION ( 'UNSPECIFIED', 'UNSPECIFIED', '' ) ;
#2351 = CARTESIAN_POINT ( 'NONE',  ( 4.973902936676230624, 12.73500000000000121, -3.407466917084829738 ) ) ;
#2352 = DIRECTION ( 'NONE',  ( -1.000000000000000000, 1.171453342316279939E-15, 0.0000000000000000000 ) ) ;
#2353 = VERTEX_POINT ( 'NONE', #2141 ) ;
#2354 = SECURITY_CLASSIFICATION ( '', '', #2215 ) ;
#2355 = DIRECTION ( 'NONE',  ( -0.0000000000000000000, 0.0000000000000000000, -1.000000000000000000 ) ) ;
#2356 = ADVANCED_FACE ( 'NONE', ( #1419 ), #101, .F. ) ;
#2357 = CARTESIAN_POINT ( 'NONE',  ( 1.249999999999999334, 10.00000000000000000, -7.620000000000000107 ) ) ;
#2358 = DIRECTION ( 'NONE',  ( -1.734723475976807410E-14, -8.876905287225069131E-15, 1.000000000000000000 ) ) ;
#2359 = CARTESIAN_POINT ( 'NONE',  ( 8.085622008323797516, 12.64656426582414461, 6.288992099810590375 ) ) ;
#2360 = EDGE_LOOP ( 'NONE', ( #2912, #2641, #985, #2254 ) ) ;
#2361 = LINE ( 'NONE', #577, #3852 ) ;
#2362 = CARTESIAN_POINT ( 'NONE',  ( 9.250000000000000000, 5.199999999999987743, -3.780000000000009130 ) ) ;
#2363 = CARTESIAN_POINT ( 'NONE',  ( 5.300000000000001599, -2.700000000000009948, 5.580000000000000071 ) ) ;
#2364 = ORIENTED_EDGE ( 'NONE', *, *, #995, .F. ) ;
#2365 = COORDINATED_UNIVERSAL_TIME_OFFSET ( 0, 0, .AHEAD. ) ;
#2366 =( BOUNDED_CURVE ( )  B_SPLINE_CURVE ( 3, ( #3447, #2746, #112, #3172 ),
 .UNSPECIFIED., .F., .T. ) 
 B_SPLINE_CURVE_WITH_KNOTS ( ( 4, 4 ),
 ( 0.0000000000000000000, 1.000000000000000000 ),
 .UNSPECIFIED. ) 
 CURVE ( )  GEOMETRIC_REPRESENTATION_ITEM ( )  RATIONAL_B_SPLINE_CURVE ( ( 1.000000000000000000, 0.8584414868985701386, 0.8584414868985701386, 1.000000000000000000 ) ) 
 REPRESENTATION_ITEM ( '' )  );
#2367 = CARTESIAN_POINT ( 'NONE',  ( 3.449999999999991740, 11.43500000000000227, -8.879999999999995453 ) ) ;
#2368 = CARTESIAN_POINT ( 'NONE',  ( 4.963811392487188279, 12.64656426582840254, -3.362589030071537977 ) ) ;
#2369 = EDGE_CURVE ( 'NONE', #209, #2954, #2943, .T. ) ;
#2370 = DIRECTION ( 'NONE',  ( 1.171453342316279939E-15, 1.000000000000000000, -0.0000000000000000000 ) ) ;
#2371 = EDGE_LOOP ( 'NONE', ( #4223, #3222, #3993, #3878 ) ) ;
#2372 = DIRECTION ( 'NONE',  ( -1.000000000000000000, 3.391049977814769632E-28, -1.794541526872530066E-14 ) ) ;
#2373 = EDGE_CURVE ( 'NONE', #2798, #1782, #459, .T. ) ;
#2374 = FACE_OUTER_BOUND ( 'NONE', #2428, .T. ) ;
#2375 = DIRECTION ( 'NONE',  ( 1.000000000000000000, -0.0000000000000000000, 0.0000000000000000000 ) ) ;
#2376 = EDGE_CURVE ( 'NONE', #2530, #3231, #800, .T. ) ;
#2377 = CARTESIAN_POINT ( 'NONE',  ( 5.349999999999982769, 12.64656426582178206, -5.080000000000000071 ) ) ;
#2378 = ORIENTED_EDGE ( 'NONE', *, *, #147, .T. ) ;
#2379 = CARTESIAN_POINT ( 'NONE',  ( 4.500000000000003553, -3.700000000000007727, -0.3000000000000014877 ) ) ;
#2380 = AXIS2_PLACEMENT_3D ( 'NONE', #3530, #129, #2523 ) ;
#2381 = VERTEX_POINT ( 'NONE', #3822 ) ;
#2382 = DATE_TIME_ROLE ( 'classification_date' ) ;
#2383 = VECTOR ( 'NONE', #4012, 1000.000000000000341 ) ;
#2384 = CARTESIAN_POINT ( 'NONE',  ( 3.595871267840949681, 12.69953703111901433, 4.224396138808089951 ) ) ;
#2385 = VECTOR ( 'NONE', #3531, 1000.000000000000000 ) ;
#2386 = CARTESIAN_POINT ( 'NONE',  ( 5.300000000000014921, -0.05000000078158289146, -5.579999999999960103 ) ) ;
#2387 = CARTESIAN_POINT ( 'NONE',  ( 3.450447775674256423, 11.45044927442903315, 8.879104448651469639 ) ) ;
#2388 = ORIENTED_EDGE ( 'NONE', *, *, #3102, .F. ) ;
#2389 = CARTESIAN_POINT ( 'NONE',  ( 5.349999999999989875, 11.45812853167969791, 0.0000000000000000000 ) ) ;
#2390 = DIRECTION ( 'NONE',  ( -2.501911041408800138E-16, -1.000000000000000000, 0.0000000000000000000 ) ) ;
#2391 = AXIS2_PLACEMENT_3D ( 'NONE', #1810, #1487, #3215 ) ;
#2392 = DIRECTION ( 'NONE',  ( -0.0000000000000000000, -0.0000000000000000000, 1.000000000000000000 ) ) ;
#2393 = FACE_OUTER_BOUND ( 'NONE', #2825, .T. ) ;
#2394 = CARTESIAN_POINT ( 'NONE',  ( 7.249999999999991118, 11.44273112629124611, -5.080000000000002736 ) ) ;
#2395 = CARTESIAN_POINT ( 'NONE',  ( 5.750000000000000888, 12.17219196889117505, 6.850922332791127722 ) ) ;
#2396 = EDGE_CURVE ( 'NONE', #2124, #2031, #2522, .T. ) ;
#2397 = DIRECTION ( 'NONE',  ( -1.000000000000000000, -0.0000000000000000000, -0.0000000000000000000 ) ) ;
#2398 = CARTESIAN_POINT ( 'NONE',  ( 9.555373864405590112, 0.0000000000000000000, 7.195000000000000284 ) ) ;
#2399 = B_SPLINE_CURVE_WITH_KNOTS ( 'NONE', 3,
 ( #4066, #2395, #4085, #1000 ),
 .UNSPECIFIED., .F., .F.,
 ( 4, 4 ),
 ( 2.734154237450285287E-15, 0.0007166189195523935693 ),
 .UNSPECIFIED. ) ;
#2400 = ORIENTED_EDGE ( 'NONE', *, *, #2931, .F. ) ;
#2401 = CARTESIAN_POINT ( 'NONE',  ( 2.146410161513769843, 2.168404344971008868E-16, -8.220000000000000639 ) ) ;
#2402 = EDGE_CURVE ( 'NONE', #209, #3555, #2085, .T. ) ;
#2403 = VECTOR ( 'NONE', #1668, 1000.000000000000000 ) ;
#2404 = DIRECTION ( 'NONE',  ( 1.171453342316279939E-15, 1.000000000000000000, 0.0000000000000000000 ) ) ;
#2405 = ORIENTED_EDGE ( 'NONE', *, *, #1524, .T. ) ;
#2406 = COORDINATED_UNIVERSAL_TIME_OFFSET ( 0, 0, .AHEAD. ) ;
#2407 = VECTOR ( 'NONE', #3205, 1000.000000000000000 ) ;
#2408 = CARTESIAN_POINT ( 'NONE',  ( 4.499999999999606537, -0.05000000078158019917, 4.279999999999941629 ) ) ;
#2409 = DIRECTION ( 'NONE',  ( -0.0000000000000000000, -0.0000000000000000000, 1.000000000000000000 ) ) ;
#2410 = VECTOR ( 'NONE', #2905, 1000.000000000000114 ) ;
#2411 = CARTESIAN_POINT ( 'NONE',  ( 0.0000000000000000000, 0.0000000000000000000, -55.88000000000000256 ) ) ;
#2412 = CARTESIAN_POINT ( 'NONE',  ( 7.110296020627515645, 12.64656426582178028, -5.080000000000000071 ) ) ;
#2413 = ORIENTED_EDGE ( 'NONE', *, *, #2136, .T. ) ;
#2414 = DIRECTION ( 'NONE',  ( 0.0000000000000000000, 0.0000000000000000000, 1.000000000000000000 ) ) ;
#2415 = CARTESIAN_POINT ( 'NONE',  ( 1.200000000000000178, 0.0000000000000000000, -7.620000000000000107 ) ) ;
#2416 = CARTESIAN_POINT ( 'NONE',  ( 4.499999999999605649, -0.05000000078158019917, -5.880000000000057625 ) ) ;
#2417 = CC_DESIGN_APPROVAL ( #3910, ( #1272 ) ) ;
#2418 = CARTESIAN_POINT ( 'NONE',  ( 5.350000000000000533, 13.99999999999999822, 0.0000000000000000000 ) ) ;
#2419 = LINE ( 'NONE', #3434, #1249 ) ;
#2420 = DIRECTION ( 'NONE',  ( -0.0000000000000000000, -0.9805806756909204447, 0.1961161351381830731 ) ) ;
#2421 = DESIGN_CONTEXT ( 'detailed design', #1446, 'design' ) ;
#2422 = CARTESIAN_POINT ( 'NONE',  ( 5.749999999997323030, 12.71195981187718438, -1.677797158873358008 ) ) ;
#2423 = ORIENTED_EDGE ( 'NONE', *, *, #3167, .T. ) ;
#2424 = EDGE_CURVE ( 'NONE', #1580, #2134, #1766, .T. ) ;
#2425 = CARTESIAN_POINT ( 'NONE',  ( 4.985603046728845023, 12.73499999999999943, 1.620501777581902392 ) ) ;
#2426 = DIRECTION ( 'NONE',  ( -1.000000000000000000, 0.0000000000000000000, -0.0000000000000000000 ) ) ;
#2427 = EDGE_CURVE ( 'NONE', #563, #2229, #4132, .T. ) ;
#2428 = EDGE_LOOP ( 'NONE', ( #4162, #487, #364, #4403 ) ) ;
#2429 = DIRECTION ( 'NONE',  ( -1.000000000000000000, 3.334909476821824268E-28, -1.794541526872530066E-14 ) ) ;
#2430 = ADVANCED_FACE ( 'NONE', ( #2502 ), #3870, .T. ) ;
#2431 = DIRECTION ( 'NONE',  ( -1.734723475976807410E-14, 5.330660681387064782E-15, 1.000000000000000000 ) ) ;
#2432 = CARTESIAN_POINT ( 'NONE',  ( 2.337581515395890985, 13.78289222746397513, 7.620000000000000107 ) ) ;
#2433 = CARTESIAN_POINT ( 'NONE',  ( 3.635702501169019829, 12.73500000000000476, 0.0000000000000000000 ) ) ;
#2434 = EDGE_LOOP ( 'NONE', ( #3987, #2908, #783 ) ) ;
#2435 = PERSON_AND_ORGANIZATION ( #2659, #2350 ) ;
#2436 = VERTEX_POINT ( 'NONE', #3995 ) ;
#2437 = DIRECTION ( 'NONE',  ( -1.084202172485509956E-15, -1.000000000000000000, 0.0000000000000000000 ) ) ;
#2438 = LINE ( 'NONE', #3043, #3273 ) ;
#2439 = PLANE ( 'NONE',  #1017 ) ;
#2440 = DIRECTION ( 'NONE',  ( -1.734723475976806779E-14, 0.0000000000000000000, 1.000000000000000000 ) ) ;
#2441 = CARTESIAN_POINT ( 'NONE',  ( 4.499999999999979572, -3.700000000000006395, -4.079999999999810001 ) ) ;
#2442 = FACE_OUTER_BOUND ( 'NONE', #3071, .T. ) ;
#2443 = CC_DESIGN_PERSON_AND_ORGANIZATION_ASSIGNMENT ( #89, #2485, ( #27 ) ) ;
#2444 = ORIENTED_EDGE ( 'NONE', *, *, #579, .F. ) ;
#2445 = CARTESIAN_POINT ( 'NONE',  ( 9.250000000000000000, 7.599999999999999645, 7.620000000000000107 ) ) ;
#2446 = ORIENTED_EDGE ( 'NONE', *, *, #2600, .F. ) ;
#2447 = CARTESIAN_POINT ( 'NONE',  ( 4.950000000000133404, 12.73279737082322072, -6.716456345332967537 ) ) ;
#2448 = ORIENTED_EDGE ( 'NONE', *, *, #3724, .F. ) ;
#2449 = ORIENTED_EDGE ( 'NONE', *, *, #832, .T. ) ;
#2450 = DIRECTION ( 'NONE',  ( -0.8944271909999154113, 0.4472135954999587604, 0.0000000000000000000 ) ) ;
#2451 = VECTOR ( 'NONE', #483, 999.9999999999998863 ) ;
#2452 = EDGE_CURVE ( 'NONE', #3459, #1794, #3108, .T. ) ;
#2453 = CONICAL_SURFACE ( 'NONE', #511, 1.898658176322939983, 0.1159019745381328903 ) ;
#2454 = LINE ( 'NONE', #1816, #879 ) ;
#2455 = ORIENTED_EDGE ( 'NONE', *, *, #3102, .T. ) ;
#2456 = EDGE_CURVE ( 'NONE', #1100, #2530, #1570, .T. ) ;
#2457 = PERSON_AND_ORGANIZATION_ROLE ( 'creator' ) ;
#2458 = LINE ( 'NONE', #3497, #732 ) ;
#2459 = ORIENTED_EDGE ( 'NONE', *, *, #3860, .F. ) ;
#2460 = LINE ( 'NONE', #1186, #114 ) ;
#2461 = CIRCLE ( 'NONE', #293, 1.760296020627533320 ) ;
#2462 = CARTESIAN_POINT ( 'NONE',  ( 4.950000000000155609, 12.69733902327529407, -1.693307792453387917 ) ) ;
#2463 = EDGE_CURVE ( 'NONE', #3198, #3555, #627, .T. ) ;
#2464 = CARTESIAN_POINT ( 'NONE',  ( 9.449999999999999289, 14.00000000000000000, 7.620000000000000107 ) ) ;
#2465 = VECTOR ( 'NONE', #2898, 1000.000000000000000 ) ;
#2466 = CARTESIAN_POINT ( 'NONE',  ( 5.750000000000000000, 12.64656426582508075, -1.714246796769120618 ) ) ;
#2467 = VECTOR ( 'NONE', #788, 1000.000000000000000 ) ;
#2468 = DIRECTION ( 'NONE',  ( -0.0000000000000000000, -1.000000000000000000, -0.0000000000000000000 ) ) ;
#2469 = DIRECTION ( 'NONE',  ( -0.8660254037844358210, 0.0000000000000000000, 0.5000000000000048850 ) ) ;
#2470 = CARTESIAN_POINT ( 'NONE',  ( 4.950000000004741274, 12.68578847567073709, 6.780703200956244459 ) ) ;
#2471 = ORIENTED_EDGE ( 'NONE', *, *, #905, .T. ) ;
#2472 = CIRCLE ( 'NONE', #525, 0.1999999999999996503 ) ;
#2473 = ORIENTED_EDGE ( 'NONE', *, *, #2924, .F. ) ;
#2474 = CARTESIAN_POINT ( 'NONE',  ( 3.689038437082761135, 12.73500000000000121, -6.514260371341593064E-09 ) ) ;
#2475 = CARTESIAN_POINT ( 'NONE',  ( 7.249999999999991118, 11.43499999999999872, 5.079999999999999183 ) ) ;
#2476 = ORIENTED_EDGE ( 'NONE', *, *, #3615, .F. ) ;
#2477 = DIRECTION ( 'NONE',  ( -3.220379291669973468E-28, 1.000000000000000000, 1.794541526872519968E-14 ) ) ;
#2478 = EDGE_LOOP ( 'NONE', ( #2763, #3133, #1198, #346, #3584, #2605, #2834, #403 ) ) ;
#2479 = CARTESIAN_POINT ( 'NONE',  ( 5.750000000000001776, 12.64656426582888926, 6.794246796764878304 ) ) ;
#2480 =( BOUNDED_CURVE ( )  B_SPLINE_CURVE ( 3, ( #4146, #2106, #3378, #294 ),
 .UNSPECIFIED., .F., .T. ) 
 B_SPLINE_CURVE_WITH_KNOTS ( ( 4, 4 ),
 ( 0.0000000000000000000, 0.5000000007378365696 ),
 .UNSPECIFIED. ) 
 CURVE ( )  GEOMETRIC_REPRESENTATION_ITEM ( )  RATIONAL_B_SPLINE_CURVE ( ( 1.000000000000000000, 0.8584414864962361946, 0.8584414864962361946, 1.000000000000000000 ) ) 
 REPRESENTATION_ITEM ( '' )  );
#2481 = DIRECTION ( 'NONE',  ( -1.794541526872530066E-14, 0.0000000000000000000, 1.000000000000000000 ) ) ;
#2482 = CARTESIAN_POINT ( 'NONE',  ( 3.635702501169019385, 12.73500000000000476, -0.8361755510532400404 ) ) ;
#2483 = ORIENTED_EDGE ( 'NONE', *, *, #2318, .T. ) ;
#2484 = VECTOR ( 'NONE', #803, 1000.000000000000114 ) ;
#2485 = PERSON_AND_ORGANIZATION_ROLE ( 'design_owner' ) ;
#2486 = FACE_OUTER_BOUND ( 'NONE', #2360, .T. ) ;
#2487 = EDGE_CURVE ( 'NONE', #1591, #3012, #4297, .T. ) ;
#2488 = ORIENTED_EDGE ( 'NONE', *, *, #3962, .F. ) ;
#2489 = CARTESIAN_POINT ( 'NONE',  ( 4.499999999999992895, -3.700000000000007727, 0.2999999999999991007 ) ) ;
#2490 = AXIS2_PLACEMENT_3D ( 'NONE', #3374, #2414, #3765 ) ;
#2491 =( BOUNDED_SURFACE ( )  B_SPLINE_SURFACE ( 3, 3, ( 
 ( #2951, #4009, #498, #164 ),
 ( #923, #2309, #202, #2665 ),
 ( #1545, #3670, #4309, #589 ),
 ( #1964, #1620, #4285, #4029 ) ),
 .UNSPECIFIED., .F., .F., .F. ) 
 B_SPLINE_SURFACE_WITH_KNOTS ( ( 4, 4 ),
 ( 4, 4 ),
 ( 0.0000000000000000000, 1.000000000000000000 ),
 ( 0.0000000000000000000, 1.000000000000000000 ),
 .UNSPECIFIED. ) 
 GEOMETRIC_REPRESENTATION_ITEM ( )  RATIONAL_B_SPLINE_SURFACE ( (
 ( 1.000000000000000000, 0.4743521123180107213, 0.4743521123180107213, 1.000000000000000000),
 ( 0.8312495820341949671, 0.3943049951013838927, 0.3943049951013838927, 0.8312495820341949671),
 ( 0.8312495820341949671, 0.3943049951013838927, 0.3943049951013838927, 0.8312495820341949671),
 ( 1.000000000000000000, 0.4743521123180107213, 0.4743521123180107213, 1.000000000000000000) ) ) 
 REPRESENTATION_ITEM ( '' )  SURFACE ( )  );
#2492 = CARTESIAN_POINT ( 'NONE',  ( 4.500000000000000888, 0.0000000000000000000, 7.620000000000000107 ) ) ;
#2493 = EDGE_CURVE ( 'NONE', #4050, #3183, #3837, .T. ) ;
#2494 = AXIS2_PLACEMENT_3D ( 'NONE', #2561, #3224, #2891 ) ;
#2495 = CARTESIAN_POINT ( 'NONE',  ( 9.250000000000000000, 2.200000000000009948, 6.379999999999999893 ) ) ;
#2496 = LINE ( 'NONE', #775, #4342 ) ;
#2497 = CARTESIAN_POINT ( 'NONE',  ( 9.449999999999999289, 6.799999999999999822, 7.620000000000000107 ) ) ;
#2498 = ORIENTED_EDGE ( 'NONE', *, *, #3962, .T. ) ;
#2499 = ORIENTED_EDGE ( 'NONE', *, *, #2855, .T. ) ;
#2500 = DIRECTION ( 'NONE',  ( -1.734723475976806779E-14, 1.508848023375660232E-14, 1.000000000000000000 ) ) ;
#2501 = VERTEX_POINT ( 'NONE', #846 ) ;
#2502 = FACE_OUTER_BOUND ( 'NONE', #2859, .T. ) ;
#2503 = CARTESIAN_POINT ( 'NONE',  ( 4.950000000000133404, 12.73420261174138268, -6.705065273783485935 ) ) ;
#2504 = ORIENTED_EDGE ( 'NONE', *, *, #1306, .F. ) ;
#2505 = CARTESIAN_POINT ( 'NONE',  ( 3.650000000000295675, 11.23500000000000298, 3.399999999999388844 ) ) ;
#2506 = B_SPLINE_CURVE_WITH_KNOTS ( 'NONE', 3,
 ( #1775, #2170, #1753, #3929 ),
 .UNSPECIFIED., .F., .F.,
 ( 4, 4 ),
 ( 2.697416390625426101E-15, 0.0007166189195523338298 ),
 .UNSPECIFIED. ) ;
#2507 = CARTESIAN_POINT ( 'NONE',  ( 4.963811392465976802, 12.64656426582076598, -1.717410969924603847 ) ) ;
#2508 = VERTEX_POINT ( 'NONE', #3957 ) ;
#2509 = CC_DESIGN_DATE_AND_TIME_ASSIGNMENT ( #1107, #3811, ( #848 ) ) ;
#2510 = PERSON_AND_ORGANIZATION ( #2659, #2350 ) ;
#2511 = ORIENTED_EDGE ( 'NONE', *, *, #2402, .T. ) ;
#2512 = LINE ( 'NONE', #1475, #1686 ) ;
#2513 = EDGE_CURVE ( 'NONE', #2124, #3490, #1858, .T. ) ;
#2514 = CARTESIAN_POINT ( 'NONE',  ( 5.749999999999992895, 12.73499999999999943, -3.467917139009472294 ) ) ;
#2515 = LINE ( 'NONE', #2495, #3026 ) ;
#2516 = ADVANCED_FACE ( 'NONE', ( #2900 ), #3595, .T. ) ;
#2517 = CARTESIAN_POINT ( 'NONE',  ( 1.199999999999999956, 0.0000000000000000000, -7.620000000000000107 ) ) ;
#2518 = ORIENTED_EDGE ( 'NONE', *, *, #694, .F. ) ;
#2519 = EDGE_LOOP ( 'NONE', ( #1843, #4056 ) ) ;
#2520 = EDGE_CURVE ( 'NONE', #4169, #4220, #4028, .T. ) ;
#2521 = CARTESIAN_POINT ( 'NONE',  ( -0.6999999999999999556, -3.700000000000010392, 5.379999999999999893 ) ) ;
#2522 = LINE ( 'NONE', #393, #2965 ) ;
#2523 = DIRECTION ( 'NONE',  ( -1.000000000000000000, 0.0000000000000000000, 0.0000000000000000000 ) ) ;
#2524 = EDGE_CURVE ( 'NONE', #3183, #822, #4204, .T. ) ;
#2525 = ORIENTED_EDGE ( 'NONE', *, *, #305, .T. ) ;
#2526 = ORIENTED_EDGE ( 'NONE', *, *, #4275, .T. ) ;
#2527 = DIRECTION ( 'NONE',  ( 0.4472135954999588159, 0.8944271909999155223, -0.0000000000000000000 ) ) ;
#2528 = CARTESIAN_POINT ( 'NONE',  ( 3.449999999999989075, 11.31784271247447826, -5.080000000000000959 ) ) ;
#2529 = CARTESIAN_POINT ( 'NONE',  ( 5.299999999999995381, -0.05000000078161231931, 5.580000000000127969 ) ) ;
#2530 = VERTEX_POINT ( 'NONE', #1881 ) ;
#2531 = APPROVAL_STATUS ( 'not_yet_approved' ) ;
#2532 = CARTESIAN_POINT ( 'NONE',  ( 3.451341823670963649, 11.45812853167897316, -3.797316352658053340 ) ) ;
#2533 = ORIENTED_EDGE ( 'NONE', *, *, #4221, .T. ) ;
#2534 = LINE ( 'NONE', #404, #684 ) ;
#2535 = CIRCLE ( 'NONE', #580, 1.975000000000000089 ) ;
#2536 = VECTOR ( 'NONE', #3128, 1000.000000000000000 ) ;
#2537 = DIRECTION ( 'NONE',  ( -1.734723475976807410E-14, 0.0000000000000000000, 1.000000000000000000 ) ) ;
#2538 = FACE_OUTER_BOUND ( 'NONE', #2169, .T. ) ;
#2539 = VECTOR ( 'NONE', #3210, 1000.000000000000000 ) ;
#2540 = DIRECTION ( 'NONE',  ( -0.0000000000000000000, 0.9805806756909201116, 0.1961161351381840168 ) ) ;
#2541 = ORIENTED_EDGE ( 'NONE', *, *, #3030, .F. ) ;
#2542 = ORIENTED_EDGE ( 'NONE', *, *, #3564, .F. ) ;
#2543 = VECTOR ( 'NONE', #1629, 1000.000000000000000 ) ;
#2544 = CARTESIAN_POINT ( 'NONE',  ( 5.349999999999982769, 12.64656426582178206, 5.080000000000000071 ) ) ;
#2545 = ORIENTED_EDGE ( 'NONE', *, *, #1786, .F. ) ;
#2546 = ADVANCED_FACE ( 'NONE', ( #1589 ), #1259, .F. ) ;
#2547 = CARTESIAN_POINT ( 'NONE',  ( 5.749999999999845457, 12.70509370452921161, 6.765475017931467328 ) ) ;
#2548 = CARTESIAN_POINT ( 'NONE',  ( 3.449999999999990408, 11.43500000000000050, 5.080000000000000071 ) ) ;
#2549 = CARTESIAN_POINT ( 'NONE',  ( 7.049999999999686295, 11.23499999999999766, 3.399999999999391509 ) ) ;
#2550 = VECTOR ( 'NONE', #1124, 1000.000000000000000 ) ;
#2551 = VERTEX_POINT ( 'NONE', #3641 ) ;
#2552 = FACE_OUTER_BOUND ( 'NONE', #1937, .T. ) ;
#2553 = EDGE_CURVE ( 'NONE', #2558, #2095, #3213, .T. ) ;
#2554 = CARTESIAN_POINT ( 'NONE',  ( 5.349999999999982769, 12.64656426582178206, 0.0000000000000000000 ) ) ;
#2555 = CARTESIAN_POINT ( 'NONE',  ( 7.049999999999688960, 11.23499999999999588, 8.479999999999391136 ) ) ;
#2556 = ORIENTED_EDGE ( 'NONE', *, *, #3482, .F. ) ;
#2557 = DATE_AND_TIME ( #3285, #2922 ) ;
#2558 = VERTEX_POINT ( 'NONE', #191 ) ;
#2559 = CARTESIAN_POINT ( 'NONE',  ( 3.589703979372449005, 12.64656426582178383, 2.240463272768698870E-16 ) ) ;
#2560 = AXIS2_PLACEMENT_3D ( 'NONE', #4190, #2852, #1140 ) ;
#2561 = CARTESIAN_POINT ( 'NONE',  ( 5.500000000000000000, -0.05000000078162009781, 5.880000000000140226 ) ) ;
#2562 = CIRCLE ( 'NONE', #2276, 0.2000000000000000944 ) ;
#2563 = UNCERTAINTY_MEASURE_WITH_UNIT (LENGTH_MEASURE( 1.000000000000000082E-05 ), #989, 'distance_accuracy_value', 'NONE');
#2564 = DIRECTION ( 'NONE',  ( 0.0000000000000000000, 0.0000000000000000000, 1.000000000000000000 ) ) ;
#2565 = ORIENTED_EDGE ( 'NONE', *, *, #2524, .F. ) ;
#2566 = CIRCLE ( 'NONE', #2346, 1.975000000000000089 ) ;
#2567 = DIRECTION ( 'NONE',  ( 1.000000000000000000, -9.411788633734757522E-16, 0.0000000000000000000 ) ) ;
#2568 = DIRECTION ( 'NONE',  ( -1.171453342316279939E-15, -1.000000000000000000, -0.0000000000000000000 ) ) ;
#2569 = PLANE ( 'NONE',  #1464 ) ;
#2570 = ORIENTED_EDGE ( 'NONE', *, *, #2678, .T. ) ;
#2571 = CARTESIAN_POINT ( 'NONE',  ( 3.650000000000416911, 11.23500000000000121, 5.080000000000000959 ) ) ;
#2572 = VECTOR ( 'NONE', #2597, 1000.000000000000000 ) ;
#2573 = DIRECTION ( 'NONE',  ( -2.501911041408800138E-16, -1.000000000000000000, 0.0000000000000000000 ) ) ;
#2574 = EDGE_CURVE ( 'NONE', #4293, #1566, #3691, .T. ) ;
#2575 = ORIENTED_EDGE ( 'NONE', *, *, #243, .T. ) ;
#2576 = FACE_OUTER_BOUND ( 'NONE', #1128, .T. ) ;
#2577 = LINE ( 'NONE', #2280, #3039 ) ;
#2578 = CARTESIAN_POINT ( 'NONE',  ( 7.049999999999688960, 11.23499999999999588, -1.680000000000610338 ) ) ;
#2579 = LINE ( 'NONE', #3924, #3543 ) ;
#2580 = EDGE_CURVE ( 'NONE', #1782, #1211, #2651, .T. ) ;
#2581 = EDGE_CURVE ( 'NONE', #4345, #3198, #2399, .T. ) ;
#2582 = CARTESIAN_POINT ( 'NONE',  ( 3.450447775674257755, 11.45044927442903138, -4.652561102667490761E-16 ) ) ;
#2583 = EDGE_LOOP ( 'NONE', ( #1981, #3123, #3561, #813, #3428, #3690, #454, #1949, #91, #2202, #669, #1827, #2607, #3211, #1831, #2904, #1256, #1694, #2979, #3805 ) ) ;
#2584 = DIRECTION ( 'NONE',  ( 0.0000000000000000000, 0.0000000000000000000, 1.000000000000000000 ) ) ;
#2585 = CARTESIAN_POINT ( 'NONE',  ( 8.289638583737172439, 13.74631306408209852, 7.620000000000000107 ) ) ;
#2586 = DIRECTION ( 'NONE',  ( 0.0000000000000000000, -1.000000000000000000, 0.0000000000000000000 ) ) ;
#2587 = DIRECTION ( 'NONE',  ( 0.4472135954999588159, -0.0000000000000000000, 0.8944271909999155223 ) ) ;
#2588 = CARTESIAN_POINT ( 'NONE',  ( 7.249999999999992006, 11.43499999999999694, -3.800000000000000266 ) ) ;
#2589 = ORIENTED_EDGE ( 'NONE', *, *, #2178, .F. ) ;
#2590 = PLANE ( 'NONE',  #3897 ) ;
#2591 = DIRECTION ( 'NONE',  ( 3.334909476821824268E-28, 1.000000000000000000, 5.984633544517506745E-42 ) ) ;
#2592 = CARTESIAN_POINT ( 'NONE',  ( 7.010966932452109113, 12.73499999999999766, 0.7947222771640993777 ) ) ;
#2593 = PLANE ( 'NONE',  #1593 ) ;
#2594 = APPROVAL ( #852, 'UNSPECIFIED' ) ;
#2595 = ORIENTED_EDGE ( 'NONE', *, *, #1960, .T. ) ;
#2596 = DIRECTION ( 'NONE',  ( 1.171453342316279939E-15, 1.000000000000000000, 0.0000000000000000000 ) ) ;
#2597 = DIRECTION ( 'NONE',  ( -0.0000000000000000000, 0.0000000000000000000, 1.000000000000000000 ) ) ;
#2598 = CALENDAR_DATE ( 2019, 21, 10 ) ;
#2599 = ORIENTED_EDGE ( 'NONE', *, *, #4343, .F. ) ;
#2600 = EDGE_CURVE ( 'NONE', #2311, #4050, #2472, .T. ) ;
#2601 = CARTESIAN_POINT ( 'NONE',  ( 3.650000000000294342, 11.23500000000000121, -8.479999999999387583 ) ) ;
#2602 = CARTESIAN_POINT ( 'NONE',  ( 4.963811392487189167, 12.64656426582840254, 1.717410969928462094 ) ) ;
#2603 = CARTESIAN_POINT ( 'NONE',  ( 5.349999999999999645, 10.44999999999999929, 5.080000000000000071 ) ) ;
#2604 = EDGE_CURVE ( 'NONE', #3517, #3164, #2419, .T. ) ;
#2605 = ORIENTED_EDGE ( 'NONE', *, *, #217, .T. ) ;
#2606 = VECTOR ( 'NONE', #1677, 1000.000000000000000 ) ;
#2607 = ORIENTED_EDGE ( 'NONE', *, *, #2015, .T. ) ;
#2608 = CARTESIAN_POINT ( 'NONE',  ( 4.499999999999979572, -3.700000000000006395, 1.000000000000190070 ) ) ;
#2609 = DIRECTION ( 'NONE',  ( -0.0000000000000000000, -1.000000000000000000, -0.0000000000000000000 ) ) ;
#2610 = AXIS2_PLACEMENT_3D ( 'NONE', #821, #2225, #1194 ) ;
#2611 = AXIS2_PLACEMENT_3D ( 'NONE', #3315, #253, #228 ) ;
#2612 = ORIENTED_EDGE ( 'NONE', *, *, #3420, .T. ) ;
#2613 = DIRECTION ( 'NONE',  ( 1.000000000000000000, 0.0000000000000000000, 0.0000000000000000000 ) ) ;
#2614 = CARTESIAN_POINT ( 'NONE',  ( 5.349999999999982769, 12.64656426582178206, 0.0000000000000000000 ) ) ;
#2615 = CC_DESIGN_PERSON_AND_ORGANIZATION_ASSIGNMENT ( #2967, #4339, ( #4217 ) ) ;
#2616 = VECTOR ( 'NONE', #2274, 1000.000000000000000 ) ;
#2617 = CARTESIAN_POINT ( 'NONE',  ( 5.749999999999992895, 12.73499999999999943, 1.612082860990527999 ) ) ;
#2618 = CARTESIAN_POINT ( 'NONE',  ( 4.499999999999992006, -3.700000000000016609, 0.2999999999999971023 ) ) ;
#2619 = COORDINATED_UNIVERSAL_TIME_OFFSET ( 0, 0, .AHEAD. ) ;
#2620 = ORIENTED_EDGE ( 'NONE', *, *, #4219, .T. ) ;
#2621 = EDGE_CURVE ( 'NONE', #606, #2695, #2577, .T. ) ;
#2622 = DIRECTION ( 'NONE',  ( -0.0000000000000000000, -1.000000000000000000, -0.0000000000000000000 ) ) ;
#2623 = ORIENTED_EDGE ( 'NONE', *, *, #2733, .F. ) ;
#2624 = CARTESIAN_POINT ( 'NONE',  ( 4.950000000000155609, 12.70509370452902154, 3.394524982068335639 ) ) ;
#2625 = VERTEX_POINT ( 'NONE', #2636 ) ;
#2626 = ADVANCED_FACE ( 'NONE', ( #489 ), #1785, .F. ) ;
#2627 = CARTESIAN_POINT ( 'NONE',  ( 5.749999999999992895, 12.73499999999999943, 3.467917139009472294 ) ) ;
#2628 = VECTOR ( 'NONE', #2102, 1000.000000000000000 ) ;
#2629 = DIRECTION ( 'NONE',  ( -1.794541526872530066E-14, 0.0000000000000000000, 1.000000000000000000 ) ) ;
#2630 = EDGE_CURVE ( 'NONE', #1608, #3925, #1530, .T. ) ;
#2631 = DIRECTION ( 'NONE',  ( 0.0000000000000000000, 1.000000000000000000, 1.889646980599319876E-14 ) ) ;
#2632 = CARTESIAN_POINT ( 'NONE',  ( 5.299999999999990052, -0.05000000078162009781, 0.8000000000001384892 ) ) ;
#2633 = AXIS2_PLACEMENT_3D ( 'NONE', #345, #3439, #3486 ) ;
#2634 = ORIENTED_EDGE ( 'NONE', *, *, #3504, .F. ) ;
#2635 = DIRECTION ( 'NONE',  ( 0.0000000000000000000, -0.9805806756909201116, -0.1961161351381840168 ) ) ;
#2636 = CARTESIAN_POINT ( 'NONE',  ( 4.499999999999988454, -2.699999999999849631, -4.579999999999949445 ) ) ;
#2637 = AXIS2_PLACEMENT_3D ( 'NONE', #678, #4063, #2358 ) ;
#2638 = LOCAL_TIME ( 21, 41, 59.00000000000000000, #378 ) ;
#2639 = DIRECTION ( 'NONE',  ( -3.334909476821824268E-28, -1.000000000000000000, -5.984633544517506745E-42 ) ) ;
#2640 = SECURITY_CLASSIFICATION_LEVEL ( 'unclassified' ) ;
#2641 = ORIENTED_EDGE ( 'NONE', *, *, #960, .F. ) ;
#2642 = CARTESIAN_POINT ( 'NONE',  ( 3.649999999999990141, 11.43500000000000227, -5.080000000000000071 ) ) ;
#2643 = CC_DESIGN_PERSON_AND_ORGANIZATION_ASSIGNMENT ( #720, #4212, ( #1050 ) ) ;
#2644 = DIRECTION ( 'NONE',  ( -0.4999999999999990008, 0.0000000000000000000, 0.8660254037844391517 ) ) ;
#2645 = ORIENTED_EDGE ( 'NONE', *, *, #776, .T. ) ;
#2646 = DIRECTION ( 'NONE',  ( -1.000000000000000000, 0.0000000000000000000, -0.0000000000000000000 ) ) ;
#2647 = ADVANCED_FACE ( 'NONE', ( #3640 ), #2569, .T. ) ;
#2648 = VERTEX_POINT ( 'NONE', #3888 ) ;
#2649 = CARTESIAN_POINT ( 'NONE',  ( 5.749999999997323030, 12.71195981187718438, 3.402202841126641619 ) ) ;
#2650 = CARTESIAN_POINT ( 'NONE',  ( 4.500000000000000000, -2.700000000000009948, -5.579999999999999183 ) ) ;
#2651 = LINE ( 'NONE', #3045, #4116 ) ;
#2652 = CARTESIAN_POINT ( 'NONE',  ( 3.689033065960702018, 12.73500000000000121, 5.890162727164847567 ) ) ;
#2653 = ADVANCED_FACE ( 'NONE', ( #4385 ), #283, .T. ) ;
#2654 = EDGE_CURVE ( 'NONE', #117, #74, #986, .T. ) ;
#2655 = EDGE_LOOP ( 'NONE', ( #4246, #2400, #4398, #1988 ) ) ;
#2656 = LINE ( 'NONE', #2216, #3828 ) ;
#2657 = CARTESIAN_POINT ( 'NONE',  ( 2.337581515395897647, 13.78289222746399645, 7.620000000000000107 ) ) ;
#2658 = EDGE_CURVE ( 'NONE', #3012, #3243, #610, .T. ) ;
#2659 = PERSON ( 'UNSPECIFIED', 'UNSPECIFIED', 'UNSPECIFIED', ('UNSPECIFIED'), ('UNSPECIFIED'), ('UNSPECIFIED') ) ;
#2660 = DIRECTION ( 'NONE',  ( -1.000000000000000000, -0.0000000000000000000, -0.0000000000000000000 ) ) ;
#2661 = ORIENTED_EDGE ( 'NONE', *, *, #329, .T. ) ;
#2662 = PERSON_AND_ORGANIZATION ( #4208, #477 ) ;
#2663 = CARTESIAN_POINT ( 'NONE',  ( 4.950000000000072120, 12.71957496777936036, -1.668147016353469514 ) ) ;
#2664 = CARTESIAN_POINT ( 'NONE',  ( 3.589703979381178023, 12.64656426582076776, 5.079999999999998295 ) ) ;
#2665 = CARTESIAN_POINT ( 'NONE',  ( 5.712622210151656610, 12.73499999999999588, -6.755506206254600521 ) ) ;
#2666 = CARTESIAN_POINT ( 'NONE',  ( 4.950000000004743050, 12.67614242096979993, -3.373454429892017270 ) ) ;
#2667 = ORIENTED_EDGE ( 'NONE', *, *, #749, .T. ) ;
#2668 = CARTESIAN_POINT ( 'NONE',  ( 4.949999999999991296, 12.73499999999999943, 6.692082860990527848 ) ) ;
#2669 = DIRECTION ( 'NONE',  ( -1.000000000000000000, 0.0000000000000000000, 0.0000000000000000000 ) ) ;
#2670 = VECTOR ( 'NONE', #3960, 1000.000000000000000 ) ;
#2671 = ORIENTED_EDGE ( 'NONE', *, *, #2630, .F. ) ;
#2672 = EDGE_CURVE ( 'NONE', #1518, #1214, #3368, .T. ) ;
#2673 = LINE ( 'NONE', #3732, #466 ) ;
#2674 = AXIS2_PLACEMENT_3D ( 'NONE', #1425, #3036, #4407 ) ;
#2675 = CARTESIAN_POINT ( 'NONE',  ( 5.349999999999982769, 12.64656426582178206, 5.080000000000000071 ) ) ;
#2676 = VECTOR ( 'NONE', #635, 1000.000000000000000 ) ;
#2677 = CARTESIAN_POINT ( 'NONE',  ( 4.949999999999999289, 11.93499999999701977, 1.799211327335719757 ) ) ;
#2678 = EDGE_CURVE ( 'NONE', #1768, #956, #1703, .T. ) ;
#2679 = ORIENTED_EDGE ( 'NONE', *, *, #1386, .F. ) ;
#2680 = VECTOR ( 'NONE', #1144, 1000.000000000000227 ) ;
#2681 = DIRECTION ( 'NONE',  ( -0.1156426583973926697, -0.9932908816448401401, 1.416214114512545531E-17 ) ) ;
#2682 = DIRECTION ( 'NONE',  ( 1.000000000000000000, 0.0000000000000000000, -0.0000000000000000000 ) ) ;
#2683 = CARTESIAN_POINT ( 'NONE',  ( 4.973902936655020923, 12.73500000000000121, 3.407466917086119373 ) ) ;
#2684 = AXIS2_PLACEMENT_3D ( 'NONE', #2964, #4001, #2210 ) ;
#2685 = CARTESIAN_POINT ( 'NONE',  ( 1.799999999999996492, 4.336808689942017736E-16, -7.620000000000000995 ) ) ;
#2686 = ORIENTED_EDGE ( 'NONE', *, *, #4156, .F. ) ;
#2687 = DIRECTION ( 'NONE',  ( -0.4472135954999588159, 0.0000000000000000000, 0.8944271909999155223 ) ) ;
#2688 = LINE ( 'NONE', #1405, #3628 ) ;
#2689 = LINE ( 'NONE', #2953, #2676 ) ;
#2690 = CARTESIAN_POINT ( 'NONE',  ( 9.449999999999999289, 7.600000000000000533, 7.620000000000000107 ) ) ;
#2691 = DIRECTION ( 'NONE',  ( 0.4999999999999999445, 0.0000000000000000000, -0.8660254037844387076 ) ) ;
#2692 = CARTESIAN_POINT ( 'NONE',  ( 5.701341293122029086, 12.73499999999999766, 3.456617590816402963 ) ) ;
#2693 = CARTESIAN_POINT ( 'NONE',  ( 3.589703977699979731, 12.64656426582840254, 5.938612051099553035 ) ) ;
#2694 = CIRCLE ( 'NONE', #1331, 1.974999999999999423 ) ;
#2695 = VERTEX_POINT ( 'NONE', #2184 ) ;
#2696 = DIRECTION ( 'NONE',  ( -0.1156426583973926697, -0.9932908816448401401, 1.416214114512545531E-17 ) ) ;
#2697 = ORIENTED_EDGE ( 'NONE', *, *, #560, .F. ) ;
#2698 = AXIS2_PLACEMENT_3D ( 'NONE', #2751, #3792, #1684 ) ;
#2699 = CARTESIAN_POINT ( 'NONE',  ( 10.25000000000000000, 1.700000000000008393, 3.280000000000000249 ) ) ;
#2700 = EDGE_CURVE ( 'NONE', #43, #1345, #4332, .T. ) ;
#2701 = VECTOR ( 'NONE', #2691, 1000.000000000000000 ) ;
#2702 = ORIENTED_EDGE ( 'NONE', *, *, #4152, .T. ) ;
#2703 = COORDINATED_UNIVERSAL_TIME_OFFSET ( 0, 0, .AHEAD. ) ;
#2704 = CARTESIAN_POINT ( 'NONE',  ( 7.249999999999990230, 11.43499999999999872, -8.879999999999999005 ) ) ;
#2705 = ADVANCED_FACE ( 'NONE', ( #1509 ), #462, .F. ) ;
#2706 = LOCAL_TIME ( 21, 41, 59.00000000000000000, #3879 ) ;
#2707 = CARTESIAN_POINT ( 'NONE',  ( 3.635702501172415335, 12.73500000000000298, -5.080000003358441596 ) ) ;
#2708 = EDGE_CURVE ( 'NONE', #2795, #1522, #3718, .T. ) ;
#2709 = DIRECTION ( 'NONE',  ( 1.000000000000000000, 0.0000000000000000000, 0.0000000000000000000 ) ) ;
#2710 = CARTESIAN_POINT ( 'NONE',  ( 5.749999999999999112, 11.93499999999701977, 3.280788672664288530 ) ) ;
#2711 = CARTESIAN_POINT ( 'NONE',  ( 5.750000000000001776, 12.40938025448233262, 1.742602432482167840 ) ) ;
#2712 = DIRECTION ( 'NONE',  ( -3.402072636421455564E-15, -0.9805806756909203337, 0.1961161351381836837 ) ) ;
#2713 = DIRECTION ( 'NONE',  ( 1.000000000000000000, 0.0000000000000000000, 0.0000000000000000000 ) ) ;
#2714 = CARTESIAN_POINT ( 'NONE',  ( 8.466173140978199285, 6.599999999999999645, -8.025000000000000355 ) ) ;
#2715 = CARTESIAN_POINT ( 'NONE',  ( 5.749999999999999112, 12.17219196888833643, 3.309077667208534024 ) ) ;
#2716 = DIRECTION ( 'NONE',  ( -0.0000000000000000000, -0.0000000000000000000, -1.000000000000000000 ) ) ;
#2717 = DIRECTION ( 'NONE',  ( -1.000000000000000000, 9.136576017758483468E-16, 0.0000000000000000000 ) ) ;
#2718 = CARTESIAN_POINT ( 'NONE',  ( 5.749999999999319655, 12.72910876695780402, -1.646903183719895081 ) ) ;
#2719 = ORIENTED_EDGE ( 'NONE', *, *, #4404, .F. ) ;
#2720 = CARTESIAN_POINT ( 'NONE',  ( 9.250000000000000000, 2.199999999999999734, 1.299999999999999822 ) ) ;
#2721 = VERTEX_POINT ( 'NONE', #1882 ) ;
#2722 = ORIENTED_EDGE ( 'NONE', *, *, #3967, .T. ) ;
#2723 = CONTEXT_DEPENDENT_SHAPE_REPRESENTATION ( #452, #250 ) ;
#2724 = DIRECTION ( 'NONE',  ( -2.501911041408800138E-16, -1.000000000000000000, 0.0000000000000000000 ) ) ;
#2725 = CARTESIAN_POINT ( 'NONE',  ( 3.689033067547873745, 12.73500000000000298, 4.269837270968739773 ) ) ;
#2726 = ORIENTED_EDGE ( 'NONE', *, *, #3997, .F. ) ;
#2727 = DIRECTION ( 'NONE',  ( 0.0000000000000000000, 0.0000000000000000000, 1.000000000000000000 ) ) ;
#2728 = CARTESIAN_POINT ( 'NONE',  ( 3.449999999999989964, 11.44273112629125144, 8.880000000000002558 ) ) ;
#2729 = EDGE_CURVE ( 'NONE', #3503, #419, #2206, .T. ) ;
#2730 = ORIENTED_EDGE ( 'NONE', *, *, #139, .F. ) ;
#2731 = DIRECTION ( 'NONE',  ( 0.0000000000000000000, 0.0000000000000000000, -1.000000000000000000 ) ) ;
#2732 = PLANE ( 'NONE',  #2341 ) ;
#2733 = EDGE_CURVE ( 'NONE', #226, #2083, #2770, .T. ) ;
#2734 = DIRECTION ( 'NONE',  ( 0.8660254037844388186, 0.0000000000000000000, -0.4999999999999996669 ) ) ;
#2735 = EDGE_CURVE ( 'NONE', #3209, #863, #1220, .T. ) ;
#2736 = CARTESIAN_POINT ( 'NONE',  ( 8.076037614647821883, 12.69953703112068588, 3.875243666752033356 ) ) ;
#2737 = CARTESIAN_POINT ( 'NONE',  ( 9.421243556529820040, 6.599999999999980105, -8.220000000000000639 ) ) ;
#2738 = CARTESIAN_POINT ( 'NONE',  ( 5.749999999996039612, 12.65427415702094116, -1.713010294740996420 ) ) ;
#2739 = ORIENTED_EDGE ( 'NONE', *, *, #4425, .F. ) ;
#2740 = PLANE ( 'NONE',  #1976 ) ;
#2741 = AXIS2_PLACEMENT_3D ( 'NONE', #1538, #2906, #4276 ) ;
#2742 = ORIENTED_EDGE ( 'NONE', *, *, #120, .F. ) ;
#2743 = COORDINATED_UNIVERSAL_TIME_OFFSET ( 0, 0, .AHEAD. ) ;
#2744 = AXIS2_PLACEMENT_3D ( 'NONE', #4020, #2322, #603 ) ;
#2745 = FACE_OUTER_BOUND ( 'NONE', #582, .T. ) ;
#2746 = CARTESIAN_POINT ( 'NONE',  ( 6.521332732297199897, 12.73499999999999943, -6.500694998502298816 ) ) ;
#2747 = AXIS2_PLACEMENT_3D ( 'NONE', #1903, #2272, #2629 ) ;
#2748 = DIRECTION ( 'NONE',  ( 0.0000000000000000000, 0.0000000000000000000, 1.000000000000000000 ) ) ;
#2749 = CARTESIAN_POINT ( 'NONE',  ( 7.249552224325724659, 11.45044927442902782, 5.080000000000000959 ) ) ;
#2750 = VERTEX_POINT ( 'NONE', #2432 ) ;
#2751 = CARTESIAN_POINT ( 'NONE',  ( 5.349999999999989875, 11.45812853167969791, 0.0000000000000000000 ) ) ;
#2752 = CARTESIAN_POINT ( 'NONE',  ( 1.189999999999998392, 6.600000000000005862, 7.620000000000000107 ) ) ;
#2753 = AXIS2_PLACEMENT_3D ( 'NONE', #1171, #2958, #128 ) ;
#2754 = ADVANCED_FACE ( 'NONE', ( #3620, #533 ), #2093, .F. ) ;
#2755 = CARTESIAN_POINT ( 'NONE',  ( 5.721047637985604339, 12.69953703112068943, -1.714436134513059651 ) ) ;
#2756 = ORIENTED_EDGE ( 'NONE', *, *, #119, .F. ) ;
#2757 = FACE_OUTER_BOUND ( 'NONE', #3461, .T. ) ;
#2758 = EDGE_CURVE ( 'NONE', #3465, #1260, #820, .T. ) ;
#2759 = CARTESIAN_POINT ( 'NONE',  ( 0.9446261355944070015, 8.673617379884035472E-16, 7.195000000000000284 ) ) ;
#2760 = ORIENTED_EDGE ( 'NONE', *, *, #1141, .F. ) ;
#2761 = EDGE_CURVE ( 'NONE', #2695, #3327, #622, .T. ) ;
#2762 = CARTESIAN_POINT ( 'NONE',  ( 3.689033067547872857, 12.73500000000000121, -3.253963094636933508E-09 ) ) ;
#2763 = ORIENTED_EDGE ( 'NONE', *, *, #3420, .F. ) ;
#2764 = VECTOR ( 'NONE', #1037, 1000.000000000000000 ) ;
#2765 = EDGE_LOOP ( 'NONE', ( #1288, #3735, #1549, #2889, #4144, #3079, #3848, #1354 ) ) ;
#2766 = ORIENTED_EDGE ( 'NONE', *, *, #4016, .T. ) ;
#2767 = FACE_OUTER_BOUND ( 'NONE', #646, .T. ) ;
#2768 = AXIS2_PLACEMENT_3D ( 'NONE', #3509, #781, #1871 ) ;
#2769 = LINE ( 'NONE', #2349, #3746 ) ;
#2770 = LINE ( 'NONE', #4140, #1610 ) ;
#2771 = CARTESIAN_POINT ( 'NONE',  ( 3.595871267840948349, 12.69953703111901433, 8.673617379884036458E-16 ) ) ;
#2772 = ORIENTED_EDGE ( 'NONE', *, *, #1328, .F. ) ;
#2773 = VECTOR ( 'NONE', #423, 1000.000000000000000 ) ;
#2774 = ORIENTED_EDGE ( 'NONE', *, *, #1043, .T. ) ;
#2775 = FACE_OUTER_BOUND ( 'NONE', #211, .T. ) ;
#2776 = CARTESIAN_POINT ( 'NONE',  ( 0.8535898384862232735, 6.599999999999999645, -8.220000000000000639 ) ) ;
#2777 = LOCAL_TIME ( 21, 41, 59.00000000000000000, #2887 ) ;
#2778 = CARTESIAN_POINT ( 'NONE',  ( 8.076037614647820106, 12.69953703112068411, -1.204756333247968270 ) ) ;
#2779 = CARTESIAN_POINT ( 'NONE',  ( 3.450447775674256423, 11.45044927442903315, -1.280895551348531614 ) ) ;
#2780 = ADVANCED_FACE ( 'NONE', ( #2442 ), #3844, .T. ) ;
#2781 = CARTESIAN_POINT ( 'NONE',  ( 1.249999999999999556, 10.00000000000000000, -7.619999999999999218 ) ) ;
#2782 = LOCAL_TIME ( 21, 41, 59.00000000000000000, #2406 ) ;
#2783 = CARTESIAN_POINT ( 'NONE',  ( 5.749999999999319655, 12.72522597148189405, -1.658022933191344750 ) ) ;
#2784 = ORIENTED_EDGE ( 'NONE', *, *, #1762, .T. ) ;
#2785 = PLANE ( 'NONE',  #321 ) ;
#2786 = ORIENTED_EDGE ( 'NONE', *, *, #4183, .F. ) ;
#2787 = EDGE_CURVE ( 'NONE', #3438, #668, #663, .T. ) ;
#2788 = CARTESIAN_POINT ( 'NONE',  ( 4.950000000000133404, 12.73473344514864536, -6.700762266914829901 ) ) ;
#2789 = FACE_OUTER_BOUND ( 'NONE', #3857, .T. ) ;
#2790 = ORIENTED_EDGE ( 'NONE', *, *, #4242, .T. ) ;
#2791 = CARTESIAN_POINT ( 'NONE',  ( 5.749999999999992895, 12.73499999999999943, -6.692082860990527848 ) ) ;
#2792 = EDGE_CURVE ( 'NONE', #2695, #2721, #2042, .T. ) ;
#2793 = LINE ( 'NONE', #965, #1877 ) ;
#2794 = DIRECTION ( 'NONE',  ( 0.0000000000000000000, 0.0000000000000000000, 1.000000000000000000 ) ) ;
#2795 = VERTEX_POINT ( 'NONE', #707 ) ;
#2796 = APPROVAL_STATUS ( 'not_yet_approved' ) ;
#2797 = DIRECTION ( 'NONE',  ( -0.0000000000000000000, -0.0000000000000000000, 1.000000000000000000 ) ) ;
#2798 = VERTEX_POINT ( 'NONE', #2176 ) ;
#2799 = LINE ( 'NONE', #1847, #184 ) ;
#2800 = CARTESIAN_POINT ( 'NONE',  ( 5.300000000000001599, -3.700000000000010392, -4.780000000000000249 ) ) ;
#2801 = CARTESIAN_POINT ( 'NONE',  ( 4.500000000000006217, 4.784159143999949571, -5.579999999999897042 ) ) ;
#2802 = ORIENTED_EDGE ( 'NONE', *, *, #3023, .F. ) ;
#2803 = APPROVAL ( #1287, 'UNKNOWN' ) ;
#2804 = CARTESIAN_POINT ( 'NONE',  ( 4.178667269030222009, 12.73499999999999943, -6.500694998831674454 ) ) ;
#2805 = LINE ( 'NONE', #1001, #1951 ) ;
#2806 = PLANE ( 'NONE',  #2847 ) ;
#2807 = LINE ( 'NONE', #2759, #593 ) ;
#2808 = ORIENTED_EDGE ( 'NONE', *, *, #476, .T. ) ;
#2809 = PRODUCT ( 'TB007-508-03P_Green - S', 'TB007-508-03P_Green - S', '', ( #3131 ) ) ;
#2810 = ORIENTED_EDGE ( 'NONE', *, *, #559, .F. ) ;
#2811 = CARTESIAN_POINT ( 'NONE',  ( 1.942790561913620095, 6.600000000000010303, 7.129999999999999893 ) ) ;
#2812 = CARTESIAN_POINT ( 'NONE',  ( 5.349999999999989875, 11.45812853167969791, -5.080000000000000071 ) ) ;
#2813 = VERTEX_POINT ( 'NONE', #97 ) ;
#2814 = CARTESIAN_POINT ( 'NONE',  ( 4.950000000000072120, 12.72445880131357931, -6.738090098932130623 ) ) ;
#2815 = EDGE_CURVE ( 'NONE', #1573, #2198, #455, .T. ) ;
#2816 = ORIENTED_EDGE ( 'NONE', *, *, #1619, .T. ) ;
#2817 = CARTESIAN_POINT ( 'NONE',  ( 7.167157287525207643, 11.23499999999981291, 2.225375855715044864E-16 ) ) ;
#2818 = DIRECTION ( 'NONE',  ( 1.171453342316279939E-15, 1.000000000000000000, 0.0000000000000000000 ) ) ;
#2819 = CIRCLE ( 'NONE', #2380, 0.2999999999999999334 ) ;
#2820 = CARTESIAN_POINT ( 'NONE',  ( 7.993234973611840211, 13.69999999999999929, -7.620000000000000107 ) ) ;
#2821 = ADVANCED_FACE ( 'NONE', ( #4292 ), #1192, .T. ) ;
#2822 = ORIENTED_EDGE ( 'NONE', *, *, #4251, .T. ) ;
#2823 = DATE_AND_TIME ( #4160, #2638 ) ;
#2824 = CARTESIAN_POINT ( 'NONE',  ( 2.625902306574849909, 13.69999999999999929, -7.619999999999998330 ) ) ;
#2825 = EDGE_LOOP ( 'NONE', ( #730, #2121, #4422, #2599 ) ) ;
#2826 = CARTESIAN_POINT ( 'NONE',  ( 3.450447775674257755, 11.45044927442903138, -5.080000000000001847 ) ) ;
#2827 = AXIS2_PLACEMENT_3D ( 'NONE', #705, #4148, #2107 ) ;
#2828 = VECTOR ( 'NONE', #1032, 1000.000000000000000 ) ;
#2829 = CARTESIAN_POINT ( 'NONE',  ( 7.010966932452109113, 12.73499999999999766, -4.285277722835901137 ) ) ;
#2830 = CARTESIAN_POINT ( 'NONE',  ( 3.689038437082762023, 12.73500000000000121, -5.080000006514261202 ) ) ;
#2831 = VECTOR ( 'NONE', #368, 1000.000000000000000 ) ;
#2832 = LINE ( 'NONE', #777, #374 ) ;
#2833 = ORIENTED_EDGE ( 'NONE', *, *, #174, .T. ) ;
#2834 = ORIENTED_EDGE ( 'NONE', *, *, #527, .T. ) ;
#2835 = DIRECTION ( 'NONE',  ( 1.000000000000000000, 0.0000000000000000000, 0.0000000000000000000 ) ) ;
#2836 = CARTESIAN_POINT ( 'NONE',  ( 3.532842712474770774, 11.23499999999982180, 1.445685424949563647 ) ) ;
#2837 = ORIENTED_EDGE ( 'NONE', *, *, #3476, .T. ) ;
#2838 = CARTESIAN_POINT ( 'NONE',  ( 7.249999999999992006, 11.44273112629124611, 5.080000000000000959 ) ) ;
#2839 = ORIENTED_EDGE ( 'NONE', *, *, #719, .T. ) ;
#2840 = ORIENTED_EDGE ( 'NONE', *, *, #4421, .T. ) ;
#2841 = FACE_OUTER_BOUND ( 'NONE', #1967, .T. ) ;
#2842 = CARTESIAN_POINT ( 'NONE',  ( 3.449999999999988631, 11.31784271247448004, -1.279999999999996474 ) ) ;
#2843 = EDGE_CURVE ( 'NONE', #4267, #1929, #146, .T. ) ;
#2844 = DIRECTION ( 'NONE',  ( 3.334909476821824268E-28, 1.000000000000000000, 5.984633544517506745E-42 ) ) ;
#2845 = CARTESIAN_POINT ( 'NONE',  ( 9.555373864405590112, 6.599999999999999645, 7.195000000000000284 ) ) ;
#2846 = EDGE_LOOP ( 'NONE', ( #2405, #1106, #1465, #584 ) ) ;
#2847 = AXIS2_PLACEMENT_3D ( 'NONE', #1091, #2469, #3157 ) ;
#2848 = DATE_AND_TIME ( #2168, #1982 ) ;
#2849 = LINE ( 'NONE', #2148, #2025 ) ;
#2850 = ORIENTED_EDGE ( 'NONE', *, *, #3836, .T. ) ;
#2851 = FACE_OUTER_BOUND ( 'NONE', #4147, .T. ) ;
#2852 = DIRECTION ( 'NONE',  ( 2.501911041408800138E-16, 1.000000000000000000, -0.0000000000000000000 ) ) ;
#2853 = EDGE_CURVE ( 'NONE', #863, #3054, #3019, .T. ) ;
#2854 = CONICAL_SURFACE ( 'NONE', #108, 1.898658176322939983, 0.1159019745381328903 ) ;
#2855 = EDGE_CURVE ( 'NONE', #1093, #3231, #3701, .T. ) ;
#2856 = FACE_OUTER_BOUND ( 'NONE', #704, .T. ) ;
#2857 = CIRCLE ( 'NONE', #1339, 1.900000000000000133 ) ;
#2858 = PLANE ( 'NONE',  #2331 ) ;
#2859 = EDGE_LOOP ( 'NONE', ( #1748, #200, #1309 ) ) ;
#2860 = AXIS2_PLACEMENT_3D ( 'NONE', #3355, #3013, #3371 ) ;
#2861 = VERTEX_POINT ( 'NONE', #2938 ) ;
#2862 = CARTESIAN_POINT ( 'NONE',  ( 3.449999999999989519, 11.43500000000000227, 5.080000000000000071 ) ) ;
#2863 = ORIENTED_EDGE ( 'NONE', *, *, #1647, .F. ) ;
#2864 = LOCAL_TIME ( 21, 41, 59.00000000000000000, #3238 ) ;
#2865 = CARTESIAN_POINT ( 'NONE',  ( 6.521332732297200785, 12.73499999999999943, 3.659305001497699994 ) ) ;
#2866 = CYLINDRICAL_SURFACE ( 'NONE', #4324, 1.975000000000000089 ) ;
#2867 = ORIENTED_EDGE ( 'NONE', *, *, #772, .F. ) ;
#2868 = VERTEX_POINT ( 'NONE', #1016 ) ;
#2869 = DIRECTION ( 'NONE',  ( -1.794541526872530066E-14, 0.0000000000000000000, 1.000000000000000000 ) ) ;
#2870 = CARTESIAN_POINT ( 'NONE',  ( 7.249999999999994671, 11.43500000000000227, -1.279999999999998472 ) ) ;
#2871 = ORIENTED_EDGE ( 'NONE', *, *, #2050, .F. ) ;
#2872 = VERTEX_POINT ( 'NONE', #46 ) ;
#2873 = CARTESIAN_POINT ( 'NONE',  ( 3.375000000000000888, 13.99999999999999822, -5.080000000000000071 ) ) ;
#2874 = EDGE_CURVE ( 'NONE', #3425, #409, #2104, .T. ) ;
#2875 = LINE ( 'NONE', #2801, #3781 ) ;
#2876 = CARTESIAN_POINT ( 'NONE',  ( 7.248658176335226244, 11.45812853167969614, -5.080000000000000071 ) ) ;
#2877 = ORIENTED_EDGE ( 'NONE', *, *, #2672, .F. ) ;
#2878 = DIRECTION ( 'NONE',  ( 3.334909476821824268E-28, 1.000000000000000000, 5.984633544517506745E-42 ) ) ;
#2879 = ADVANCED_FACE ( 'NONE', ( #1384 ), #3767, .F. ) ;
#2880 = ORIENTED_EDGE ( 'NONE', *, *, #3382, .T. ) ;
#2881 = FACE_OUTER_BOUND ( 'NONE', #528, .T. ) ;
#2882 = CARTESIAN_POINT ( 'NONE',  ( 5.749999999999304556, 12.68816249061487333, 6.779945829408947411 ) ) ;
#2883 = CARTESIAN_POINT ( 'NONE',  ( 7.325000000000000178, 10.44999999999999929, 0.0000000000000000000 ) ) ;
#2884 = ORIENTED_EDGE ( 'NONE', *, *, #3441, .T. ) ;
#2885 = CARTESIAN_POINT ( 'NONE',  ( 5.750000000000000000, 12.64914866789105297, -6.793937828365216092 ) ) ;
#2886 = ORIENTED_EDGE ( 'NONE', *, *, #4349, .T. ) ;
#2887 = COORDINATED_UNIVERSAL_TIME_OFFSET ( 0, 0, .AHEAD. ) ;
#2888 = FACE_OUTER_BOUND ( 'NONE', #3688, .T. ) ;
#2889 = ORIENTED_EDGE ( 'NONE', *, *, #749, .F. ) ;
#2890 = CIRCLE ( 'NONE', #2171, 1.898658176328942071 ) ;
#2891 = DIRECTION ( 'NONE',  ( -1.734723475976807410E-14, 0.0000000000000000000, 1.000000000000000000 ) ) ;
#2892 = EDGE_CURVE ( 'NONE', #2353, #3243, #427, .T. ) ;
#2893 = VECTOR ( 'NONE', #979, 1000.000000000000000 ) ;
#2894 = LINE ( 'NONE', #480, #4045 ) ;
#2895 = VERTEX_POINT ( 'NONE', #816 ) ;
#2896 = DIRECTION ( 'NONE',  ( -1.000000000000000000, 3.338853781347929776E-28, -1.794541526872530066E-14 ) ) ;
#2897 = CIRCLE ( 'NONE', #949, 1.975000000000000089 ) ;
#2898 = DIRECTION ( 'NONE',  ( 1.000000000000000000, 0.0000000000000000000, 0.0000000000000000000 ) ) ;
#2899 = EDGE_LOOP ( 'NONE', ( #3902, #2177, #1177, #1919 ) ) ;
#2900 = FACE_OUTER_BOUND ( 'NONE', #3064, .T. ) ;
#2901 = EDGE_CURVE ( 'NONE', #2198, #3721, #2271, .T. ) ;
#2902 = AXIS2_PLACEMENT_3D ( 'NONE', #3002, #1994, #229 ) ;
#2903 = ADVANCED_FACE ( 'NONE', ( #1116 ), #2806, .F. ) ;
#2904 = ORIENTED_EDGE ( 'NONE', *, *, #2011, .F. ) ;
#2905 = DIRECTION ( 'NONE',  ( -3.402072636421381016E-15, -0.9805806756909208888, 0.1961161351381804363 ) ) ;
#2906 = DIRECTION ( 'NONE',  ( -1.171453342316279939E-15, -1.000000000000000000, -0.0000000000000000000 ) ) ;
#2907 = PERSON_AND_ORGANIZATION ( #2659, #2350 ) ;
#2908 = ORIENTED_EDGE ( 'NONE', *, *, #1275, .F. ) ;
#2909 = CARTESIAN_POINT ( 'NONE',  ( 5.300000000000020250, -0.05000000078158019917, -5.880000000000043414 ) ) ;
#2910 = VECTOR ( 'NONE', #2277, 1000.000000000000000 ) ;
#2911 = FACE_OUTER_BOUND ( 'NONE', #3233, .T. ) ;
#2912 = ORIENTED_EDGE ( 'NONE', *, *, #413, .F. ) ;
#2913 = CARTESIAN_POINT ( 'NONE',  ( 7.249999999999991118, 11.43499999999999872, 2.326828918379971858E-16 ) ) ;
#2914 = VECTOR ( 'NONE', #231, 1000.000000000000000 ) ;
#2915 = DIRECTION ( 'NONE',  ( 1.000000000000000000, -9.136576017787367610E-16, 0.0000000000000000000 ) ) ;
#2916 = FACE_OUTER_BOUND ( 'NONE', #3101, .T. ) ;
#2917 = EDGE_LOOP ( 'NONE', ( #3432, #685, #1514, #1239, #1029, #2149, #3698, #2833 ) ) ;
#2918 = VECTOR ( 'NONE', #3180, 1000.000000000000000 ) ;
#2919 = ORIENTED_EDGE ( 'NONE', *, *, #1932, .F. ) ;
#2920 = LINE ( 'NONE', #1216, #3319 ) ;
#2921 = CARTESIAN_POINT ( 'NONE',  ( 5.749999999999930722, 12.72947253920396449, 6.727765679071598726 ) ) ;
#2922 = LOCAL_TIME ( 21, 41, 59.00000000000000000, #2619 ) ;
#2923 = ORIENTED_EDGE ( 'NONE', *, *, #2103, .T. ) ;
#2924 = EDGE_CURVE ( 'NONE', #2508, #3935, #2496, .T. ) ;
#2925 = LOCAL_TIME ( 21, 41, 59.00000000000000000, #2743 ) ;
#2926 = CARTESIAN_POINT ( 'NONE',  ( 4.950000000004743050, 12.67614242096979993, 1.706545570107983467 ) ) ;
#2927 = CARTESIAN_POINT ( 'NONE',  ( 3.650000000000295231, 11.23500000000000121, -5.080000000000000071 ) ) ;
#2928 = ADVANCED_FACE ( 'NONE', ( #1254 ), #4347, .F. ) ;
#2929 = CARTESIAN_POINT ( 'NONE',  ( 3.689038437082762023, 12.73500000000000121, -5.080000006514261202 ) ) ;
#2930 = DIRECTION ( 'NONE',  ( 0.0000000000000000000, -0.0000000000000000000, -1.000000000000000000 ) ) ;
#2931 = EDGE_CURVE ( 'NONE', #3425, #3519, #4277, .T. ) ;
#2932 = APPROVAL_ROLE ( '' ) ;
#2933 = CARTESIAN_POINT ( 'NONE',  ( 7.049999999999684519, 11.23499999999999766, -8.479999999999389360 ) ) ;
#2934 = CARTESIAN_POINT ( 'NONE',  ( 4.950000000000131628, 12.73420261174138268, 3.454934726216511987 ) ) ;
#2935 = SHAPE_REPRESENTATION ( 'TB007-508-03P_Green - S', ( #688 ), #1340 ) ;
#2936 = B_SPLINE_CURVE_WITH_KNOTS ( 'NONE', 3,
 ( #3479, #4411, #291, #1338 ),
 .UNSPECIFIED., .F., .F.,
 ( 4, 4 ),
 ( 2.734102817364159612E-15, 0.0007166189195523916177 ),
 .UNSPECIFIED. ) ;
#2937 = ORIENTED_EDGE ( 'NONE', *, *, #2396, .T. ) ;
#2938 = CARTESIAN_POINT ( 'NONE',  ( 4.949999999999999289, 11.93499999999671601, -6.879211327335756465 ) ) ;
#2939 = VERTEX_POINT ( 'NONE', #3702 ) ;
#2940 = DIRECTION ( 'NONE',  ( 1.000000000000000000, -0.0000000000000000000, 0.0000000000000000000 ) ) ;
#2941 = CARTESIAN_POINT ( 'NONE',  ( 5.749999999999930722, 12.72445880131370011, 6.738090098931875715 ) ) ;
#2942 = CARTESIAN_POINT ( 'NONE',  ( 9.310000000000000497, 6.799999999999999822, 7.620000000000000107 ) ) ;
#2943 =( BOUNDED_CURVE ( )  B_SPLINE_CURVE ( 3, ( #3889, #2865, #3462, #75 ),
 .UNSPECIFIED., .F., .T. ) 
 B_SPLINE_CURVE_WITH_KNOTS ( ( 4, 4 ),
 ( 0.0000000000000000000, 1.000000000000000000 ),
 .UNSPECIFIED. ) 
 CURVE ( )  GEOMETRIC_REPRESENTATION_ITEM ( )  RATIONAL_B_SPLINE_CURVE ( ( 1.000000000000000000, 0.8584414868985700275, 0.8584414868985700275, 1.000000000000000000 ) ) 
 REPRESENTATION_ITEM ( '' )  );
#2944 = ORIENTED_EDGE ( 'NONE', *, *, #3411, .F. ) ;
#2945 = CARTESIAN_POINT ( 'NONE',  ( 5.349999999999999645, 10.44999999999999929, 5.080000000000000071 ) ) ;
#2946 = EDGE_CURVE ( 'NONE', #1458, #2381, #3292, .T. ) ;
#2947 = CARTESIAN_POINT ( 'NONE',  ( 5.749999999999869438, 12.73279737082328467, 1.636456345332686579 ) ) ;
#2948 = CARTESIAN_POINT ( 'NONE',  ( 3.650000000000294342, 11.23500000000000121, -1.680000000000607896 ) ) ;
#2949 = EDGE_CURVE ( 'NONE', #2337, #3682, #1583, .T. ) ;
#2950 = EDGE_CURVE ( 'NONE', #770, #2939, #3018, .T. ) ;
#2951 = CARTESIAN_POINT ( 'NONE',  ( 5.701341293122919929, 12.73499999999999766, -3.456617590816596586 ) ) ;
#2952 = DIRECTION ( 'NONE',  ( 1.000000000000000000, -3.338853781347929776E-28, 1.794541526872530066E-14 ) ) ;
#2953 = CARTESIAN_POINT ( 'NONE',  ( 10.25000000000000000, 0.0000000000000000000, -7.620000000000000107 ) ) ;
#2954 = VERTEX_POINT ( 'NONE', #1063 ) ;
#2955 = AXIS2_PLACEMENT_3D ( 'NONE', #556, #1281, #1219 ) ;
#2956 = ORIENTED_EDGE ( 'NONE', *, *, #2604, .T. ) ;
#2957 = CARTESIAN_POINT ( 'NONE',  ( 4.499999999999992895, 0.0000000000000000000, 0.5041960109772645193 ) ) ;
#2958 = DIRECTION ( 'NONE',  ( -1.171453342316279939E-15, -1.000000000000000000, 0.0000000000000000000 ) ) ;
#2959 = VECTOR ( 'NONE', #1038, 1000.000000000000000 ) ;
#2960 = VECTOR ( 'NONE', #586, 1000.000000000000000 ) ;
#2961 = VERTEX_POINT ( 'NONE', #4099 ) ;
#2962 = LINE ( 'NONE', #1838, #1263 ) ;
#2963 = DIRECTION ( 'NONE',  ( -1.000000000000000000, -0.0000000000000000000, -0.0000000000000000000 ) ) ;
#2964 = CARTESIAN_POINT ( 'NONE',  ( 7.049999999999990941, 11.43499999999999694, 2.081899558550500773E-16 ) ) ;
#2965 = VECTOR ( 'NONE', #2426, 1000.000000000000000 ) ;
#2966 = CARTESIAN_POINT ( 'NONE',  ( 4.499999999999803713, -0.05000000078158020611, -5.580000000000016946 ) ) ;
#2967 = PERSON_AND_ORGANIZATION ( #1952, #3135 ) ;
#2968 = EDGE_CURVE ( 'NONE', #3630, #4220, #3726, .T. ) ;
#2969 = FACE_BOUND ( 'NONE', #280, .T. ) ;
#2970 = CARTESIAN_POINT ( 'NONE',  ( 5.500000000000005329, -0.05000000078161020295, 0.5000000000001419975 ) ) ;
#2971 = LINE ( 'NONE', #3308, #1617 ) ;
#2972 = EDGE_CURVE ( 'NONE', #2973, #3660, #3542, .T. ) ;
#2973 = VERTEX_POINT ( 'NONE', #1498 ) ;
#2974 = FACE_BOUND ( 'NONE', #4438, .T. ) ;
#2975 = AXIS2_PLACEMENT_3D ( 'NONE', #3614, #529, #3272 ) ;
#2976 = ORIENTED_EDGE ( 'NONE', *, *, #1022, .F. ) ;
#2977 = DIRECTION ( 'NONE',  ( -0.0000000000000000000, -1.000000000000000000, -0.0000000000000000000 ) ) ;
#2978 = B_SPLINE_CURVE_WITH_KNOTS ( 'NONE', 3,
 ( #3968, #1922, #615, #567 ),
 .UNSPECIFIED., .F., .F.,
 ( 4, 4 ),
 ( 3.411940461911422888E-15, 0.0007166189195539847444 ),
 .UNSPECIFIED. ) ;
#2979 = ORIENTED_EDGE ( 'NONE', *, *, #2658, .F. ) ;
#2980 = EDGE_CURVE ( 'NONE', #4026, #117, #3250, .T. ) ;
#2981 = AXIS2_PLACEMENT_3D ( 'NONE', #3143, #2113, #2835 ) ;
#2982 = CARTESIAN_POINT ( 'NONE',  ( 4.499999999999988454, -2.699999999999817213, 5.580000000000056914 ) ) ;
#2983 = CARTESIAN_POINT ( 'NONE',  ( 4.973902936676230624, 12.73499999999999943, 6.752533082915171292 ) ) ;
#2984 = CIRCLE ( 'NONE', #3777, 0.2999999999999999334 ) ;
#2985 = ORIENTED_EDGE ( 'NONE', *, *, #4275, .F. ) ;
#2986 = DIRECTION ( 'NONE',  ( -0.0000000000000000000, -0.0000000000000000000, -1.000000000000000000 ) ) ;
#2987 = CYLINDRICAL_SURFACE ( 'NONE', #2744, 0.2999999999999999334 ) ;
#2988 = AXIS2_PLACEMENT_3D ( 'NONE', #2714, #2734, #3111 ) ;
#2989 = CARTESIAN_POINT ( 'NONE',  ( 3.589703979381174914, 12.64656426582076776, -5.080000000000000071 ) ) ;
#2990 = LOCAL_TIME ( 21, 41, 59.00000000000000000, #1578 ) ;
#2991 = CARTESIAN_POINT ( 'NONE',  ( 5.349999999999982769, 12.64656426582178206, -5.080000000000000071 ) ) ;
#2992 = ORIENTED_EDGE ( 'NONE', *, *, #2678, .F. ) ;
#2993 = CARTESIAN_POINT ( 'NONE',  ( 4.985603046728844134, 12.73499999999999943, -3.459498222418098567 ) ) ;
#2994 = DIRECTION ( 'NONE',  ( 1.171453342316279939E-15, 1.000000000000000000, 0.0000000000000000000 ) ) ;
#2995 = CARTESIAN_POINT ( 'NONE',  ( 4.949999999999998401, 12.64914866789669823, -3.366062171635685996 ) ) ;
#2996 = ORIENTED_EDGE ( 'NONE', *, *, #2729, .F. ) ;
#2997 = CARTESIAN_POINT ( 'NONE',  ( 4.949999999999999289, 12.65751425528028840, 3.367062287735220316 ) ) ;
#2998 = CARTESIAN_POINT ( 'NONE',  ( 10.25000000000000000, 6.799999999999999822, -1.799999999999999600 ) ) ;
#2999 = EDGE_CURVE ( 'NONE', #1727, #1638, #4122, .T. ) ;
#3000 = ORIENTED_EDGE ( 'NONE', *, *, #2700, .F. ) ;
#3001 = FACE_OUTER_BOUND ( 'NONE', #3565, .T. ) ;
#3002 = CARTESIAN_POINT ( 'NONE',  ( 4.500000000000000000, -3.700000000000009948, -5.000000000000000000 ) ) ;
#3003 = DIRECTION ( 'NONE',  ( 0.0000000000000000000, 0.0000000000000000000, -1.000000000000000000 ) ) ;
#3004 = EDGE_CURVE ( 'NONE', #3645, #956, #3017, .T. ) ;
#3005 = EDGE_LOOP ( 'NONE', ( #1650, #1168, #2471, #1945 ) ) ;
#3006 = CARTESIAN_POINT ( 'NONE',  ( 3.451341823677039677, 11.45812853178540891, -5.080000000000000071 ) ) ;
#3007 = CARTESIAN_POINT ( 'NONE',  ( 5.349999999999989875, 12.73499999999999943, 0.0000000000000000000 ) ) ;
#3008 = FACE_OUTER_BOUND ( 'NONE', #3862, .T. ) ;
#3009 = LINE ( 'NONE', #1595, #2572 ) ;
#3010 = ORIENTED_EDGE ( 'NONE', *, *, #3644, .F. ) ;
#3011 = CARTESIAN_POINT ( 'NONE',  ( 3.689033067547873301, 12.73500000000000121, -5.080000003253963392 ) ) ;
#3012 = VERTEX_POINT ( 'NONE', #2415 ) ;
#3013 = DIRECTION ( 'NONE',  ( 0.0000000000000000000, 0.0000000000000000000, 1.000000000000000000 ) ) ;
#3014 = CARTESIAN_POINT ( 'NONE',  ( 4.950000000003960565, 12.65427415702094116, -3.366989705258999432 ) ) ;
#3015 = ORIENTED_EDGE ( 'NONE', *, *, #4158, .T. ) ;
#3016 = DIRECTION ( 'NONE',  ( 1.000000000000000000, -3.338853781347929776E-28, 1.794541526872530066E-14 ) ) ;
#3017 = LINE ( 'NONE', #1317, #2764 ) ;
#3018 = LINE ( 'NONE', #2357, #1825 ) ;
#3019 = LINE ( 'NONE', #1968, #4125 ) ;
#3020 = AXIS2_PLACEMENT_3D ( 'NONE', #3677, #1935, #539 ) ;
#3021 = CARTESIAN_POINT ( 'NONE',  ( 5.722352193218311456, 12.64656426582414817, -1.720463868963991727 ) ) ;
#3022 = CARTESIAN_POINT ( 'NONE',  ( 9.250000000000000000, 5.199999999999993072, -6.379999999999999893 ) ) ;
#3023 = EDGE_CURVE ( 'NONE', #2229, #652, #2688, .T. ) ;
#3024 = CARTESIAN_POINT ( 'NONE',  ( 5.749999999999992895, 12.73499999999999943, -3.467917139009472294 ) ) ;
#3025 = DIRECTION ( 'NONE',  ( -0.0000000000000000000, -0.0000000000000000000, -1.000000000000000000 ) ) ;
#3026 = VECTOR ( 'NONE', #1523, 1000.000000000000000 ) ;
#3027 = ORIENTED_EDGE ( 'NONE', *, *, #2136, .F. ) ;
#3028 = CARTESIAN_POINT ( 'NONE',  ( 4.949999999999999289, 11.93499999999701977, 6.879211327335720938 ) ) ;
#3029 = EDGE_CURVE ( 'NONE', #2234, #3682, #4058, .T. ) ;
#3030 = EDGE_CURVE ( 'NONE', #3636, #117, #3409, .T. ) ;
#3031 = VECTOR ( 'NONE', #4333, 1000.000000000000000 ) ;
#3032 = ORIENTED_EDGE ( 'NONE', *, *, #3724, .T. ) ;
#3033 = DATE_AND_TIME ( #4423, #980 ) ;
#3034 = B_SPLINE_CURVE_WITH_KNOTS ( 'NONE', 3,
 ( #857, #1869, #1210, #2237 ),
 .UNSPECIFIED., .F., .F.,
 ( 4, 4 ),
 ( 7.695742672741190085E-15, 0.0007166189195625507005 ),
 .UNSPECIFIED. ) ;
#3035 = AXIS2_PLACEMENT_3D ( 'NONE', #1258, #3974, #930 ) ;
#3036 = DIRECTION ( 'NONE',  ( -9.136576017787373527E-16, -1.000000000000000000, -2.086925533220183900E-31 ) ) ;
#3037 = CARTESIAN_POINT ( 'NONE',  ( 10.25000000000000000, 0.0000000000000000000, 7.620000000000000107 ) ) ;
#3038 = EDGE_LOOP ( 'NONE', ( #2175, #2476, #1158, #254 ) ) ;
#3039 = VECTOR ( 'NONE', #2963, 1000.000000000000000 ) ;
#3040 = CARTESIAN_POINT ( 'NONE',  ( 4.500000000000000000, -3.700000000000009948, 4.780000000000000249 ) ) ;
#3041 = ORIENTED_EDGE ( 'NONE', *, *, #3720, .T. ) ;
#3042 = CARTESIAN_POINT ( 'NONE',  ( 4.949999999999999289, 11.93500000000000050, -1.969999999999999973 ) ) ;
#3043 = CARTESIAN_POINT ( 'NONE',  ( 8.689999999999999503, 0.0000000000000000000, 7.620000000000000107 ) ) ;
#3044 = CARTESIAN_POINT ( 'NONE',  ( 3.449999999999990408, 11.44273112629125144, -5.080000000000001847 ) ) ;
#3045 = CARTESIAN_POINT ( 'NONE',  ( 9.249999999999998224, 7.599999999999998757, 7.620000000000000107 ) ) ;
#3046 = APPLICATION_CONTEXT ( 'configuration controlled 3d designs of mechanical parts and assemblies' ) ;
#3047 = CARTESIAN_POINT ( 'NONE',  ( 5.749999999997323030, 12.70467874844269751, -1.686818741883628459 ) ) ;
#3048 = AXIS2_PLACEMENT_3D ( 'NONE', #3953, #2336, #3635 ) ;
#3049 = ORIENTED_EDGE ( 'NONE', *, *, #1758, .F. ) ;
#3050 = CARTESIAN_POINT ( 'NONE',  ( 9.449999999999999289, 7.600000000000000533, -7.620000000000001883 ) ) ;
#3051 = VECTOR ( 'NONE', #4145, 1000.000000000000114 ) ;
#3052 = DIRECTION ( 'NONE',  ( 1.000000000000000000, 0.0000000000000000000, 0.0000000000000000000 ) ) ;
#3053 = EDGE_CURVE ( 'NONE', #226, #3438, #1685, .T. ) ;
#3054 = VERTEX_POINT ( 'NONE', #3723 ) ;
#3055 = AXIS2_PLACEMENT_3D ( 'NONE', #544, #3608, #1940 ) ;
#3056 = VERTEX_POINT ( 'NONE', #3066 ) ;
#3057 = APPROVAL_ROLE ( '' ) ;
#3058 = LOCAL_TIME ( 21, 41, 59.00000000000000000, #3563 ) ;
#3059 = CARTESIAN_POINT ( 'NONE',  ( 4.158098634558128559, 12.73500000000000121, -3.590914171675888333 ) ) ;
#3060 = ADVANCED_FACE ( 'NONE', ( #4431 ), #3106, .T. ) ;
#3061 = ORIENTED_EDGE ( 'NONE', *, *, #3256, .T. ) ;
#3062 = DIRECTION ( 'NONE',  ( 0.0000000000000000000, 0.0000000000000000000, 1.000000000000000000 ) ) ;
#3063 = CARTESIAN_POINT ( 'NONE',  ( 4.950000000000678746, 12.72522597148189583, -3.421977066808653767 ) ) ;
#3064 = EDGE_LOOP ( 'NONE', ( #28, #1788, #2839, #244 ) ) ;
#3065 = CARTESIAN_POINT ( 'NONE',  ( 3.451341823677039677, 11.45812853178540891, 2.325185658308839612E-16 ) ) ;
#3066 = CARTESIAN_POINT ( 'NONE',  ( 7.325000000000000178, 11.23499999999999943, 0.0000000000000000000 ) ) ;
#3067 = CARTESIAN_POINT ( 'NONE',  ( 5.712622210151656610, 12.73499999999999410, -1.675506206254600450 ) ) ;
#3068 = FACE_OUTER_BOUND ( 'NONE', #463, .T. ) ;
#3069 = DIRECTION ( 'NONE',  ( 1.224646799147353207E-16, -1.434616586018100824E-31, -1.000000000000000000 ) ) ;
#3070 = CARTESIAN_POINT ( 'NONE',  ( 4.949999999999991296, 12.73499999999999943, 6.692082860990527848 ) ) ;
#3071 = EDGE_LOOP ( 'NONE', ( #314, #3874, #858, #4108, #1503, #3385 ) ) ;
#3072 = ORIENTED_EDGE ( 'NONE', *, *, #1298, .T. ) ;
#3073 = VERTEX_POINT ( 'NONE', #701 ) ;
#3074 = ITEM_DEFINED_TRANSFORMATION ( 'NONE', 'NONE', #4136,  #688 ) ;
#3075 = EDGE_CURVE ( 'NONE', #2083, #4348, #2077, .T. ) ;
#3076 = CARTESIAN_POINT ( 'NONE',  ( 5.349999999999999645, 10.44999999999999929, -5.080000000000000071 ) ) ;
#3077 = DIRECTION ( 'NONE',  ( -1.000000000000000000, 1.171453342316279939E-15, 0.0000000000000000000 ) ) ;
#3078 = CARTESIAN_POINT ( 'NONE',  ( 3.450447775674257311, 11.45044927442903315, 5.080000000000001847 ) ) ;
#3079 = ORIENTED_EDGE ( 'NONE', *, *, #439, .F. ) ;
#3080 = LINE ( 'NONE', #3065, #3051 ) ;
#3081 = ADVANCED_FACE ( 'NONE', ( #634 ), #2732, .T. ) ;
#3082 = EDGE_CURVE ( 'NONE', #591, #4293, #2936, .T. ) ;
#3083 = CARTESIAN_POINT ( 'NONE',  ( 1.799999999999996714, 6.599999999999999645, -7.620000000000000995 ) ) ;
#3084 = CARTESIAN_POINT ( 'NONE',  ( 7.249552224325726435, 11.45044927442902782, -1.280895551348531614 ) ) ;
#3085 = DESIGN_CONTEXT ( 'detailed design', #3046, 'design' ) ;
#3086 = LINE ( 'NONE', #4434, #7 ) ;
#3087 = ORIENTED_EDGE ( 'NONE', *, *, #2672, .T. ) ;
#3088 = DIRECTION ( 'NONE',  ( 0.0000000000000000000, 0.0000000000000000000, 1.000000000000000000 ) ) ;
#3089 = DIRECTION ( 'NONE',  ( -1.000000000000000000, 1.171453342316279939E-15, 0.0000000000000000000 ) ) ;
#3090 = CIRCLE ( 'NONE', #1372, 1.843139007349806180 ) ;
#3091 = CARTESIAN_POINT ( 'NONE',  ( 4.500000000000000000, -3.700000000000009948, -5.380000000000000782 ) ) ;
#3092 = CARTESIAN_POINT ( 'NONE',  ( 5.349999999999989875, 11.43500000000000050, -5.080000000000000071 ) ) ;
#3093 = VECTOR ( 'NONE', #2844, 1000.000000000000000 ) ;
#3094 = ORIENTED_EDGE ( 'NONE', *, *, #780, .F. ) ;
#3095 = VERTEX_POINT ( 'NONE', #2776 ) ;
#3096 = LINE ( 'NONE', #3168, #3850 ) ;
#3097 = CC_DESIGN_PERSON_AND_ORGANIZATION_ASSIGNMENT ( #2907, #1560, ( #1272 ) ) ;
#3098 = VECTOR ( 'NONE', #3611, 1000.000000000000000 ) ;
#3099 = CARTESIAN_POINT ( 'NONE',  ( 3.532842712474773883, 11.23499999999982180, -8.714314575050435607 ) ) ;
#3100 = DIRECTION ( 'NONE',  ( -1.000000000000000000, 0.0000000000000000000, 0.0000000000000000000 ) ) ;
#3101 = EDGE_LOOP ( 'NONE', ( #4096, #2570, #545, #3761 ) ) ;
#3102 = EDGE_CURVE ( 'NONE', #389, #4197, #4081, .T. ) ;
#3103 = VECTOR ( 'NONE', #2397, 1000.000000000000000 ) ;
#3104 = ORIENTED_EDGE ( 'NONE', *, *, #2015, .F. ) ;
#3105 = CARTESIAN_POINT ( 'NONE',  ( 4.949999999999998401, 12.17219196889104005, -1.770922332791152298 ) ) ;
#3106 = CYLINDRICAL_SURFACE ( 'NONE', #23, 0.2999999999999999334 ) ;
#3107 = CARTESIAN_POINT ( 'NONE',  ( 4.949999999999999289, 12.64656426582875959, -1.714246796764900216 ) ) ;
#3108 = CIRCLE ( 'NONE', #2753, 1.760296020627533320 ) ;
#3109 =( BOUNDED_SURFACE ( )  B_SPLINE_SURFACE ( 3, 3, ( 
 ( #2072, #2145, #3829, #1793 ),
 ( #3191, #4159, #2482, #2433 ),
 ( #4181, #1747, #3516, #2771 ),
 ( #2507, #3853, #59, #441 ) ),
 .UNSPECIFIED., .F., .F., .F. ) 
 B_SPLINE_SURFACE_WITH_KNOTS ( ( 4, 4 ),
 ( 4, 4 ),
 ( 0.0000000000000000000, 1.000000000000000000 ),
 ( 0.0000000000000000000, 1.000000000000000000 ),
 .UNSPECIFIED. ) 
 GEOMETRIC_REPRESENTATION_ITEM ( )  RATIONAL_B_SPLINE_SURFACE ( (
 ( 1.000000000000000000, 0.8538861261458171592, 0.8538861261458171592, 1.000000000000000000),
 ( 0.8312495820266312396, 0.7097924854570498709, 0.7097924854570498709, 0.8312495820266312396),
 ( 0.8312495820266312396, 0.7097924854570498709, 0.7097924854570498709, 0.8312495820266312396),
 ( 1.000000000000000000, 0.8538861261458171592, 0.8538861261458171592, 1.000000000000000000) ) ) 
 REPRESENTATION_ITEM ( '' )  SURFACE ( )  );
#3110 = EDGE_CURVE ( 'NONE', #274, #3056, #3267, .T. ) ;
#3111 = DIRECTION ( 'NONE',  ( -0.4999999999999996669, 0.0000000000000000000, -0.8660254037844388186 ) ) ;
#3112 = CARTESIAN_POINT ( 'NONE',  ( 7.249552224325724659, 11.45044927442902782, -5.080000000000002736 ) ) ;
#3113 = DIRECTION ( 'NONE',  ( 0.8164965809277260345, -0.4082482904638622956, 0.4082482904638637389 ) ) ;
#3114 = ADVANCED_FACE ( 'NONE', ( #3335 ), #1625, .F. ) ;
#3115 = DIRECTION ( 'NONE',  ( 0.0000000000000000000, 1.000000000000000000, 0.0000000000000000000 ) ) ;
#3116 = CARTESIAN_POINT ( 'NONE',  ( 5.299999999999990052, -9.540979117872439019E-15, 6.080000000000209681 ) ) ;
#3117 = ADVANCED_FACE ( 'NONE', ( #3700 ), #4170, .T. ) ;
#3118 = EDGE_LOOP ( 'NONE', ( #1973, #3573, #675, #408 ) ) ;
#3119 = DIRECTION ( 'NONE',  ( 0.1543768802736096291, -0.9880120337511013595, 0.0000000000000000000 ) ) ;
#3120 = ORIENTED_EDGE ( 'NONE', *, *, #4299, .T. ) ;
#3121 = CARTESIAN_POINT ( 'NONE',  ( 5.349999999999989875, 11.45812853167969791, -5.080000000000000071 ) ) ;
#3122 = VECTOR ( 'NONE', #1187, 1000.000000000000000 ) ;
#3123 = ORIENTED_EDGE ( 'NONE', *, *, #4094, .F. ) ;
#3124 = ORIENTED_EDGE ( 'NONE', *, *, #2946, .T. ) ;
#3125 = DIRECTION ( 'NONE',  ( 1.000000000000000000, 0.0000000000000000000, 0.0000000000000000000 ) ) ;
#3126 = VECTOR ( 'NONE', #1563, 1000.000000000000000 ) ;
#3127 = DIRECTION ( 'NONE',  ( 0.0000000000000000000, -0.0000000000000000000, 1.000000000000000000 ) ) ;
#3128 = DIRECTION ( 'NONE',  ( -0.0000000000000000000, -1.000000000000000000, 0.0000000000000000000 ) ) ;
#3129 = LINE ( 'NONE', #351, #3831 ) ;
#3130 = CIRCLE ( 'NONE', #4350, 1.900000000000000133 ) ;
#3131 = MECHANICAL_CONTEXT ( 'NONE', #3768, 'mechanical' ) ;
#3132 = LINE ( 'NONE', #1034, #3246 ) ;
#3133 = ORIENTED_EDGE ( 'NONE', *, *, #2452, .T. ) ;
#3134 = DIRECTION ( 'NONE',  ( 1.000000000000000000, 0.0000000000000000000, 0.0000000000000000000 ) ) ;
#3135 = ORGANIZATION ( 'NAUO-ORG1', 'UNSPECIFIED', 'UNSPECIFIED' ) ;
#3136 = CARTESIAN_POINT ( 'NONE',  ( 4.950000000000698286, 12.67827681032222742, -1.704820330738587186 ) ) ;
#3137 = CARTESIAN_POINT ( 'NONE',  ( 10.25000000000000000, 6.799999999999999822, 7.620000000000000107 ) ) ;
#3138 = CARTESIAN_POINT ( 'NONE',  ( 3.689033069104793228, 12.73500000000000121, -5.874722279050369700 ) ) ;
#3139 = PLANE ( 'NONE',  #4037 ) ;
#3140 = ADVANCED_FACE ( 'NONE', ( #2916 ), #4311, .T. ) ;
#3141 = PLANE ( 'NONE',  #370 ) ;
#3142 = VERTEX_POINT ( 'NONE', #16 ) ;
#3143 = CARTESIAN_POINT ( 'NONE',  ( 5.349999999999999645, 11.23499999999999943, -5.080000000000000071 ) ) ;
#3144 = CARTESIAN_POINT ( 'NONE',  ( 3.450447775674256423, 11.45044927442903138, 3.799104448651466015 ) ) ;
#3145 = ADVANCED_FACE ( 'NONE', ( #1068 ), #4400, .T. ) ;
#3146 = CARTESIAN_POINT ( 'NONE',  ( 7.249999999999990230, 11.44273112629124434, 1.279999999999997362 ) ) ;
#3147 = ORIENTED_EDGE ( 'NONE', *, *, #861, .F. ) ;
#3148 = LINE ( 'NONE', #56, #2051 ) ;
#3149 = DIRECTION ( 'NONE',  ( 0.0000000000000000000, -1.000000000000000000, 0.0000000000000000000 ) ) ;
#3150 = EDGE_LOOP ( 'NONE', ( #1715, #2612, #2810, #1797, #1622, #1379, #343, #1452 ) ) ;
#3151 = PERSON_AND_ORGANIZATION ( #2659, #2350 ) ;
#3152 = PLANE ( 'NONE',  #1456 ) ;
#3153 = ORIENTED_EDGE ( 'NONE', *, *, #2369, .F. ) ;
#3154 = CARTESIAN_POINT ( 'NONE',  ( 7.248658176329016989, 11.45812853167897138, -5.080000000000000959 ) ) ;
#3155 = CARTESIAN_POINT ( 'NONE',  ( 4.500000000000000000, 0.0000000000000000000, 7.620000000000000107 ) ) ;
#3156 = DIRECTION ( 'NONE',  ( 1.000000000000000000, 0.0000000000000000000, 0.0000000000000000000 ) ) ;
#3157 = DIRECTION ( 'NONE',  ( 0.5000000000000048850, 0.0000000000000000000, 0.8660254037844358210 ) ) ;
#3158 = CARTESIAN_POINT ( 'NONE',  ( 5.749999999999992006, 12.73499999999999943, -5.080000000000000071 ) ) ;
#3159 = VERTEX_POINT ( 'NONE', #197 ) ;
#3160 = ORIENTED_EDGE ( 'NONE', *, *, #3256, .F. ) ;
#3161 = EDGE_CURVE ( 'NONE', #3939, #2501, #2694, .T. ) ;
#3162 = DIRECTION ( 'NONE',  ( 0.0000000000000000000, 1.000000000000000000, 0.0000000000000000000 ) ) ;
#3163 = CARTESIAN_POINT ( 'NONE',  ( 3.449999999999989519, 11.31784271247447649, 5.080000000000000959 ) ) ;
#3164 = VERTEX_POINT ( 'NONE', #2164 ) ;
#3165 = DIRECTION ( 'NONE',  ( -0.0000000000000000000, -1.000000000000000000, -0.0000000000000000000 ) ) ;
#3166 = ORIENTED_EDGE ( 'NONE', *, *, #3772, .F. ) ;
#3167 = EDGE_CURVE ( 'NONE', #503, #2311, #3148, .T. ) ;
#3168 = CARTESIAN_POINT ( 'NONE',  ( 1.199999999999999956, 6.599999999999999645, -7.620000000000000107 ) ) ;
#3169 = EDGE_CURVE ( 'NONE', #1591, #3095, #3096, .T. ) ;
#3170 = DIRECTION ( 'NONE',  ( -1.000000000000000000, 3.334909476821824268E-28, -1.794541526872530066E-14 ) ) ;
#3171 = AXIS2_PLACEMENT_3D ( 'NONE', #3121, #434, #1809 ) ;
#3172 = CARTESIAN_POINT ( 'NONE',  ( 7.010966932452110889, 12.73499999999999766, -5.080000000000000071 ) ) ;
#3173 = VERTEX_POINT ( 'NONE', #1397 ) ;
#3174 = COORDINATED_UNIVERSAL_TIME_OFFSET ( 0, 0, .AHEAD. ) ;
#3175 = CARTESIAN_POINT ( 'NONE',  ( 3.375000000000000000, 11.23499999999999943, -5.080000000000000071 ) ) ;
#3176 = ORIENTED_EDGE ( 'NONE', *, *, #1112, .F. ) ;
#3177 = CARTESIAN_POINT ( 'NONE',  ( 3.449999999999989964, 11.44273112629124967, -8.879999999999999005 ) ) ;
#3178 = AXIS2_PLACEMENT_3D ( 'NONE', #845, #1483, #1169 ) ;
#3179 = VECTOR ( 'NONE', #2120, 1000.000000000000000 ) ;
#3180 = DIRECTION ( 'NONE',  ( -0.0000000000000000000, -0.0000000000000000000, 1.000000000000000000 ) ) ;
#3181 = VECTOR ( 'NONE', #2003, 1000.000000000000000 ) ;
#3182 = CARTESIAN_POINT ( 'NONE',  ( 4.499999999999990230, -0.05000000078161515038, 5.580000000000091553 ) ) ;
#3183 = VERTEX_POINT ( 'NONE', #1130 ) ;
#3184 = VERTEX_POINT ( 'NONE', #9 ) ;
#3185 = CARTESIAN_POINT ( 'NONE',  ( 7.249999999999991118, 11.44273112629124611, 2.326828918379971365E-16 ) ) ;
#3186 = LINE ( 'NONE', #2883, #1533 ) ;
#3187 = CARTESIAN_POINT ( 'NONE',  ( 5.750000000000000000, 12.73499999999999943, -1.623854585596240740 ) ) ;
#3188 = ORIENTED_EDGE ( 'NONE', *, *, #3454, .T. ) ;
#3189 = CARTESIAN_POINT ( 'NONE',  ( 4.499999999999979572, 4.784159143999949571, 6.080000000000190141 ) ) ;
#3190 = ADVANCED_FACE ( 'NONE', ( #2767 ), #767, .T. ) ;
#3191 = CARTESIAN_POINT ( 'NONE',  ( 4.973902936655018259, 12.73500000000000476, -1.672533082913881142 ) ) ;
#3192 = ORIENTED_EDGE ( 'NONE', *, *, #2815, .T. ) ;
#3193 = B_SPLINE_CURVE_WITH_KNOTS ( 'NONE', 3,
 ( #2312, #2997, #3654, #267, #3334, #1252, #2624, #2335, #4368, #223, #3699, #1293, #2934, #1604, #4287, #1990 ),
 .UNSPECIFIED., .F., .F.,
 ( 4, 3, 3, 3, 3, 4 ),
 ( 8.218119684499256706E-15, 3.308388942448509991E-05, 6.613717211493326130E-05, 9.966070390110846671E-05, 0.0001340858777773679773, 0.0001469394654600622140 ),
 .UNSPECIFIED. ) ;
#3194 = ADVANCED_FACE ( 'NONE', ( #1101 ), #2226, .T. ) ;
#3195 = AXIS2_PLACEMENT_3D ( 'NONE', #2945, #175, #2613 ) ;
#3196 = PERSON_AND_ORGANIZATION ( #2659, #2350 ) ;
#3197 = CARTESIAN_POINT ( 'NONE',  ( 4.949999999999999289, 11.93500000000000050, -7.049999999999999822 ) ) ;
#3198 = VERTEX_POINT ( 'NONE', #2479 ) ;
#3199 = CARTESIAN_POINT ( 'NONE',  ( 7.248658176329016101, 11.45812853167897138, -8.877316352658056076 ) ) ;
#3200 = ADVANCED_FACE ( 'NONE', ( #2841 ), #107, .F. ) ;
#3201 = CIRCLE ( 'NONE', #825, 1.900000000000000133 ) ;
#3202 = LINE ( 'NONE', #1477, #2057 ) ;
#3203 = CIRCLE ( 'NONE', #3992, 0.09999999999999982514 ) ;
#3204 = B_SPLINE_CURVE_WITH_KNOTS ( 'NONE', 3,
 ( #3662, #1304, #957, #4419 ),
 .UNSPECIFIED., .F., .F.,
 ( 4, 4 ),
 ( 7.695742672741190085E-15, 0.0007166189195625507005 ),
 .UNSPECIFIED. ) ;
#3205 = DIRECTION ( 'NONE',  ( 0.0000000000000000000, -0.0000000000000000000, -1.000000000000000000 ) ) ;
#3206 = LINE ( 'NONE', #2970, #1539 ) ;
#3207 = ORIENTED_EDGE ( 'NONE', *, *, #3916, .F. ) ;
#3208 = SECURITY_CLASSIFICATION ( '', '', #3903 ) ;
#3209 = VERTEX_POINT ( 'NONE', #1815 ) ;
#3210 = DIRECTION ( 'NONE',  ( -1.000000000000000000, 0.0000000000000000000, -0.0000000000000000000 ) ) ;
#3211 = ORIENTED_EDGE ( 'NONE', *, *, #3225, .F. ) ;
#3212 = CC_DESIGN_APPROVAL ( #3266, ( #3646 ) ) ;
#3213 = LINE ( 'NONE', #172, #2616 ) ;
#3214 = CARTESIAN_POINT ( 'NONE',  ( 1.810000000000000941, -1.517883041479706208E-15, 7.620000000000000107 ) ) ;
#3215 = DIRECTION ( 'NONE',  ( 0.5000000000000022204, 0.0000000000000000000, -0.8660254037844373753 ) ) ;
#3216 = VERTEX_POINT ( 'NONE', #1054 ) ;
#3217 = CARTESIAN_POINT ( 'NONE',  ( 5.749999999997323030, 12.71195981187718260, -6.757797158873358967 ) ) ;
#3218 = CARTESIAN_POINT ( 'NONE',  ( 3.635702501169019385, 12.73500000000000298, -5.080000000000001847 ) ) ;
#3219 = CARTESIAN_POINT ( 'NONE',  ( 3.532842712474772107, 11.23499999999982180, 5.080000000000000959 ) ) ;
#3220 = COORDINATED_UNIVERSAL_TIME_OFFSET ( 0, 0, .AHEAD. ) ;
#3221 = ADVANCED_FACE ( 'NONE', ( #3896 ), #2187, .T. ) ;
#3222 = ORIENTED_EDGE ( 'NONE', *, *, #4183, .T. ) ;
#3223 = CARTESIAN_POINT ( 'NONE',  ( 3.451341823670963205, 11.45812853167897494, -5.080000000000000071 ) ) ;
#3224 = DIRECTION ( 'NONE',  ( -1.000000000000000000, 3.338853781347929776E-28, -1.794541526872530066E-14 ) ) ;
#3225 = EDGE_CURVE ( 'NONE', #1679, #563, #2087, .T. ) ;
#3226 = FACE_OUTER_BOUND ( 'NONE', #4418, .T. ) ;
#3227 = ADVANCED_FACE ( 'NONE', ( #739 ), #1155, .T. ) ;
#3228 = CYLINDRICAL_SURFACE ( 'NONE', #1391, 0.2999999999999999334 ) ;
#3229 = ORIENTED_EDGE ( 'NONE', *, *, #2553, .T. ) ;
#3230 = DIRECTION ( 'NONE',  ( -0.2763074248798411126, -0.9610693039298835449, 0.0000000000000000000 ) ) ;
#3231 = VERTEX_POINT ( 'NONE', #373 ) ;
#3232 = CARTESIAN_POINT ( 'NONE',  ( 0.8320428331024301016, 6.600000000000003197, 7.000000000000000000 ) ) ;
#3233 = EDGE_LOOP ( 'NONE', ( #718, #3666, #1118, #2278, #432, #153 ) ) ;
#3234 = DIRECTION ( 'NONE',  ( 0.5000000000000011102, -1.251928832280965498E-15, -0.8660254037844379305 ) ) ;
#3235 = ORIENTED_EDGE ( 'NONE', *, *, #1605, .T. ) ;
#3236 = PLANE ( 'NONE',  #1552 ) ;
#3237 = DIRECTION ( 'NONE',  ( -0.0000000000000000000, -1.000000000000000000, -0.0000000000000000000 ) ) ;
#3238 = COORDINATED_UNIVERSAL_TIME_OFFSET ( 0, 0, .AHEAD. ) ;
#3239 = ORIENTED_EDGE ( 'NONE', *, *, #499, .F. ) ;
#3240 = CARTESIAN_POINT ( 'NONE',  ( 3.689033067547870637, 12.63500000000000156, -5.080000000000000071 ) ) ;
#3241 = CIRCLE ( 'NONE', #3824, 1.974999999999999423 ) ;
#3242 = DIRECTION ( 'NONE',  ( 1.000000000000000000, 0.0000000000000000000, 0.0000000000000000000 ) ) ;
#3243 = VERTEX_POINT ( 'NONE', #2119 ) ;
#3244 = DIRECTION ( 'NONE',  ( 1.171453342316279939E-15, 1.000000000000000000, 0.0000000000000000000 ) ) ;
#3245 = CARTESIAN_POINT ( 'NONE',  ( 7.010966932452110889, 12.73499999999999766, -5.080000000000000071 ) ) ;
#3246 = VECTOR ( 'NONE', #90, 1000.000000000000000 ) ;
#3247 = EDGE_CURVE ( 'NONE', #215, #1442, #236, .T. ) ;
#3248 = LINE ( 'NONE', #3912, #1601 ) ;
#3249 = ORIENTED_EDGE ( 'NONE', *, *, #4251, .F. ) ;
#3250 = B_SPLINE_CURVE_WITH_KNOTS ( 'NONE', 3,
 ( #4391, #316, #4286, #1382 ),
 .UNSPECIFIED., .F., .F.,
 ( 4, 4 ),
 ( 7.695742672741190085E-15, 0.0007166189195625507005 ),
 .UNSPECIFIED. ) ;
#3251 = CARTESIAN_POINT ( 'NONE',  ( 5.749999999997323030, 12.71935702003381685, 3.411368332957578797 ) ) ;
#3252 = ADVANCED_FACE ( 'NONE', ( #2576 ), #1178, .F. ) ;
#3253 = AXIS2_PLACEMENT_3D ( 'NONE', #4352, #171, #3994 ) ;
#3254 = CARTESIAN_POINT ( 'NONE',  ( 3.650000000000294342, 11.23499999999999943, 1.680000000000611005 ) ) ;
#3255 = CARTESIAN_POINT ( 'NONE',  ( 3.650000000000294342, 11.23500000000000121, 1.680000000000612559 ) ) ;
#3256 = EDGE_CURVE ( 'NONE', #384, #2558, #3281, .T. ) ;
#3257 = DIRECTION ( 'NONE',  ( 1.000000000000000000, -0.0000000000000000000, 0.0000000000000000000 ) ) ;
#3258 = AXIS2_PLACEMENT_3D ( 'NONE', #6, #1484, #2115 ) ;
#3259 = ORIENTED_EDGE ( 'NONE', *, *, #630, .T. ) ;
#3260 = CARTESIAN_POINT ( 'NONE',  ( 5.749999999996039612, 12.65427415702093761, -6.793010294740997601 ) ) ;
#3261 = DIRECTION ( 'NONE',  ( 1.000000000000000000, -9.854725885015578669E-16, 0.0000000000000000000 ) ) ;
#3262 = CARTESIAN_POINT ( 'NONE',  ( 4.963811392465977690, 12.64656426582076598, -6.797410969924605695 ) ) ;
#3263 = DIRECTION ( 'NONE',  ( -0.6666666666666657415, -0.6666666666666676289, 0.3333333333333328707 ) ) ;
#3264 = CARTESIAN_POINT ( 'NONE',  ( 5.749999999999992895, 12.73499999999999943, 3.467917139009472294 ) ) ;
#3265 = VERTEX_POINT ( 'NONE', #1240 ) ;
#3266 = APPROVAL ( #693, 'UNKNOWN' ) ;
#3267 = CIRCLE ( 'NONE', #2560, 1.975000000000000089 ) ;
#3268 = CARTESIAN_POINT ( 'NONE',  ( 0.0000000000000000000, 0.0000000000000000000, -7.620000000000000107 ) ) ;
#3269 = CIRCLE ( 'NONE', #1334, 1.760296020627533320 ) ;
#3270 = DIRECTION ( 'NONE',  ( -1.000000000000000000, 0.0000000000000000000, 0.0000000000000000000 ) ) ;
#3271 = ORIENTED_EDGE ( 'NONE', *, *, #2708, .F. ) ;
#3272 = DIRECTION ( 'NONE',  ( -1.734723475976807410E-14, 3.099688836045537621E-13, 1.000000000000000000 ) ) ;
#3273 = VECTOR ( 'NONE', #1409, 1000.000000000000114 ) ;
#3274 = ORIENTED_EDGE ( 'NONE', *, *, #3615, .T. ) ;
#3275 = FACE_OUTER_BOUND ( 'NONE', #644, .T. ) ;
#3276 = ORIENTED_EDGE ( 'NONE', *, *, #1441, .T. ) ;
#3277 = EDGE_CURVE ( 'NONE', #3054, #60, #2962, .T. ) ;
#3278 = CARTESIAN_POINT ( 'NONE',  ( 4.500000000000000000, -2.700000000000009948, 4.580000000000001847 ) ) ;
#3279 = LOCAL_TIME ( 21, 41, 59.00000000000000000, #3174 ) ;
#3280 = EDGE_LOOP ( 'NONE', ( #3920, #1739, #1369, #2295 ) ) ;
#3281 = LINE ( 'NONE', #465, #677 ) ;
#3282 = ADVANCED_FACE ( 'NONE', ( #2552 ), #2854, .T. ) ;
#3283 = FACE_OUTER_BOUND ( 'NONE', #1403, .T. ) ;
#3284 = CARTESIAN_POINT ( 'NONE',  ( 4.949999999999999289, 11.93500000000000050, -3.120000000000000107 ) ) ;
#3285 = CALENDAR_DATE ( 2019, 21, 10 ) ;
#3286 = ORIENTED_EDGE ( 'NONE', *, *, #2067, .F. ) ;
#3287 = CARTESIAN_POINT ( 'NONE',  ( 4.949999999999991296, 12.73499999999999943, -1.612082860990528665 ) ) ;
#3288 = ORIENTED_EDGE ( 'NONE', *, *, #4374, .T. ) ;
#3289 = CARTESIAN_POINT ( 'NONE',  ( 4.499999999999984901, -0.05000000078162009781, 0.8000000000001240563 ) ) ;
#3290 = CARTESIAN_POINT ( 'NONE',  ( 7.167157287525209419, 11.23499999999981824, -3.634314575050435980 ) ) ;
#3291 = CYLINDRICAL_SURFACE ( 'NONE', #4260, 1.975000000000000089 ) ;
#3292 = LINE ( 'NONE', #906, #461 ) ;
#3293 = VERTEX_POINT ( 'NONE', #3922 ) ;
#3294 = CARTESIAN_POINT ( 'NONE',  ( 5.750000000000000000, 12.64656426582507898, 3.365753203230879897 ) ) ;
#3295 = PLANE ( 'NONE',  #440 ) ;
#3296 = CARTESIAN_POINT ( 'NONE',  ( 5.299999999999990052, -0.05000000078161020295, 0.5000000000001180167 ) ) ;
#3297 = ADVANCED_FACE ( 'NONE', ( #510 ), #829, .F. ) ;
#3298 = ORIENTED_EDGE ( 'NONE', *, *, #198, .F. ) ;
#3299 = CARTESIAN_POINT ( 'NONE',  ( 9.309999999999998721, 6.599999999999999645, 7.620000000000000107 ) ) ;
#3300 = FACE_OUTER_BOUND ( 'NONE', #1035, .T. ) ;
#3301 = ADVANCED_FACE ( 'NONE', ( #2255 ), #3236, .T. ) ;
#3302 = CARTESIAN_POINT ( 'NONE',  ( 10.25000000000000000, 0.0000000000000000000, -4.575803989022731777 ) ) ;
#3303 = ORIENTED_EDGE ( 'NONE', *, *, #1790, .T. ) ;
#3304 = COORDINATED_UNIVERSAL_TIME_OFFSET ( 0, 0, .AHEAD. ) ;
#3305 = ADVANCED_FACE ( 'NONE', ( #1592 ), #890, .T. ) ;
#3306 = PRODUCT_DEFINITION_SHAPE ( 'NONE', 'NONE',  #4449 ) ;
#3307 = EDGE_CURVE ( 'NONE', #3866, #2551, #3201, .T. ) ;
#3308 = CARTESIAN_POINT ( 'NONE',  ( 8.699999999999999289, 6.799999999999999822, -7.620000000000000107 ) ) ;
#3309 = ORIENTED_EDGE ( 'NONE', *, *, #1911, .T. ) ;
#3310 = CARTESIAN_POINT ( 'NONE',  ( 2.932077519087679995, 11.23499999999999943, -143.2560000000000002 ) ) ;
#3311 = DIRECTION ( 'NONE',  ( -1.794541526872530066E-14, 0.0000000000000000000, 1.000000000000000000 ) ) ;
#3312 = ORIENTED_EDGE ( 'NONE', *, *, #3529, .T. ) ;
#3313 = VECTOR ( 'NONE', #77, 1000.000000000000000 ) ;
#3314 = DIRECTION ( 'NONE',  ( -1.734723475976807410E-14, 0.0000000000000000000, 1.000000000000000000 ) ) ;
#3315 = CARTESIAN_POINT ( 'NONE',  ( 9.250000000000000000, 6.299999999999999822, -119.9440000000000026 ) ) ;
#3316 = CARTESIAN_POINT ( 'NONE',  ( 5.749999999999928946, 12.72445880131370011, -3.421909901068123538 ) ) ;
#3317 = VECTOR ( 'NONE', #945, 999.9999999999998863 ) ;
#3318 = CC_DESIGN_DATE_AND_TIME_ASSIGNMENT ( #626, #2070, ( #3646 ) ) ;
#3319 = VECTOR ( 'NONE', #2591, 1000.000000000000000 ) ;
#3320 = ORIENTED_EDGE ( 'NONE', *, *, #1230, .F. ) ;
#3321 = CARTESIAN_POINT ( 'NONE',  ( 10.25000000000000000, 0.0000000000000000000, -0.5041960109771828069 ) ) ;
#3322 = CARTESIAN_POINT ( 'NONE',  ( 3.451341823670963205, 11.45812853167897494, -4.650371316632588694E-16 ) ) ;
#3323 = B_SPLINE_CURVE_WITH_KNOTS ( 'NONE', 3,
 ( #831, #515, #1888, #1225, #179, #1557, #2258, #3623, #538, #1915, #1575, #2947, #4319, #3648, #1244, #2617 ),
 .UNSPECIFIED., .F., .F.,
 ( 4, 3, 3, 3, 3, 4 ),
 ( 8.348284007425031896E-15, 3.308388942448985684E-05, 6.613717211494224662E-05, 9.966070390112443159E-05, 0.0001340858777773928055, 0.0001469394654597981024 ),
 .UNSPECIFIED. ) ;
#3324 = VECTOR ( 'NONE', #3440, 1000.000000000000000 ) ;
#3325 = DIRECTION ( 'NONE',  ( 1.000000000000000000, 0.0000000000000000000, 0.0000000000000000000 ) ) ;
#3326 = PERSON_AND_ORGANIZATION ( #497, #1760 ) ;
#3327 = VERTEX_POINT ( 'NONE', #3299 ) ;
#3328 = EDGE_CURVE ( 'NONE', #1047, #4200, #4336, .T. ) ;
#3329 = CARTESIAN_POINT ( 'NONE',  ( 1.249999999999999334, 10.00000000000000000, 7.620000000000000107 ) ) ;
#3330 = FACE_OUTER_BOUND ( 'NONE', #429, .T. ) ;
#3331 = CARTESIAN_POINT ( 'NONE',  ( 9.300000000000000711, 6.799999999999999822, -7.620000000000000107 ) ) ;
#3332 = CARTESIAN_POINT ( 'NONE',  ( 4.950000000004743050, 12.69570467254462187, -3.385302786415249177 ) ) ;
#3333 = EDGE_LOOP ( 'NONE', ( #2871, #3259, #2877, #4258 ) ) ;
#3334 = CARTESIAN_POINT ( 'NONE',  ( 4.950000000000698286, 12.68816249061464596, 3.380054170590902629 ) ) ;
#3335 = FACE_OUTER_BOUND ( 'NONE', #4252, .T. ) ;
#3336 = EDGE_CURVE ( 'NONE', #1743, #4026, #4008, .T. ) ;
#3337 = VECTOR ( 'NONE', #2392, 1000.000000000000000 ) ;
#3338 = EDGE_LOOP ( 'NONE', ( #131, #247, #2155, #2766 ) ) ;
#3339 = DIRECTION ( 'NONE',  ( 0.0000000000000000000, 0.0000000000000000000, 1.000000000000000000 ) ) ;
#3340 = AXIS2_PLACEMENT_3D ( 'NONE', #2811, #1393, #1095 ) ;
#3341 = DIRECTION ( 'NONE',  ( -1.794541526872530066E-14, 0.0000000000000000000, 1.000000000000000000 ) ) ;
#3342 = FACE_OUTER_BOUND ( 'NONE', #1427, .T. ) ;
#3343 = VECTOR ( 'NONE', #4344, 999.9999999999998863 ) ;
#3344 = EDGE_LOOP ( 'NONE', ( #1271, #4115, #4195, #2156, #3498, #2533 ) ) ;
#3345 = CARTESIAN_POINT ( 'NONE',  ( 3.650000000000294342, 11.23500000000000121, 8.479999999999392912 ) ) ;
#3346 = CARTESIAN_POINT ( 'NONE',  ( 3.375000000000000888, 13.99999999999999822, 5.080000000000000071 ) ) ;
#3347 = APPROVAL_PERSON_ORGANIZATION ( #402, #4237, #3537 ) ;
#3348 = CARTESIAN_POINT ( 'NONE',  ( 9.250000000000000000, 2.199999999999999734, 1.299999999999999822 ) ) ;
#3349 = APPROVAL_DATE_TIME ( #3736, #3266 ) ;
#3350 = ORIENTED_EDGE ( 'NONE', *, *, #174, .F. ) ;
#3351 = CARTESIAN_POINT ( 'NONE',  ( 4.950000000000133404, 12.73279737082322072, -1.636456345332967910 ) ) ;
#3352 = DIRECTION ( 'NONE',  ( 1.794541526872530066E-14, -0.0000000000000000000, -1.000000000000000000 ) ) ;
#3353 = ORIENTED_EDGE ( 'NONE', *, *, #856, .T. ) ;
#3354 = EDGE_CURVE ( 'NONE', #396, #757, #3204, .T. ) ;
#3355 = CARTESIAN_POINT ( 'NONE',  ( 0.0000000000000000000, 0.0000000000000000000, 0.0000000000000000000 ) ) ;
#3356 = CARTESIAN_POINT ( 'NONE',  ( 7.249999999999991118, 11.44273112629124611, 5.080000000000000959 ) ) ;
#3357 = CARTESIAN_POINT ( 'NONE',  ( 3.595871267845516250, 12.69953703112280508, -3.436474288652029066E-09 ) ) ;
#3358 = ORIENTED_EDGE ( 'NONE', *, *, #3004, .T. ) ;
#3359 = EDGE_CURVE ( 'NONE', #1440, #963, #2673, .T. ) ;
#3360 = DIRECTION ( 'NONE',  ( 0.0000000000000000000, 0.0000000000000000000, -1.000000000000000000 ) ) ;
#3361 = EDGE_CURVE ( 'NONE', #3653, #4270, #934, .T. ) ;
#3362 = EDGE_LOOP ( 'NONE', ( #1459, #2269, #849, #2545 ) ) ;
#3363 = PLANE ( 'NONE',  #895 ) ;
#3364 = LINE ( 'NONE', #2363, #1798 ) ;
#3365 = ORIENTED_EDGE ( 'NONE', *, *, #120, .T. ) ;
#3366 = ORIENTED_EDGE ( 'NONE', *, *, #861, .T. ) ;
#3367 = CARTESIAN_POINT ( 'NONE',  ( 3.449999999999992184, 11.31784271247448004, -8.879999999999999005 ) ) ;
#3368 = LINE ( 'NONE', #3423, #88 ) ;
#3369 = FACE_OUTER_BOUND ( 'NONE', #2583, .T. ) ;
#3370 = CC_DESIGN_PERSON_AND_ORGANIZATION_ASSIGNMENT ( #4256, #3944, ( #1837 ) ) ;
#3371 = DIRECTION ( 'NONE',  ( 1.000000000000000000, 0.0000000000000000000, 0.0000000000000000000 ) ) ;
#3372 = LINE ( 'NONE', #2333, #162 ) ;
#3373 = ORIENTED_EDGE ( 'NONE', *, *, #273, .F. ) ;
#3374 = CARTESIAN_POINT ( 'NONE',  ( 3.649999999999990141, 11.43500000000000227, 0.0000000000000000000 ) ) ;
#3375 = B_SPLINE_CURVE_WITH_KNOTS ( 'NONE', 3,
 ( #763, #1174, #3553, #734, #1833, #1126, #824, #4202, #3512, #2814, #2205, #2447, #2503, #2788, #3871, #2160 ),
 .UNSPECIFIED., .F., .F.,
 ( 4, 3, 3, 3, 3, 4 ),
 ( 8.218119684499256706E-15, 3.308388942448676009E-05, 6.613717211493594470E-05, 9.966070390111120432E-05, 0.0001340858777773711757, 0.0001469394654600637861 ),
 .UNSPECIFIED. ) ;
#3376 = DIRECTION ( 'NONE',  ( 0.0000000000000000000, 0.0000000000000000000, 1.000000000000000000 ) ) ;
#3377 = CARTESIAN_POINT ( 'NONE',  ( 3.650000000000296563, 11.23499999999999943, -3.399999999999388844 ) ) ;
#3378 = CARTESIAN_POINT ( 'NONE',  ( 3.689033065990946714, 12.73500000000000121, -4.285277724722170944 ) ) ;
#3379 = CARTESIAN_POINT ( 'NONE',  ( 3.451341823670963205, 11.45812853167897671, -5.080000000000000071 ) ) ;
#3380 = CARTESIAN_POINT ( 'NONE',  ( 5.749999999999304556, 12.67827681032246545, -3.375179669261535675 ) ) ;
#3381 = LINE ( 'NONE', #176, #2021 ) ;
#3382 = EDGE_CURVE ( 'NONE', #4375, #760, #4357, .T. ) ;
#3383 = DIRECTION ( 'NONE',  ( -1.171453342316279939E-15, -1.000000000000000000, 0.0000000000000000000 ) ) ;
#3384 = ADVANCED_FACE ( 'NONE', ( #4043 ), #3363, .T. ) ;
#3385 = ORIENTED_EDGE ( 'NONE', *, *, #237, .T. ) ;
#3386 = CARTESIAN_POINT ( 'NONE',  ( 7.049999999999688960, 11.23499999999999766, 8.479999999999392912 ) ) ;
#3387 = AXIS2_PLACEMENT_3D ( 'NONE', #2123, #2074, #4161 ) ;
#3388 = ORIENTED_EDGE ( 'NONE', *, *, #1164, .T. ) ;
#3389 = ADVANCED_FACE ( 'NONE', ( #2300 ), #2740, .F. ) ;
#3390 =( BOUNDED_SURFACE ( )  B_SPLINE_SURFACE ( 3, 3, ( 
 ( #3011, #2308, #672, #2993 ),
 ( #2707, #3396, #3059, #2351 ),
 ( #4363, #922, #4408, #3717 ),
 ( #2004, #311, #4426, #2368 ) ),
 .UNSPECIFIED., .F., .F., .F. ) 
 B_SPLINE_SURFACE_WITH_KNOTS ( ( 4, 4 ),
 ( 4, 4 ),
 ( 0.0000000000000000000, 1.000000000000000000 ),
 ( 0.0000000000000000000, 1.000000000000000000 ),
 .UNSPECIFIED. ) 
 GEOMETRIC_REPRESENTATION_ITEM ( )  RATIONAL_B_SPLINE_SURFACE ( (
 ( 1.000000000000000000, 0.8538861257352946543, 0.8538861257352946543, 1.000000000000000000),
 ( 0.8312495820436712757, 0.7097924851303534233, 0.7097924851303534233, 0.8312495820436712757),
 ( 0.8312495820436712757, 0.7097924851303534233, 0.7097924851303534233, 0.8312495820436712757),
 ( 1.000000000000000000, 0.8538861257352946543, 0.8538861257352946543, 1.000000000000000000) ) ) 
 REPRESENTATION_ITEM ( '' )  SURFACE ( )  );
#3391 = AXIS2_PLACEMENT_3D ( 'NONE', #3092, #2404, #764 ) ;
#3392 = ORIENTED_EDGE ( 'NONE', *, *, #2853, .T. ) ;
#3393 = APPROVAL_DATE_TIME ( #3033, #2803 ) ;
#3394 = VECTOR ( 'NONE', #866, 1000.000000000000000 ) ;
#3395 = FACE_OUTER_BOUND ( 'NONE', #1854, .T. ) ;
#3396 = CARTESIAN_POINT ( 'NONE',  ( 3.635702499534282595, 12.73500000000000121, -4.243824450874756238 ) ) ;
#3397 =( BOUNDED_CURVE ( )  B_SPLINE_CURVE ( 3, ( #1562, #2933, #2601, #3966 ),
 .UNSPECIFIED., .F., .T. ) 
 B_SPLINE_CURVE_WITH_KNOTS ( ( 4, 4 ),
 ( 0.0000000000000000000, 1.000000000000000000 ),
 .UNSPECIFIED. ) 
 CURVE ( )  GEOMETRIC_REPRESENTATION_ITEM ( )  RATIONAL_B_SPLINE_CURVE ( ( 1.000000000000000000, 0.3333333333333335369, 0.3333333333333335369, 1.000000000000000000 ) ) 
 REPRESENTATION_ITEM ( '' )  );
#3398 = CARTESIAN_POINT ( 'NONE',  ( 7.249552224325726435, 11.45044927442902782, 8.879104448651469639 ) ) ;
#3399 = ORIENTED_EDGE ( 'NONE', *, *, #3642, .T. ) ;
#3400 = CARTESIAN_POINT ( 'NONE',  ( 4.949999999999999289, 12.40938025448213544, -1.742602432482200925 ) ) ;
#3401 = DIRECTION ( 'NONE',  ( -0.0000000000000000000, -1.000000000000000000, -0.0000000000000000000 ) ) ;
#3402 = CC_DESIGN_DATE_AND_TIME_ASSIGNMENT ( #3783, #2382, ( #2354 ) ) ;
#3403 = CARTESIAN_POINT ( 'NONE',  ( 7.049999999999561950, 11.23499999999999766, -5.080000000000000959 ) ) ;
#3404 = CARTESIAN_POINT ( 'NONE',  ( 7.931257721594278109, 12.73499999999999588, 3.939228291228958678 ) ) ;
#3405 = CARTESIAN_POINT ( 'NONE',  ( 0.9446261355944070015, 6.599999999999999645, 7.195000000000000284 ) ) ;
#3406 = CARTESIAN_POINT ( 'NONE',  ( 5.749999999999928946, 12.72947253920396449, -3.432234320928400972 ) ) ;
#3407 = DIRECTION ( 'NONE',  ( 0.0000000000000000000, 0.0000000000000000000, 1.000000000000000000 ) ) ;
#3408 = DIRECTION ( 'NONE',  ( 1.000000000000000000, -9.854725885015578669E-16, 0.0000000000000000000 ) ) ;
#3409 = CIRCLE ( 'NONE', #4203, 1.843139007349805292 ) ;
#3410 = ORIENTED_EDGE ( 'NONE', *, *, #388, .F. ) ;
#3411 = EDGE_CURVE ( 'NONE', #822, #3183, #182, .T. ) ;
#3412 = DIRECTION ( 'NONE',  ( 0.4999999999999999445, -0.0000000000000000000, 0.8660254037844387076 ) ) ;
#3413 = EDGE_LOOP ( 'NONE', ( #2217, #1979, #2719, #303 ) ) ;
#3414 = VECTOR ( 'NONE', #1069, 1000.000000000000000 ) ;
#3415 = LINE ( 'NONE', #1368, #224 ) ;
#3416 = EDGE_CURVE ( 'NONE', #3939, #1221, #645, .T. ) ;
#3417 = AXIS2_PLACEMENT_3D ( 'NONE', #4083, #93, #383 ) ;
#3418 = VERTEX_POINT ( 'NONE', #1997 ) ;
#3419 = PERSON_AND_ORGANIZATION_ROLE ( 'classification_officer' ) ;
#3420 = EDGE_CURVE ( 'NONE', #3459, #3494, #4089, .T. ) ;
#3421 = CARTESIAN_POINT ( 'NONE',  ( 7.167157287525208531, 11.23499999999981824, -8.714314575050435607 ) ) ;
#3422 = APPROVAL_PERSON_ORGANIZATION ( #2510, #233, #808 ) ;
#3423 = CARTESIAN_POINT ( 'NONE',  ( 10.25000000000000000, 0.0000000000000000000, 0.5041960109772678500 ) ) ;
#3424 = CARTESIAN_POINT ( 'NONE',  ( 8.689999999999999503, 0.0000000000000000000, 7.620000000000000107 ) ) ;
#3425 = VERTEX_POINT ( 'NONE', #3050 ) ;
#3426 =( LENGTH_UNIT ( ) NAMED_UNIT ( * ) SI_UNIT ( .MILLI., .METRE. ) );
#3427 = CARTESIAN_POINT ( 'NONE',  ( 4.950000000002678924, 12.70467874844269929, -3.393181258116368948 ) ) ;
#3428 = ORIENTED_EDGE ( 'NONE', *, *, #2131, .T. ) ;
#3429 = DIRECTION ( 'NONE',  ( 0.8944271909999154113, 0.0000000000000000000, 0.4472135954999587604 ) ) ;
#3430 = CARTESIAN_POINT ( 'NONE',  ( 8.689999999999999503, 6.799999999999999822, 7.620000000000000107 ) ) ;
#3431 = CARTESIAN_POINT ( 'NONE',  ( 8.076037614648482688, 12.69953703112068766, 1.204756333246467914 ) ) ;
#3432 = ORIENTED_EDGE ( 'NONE', *, *, #388, .T. ) ;
#3433 = CARTESIAN_POINT ( 'NONE',  ( 5.299999999999990052, -2.700000000000009948, 5.580000000000069349 ) ) ;
#3434 = CARTESIAN_POINT ( 'NONE',  ( 2.146410161513769843, 6.599999999999999645, -8.220000000000000639 ) ) ;
#3435 = DIRECTION ( 'NONE',  ( 1.000000000000000000, -9.854725885015578669E-16, 0.0000000000000000000 ) ) ;
#3436 = DIRECTION ( 'NONE',  ( 0.5000000000000022204, 0.0000000000000000000, -0.8660254037844373753 ) ) ;
#3437 = CC_DESIGN_PERSON_AND_ORGANIZATION_ASSIGNMENT ( #41, #420, ( #2809 ) ) ;
#3438 = VERTEX_POINT ( 'NONE', #2379 ) ;
#3439 = DIRECTION ( 'NONE',  ( 0.0000000000000000000, -0.1961161351381830731, -0.9805806756909204447 ) ) ;
#3440 = DIRECTION ( 'NONE',  ( 1.000000000000000000, -0.0000000000000000000, 0.0000000000000000000 ) ) ;
#3441 = EDGE_CURVE ( 'NONE', #963, #2229, #4436, .T. ) ;
#3442 = CARTESIAN_POINT ( 'NONE',  ( 10.25000000000000000, 1.699999999999990186, -6.880000000000000782 ) ) ;
#3443 = VERTEX_POINT ( 'NONE', #3028 ) ;
#3444 = EDGE_LOOP ( 'NONE', ( #2185, #3638, #15, #928 ) ) ;
#3445 = CARTESIAN_POINT ( 'NONE',  ( 4.949999999999999289, 12.64656426582875959, -1.714246796764900216 ) ) ;
#3446 = ADVANCED_FACE ( 'NONE', ( #4401 ), #3492, .T. ) ;
#3447 = CARTESIAN_POINT ( 'NONE',  ( 5.749999999999992895, 12.73499999999999943, -6.692082860990527848 ) ) ;
#3448 = EDGE_CURVE ( 'NONE', #389, #2813, #2984, .T. ) ;
#3449 =( NAMED_UNIT ( * ) SI_UNIT ( $, .STERADIAN. ) SOLID_ANGLE_UNIT ( ) );
#3450 = VERTEX_POINT ( 'NONE', #2320 ) ;
#3451 = DIRECTION ( 'NONE',  ( -2.501911041408800138E-16, -1.000000000000000000, 0.0000000000000000000 ) ) ;
#3452 = DIRECTION ( 'NONE',  ( -1.000000000000000000, 0.0000000000000000000, 0.0000000000000000000 ) ) ;
#3453 = CARTESIAN_POINT ( 'NONE',  ( 5.749999999999999112, 11.93500000000000050, -7.049999999999999822 ) ) ;
#3454 = EDGE_CURVE ( 'NONE', #1584, #3636, #2361, .T. ) ;
#3455 = DIRECTION ( 'NONE',  ( 1.171453342316279939E-15, 1.000000000000000000, 0.0000000000000000000 ) ) ;
#3456 = LINE ( 'NONE', #3433, #2893 ) ;
#3457 = CLOSED_SHELL ( 'NONE', ( #3117, #252, #1445, #3606, #1599, #686, #469, #3969, #1305, #933, #3893, #3252, #1359, #1073, #1199, #3282, #913, #799, #1673, #1555, #2186, #29, #3221, #1333, #4303, #358, #86, #2879, #1501, #2153, #1015, #3145, #1898, #3305, #3140, #1987, #3200, #3990, #3883, #109, #1175, #3297, #2546, #1078, #2219, #3554, #1376, #1132, #2821, #2233, #1850, #2903, #2705, #4323, #640, #2356, #3384, #3301, #1205, #3743, #1104, #4103, #1390, #3389, #3190, #2275, #608, #1702, #3081, #1469, #1247, #4126, #2516, #2928, #4191, #2626, #881, #3060, #3586, #2653, #3809, #4022, #3508, #804, #587, #269, #3114, #78, #219, #1551, #637, #745, #3693, #1572, #2754, #3194, #2302, #1820, #1413, #3587, #3446, #1697, #4082, #406, #4378, #1630, #1055, #1627, #1349, #2430, #1173, #2213, #2330, #4328, #2647, #2780, #3686, #382, #3227, #3865, #1253, #1026 ) ) ;
#3458 = CARTESIAN_POINT ( 'NONE',  ( 4.950000000000678746, 12.73298944267163257, 6.715789504932165421 ) ) ;
#3459 = VERTEX_POINT ( 'NONE', #1671 ) ;
#3460 = CARTESIAN_POINT ( 'NONE',  ( 4.158098634558130335, 12.73500000000000298, 1.489085828324112626 ) ) ;
#3461 = EDGE_LOOP ( 'NONE', ( #4429, #3350, #63, #3124 ) ) ;
#3462 = CARTESIAN_POINT ( 'NONE',  ( 7.010966932452109113, 12.73499999999999766, 4.285277722835901137 ) ) ;
#3463 = VECTOR ( 'NONE', #1956, 1000.000000000000000 ) ;
#3464 = AXIS2_PLACEMENT_3D ( 'NONE', #3076, #2724, #3715 ) ;
#3465 = VERTEX_POINT ( 'NONE', #1612 ) ;
#3466 = ORIENTED_EDGE ( 'NONE', *, *, #198, .T. ) ;
#3467 = DIRECTION ( 'NONE',  ( -1.171453342316279939E-15, -1.000000000000000000, 0.0000000000000000000 ) ) ;
#3468 = AXIS2_PLACEMENT_3D ( 'NONE', #639, #2375, #3360 ) ;
#3469 = CARTESIAN_POINT ( 'NONE',  ( 7.049999999999685407, 11.23499999999999588, -5.080000000000000959 ) ) ;
#3470 = CARTESIAN_POINT ( 'NONE',  ( 2.932077519087679995, 11.23499999999999943, -143.2560000000000002 ) ) ;
#3471 = CARTESIAN_POINT ( 'NONE',  ( 3.375000000000000888, 13.99999999999999822, 2.418677428316022036E-16 ) ) ;
#3472 = ORIENTED_EDGE ( 'NONE', *, *, #2553, .F. ) ;
#3473 = AXIS2_PLACEMENT_3D ( 'NONE', #3872, #785, #1698 ) ;
#3474 = APPROVAL_DATE_TIME ( #4143, #4237 ) ;
#3475 = DIRECTION ( 'NONE',  ( 0.4999999999999996669, -0.0000000000000000000, 0.8660254037844388186 ) ) ;
#3476 = EDGE_CURVE ( 'NONE', #3073, #3159, #1137, .T. ) ;
#3477 = ORIENTED_EDGE ( 'NONE', *, *, #1932, .T. ) ;
#3478 = LINE ( 'NONE', #1404, #2281 ) ;
#3479 = CARTESIAN_POINT ( 'NONE',  ( 5.750000000000000888, 11.93499999999675154, -3.280788672664257444 ) ) ;
#3480 = VECTOR ( 'NONE', #2222, 1000.000000000000000 ) ;
#3481 = LINE ( 'NONE', #3882, #470 ) ;
#3482 = EDGE_CURVE ( 'NONE', #1743, #3073, #1587, .T. ) ;
#3483 = CARTESIAN_POINT ( 'NONE',  ( 5.300000000000015810, -4.770489558936219510E-15, 4.575803989022823259 ) ) ;
#3484 = LINE ( 'NONE', #4150, #3103 ) ;
#3485 = VERTEX_POINT ( 'NONE', #3751 ) ;
#3486 = DIRECTION ( 'NONE',  ( 0.0000000000000000000, 0.9805806756909204447, -0.1961161351381830731 ) ) ;
#3487 = DIRECTION ( 'NONE',  ( 0.0000000000000000000, 0.0000000000000000000, 1.000000000000000000 ) ) ;
#3488 = VECTOR ( 'NONE', #1776, 1000.000000000000000 ) ;
#3489 = DIRECTION ( 'NONE',  ( 1.794541526872530066E-14, 1.889646980599319876E-14, -1.000000000000000000 ) ) ;
#3490 = VERTEX_POINT ( 'NONE', #1435 ) ;
#3491 = CARTESIAN_POINT ( 'NONE',  ( 5.749999999999999112, 11.93500000000000050, 3.109999999999999876 ) ) ;
#3492 = CONICAL_SURFACE ( 'NONE', #1265, 1.898658176322939983, 0.1159019745381328903 ) ;
#3493 = CARTESIAN_POINT ( 'NONE',  ( 8.689999999999999503, 6.599999999999999645, 7.620000000000000107 ) ) ;
#3494 = VERTEX_POINT ( 'NONE', #3589 ) ;
#3495 = AXIS2_PLACEMENT_3D ( 'NONE', #3652, #565, #2994 ) ;
#3496 = APPROVAL_DATE_TIME ( #471, #4168 ) ;
#3497 = CARTESIAN_POINT ( 'NONE',  ( 10.25000000000000000, 1.700000000000009726, 7.620000000000000107 ) ) ;
#3498 = ORIENTED_EDGE ( 'NONE', *, *, #1710, .T. ) ;
#3499 = CYLINDRICAL_SURFACE ( 'NONE', #1832, 1.975000000000000089 ) ;
#3500 = AXIS2_PLACEMENT_3D ( 'NONE', #2411, #2727, #1724 ) ;
#3501 = EDGE_CURVE ( 'NONE', #692, #1211, #1027, .T. ) ;
#3502 = DIRECTION ( 'NONE',  ( -0.0000000000000000000, 0.0000000000000000000, 1.000000000000000000 ) ) ;
#3503 = VERTEX_POINT ( 'NONE', #1783 ) ;
#3504 = EDGE_CURVE ( 'NONE', #3708, #2868, #31, .T. ) ;
#3505 = LINE ( 'NONE', #4341, #2108 ) ;
#3506 = ORIENTED_EDGE ( 'NONE', *, *, #2658, .T. ) ;
#3507 = ORIENTED_EDGE ( 'NONE', *, *, #3476, .F. ) ;
#3508 = ADVANCED_FACE ( 'NONE', ( #1416 ), #2785, .T. ) ;
#3509 = CARTESIAN_POINT ( 'NONE',  ( 5.349999999999980105, 11.45812853178540713, -5.080000000000000071 ) ) ;
#3510 = CARTESIAN_POINT ( 'NONE',  ( 3.449999999999989519, 11.43500000000000227, 1.280000000000001581 ) ) ;
#3511 = CARTESIAN_POINT ( 'NONE',  ( 1.810000000000000941, 6.799999999999999822, 7.620000000000000107 ) ) ;
#3512 = CARTESIAN_POINT ( 'NONE',  ( 4.950000000000072120, 12.71957496777936036, -6.748147016353469141 ) ) ;
#3513 = ORIENTED_EDGE ( 'NONE', *, *, #1992, .F. ) ;
#3514 = CARTESIAN_POINT ( 'NONE',  ( 3.449999999999989075, 11.31784271247447826, 0.0000000000000000000 ) ) ;
#3515 = CARTESIAN_POINT ( 'NONE',  ( 3.449999999999990408, 11.43500000000000583, -1.279999999999998472 ) ) ;
#3516 = CARTESIAN_POINT ( 'NONE',  ( 3.595871267840947461, 12.69953703111901433, -0.8556038611919069004 ) ) ;
#3517 = VERTEX_POINT ( 'NONE', #2401 ) ;
#3518 = APPLICATION_PROTOCOL_DEFINITION ( 'international standard', 'config_control_design', 1994, #3768 ) ;
#3519 = VERTEX_POINT ( 'NONE', #731 ) ;
#3520 = CARTESIAN_POINT ( 'NONE',  ( 4.499999999999801048, 0.0000000000000000000, 4.575803989022819707 ) ) ;
#3521 = CARTESIAN_POINT ( 'NONE',  ( 9.449999999999999289, 0.0000000000000000000, -7.620000000000000107 ) ) ;
#3522 = SHAPE_REPRESENTATION ( 'CUI_DEVICES_TB007-508-15GR', ( #4071, #977, #3996, #3932, #3500, #4136 ), #1558 ) ;
#3523 = CARTESIAN_POINT ( 'NONE',  ( 4.949999999999998401, 12.17219196889104005, -6.850922332791152591 ) ) ;
#3524 = CARTESIAN_POINT ( 'NONE',  ( 4.178667266375339473, 12.73499999999999588, 6.500694998172928507 ) ) ;
#3525 = ORIENTED_EDGE ( 'NONE', *, *, #3169, .T. ) ;
#3526 = ORIENTED_EDGE ( 'NONE', *, *, #1386, .T. ) ;
#3527 = CARTESIAN_POINT ( 'NONE',  ( 7.249999999999990230, 11.31784271247447649, 1.279999999999999138 ) ) ;
#3528 = ORIENTED_EDGE ( 'NONE', *, *, #2761, .F. ) ;
#3529 = EDGE_CURVE ( 'NONE', #2069, #3866, #540, .T. ) ;
#3530 = CARTESIAN_POINT ( 'NONE',  ( 2.625902306574849909, 13.69999999999999929, 7.620000000000000107 ) ) ;
#3531 = DIRECTION ( 'NONE',  ( -2.501911041408800138E-16, -1.000000000000000000, 0.0000000000000000000 ) ) ;
#3532 = CARTESIAN_POINT ( 'NONE',  ( 5.299999999999999822, -5.750000000781589904, -5.579999999999979643 ) ) ;
#3533 = EDGE_CURVE ( 'NONE', #3905, #1221, #3562, .T. ) ;
#3534 = CIRCLE ( 'NONE', #2674, 1.843139007349806180 ) ;
#3535 = CARTESIAN_POINT ( 'NONE',  ( 3.649999999999990141, 11.43500000000000227, 5.080000000000000071 ) ) ;
#3536 = ORIENTED_EDGE ( 'NONE', *, *, #2787, .F. ) ;
#3537 = APPROVAL_ROLE ( '' ) ;
#3538 = ORIENTED_EDGE ( 'NONE', *, *, #724, .F. ) ;
#3539 = CARTESIAN_POINT ( 'NONE',  ( 5.299999999999990052, -0.05000000078161020295, 5.580000000000119975 ) ) ;
#3540 = AXIS2_PLACEMENT_3D ( 'NONE', #3040, #1707, #990 ) ;
#3541 =( REPRESENTATION_RELATIONSHIP ('NONE','NONE', #3522, #2935 ) REPRESENTATION_RELATIONSHIP_WITH_TRANSFORMATION ( #1266 )SHAPE_REPRESENTATION_RELATIONSHIP( ) );
#3542 = LINE ( 'NONE', #2464, #2628 ) ;
#3543 = VECTOR ( 'NONE', #3263, 1000.000000000000227 ) ;
#3544 = DIRECTION ( 'NONE',  ( -0.6666666666666660745, -0.6666666666666672958, -0.3333333333333330373 ) ) ;
#3545 = VECTOR ( 'NONE', #3234, 1000.000000000000114 ) ;
#3546 = DIRECTION ( 'NONE',  ( -9.136576017787373527E-16, -1.000000000000000000, -2.086925533220184338E-31 ) ) ;
#3547 = CARTESIAN_POINT ( 'NONE',  ( 9.250000000000000000, 5.199999999999997513, -3.779999999999999805 ) ) ;
#3548 = ORIENTED_EDGE ( 'NONE', *, *, #2067, .T. ) ;
#3549 = ORIENTED_EDGE ( 'NONE', *, *, #661, .T. ) ;
#3550 = CARTESIAN_POINT ( 'NONE',  ( 3.449999999999990408, 11.44273112629125144, 0.0000000000000000000 ) ) ;
#3551 = ORIENTED_EDGE ( 'NONE', *, *, #4244, .T. ) ;
#3552 = DIRECTION ( 'NONE',  ( 0.1156426583973908656, -0.9932908816448403622, -2.072924102819404399E-31 ) ) ;
#3553 = CARTESIAN_POINT ( 'NONE',  ( 4.950000000000698286, 12.66838590191646396, -6.789697409983274312 ) ) ;
#3554 = ADVANCED_FACE ( 'NONE', ( #365 ), #1740, .T. ) ;
#3555 = VERTEX_POINT ( 'NONE', #1460 ) ;
#3556 = DIRECTION ( 'NONE',  ( 0.4472135954999579832, -0.0000000000000000000, 0.8944271909999159664 ) ) ;
#3557 = CARTESIAN_POINT ( 'NONE',  ( 7.249999999999993783, 11.31784271247447471, -1.279999999999996474 ) ) ;
#3558 = VECTOR ( 'NONE', #1358, 1000.000000000000000 ) ;
#3559 = CARTESIAN_POINT ( 'NONE',  ( 4.499999999999979572, 4.784159143999949571, 1.000000000000190070 ) ) ;
#3560 = EDGE_CURVE ( 'NONE', #760, #3184, #1039, .T. ) ;
#3561 = ORIENTED_EDGE ( 'NONE', *, *, #918, .T. ) ;
#3562 = CIRCLE ( 'NONE', #2981, 1.975000000000000089 ) ;
#3563 = COORDINATED_UNIVERSAL_TIME_OFFSET ( 0, 0, .AHEAD. ) ;
#3564 = EDGE_CURVE ( 'NONE', #2551, #1292, #2562, .T. ) ;
#3565 = EDGE_LOOP ( 'NONE', ( #336, #3593, #456, #3854, #3551, #424, #789, #2525 ) ) ;
#3566 = DIRECTION ( 'NONE',  ( 0.0000000000000000000, -0.9805806756909201116, -0.1961161351381840168 ) ) ;
#3567 = VECTOR ( 'NONE', #3629, 1000.000000000000000 ) ;
#3568 = PERSON ( 'NAUO-PER3', 'UNSPECIFIED', 'UNSPECIFIED', ('UNSPECIFIED'), ('UNSPECIFIED'), ('UNSPECIFIED') ) ;
#3569 = EDGE_LOOP ( 'NONE', ( #98, #1163, #2043, #2223 ) ) ;
#3570 = VECTOR ( 'NONE', #3502, 1000.000000000000000 ) ;
#3571 = CARTESIAN_POINT ( 'NONE',  ( 3.449999999999989964, 11.43500000000000405, 5.080000000000000071 ) ) ;
#3572 = ORIENTED_EDGE ( 'NONE', *, *, #3533, .F. ) ;
#3573 = ORIENTED_EDGE ( 'NONE', *, *, #3997, .T. ) ;
#3574 = CARTESIAN_POINT ( 'NONE',  ( 9.250000000000000000, 2.199999999999997957, -1.299999999999998712 ) ) ;
#3575 = ORIENTED_EDGE ( 'NONE', *, *, #2427, .T. ) ;
#3576 = CARTESIAN_POINT ( 'NONE',  ( 5.749999999999869438, 12.73473344514865779, 6.700762266914636278 ) ) ;
#3577 =( BOUNDED_CURVE ( )  B_SPLINE_CURVE ( 3, ( #2830, #3138, #2804, #1088 ),
 .UNSPECIFIED., .F., .T. ) 
 B_SPLINE_CURVE_WITH_KNOTS ( ( 4, 4 ),
 ( 0.5000000007378365696, 1.000000000000000000 ),
 .UNSPECIFIED. ) 
 CURVE ( )  GEOMETRIC_REPRESENTATION_ITEM ( )  RATIONAL_B_SPLINE_CURVE ( ( 1.000000000000000000, 0.8584414873009036384, 0.8584414873009036384, 1.000000000000000000 ) ) 
 REPRESENTATION_ITEM ( '' )  );
#3578 = VERTEX_POINT ( 'NONE', #50 ) ;
#3579 = DIRECTION ( 'NONE',  ( -1.794541526872530066E-14, -1.794541526872519968E-14, 1.000000000000000000 ) ) ;
#3580 = EDGE_CURVE ( 'NONE', #2954, #3555, #953, .T. ) ;
#3581 = LINE ( 'NONE', #134, #3093 ) ;
#3582 = CALENDAR_DATE ( 2019, 21, 10 ) ;
#3583 = CARTESIAN_POINT ( 'NONE',  ( 5.349999999999989875, 11.43500000000000050, 0.0000000000000000000 ) ) ;
#3584 = ORIENTED_EDGE ( 'NONE', *, *, #3661, .F. ) ;
#3585 = CARTESIAN_POINT ( 'NONE',  ( 3.449999999999990408, 11.43500000000000050, -5.080000000000000071 ) ) ;
#3586 = ADVANCED_FACE ( 'NONE', ( #3867 ), #3802, .F. ) ;
#3587 = ADVANCED_FACE ( 'NONE', ( #2138 ), #1481, .T. ) ;
#3588 = LINE ( 'NONE', #2585, #3567 ) ;
#3589 = CARTESIAN_POINT ( 'NONE',  ( 3.451341823664733077, 11.45812853167969969, -5.080000000000000071 ) ) ;
#3590 = EDGE_CURVE ( 'NONE', #4050, #2112, #1828, .T. ) ;
#3591 = CARTESIAN_POINT ( 'NONE',  ( 9.421243556529820040, 0.0000000000000000000, -8.220000000000000639 ) ) ;
#3592 = ORIENTED_EDGE ( 'NONE', *, *, #1670, .T. ) ;
#3593 = ORIENTED_EDGE ( 'NONE', *, *, #4271, .T. ) ;
#3594 = LINE ( 'NONE', #505, #1179 ) ;
#3595 = PLANE ( 'NONE',  #1890 ) ;
#3596 = EDGE_LOOP ( 'NONE', ( #308, #1448, #1510, #2697 ) ) ;
#3597 = CARTESIAN_POINT ( 'NONE',  ( 4.950000000000680522, 12.72522597148189583, 1.658022933191346304 ) ) ;
#3598 = CARTESIAN_POINT ( 'NONE',  ( 3.650000000000295675, 11.23500000000000121, -1.680000000000609228 ) ) ;
#3599 = CARTESIAN_POINT ( 'NONE',  ( 3.650000000000295675, 11.23500000000000121, 8.479999999999391136 ) ) ;
#3600 = VECTOR ( 'NONE', #2660, 1000.000000000000000 ) ;
#3601 = LINE ( 'NONE', #3284, #2670 ) ;
#3602 = APPROVAL_STATUS ( 'not_yet_approved' ) ;
#3603 = ORIENTED_EDGE ( 'NONE', *, *, #4370, .T. ) ;
#3604 = AXIS2_PLACEMENT_3D ( 'NONE', #2019, #306, #2086 ) ;
#3605 = B_SPLINE_CURVE_WITH_KNOTS ( 'NONE', 3,
 ( #2627, #1236, #1278, #4313, #1901, #3251, #2649, #1193, #1567, #1528, #189, #3972, #886, #552, #2224, #3294 ),
 .UNSPECIFIED., .F., .F.,
 ( 4, 3, 3, 3, 3, 4 ),
 ( 0.0000000000000000000, 3.531517381802549396E-05, 7.066450543868435475E-05, 0.0001054618491194714844, 0.0001392987215172478512, 0.0001469974402523181647 ),
 .UNSPECIFIED. ) ;
#3606 = ADVANCED_FACE ( 'NONE', ( #1546 ), #1873, .T. ) ;
#3607 = AXIS2_PLACEMENT_3D ( 'NONE', #4119, #3812, #1821 ) ;
#3608 = DIRECTION ( 'NONE',  ( 0.9880120337511015816, 0.1543768802736090739, -0.0000000000000000000 ) ) ;
#3609 = CARTESIAN_POINT ( 'NONE',  ( 3.589703979382066201, 12.64656426582840432, -3.448556485270126465E-09 ) ) ;
#3610 = DIRECTION ( 'NONE',  ( 0.8944271909999154113, 0.0000000000000000000, -0.4472135954999587604 ) ) ;
#3611 = DIRECTION ( 'NONE',  ( 0.0000000000000000000, 0.0000000000000000000, -1.000000000000000000 ) ) ;
#3612 = CIRCLE ( 'NONE', #3035, 1.760296020627533320 ) ;
#3613 = EDGE_LOOP ( 'NONE', ( #2565, #2944 ) ) ;
#3614 = CARTESIAN_POINT ( 'NONE',  ( 5.300000000000021139, -0.05000000078158019917, 4.279999999999956728 ) ) ;
#3615 = EDGE_CURVE ( 'NONE', #1100, #2508, #3673, .T. ) ;
#3616 = EDGE_LOOP ( 'NONE', ( #4420, #4177 ) ) ;
#3617 = CIRCLE ( 'NONE', #2111, 0.2000000000000000944 ) ;
#3618 = CARTESIAN_POINT ( 'NONE',  ( 5.749999999999999112, 11.93499999999701977, -1.799211327335711763 ) ) ;
#3619 = CARTESIAN_POINT ( 'NONE',  ( 5.749999999999845457, 12.69733902327550190, 6.773307792453213239 ) ) ;
#3620 = FACE_BOUND ( 'NONE', #3613, .T. ) ;
#3621 = EDGE_LOOP ( 'NONE', ( #447, #1195, #1603, #1859, #2200, #4367, #981, #442 ) ) ;
#3622 = CARTESIAN_POINT ( 'NONE',  ( 9.250000000000000000, 6.299999999999999822, -1.299999999999999822 ) ) ;
#3623 = CARTESIAN_POINT ( 'NONE',  ( 5.749999999999845457, 12.71295948527745345, 1.677530025091304111 ) ) ;
#3624 = CARTESIAN_POINT ( 'NONE',  ( 2.167957166897568566, 6.599999999999999645, 6.999999999999999112 ) ) ;
#3625 = ORIENTED_EDGE ( 'NONE', *, *, #2580, .T. ) ;
#3626 = APPROVAL_DATE_TIME ( #2260, #814 ) ;
#3627 = VERTEX_POINT ( 'NONE', #926 ) ;
#3628 = VECTOR ( 'NONE', #655, 1000.000000000000114 ) ;
#3629 = DIRECTION ( 'NONE',  ( 0.0000000000000000000, 0.0000000000000000000, 1.000000000000000000 ) ) ;
#3630 = VERTEX_POINT ( 'NONE', #186 ) ;
#3631 = DIRECTION ( 'NONE',  ( -1.171453342316279939E-15, -1.000000000000000000, 0.0000000000000000000 ) ) ;
#3632 = VECTOR ( 'NONE', #2372, 1000.000000000000000 ) ;
#3633 = FACE_OUTER_BOUND ( 'NONE', #2765, .T. ) ;
#3634 = EDGE_CURVE ( 'NONE', #2436, #1518, #26, .T. ) ;
#3635 = DIRECTION ( 'NONE',  ( -1.000000000000000000, 0.0000000000000000000, 0.0000000000000000000 ) ) ;
#3636 = VERTEX_POINT ( 'NONE', #3988 ) ;
#3637 = CIRCLE ( 'NONE', #2130, 0.2999999999999999334 ) ;
#3638 = ORIENTED_EDGE ( 'NONE', *, *, #1141, .T. ) ;
#3639 = LINE ( 'NONE', #911, #3031 ) ;
#3640 = FACE_OUTER_BOUND ( 'NONE', #135, .T. ) ;
#3641 = CARTESIAN_POINT ( 'NONE',  ( 3.449999999999989964, 11.43500000000000405, -5.080000000000000071 ) ) ;
#3642 = EDGE_CURVE ( 'NONE', #4142, #3243, #883, .T. ) ;
#3643 = APPROVAL_PERSON_ORGANIZATION ( #878, #2594, #2932 ) ;
#3644 = EDGE_CURVE ( 'NONE', #3845, #4270, #3193, .T. ) ;
#3645 = VERTEX_POINT ( 'NONE', #547 ) ;
#3646 = SECURITY_CLASSIFICATION ( '', '', #3689 ) ;
#3647 = CARTESIAN_POINT ( 'NONE',  ( 4.950000000000680522, 12.72910876695780402, 1.646903183719896413 ) ) ;
#3648 = CARTESIAN_POINT ( 'NONE',  ( 5.749999999999869438, 12.73473344514865779, 1.620762266914635763 ) ) ;
#3649 = LINE ( 'NONE', #4338, #4033 ) ;
#3650 = APPROVAL_ROLE ( '' ) ;
#3651 = CARTESIAN_POINT ( 'NONE',  ( 4.950000000000133404, 12.73473344514864536, -1.620762266914828942 ) ) ;
#3652 = CARTESIAN_POINT ( 'NONE',  ( 4.949999999999999289, 11.93500000000000050, 1.959999999999999964 ) ) ;
#3653 = VERTEX_POINT ( 'NONE', #2668 ) ;
#3654 = CARTESIAN_POINT ( 'NONE',  ( 4.950000000000698286, 12.66838590191646219, 3.370302590016726274 ) ) ;
#3655 = ORIENTED_EDGE ( 'NONE', *, *, #4214, .F. ) ;
#3656 = ORIENTED_EDGE ( 'NONE', *, *, #4349, .F. ) ;
#3657 = CARTESIAN_POINT ( 'NONE',  ( 2.932077519087679995, 11.23499999999999943, -143.2560000000000002 ) ) ;
#3658 = DIRECTION ( 'NONE',  ( 1.171453342316279939E-15, 1.000000000000000000, -0.0000000000000000000 ) ) ;
#3659 = CARTESIAN_POINT ( 'NONE',  ( 6.521332732297200785, 12.73499999999999943, 1.420694998502299633 ) ) ;
#3660 = VERTEX_POINT ( 'NONE', #523 ) ;
#3661 = EDGE_CURVE ( 'NONE', #1442, #1019, #2978, .T. ) ;
#3662 = CARTESIAN_POINT ( 'NONE',  ( 4.949999999999999289, 12.64656426582933335, -3.365753203231379498 ) ) ;
#3663 = CARTESIAN_POINT ( 'NONE',  ( 9.449999999999999289, 7.600000000000000533, 7.620000000000000107 ) ) ;
#3664 = CARTESIAN_POINT ( 'NONE',  ( 8.466173140978199285, -5.204170427930421283E-15, -8.025000000000000355 ) ) ;
#3665 = EDGE_CURVE ( 'NONE', #4345, #3443, #680, .T. ) ;
#3666 = ORIENTED_EDGE ( 'NONE', *, *, #991, .T. ) ;
#3667 = CALENDAR_DATE ( 2019, 21, 10 ) ;
#3668 = ORIENTED_EDGE ( 'NONE', *, *, #2950, .F. ) ;
#3669 = DIRECTION ( 'NONE',  ( 5.517568307814269711E-16, -6.463573835647406802E-31, 1.000000000000000000 ) ) ;
#3670 = CARTESIAN_POINT ( 'NONE',  ( 8.076037614648479135, 12.69953703112068766, -3.875243666753530380 ) ) ;
#3671 = CARTESIAN_POINT ( 'NONE',  ( 4.949999999999999289, 12.64656426582933335, -3.365753203231379498 ) ) ;
#3672 = ORIENTED_EDGE ( 'NONE', *, *, #24, .F. ) ;
#3673 = LINE ( 'NONE', #203, #3927 ) ;
#3674 = VECTOR ( 'NONE', #4024, 1000.000000000000000 ) ;
#3675 = ORIENTED_EDGE ( 'NONE', *, *, #4353, .T. ) ;
#3676 = VECTOR ( 'NONE', #2183, 1000.000000000000000 ) ;
#3677 = CARTESIAN_POINT ( 'NONE',  ( 5.499999999999589662, -0.05000000078158019917, -0.8000000000000410116 ) ) ;
#3678 = CARTESIAN_POINT ( 'NONE',  ( 3.449999999999989964, 11.43500000000000405, 0.0000000000000000000 ) ) ;
#3679 = AXIS2_PLACEMENT_3D ( 'NONE', #2416, #702, #1062 ) ;
#3680 = CARTESIAN_POINT ( 'NONE',  ( 4.126117195532686743, 12.64656426582840254, 6.609041406027930776 ) ) ;
#3681 = VECTOR ( 'NONE', #4127, 1000.000000000000000 ) ;
#3682 = VERTEX_POINT ( 'NONE', #1212 ) ;
#3683 = CARTESIAN_POINT ( 'NONE',  ( 4.949999999999989519, 12.73499999999999943, 5.080000000000000071 ) ) ;
#3684 = CARTESIAN_POINT ( 'NONE',  ( 7.248658176329018765, 11.45812853167897138, -3.797316352658054228 ) ) ;
#3685 = VECTOR ( 'NONE', #2609, 1000.000000000000000 ) ;
#3686 = ADVANCED_FACE ( 'NONE', ( #1942 ), #859, .T. ) ;
#3687 = FACE_OUTER_BOUND ( 'NONE', #3782, .T. ) ;
#3688 = EDGE_LOOP ( 'NONE', ( #392, #94, #3072, #2518 ) ) ;
#3689 = SECURITY_CLASSIFICATION_LEVEL ( 'unclassified' ) ;
#3690 = ORIENTED_EDGE ( 'NONE', *, *, #3942, .T. ) ;
#3691 = B_SPLINE_CURVE_WITH_KNOTS ( 'NONE', 3,
 ( #555, #4334, #574, #3380, #4104, #4373, #1299, #954, #2040, #3316, #3406, #272, #1691, #1642, #4354, #3024 ),
 .UNSPECIFIED., .F., .F.,
 ( 4, 3, 3, 3, 3, 4 ),
 ( 8.348222229663367995E-15, 3.308388942448985684E-05, 6.613717211494402201E-05, 9.966070390112487882E-05, 0.0001340858777773908269, 0.0001469394654597987529 ),
 .UNSPECIFIED. ) ;
#3692 = CARTESIAN_POINT ( 'NONE',  ( 4.950000000000072120, 12.72445880131357931, -1.658090098932130552 ) ) ;
#3693 = ADVANCED_FACE ( 'NONE', ( #2974, #1639 ), #1233, .F. ) ;
#3694 = CARTESIAN_POINT ( 'NONE',  ( 5.749999999999999112, 11.93500000000000050, 3.109999999999999876 ) ) ;
#3695 = EDGE_CURVE ( 'NONE', #2721, #1366, #1273, .T. ) ;
#3696 = DIRECTION ( 'NONE',  ( 0.0000000000000000000, 1.000000000000000000, 0.0000000000000000000 ) ) ;
#3697 = CARTESIAN_POINT ( 'NONE',  ( 4.950000000003960565, 12.66532890578434589, -3.369219543454167187 ) ) ;
#3698 = ORIENTED_EDGE ( 'NONE', *, *, #1500, .T. ) ;
#3699 = CARTESIAN_POINT ( 'NONE',  ( 4.950000000000073896, 12.72947253920386856, 3.432234320928129634 ) ) ;
#3700 = FACE_OUTER_BOUND ( 'NONE', #3005, .T. ) ;
#3701 = CIRCLE ( 'NONE', #2975, 0.2999999999999999334 ) ;
#3702 = CARTESIAN_POINT ( 'NONE',  ( 2.337581515395890985, 13.78289222746397513, -7.619999999999998330 ) ) ;
#3703 = ORIENTED_EDGE ( 'NONE', *, *, #213, .T. ) ;
#3704 = AXIS2_PLACEMENT_3D ( 'NONE', #1895, #4310, #3631 ) ;
#3705 = CARTESIAN_POINT ( 'NONE',  ( 5.750000000000000000, 12.40938025447665716, 3.337397567517154773 ) ) ;
#3706 = CARTESIAN_POINT ( 'NONE',  ( 5.299999999999999822, -3.700000000000009948, -0.3000000000000011546 ) ) ;
#3707 = CIRCLE ( 'NONE', #3417, 1.974999999999999423 ) ;
#3708 = VERTEX_POINT ( 'NONE', #4032 ) ;
#3709 = CARTESIAN_POINT ( 'NONE',  ( 10.25000000000000000, 6.799999999999999822, 6.879999999999999893 ) ) ;
#3710 = ORIENTED_EDGE ( 'NONE', *, *, #3827, .T. ) ;
#3711 = LOCAL_TIME ( 21, 41, 59.00000000000000000, #920 ) ;
#3712 = CARTESIAN_POINT ( 'NONE',  ( 7.248658176329018765, 11.45812853167897138, 5.079999999999999183 ) ) ;
#3713 = ORIENTED_EDGE ( 'NONE', *, *, #2369, .T. ) ;
#3714 = VERTEX_POINT ( 'NONE', #947 ) ;
#3715 = DIRECTION ( 'NONE',  ( 1.000000000000000000, 0.0000000000000000000, 0.0000000000000000000 ) ) ;
#3716 = CARTESIAN_POINT ( 'NONE',  ( 9.449999999999999289, 0.0000000000000000000, -7.620000000000000107 ) ) ;
#3717 = CARTESIAN_POINT ( 'NONE',  ( 4.965164424315887892, 12.69953703112280152, -3.368606068534265141 ) ) ;
#3718 =( BOUNDED_CURVE ( )  B_SPLINE_CURVE ( 3, ( #508, #130, #2549, #1835 ),
 .UNSPECIFIED., .F., .T. ) 
 B_SPLINE_CURVE_WITH_KNOTS ( ( 4, 4 ),
 ( 0.0000000000000000000, 1.000000000000000000 ),
 .UNSPECIFIED. ) 
 CURVE ( )  GEOMETRIC_REPRESENTATION_ITEM ( )  RATIONAL_B_SPLINE_CURVE ( ( 1.000000000000000000, 0.3333333333333333703, 0.3333333333333333703, 1.000000000000000000 ) ) 
 REPRESENTATION_ITEM ( '' )  );
#3719 = DIRECTION ( 'NONE',  ( -0.0000000000000000000, 0.0000000000000000000, 1.000000000000000000 ) ) ;
#3720 = EDGE_CURVE ( 'NONE', #1727, #3216, #289, .T. ) ;
#3721 = VERTEX_POINT ( 'NONE', #1337 ) ;
#3722 = LINE ( 'NONE', #315, #3632 ) ;
#3723 = CARTESIAN_POINT ( 'NONE',  ( 10.25000000000000000, 6.199999999999993960, 1.799999999999993605 ) ) ;
#3724 = EDGE_CURVE ( 'NONE', #2134, #779, #2344, .T. ) ;
#3725 = PLANE ( 'NONE',  #2173 ) ;
#3726 = LINE ( 'NONE', #636, #3122 ) ;
#3727 = DIRECTION ( 'NONE',  ( -0.0000000000000000000, -1.000000000000000000, -0.0000000000000000000 ) ) ;
#3728 = EDGE_CURVE ( 'NONE', #779, #2134, #181, .T. ) ;
#3729 = CARTESIAN_POINT ( 'NONE',  ( 8.085622008323131382, 12.64656426582414284, 3.871007900187909190 ) ) ;
#3730 = DIRECTION ( 'NONE',  ( 0.0000000000000000000, 0.0000000000000000000, 1.000000000000000000 ) ) ;
#3731 = ORIENTED_EDGE ( 'NONE', *, *, #2161, .T. ) ;
#3732 = CARTESIAN_POINT ( 'NONE',  ( 0.9446261355944070015, 6.599999999999999645, 7.195000000000000284 ) ) ;
#3733 = ORIENTED_EDGE ( 'NONE', *, *, #3776, .T. ) ;
#3734 = LINE ( 'NONE', #2657, #1962 ) ;
#3735 = ORIENTED_EDGE ( 'NONE', *, *, #2946, .F. ) ;
#3736 = DATE_AND_TIME ( #670, #1052 ) ;
#3737 = PLANE ( 'NONE',  #4262 ) ;
#3738 = DIRECTION ( 'NONE',  ( 1.000000000000000000, 0.0000000000000000000, 0.0000000000000000000 ) ) ;
#3739 = CARTESIAN_POINT ( 'NONE',  ( 3.451341823670963205, 11.45812853167897671, 5.080000000000000071 ) ) ;
#3740 = ORIENTED_EDGE ( 'NONE', *, *, #4214, .T. ) ;
#3741 = CARTESIAN_POINT ( 'NONE',  ( 8.689999999999999503, 6.599999999999999645, 7.620000000000000107 ) ) ;
#3742 =( BOUNDED_SURFACE ( )  B_SPLINE_SURFACE ( 3, 3, ( 
 ( #1840, #1540, #1513, #111 ),
 ( #1490, #3899, #806, #3218 ),
 ( #1076, #1887, #195, #3980 ),
 ( #3262, #2283, #4002, #2989 ) ),
 .UNSPECIFIED., .F., .F., .F. ) 
 B_SPLINE_SURFACE_WITH_KNOTS ( ( 4, 4 ),
 ( 4, 4 ),
 ( 0.0000000000000000000, 1.000000000000000000 ),
 ( 0.0000000000000000000, 1.000000000000000000 ),
 .UNSPECIFIED. ) 
 GEOMETRIC_REPRESENTATION_ITEM ( )  RATIONAL_B_SPLINE_SURFACE ( (
 ( 1.000000000000000000, 0.8538861261458171592, 0.8538861261458171592, 1.000000000000000000),
 ( 0.8312495820266285751, 0.7097924854570475395, 0.7097924854570475395, 0.8312495820266285751),
 ( 0.8312495820266285751, 0.7097924854570475395, 0.7097924854570475395, 0.8312495820266285751),
 ( 1.000000000000000000, 0.8538861261458171592, 0.8538861261458171592, 1.000000000000000000) ) ) 
 REPRESENTATION_ITEM ( '' )  SURFACE ( )  );
#3743 = ADVANCED_FACE ( 'NONE', ( #993 ), #4444, .F. ) ;
#3744 = DIRECTION ( 'NONE',  ( 0.0000000000000000000, -0.0000000000000000000, -1.000000000000000000 ) ) ;
#3745 = CARTESIAN_POINT ( 'NONE',  ( 5.721047637986544920, 12.69953703112068943, 6.794436134512857883 ) ) ;
#3746 = VECTOR ( 'NONE', #350, 1000.000000000000114 ) ;
#3747 = EDGE_CURVE ( 'NONE', #396, #3459, #3269, .T. ) ;
#3748 = CARTESIAN_POINT ( 'NONE',  ( 4.500000000000000000, -3.700000000000009948, -5.379999999999999893 ) ) ;
#3749 = DIRECTION ( 'NONE',  ( 1.000000000000000000, -1.171453342316279939E-15, -1.931148907734990011E-16 ) ) ;
#3750 = ORIENTED_EDGE ( 'NONE', *, *, #4021, .T. ) ;
#3751 = CARTESIAN_POINT ( 'NONE',  ( 5.750000000000000000, 12.64656426582508075, -1.714246796769120618 ) ) ;
#3752 = VECTOR ( 'NONE', #2681, 1000.000000000000114 ) ;
#3753 = LINE ( 'NONE', #1417, #2539 ) ;
#3754 = AXIS2_PLACEMENT_3D ( 'NONE', #3037, #3149, #1077 ) ;
#3755 = B_SPLINE_CURVE_WITH_KNOTS ( 'NONE', 3,
 ( #3107, #3815, #381, #3136, #1085, #2462, #2126, #2290, #2663, #3692, #4006, #3351, #4308, #3651, #2262, #3287 ),
 .UNSPECIFIED., .F., .F.,
 ( 4, 3, 3, 3, 3, 4 ),
 ( 8.218057895187574214E-15, 3.308388942448682785E-05, 6.613717211493560589E-05, 9.966070390111036407E-05, 0.0001340858777773710402, 0.0001469394654600627561 ),
 .UNSPECIFIED. ) ;
#3756 = ORIENTED_EDGE ( 'NONE', *, *, #122, .F. ) ;
#3757 = ORIENTED_EDGE ( 'NONE', *, *, #3860, .T. ) ;
#3758 = APPROVAL_ROLE ( '' ) ;
#3759 = AXIS2_PLACEMENT_3D ( 'NONE', #696, #1373, #2682 ) ;
#3760 = CARTESIAN_POINT ( 'NONE',  ( 1.799999999999999600, 6.799999999999999822, -7.620000000000000107 ) ) ;
#3761 = ORIENTED_EDGE ( 'NONE', *, *, #2039, .F. ) ;
#3762 = DIRECTION ( 'NONE',  ( 0.0000000000000000000, 0.0000000000000000000, 1.000000000000000000 ) ) ;
#3763 = CARTESIAN_POINT ( 'NONE',  ( 9.449999999999999289, 6.599999999999999645, -7.620000000000000107 ) ) ;
#3764 = ORIENTED_EDGE ( 'NONE', *, *, #1817, .F. ) ;
#3765 = DIRECTION ( 'NONE',  ( -1.000000000000000000, 0.0000000000000000000, 0.0000000000000000000 ) ) ;
#3766 = CARTESIAN_POINT ( 'NONE',  ( 10.25000000000000000, 6.799999999999999822, 7.620000000000000107 ) ) ;
#3767 = CYLINDRICAL_SURFACE ( 'NONE', #1033, 0.3000000000000000444 ) ;
#3768 = APPLICATION_CONTEXT ( 'configuration controlled 3d designs of mechanical parts and assemblies' ) ;
#3769 = CARTESIAN_POINT ( 'NONE',  ( 0.0000000000000000000, 10.00000000000000000, -7.620000000000000107 ) ) ;
#3770 = CARTESIAN_POINT ( 'NONE',  ( 3.450447775674257311, 11.45044927442903315, -5.080000000000001847 ) ) ;
#3771 = LINE ( 'NONE', #385, #807 ) ;
#3772 = EDGE_CURVE ( 'NONE', #819, #770, #1380, .T. ) ;
#3773 = VECTOR ( 'NONE', #2252, 1000.000000000000000 ) ;
#3774 = ORIENTED_EDGE ( 'NONE', *, *, #3665, .F. ) ;
#3775 = CARTESIAN_POINT ( 'NONE',  ( 4.178667266375339473, 12.73499999999999588, 1.420694998172927326 ) ) ;
#3776 = EDGE_CURVE ( 'NONE', #1480, #2795, #4414, .T. ) ;
#3777 = AXIS2_PLACEMENT_3D ( 'NONE', #4070, #982, #4019 ) ;
#3778 = EDGE_CURVE ( 'NONE', #3915, #779, #3080, .T. ) ;
#3779 = CARTESIAN_POINT ( 'NONE',  ( 3.451341823670963205, 11.45812853167897494, 5.080000000000000071 ) ) ;
#3780 = ORIENTED_EDGE ( 'NONE', *, *, #1619, .F. ) ;
#3781 = VECTOR ( 'NONE', #2172, 1000.000000000000000 ) ;
#3782 = EDGE_LOOP ( 'NONE', ( #4151, #2299, #1800, #301 ) ) ;
#3783 = DATE_AND_TIME ( #4362, #2864 ) ;
#3784 = EDGE_CURVE ( 'NONE', #1808, #274, #1728, .T. ) ;
#3785 = DIRECTION ( 'NONE',  ( -0.0000000000000000000, 0.0000000000000000000, 1.000000000000000000 ) ) ;
#3786 = APPROVAL_PERSON_ORGANIZATION ( #3151, #3910, #3650 ) ;
#3787 = FACE_OUTER_BOUND ( 'NONE', #2655, .T. ) ;
#3788 =( NAMED_UNIT ( * ) PLANE_ANGLE_UNIT ( ) SI_UNIT ( $, .RADIAN. ) );
#3789 = FACE_OUTER_BOUND ( 'NONE', #737, .T. ) ;
#3790 = ORIENTED_EDGE ( 'NONE', *, *, #476, .F. ) ;
#3791 = SECURITY_CLASSIFICATION ( '', '', #1030 ) ;
#3792 = DIRECTION ( 'NONE',  ( -1.171453342316279939E-15, -1.000000000000000000, -0.0000000000000000000 ) ) ;
#3793 = CARTESIAN_POINT ( 'NONE',  ( 2.625902306574849909, 13.69999999999999929, 7.620000000000000107 ) ) ;
#3794 = CARTESIAN_POINT ( 'NONE',  ( 7.249999999999991118, 11.43499999999999872, 5.079999999999999183 ) ) ;
#3795 = EDGE_LOOP ( 'NONE', ( #379, #4166, #3733, #4215 ) ) ;
#3796 = CC_DESIGN_DATE_AND_TIME_ASSIGNMENT ( #4406, #2024, ( #3791 ) ) ;
#3797 = PLANE ( 'NONE',  #2827 ) ;
#3798 = MANIFOLD_SOLID_BREP ( 'Imported1', #3457 ) ;
#3799 = CARTESIAN_POINT ( 'NONE',  ( 5.749999999995260680, 12.68578847567073353, -1.700703200956241945 ) ) ;
#3800 = DIRECTION ( 'NONE',  ( 1.171453342316279939E-15, 1.000000000000000000, 0.0000000000000000000 ) ) ;
#3801 = ORIENTED_EDGE ( 'NONE', *, *, #905, .F. ) ;
#3802 = PLANE ( 'NONE',  #3340 ) ;
#3803 = EDGE_CURVE ( 'NONE', #1553, #2625, #3722, .T. ) ;
#3804 = EDGE_LOOP ( 'NONE', ( #2867, #2790, #3298, #3934 ) ) ;
#3805 = ORIENTED_EDGE ( 'NONE', *, *, #2103, .F. ) ;
#3806 = CARTESIAN_POINT ( 'NONE',  ( 7.249999999999991118, 11.43499999999999872, 2.326828918379971365E-16 ) ) ;
#3807 = DIRECTION ( 'NONE',  ( -0.0000000000000000000, -0.0000000000000000000, -1.000000000000000000 ) ) ;
#3808 = DIRECTION ( 'NONE',  ( 1.000000000000000000, -3.338853781347929776E-28, 1.794541526872530066E-14 ) ) ;
#3809 = ADVANCED_FACE ( 'NONE', ( #1355 ), #4097, .F. ) ;
#3810 = EDGE_LOOP ( 'NONE', ( #1765, #4010, #3160, #1674 ) ) ;
#3811 = DATE_TIME_ROLE ( 'creation_date' ) ;
#3812 = DIRECTION ( 'NONE',  ( 0.8660254037844387076, -0.0000000000000000000, 0.4999999999999999445 ) ) ;
#3813 = ORIENTED_EDGE ( 'NONE', *, *, #3926, .T. ) ;
#3814 = CARTESIAN_POINT ( 'NONE',  ( -0.6999999999999999556, -2.700000000000009948, 5.580000000000000071 ) ) ;
#3815 = CARTESIAN_POINT ( 'NONE',  ( 4.949999999999999289, 12.65751425528028840, -1.712937712264779533 ) ) ;
#3816 = PRODUCT_DEFINITION_SHAPE ( 'NONE', 'NONE',  #517 ) ;
#3817 = CARTESIAN_POINT ( 'NONE',  ( 5.721047637986546697, 12.69953703112069299, 1.714436134512855814 ) ) ;
#3818 = CARTESIAN_POINT ( 'NONE',  ( 9.250000000000000000, 2.199999999999989964, -3.779999999999999805 ) ) ;
#3819 = UNCERTAINTY_MEASURE_WITH_UNIT (LENGTH_MEASURE( 1.000000000000000082E-05 ), #3426, 'distance_accuracy_value', 'NONE');
#3820 = ORIENTED_EDGE ( 'NONE', *, *, #273, .T. ) ;
#3821 = DIRECTION ( 'NONE',  ( 1.000000000000000000, 0.0000000000000000000, 0.0000000000000000000 ) ) ;
#3822 = CARTESIAN_POINT ( 'NONE',  ( 5.299999999999994493, -2.700000000000005951, 0.5000000000000457412 ) ) ;
#3823 = DIRECTION ( 'NONE',  ( -1.000000000000000000, 0.0000000000000000000, 0.0000000000000000000 ) ) ;
#3824 = AXIS2_PLACEMENT_3D ( 'NONE', #2132, #1779, #3156 ) ;
#3825 = ORIENTED_EDGE ( 'NONE', *, *, #667, .F. ) ;
#3826 = CARTESIAN_POINT ( 'NONE',  ( 3.449999999999989964, 11.43500000000000405, 0.0000000000000000000 ) ) ;
#3827 = EDGE_CURVE ( 'NONE', #3636, #712, #2236, .T. ) ;
#3828 = VECTOR ( 'NONE', #159, 1000.000000000000000 ) ;
#3829 = CARTESIAN_POINT ( 'NONE',  ( 3.689033067547872857, 12.73500000000000298, -0.8101627290312578555 ) ) ;
#3830 = EDGE_LOOP ( 'NONE', ( #3549, #3507, #2556 ) ) ;
#3831 = VECTOR ( 'NONE', #85, 1000.000000000000000 ) ;
#3832 = DATE_AND_TIME ( #115, #3279 ) ;
#3833 = CARTESIAN_POINT ( 'NONE',  ( 9.250000000000000000, 7.599999999999998757, -7.620000000000002771 ) ) ;
#3834 = ORIENTED_EDGE ( 'NONE', *, *, #2297, .T. ) ;
#3835 = DIRECTION ( 'NONE',  ( 1.000000000000000000, 0.0000000000000000000, 0.0000000000000000000 ) ) ;
#3836 = EDGE_CURVE ( 'NONE', #125, #4443, #2008, .T. ) ;
#3837 = CIRCLE ( 'NONE', #1738, 0.1999999999999996503 ) ;
#3838 = EDGE_CURVE ( 'NONE', #74, #326, #1907, .T. ) ;
#3839 = CARTESIAN_POINT ( 'NONE',  ( 5.750000000000000000, 12.40938025447665893, -1.742602432482845520 ) ) ;
#3840 = ORIENTED_EDGE ( 'NONE', *, *, #2999, .F. ) ;
#3841 = CARTESIAN_POINT ( 'NONE',  ( 3.451341823664733077, 11.45812853167969969, 2.325185658323911292E-16 ) ) ;
#3842 = CARTESIAN_POINT ( 'NONE',  ( 4.950000000004741274, 12.67614242096980171, 6.786545570107983316 ) ) ;
#3843 = VERTEX_POINT ( 'NONE', #337 ) ;
#3844 = PLANE ( 'NONE',  #177 ) ;
#3845 = VERTEX_POINT ( 'NONE', #17 ) ;
#3846 = CARTESIAN_POINT ( 'NONE',  ( 5.749999999999992895, 12.73499999999999943, 6.692082860990527848 ) ) ;
#3847 = CARTESIAN_POINT ( 'NONE',  ( 7.249552224325724659, 11.45044927442902782, 2.326280551333744888E-16 ) ) ;
#3848 = ORIENTED_EDGE ( 'NONE', *, *, #1670, .F. ) ;
#3849 = CARTESIAN_POINT ( 'NONE',  ( 9.449999999999999289, 10.00000000000000000, 7.620000000000000107 ) ) ;
#3850 = VECTOR ( 'NONE', #1789, 1000.000000000000000 ) ;
#3851 = DIRECTION ( 'NONE',  ( 1.000000000000000000, 0.0000000000000000000, 1.794541526872530066E-14 ) ) ;
#3852 = VECTOR ( 'NONE', #1695, 1000.000000000000000 ) ;
#3853 = CARTESIAN_POINT ( 'NONE',  ( 4.126117196948060339, 12.64656426582076776, -1.529041406336342668 ) ) ;
#3854 = ORIENTED_EDGE ( 'NONE', *, *, #966, .T. ) ;
#3855 = CIRCLE ( 'NONE', #4284, 0.2999999999999999334 ) ;
#3856 = DATE_TIME_ROLE ( 'classification_date' ) ;
#3857 = EDGE_LOOP ( 'NONE', ( #867, #3703, #4069, #665 ) ) ;
#3858 = CARTESIAN_POINT ( 'NONE',  ( 7.249999999999987566, 11.44273112629124434, -8.879999999999999005 ) ) ;
#3859 = LOCAL_TIME ( 21, 41, 59.00000000000000000, #3304 ) ;
#3860 = EDGE_CURVE ( 'NONE', #2501, #3905, #3478, .T. ) ;
#3861 = LINE ( 'NONE', #2492, #1268 ) ;
#3862 = EDGE_LOOP ( 'NONE', ( #2511, #1607, #3153 ) ) ;
#3863 = CARTESIAN_POINT ( 'NONE',  ( 8.557209438086390563, 6.599999999999999645, 7.620000000000000107 ) ) ;
#3864 = ORIENTED_EDGE ( 'NONE', *, *, #1434, .T. ) ;
#3865 = ADVANCED_FACE ( 'NONE', ( #2775 ), #1060, .F. ) ;
#3866 = VERTEX_POINT ( 'NONE', #380 ) ;
#3867 = FACE_OUTER_BOUND ( 'NONE', #1267, .T. ) ;
#3868 = CARTESIAN_POINT ( 'NONE',  ( 3.450447775674257311, 11.45044927442903315, 0.0000000000000000000 ) ) ;
#3869 = ORIENTED_EDGE ( 'NONE', *, *, #20, .F. ) ;
#3870 = PLANE ( 'NONE',  #596 ) ;
#3871 = CARTESIAN_POINT ( 'NONE',  ( 4.949999999999999289, 12.73499999999999943, -6.696418486922036450 ) ) ;
#3872 = CARTESIAN_POINT ( 'NONE',  ( 5.350000000000000533, 13.99999999999999822, 5.080000000000000071 ) ) ;
#3873 = EDGE_LOOP ( 'NONE', ( #4114, #4187, #1536, #3869, #3713, #3945 ) ) ;
#3874 = ORIENTED_EDGE ( 'NONE', *, *, #554, .T. ) ;
#3875 = CARTESIAN_POINT ( 'NONE',  ( 7.249999999999989342, 11.31784271247447293, 3.800000000000002931 ) ) ;
#3876 = CARTESIAN_POINT ( 'NONE',  ( 2.399999999999999911, 14.00000000000000000, 7.620000000000000107 ) ) ;
#3877 = CYLINDRICAL_SURFACE ( 'NONE', #1806, 0.8000000000000003775 ) ;
#3878 = ORIENTED_EDGE ( 'NONE', *, *, #1758, .T. ) ;
#3879 = COORDINATED_UNIVERSAL_TIME_OFFSET ( 0, 0, .AHEAD. ) ;
#3880 = ORIENTED_EDGE ( 'NONE', *, *, #667, .T. ) ;
#3881 = CARTESIAN_POINT ( 'NONE',  ( 3.449999999999990852, 11.44273112629124967, -5.080000000000001847 ) ) ;
#3882 = CARTESIAN_POINT ( 'NONE',  ( 1.942790561913620095, 0.0000000000000000000, 7.000000000000000000 ) ) ;
#3883 = ADVANCED_FACE ( 'NONE', ( #4057 ), #4080, .T. ) ;
#3884 = LINE ( 'NONE', #3591, #1663 ) ;
#3885 = ORIENTED_EDGE ( 'NONE', *, *, #969, .T. ) ;
#3886 = VERTEX_POINT ( 'NONE', #474 ) ;
#3887 = FACE_OUTER_BOUND ( 'NONE', #3621, .T. ) ;
#3888 = CARTESIAN_POINT ( 'NONE',  ( 10.25000000000000000, 1.699999999999989519, -3.279999999999998472 ) ) ;
#3889 = CARTESIAN_POINT ( 'NONE',  ( 5.749999999999992895, 12.73499999999999943, 3.467917139009472294 ) ) ;
#3890 = EDGE_CURVE ( 'NONE', #3184, #226, #2534, .T. ) ;
#3891 = CARTESIAN_POINT ( 'NONE',  ( 7.249999999999991118, 11.43499999999999694, 1.279999999999997362 ) ) ;
#3892 = DIRECTION ( 'NONE',  ( 2.501911041408800138E-16, 1.000000000000000000, -0.0000000000000000000 ) ) ;
#3893 = ADVANCED_FACE ( 'NONE', ( #2851 ), #3499, .F. ) ;
#3894 = VERTEX_POINT ( 'NONE', #2489 ) ;
#3895 = ORIENTED_EDGE ( 'NONE', *, *, #3827, .F. ) ;
#3896 = FACE_OUTER_BOUND ( 'NONE', #4205, .T. ) ;
#3897 = AXIS2_PLACEMENT_3D ( 'NONE', #595, #1969, #3339 ) ;
#3898 = PERSON ( 'NAUO-PER5', 'UNSPECIFIED', 'UNSPECIFIED', ('UNSPECIFIED'), ('UNSPECIFIED'), ('UNSPECIFIED') ) ;
#3899 = CARTESIAN_POINT ( 'NONE',  ( 4.158098635934760701, 12.73500000000000476, -6.569085828626664458 ) ) ;
#3900 = AXIS2_PLACEMENT_3D ( 'NONE', #1486, #3487, #3823 ) ;
#3901 = CARTESIAN_POINT ( 'NONE',  ( 7.167157287525211196, 11.23499999999981647, 8.714314575050439160 ) ) ;
#3902 = ORIENTED_EDGE ( 'NONE', *, *, #4021, .F. ) ;
#3903 = SECURITY_CLASSIFICATION_LEVEL ( 'unclassified' ) ;
#3904 = CARTESIAN_POINT ( 'NONE',  ( 7.249999999999991118, 11.43499999999999694, 2.326828918379971858E-16 ) ) ;
#3905 = VERTEX_POINT ( 'NONE', #747 ) ;
#3906 = CARTESIAN_POINT ( 'NONE',  ( 9.449999999999999289, 6.799999999999999822, 7.620000000000000107 ) ) ;
#3907 = VECTOR ( 'NONE', #2078, 1000.000000000000000 ) ;
#3908 = CIRCLE ( 'NONE', #1959, 1.760296020627533320 ) ;
#3909 = CYLINDRICAL_SURFACE ( 'NONE', #2494, 0.2999999999999999334 ) ;
#3910 = APPROVAL ( #61, 'UNSPECIFIED' ) ;
#3911 = VECTOR ( 'NONE', #340, 1000.000000000000000 ) ;
#3912 = CARTESIAN_POINT ( 'NONE',  ( 4.499999999999992006, -3.700000000000016609, 5.379999999999999005 ) ) ;
#3913 = ORIENTED_EDGE ( 'NONE', *, *, #579, .T. ) ;
#3914 = CARTESIAN_POINT ( 'NONE',  ( 1.250000000000000000, 10.00000000000000000, 7.620000000000000107 ) ) ;
#3915 = VERTEX_POINT ( 'NONE', #2559 ) ;
#3916 = EDGE_CURVE ( 'NONE', #409, #946, #1914, .T. ) ;
#3917 = CARTESIAN_POINT ( 'NONE',  ( 7.249999999999990230, 11.44273112629124434, 3.800000000000000711 ) ) ;
#3918 = ORIENTED_EDGE ( 'NONE', *, *, #1282, .T. ) ;
#3919 = CARTESIAN_POINT ( 'NONE',  ( 5.749999999999304556, 12.66838590191671443, 6.789697409983178389 ) ) ;
#3920 = ORIENTED_EDGE ( 'NONE', *, *, #494, .T. ) ;
#3921 = EDGE_CURVE ( 'NONE', #3630, #4169, #641, .T. ) ;
#3922 = CARTESIAN_POINT ( 'NONE',  ( 10.25000000000000000, 1.700000000000004396, 3.279999999999998916 ) ) ;
#3923 = VECTOR ( 'NONE', #3376, 1000.000000000000000 ) ;
#3924 = CARTESIAN_POINT ( 'NONE',  ( 10.25000000000000000, 6.200000000000002842, -1.800000000000000266 ) ) ;
#3925 = VERTEX_POINT ( 'NONE', #4241 ) ;
#3926 = EDGE_CURVE ( 'NONE', #3450, #3845, #2506, .T. ) ;
#3927 = VECTOR ( 'NONE', #592, 1000.000000000000114 ) ;
#3928 = ORIENTED_EDGE ( 'NONE', *, *, #3307, .T. ) ;
#3929 = CARTESIAN_POINT ( 'NONE',  ( 4.949999999999999289, 12.64656426582875959, 3.365753203235099633 ) ) ;
#3930 = AXIS2_PLACEMENT_3D ( 'NONE', #3814, #4410, #3566 ) ;
#3931 = LINE ( 'NONE', #3155, #3570 ) ;
#3932 = AXIS2_PLACEMENT_3D ( 'NONE', #2053, #3062, #2709 ) ;
#3933 = LINE ( 'NONE', #3547, #3480 ) ;
#3934 = ORIENTED_EDGE ( 'NONE', *, *, #1992, .T. ) ;
#3935 = VERTEX_POINT ( 'NONE', #811 ) ;
#3936 = CARTESIAN_POINT ( 'NONE',  ( 5.750000000000000000, 12.64656426582508075, -6.794246796769121133 ) ) ;
#3937 = CARTESIAN_POINT ( 'NONE',  ( 5.749999999999869438, 12.73279737082328467, 6.716456345332686872 ) ) ;
#3938 = CARTESIAN_POINT ( 'NONE',  ( 10.25000000000000000, 0.0000000000000000000, 7.620000000000000107 ) ) ;
#3939 = VERTEX_POINT ( 'NONE', #2873 ) ;
#3940 = CARTESIAN_POINT ( 'NONE',  ( -0.6999999999999999556, -2.700000000000009948, -4.580000000000000071 ) ) ;
#3941 = CARTESIAN_POINT ( 'NONE',  ( 3.689033067547872857, 12.73500000000000121, 5.079999996746039415 ) ) ;
#3942 = EDGE_CURVE ( 'NONE', #87, #3578, #2799, .T. ) ;
#3943 = CARTESIAN_POINT ( 'NONE',  ( 3.532842712474771663, 11.23499999999982180, 8.714314575050439160 ) ) ;
#3944 = PERSON_AND_ORGANIZATION_ROLE ( 'classification_officer' ) ;
#3945 = ORIENTED_EDGE ( 'NONE', *, *, #3580, .T. ) ;
#3946 = DIRECTION ( 'NONE',  ( -1.000000000000000000, 0.0000000000000000000, 0.0000000000000000000 ) ) ;
#3947 = ORIENTED_EDGE ( 'NONE', *, *, #3411, .T. ) ;
#3948 = EDGE_CURVE ( 'NONE', #3894, #1458, #2460, .T. ) ;
#3949 = CARTESIAN_POINT ( 'NONE',  ( 10.25000000000000000, 6.799999999999999822, -3.279999999999998028 ) ) ;
#3950 = ORIENTED_EDGE ( 'NONE', *, *, #2999, .T. ) ;
#3951 = DIRECTION ( 'NONE',  ( -9.136576017787373527E-16, -1.000000000000000000, -2.086925533220184338E-31 ) ) ;
#3952 = CARTESIAN_POINT ( 'NONE',  ( 4.949999999999999289, 12.40938025448213367, -6.822602432482200996 ) ) ;
#3953 = CARTESIAN_POINT ( 'NONE',  ( 9.449999999999999289, 6.799999999999999822, -7.620000000000003659 ) ) ;
#3954 = ORIENTED_EDGE ( 'NONE', *, *, #1251, .T. ) ;
#3955 = ORIENTED_EDGE ( 'NONE', *, *, #616, .T. ) ;
#3956 = CARTESIAN_POINT ( 'NONE',  ( 7.110296020627515645, 12.64656426582178028, 1.240088438882487435E-31 ) ) ;
#3957 = CARTESIAN_POINT ( 'NONE',  ( 4.500000000000003553, -3.700000000000007727, 4.779999999999998472 ) ) ;
#3958 = ORIENTED_EDGE ( 'NONE', *, *, #1251, .F. ) ;
#3959 = CARTESIAN_POINT ( 'NONE',  ( 5.749999999997323030, 12.70467874844269573, -6.766818741883628974 ) ) ;
#3960 = DIRECTION ( 'NONE',  ( -1.931148907734990011E-16, 2.262250842476587301E-31, -1.000000000000000000 ) ) ;
#3961 = DATE_TIME_ROLE ( 'classification_date' ) ;
#3962 = EDGE_CURVE ( 'NONE', #3095, #3164, #2512, .T. ) ;
#3963 = ORIENTED_EDGE ( 'NONE', *, *, #2733, .T. ) ;
#3964 = VECTOR ( 'NONE', #4046, 1000.000000000000114 ) ;
#3965 = AXIS2_PLACEMENT_3D ( 'NONE', #3583, #1865, #276 ) ;
#3966 = CARTESIAN_POINT ( 'NONE',  ( 3.650000000000416911, 11.23500000000000121, -5.080000000000000959 ) ) ;
#3967 = EDGE_CURVE ( 'NONE', #1480, #1217, #3130, .T. ) ;
#3968 = CARTESIAN_POINT ( 'NONE',  ( 5.750000000000000000, 12.64656426582508075, -6.794246796769121133 ) ) ;
#3969 = ADVANCED_FACE ( 'NONE', ( #1110 ), #1103, .T. ) ;
#3970 = CIRCLE ( 'NONE', #805, 1.760296020627533320 ) ;
#3971 = VERTEX_POINT ( 'NONE', #3520 ) ;
#3972 = CARTESIAN_POINT ( 'NONE',  ( 5.749999999996039612, 12.66532890578434234, 3.369219543454170740 ) ) ;
#3973 = AXIS2_PLACEMENT_3D ( 'NONE', #958, #983, #3089 ) ;
#3974 = DIRECTION ( 'NONE',  ( -1.171453342316279939E-15, -1.000000000000000000, 0.0000000000000000000 ) ) ;
#3975 = ORIENTED_EDGE ( 'NONE', *, *, #2304, .F. ) ;
#3976 = CARTESIAN_POINT ( 'NONE',  ( 5.749999999999304556, 12.67827681032246545, 6.784820330738464911 ) ) ;
#3977 = CARTESIAN_POINT ( 'NONE',  ( 8.557209438086390563, 6.599999999999999645, 7.000000000000000000 ) ) ;
#3978 = ORIENTED_EDGE ( 'NONE', *, *, #57, .F. ) ;
#3979 = CARTESIAN_POINT ( 'NONE',  ( 5.349999999999980105, 11.45812853178540713, 1.607708950454020642E-61 ) ) ;
#3980 = CARTESIAN_POINT ( 'NONE',  ( 3.595871267840946572, 12.69953703111901611, -5.080000000000000959 ) ) ;
#3981 = CARTESIAN_POINT ( 'NONE',  ( 5.349999999999982769, 12.64656426582178206, 0.0000000000000000000 ) ) ;
#3982 = CARTESIAN_POINT ( 'NONE',  ( 4.500000000000000000, -3.700000000000009948, 0.08000000000000019595 ) ) ;
#3983 = ORIENTED_EDGE ( 'NONE', *, *, #2758, .T. ) ;
#3984 = APPROVAL_DATE_TIME ( #2557, #2594 ) ;
#3985 = AXIS2_PLACEMENT_3D ( 'NONE', #2268, #4188, #354 ) ;
#3986 = CARTESIAN_POINT ( 'NONE',  ( 5.300000000000014921, -4.770489558936219510E-15, -0.5041960109771781440 ) ) ;
#3987 = ORIENTED_EDGE ( 'NONE', *, *, #3361, .T. ) ;
#3988 = CARTESIAN_POINT ( 'NONE',  ( 5.750000000000000888, 11.93499999999675154, 1.799211327335742849 ) ) ;
#3989 = AXIS2_PLACEMENT_3D ( 'NONE', #410, #72, #3821 ) ;
#3990 = ADVANCED_FACE ( 'NONE', ( #92 ), #792, .F. ) ;
#3991 = ORIENTED_EDGE ( 'NONE', *, *, #2487, .T. ) ;
#3992 = AXIS2_PLACEMENT_3D ( 'NONE', #3240, #2584, #3946 ) ;
#3993 = ORIENTED_EDGE ( 'NONE', *, *, #4370, .F. ) ;
#3994 = DIRECTION ( 'NONE',  ( 0.0000000000000000000, -0.0000000000000000000, -1.000000000000000000 ) ) ;
#3995 = CARTESIAN_POINT ( 'NONE',  ( 4.499999999999990230, -0.05000000078161515038, 0.5000000000000899281 ) ) ;
#3996 = AXIS2_PLACEMENT_3D ( 'NONE', #673, #2748, #1681 ) ;
#3997 = EDGE_CURVE ( 'NONE', #3490, #87, #1544, .T. ) ;
#3998 = ORIENTED_EDGE ( 'NONE', *, *, #1817, .T. ) ;
#3999 = LOCAL_TIME ( 21, 41, 59.00000000000000000, #2365 ) ;
#4000 = DIRECTION ( 'NONE',  ( -1.000000000000000000, 9.130123557772668088E-16, 0.0000000000000000000 ) ) ;
#4001 = DIRECTION ( 'NONE',  ( 1.224646799147353207E-16, -1.434616586018100824E-31, -1.000000000000000000 ) ) ;
#4002 = CARTESIAN_POINT ( 'NONE',  ( 3.589703979381174914, 12.64656426582076776, -5.938612053078013986 ) ) ;
#4003 = LINE ( 'NONE', #3348, #3674 ) ;
#4004 = APPROVAL_STATUS ( 'not_yet_approved' ) ;
#4005 = ORIENTED_EDGE ( 'NONE', *, *, #3416, .T. ) ;
#4006 = CARTESIAN_POINT ( 'NONE',  ( 4.950000000000072120, 12.72947253920386856, -1.647765679071868439 ) ) ;
#4007 = CARTESIAN_POINT ( 'NONE',  ( 0.0000000000000000000, 0.0000000000000000000, 7.620000000000000107 ) ) ;
#4008 = B_SPLINE_CURVE_WITH_KNOTS ( 'NONE', 3,
 ( #558, #1200, #2230, #3647, #3597, #535, #1885, #1554, #1933, #212, #2926, #4301, #1222, #916, #275, #602 ),
 .UNSPECIFIED., .F., .F.,
 ( 4, 3, 3, 3, 3, 4 ),
 ( 0.0000000000000000000, 3.531517381903902648E-05, 7.066450544071270728E-05, 0.0001054618491224982110, 0.0001392987215212463075, 0.0001469974402480886649 ),
 .UNSPECIFIED. ) ;
#4009 = CARTESIAN_POINT ( 'NONE',  ( 7.931257721594904275, 12.73499999999999588, -3.939228291230377099 ) ) ;
#4010 = ORIENTED_EDGE ( 'NONE', *, *, #24, .T. ) ;
#4011 = CARTESIAN_POINT ( 'NONE',  ( 3.595871266169321956, 12.69953703112280330, 0.8556038592185818414 ) ) ;
#4012 = DIRECTION ( 'NONE',  ( -0.8164965809277258124, 0.4082482904638637389, 0.4082482904638625176 ) ) ;
#4013 = EDGE_LOOP ( 'NONE', ( #2364, #988, #4290, #4388, #2976, #1876, #2423, #1025 ) ) ;
#4014 = EDGE_LOOP ( 'NONE', ( #2045, #1548, #1392, #1569 ) ) ;
#4015 = DIRECTION ( 'NONE',  ( -0.0000000000000000000, -1.000000000000000000, 0.0000000000000000000 ) ) ;
#4016 = EDGE_CURVE ( 'NONE', #2868, #4443, #4211, .T. ) ;
#4017 = CARTESIAN_POINT ( 'NONE',  ( 3.635702501172414891, 12.73500000000000476, 5.079999996641558546 ) ) ;
#4018 = ORIENTED_EDGE ( 'NONE', *, *, #3416, .F. ) ;
#4019 = DIRECTION ( 'NONE',  ( -1.734723475976807410E-14, -8.876905287225069131E-15, 1.000000000000000000 ) ) ;
#4020 = CARTESIAN_POINT ( 'NONE',  ( 5.499999999999589662, -0.05000000078158019917, 4.279999999999960281 ) ) ;
#4021 = EDGE_CURVE ( 'NONE', #430, #3459, #3203, .T. ) ;
#4022 = ADVANCED_FACE ( 'NONE', ( #855 ), #2235, .T. ) ;
#4023 = DIRECTION ( 'NONE',  ( 1.000000000000000000, -9.411788633734763438E-16, 0.0000000000000000000 ) ) ;
#4024 = DIRECTION ( 'NONE',  ( 0.0000000000000000000, 0.0000000000000000000, 1.000000000000000000 ) ) ;
#4025 = APPROVAL_DATE_TIME ( #4382, #1999 ) ;
#4026 = VERTEX_POINT ( 'NONE', #360 ) ;
#4027 = LINE ( 'NONE', #3694, #1656 ) ;
#4028 =( BOUNDED_CURVE ( )  B_SPLINE_CURVE ( 3, ( #888, #2592, #3659, #2249 ),
 .UNSPECIFIED., .F., .T. ) 
 B_SPLINE_CURVE_WITH_KNOTS ( ( 4, 4 ),
 ( 0.0000000000000000000, 1.000000000000000000 ),
 .UNSPECIFIED. ) 
 CURVE ( )  GEOMETRIC_REPRESENTATION_ITEM ( )  RATIONAL_B_SPLINE_CURVE ( ( 1.000000000000000000, 0.8584414868985700275, 0.8584414868985700275, 1.000000000000000000 ) ) 
 REPRESENTATION_ITEM ( '' )  );
#4029 = CARTESIAN_POINT ( 'NONE',  ( 5.722352193218312344, 12.64656426582414817, -6.800463868963991132 ) ) ;
#4030 = CARTESIAN_POINT ( 'NONE',  ( 4.500000000000000888, 0.0000000000000000000, 7.620000000000000107 ) ) ;
#4031 = VERTEX_POINT ( 'NONE', #3403 ) ;
#4032 = CARTESIAN_POINT ( 'NONE',  ( 5.299999999999994493, -4.770489558936219510E-15, -4.575803989022730001 ) ) ;
#4033 = VECTOR ( 'NONE', #1264, 1000.000000000000000 ) ;
#4034 = DIRECTION ( 'NONE',  ( 1.000000000000000000, 0.0000000000000000000, 0.0000000000000000000 ) ) ;
#4035 = CARTESIAN_POINT ( 'NONE',  ( 5.299999999999990052, 4.784159143999949571, 1.000000000000210054 ) ) ;
#4036 = ORIENTED_EDGE ( 'NONE', *, *, #4442, .F. ) ;
#4037 = AXIS2_PLACEMENT_3D ( 'NONE', #1021, #3407, #1412 ) ;
#4038 = FACE_OUTER_BOUND ( 'NONE', #1635, .T. ) ;
#4039 = AXIS2_PLACEMENT_3D ( 'NONE', #4102, #1641, #271 ) ;
#4040 = CARTESIAN_POINT ( 'NONE',  ( 3.595871267845516250, 12.69953703112280508, 5.079999996563527631 ) ) ;
#4041 = AXIS2_PLACEMENT_3D ( 'NONE', #2820, #2409, #3100 ) ;
#4042 = ORIENTED_EDGE ( 'NONE', *, *, #856, .F. ) ;
#4043 = FACE_OUTER_BOUND ( 'NONE', #4014, .T. ) ;
#4044 = DIRECTION ( 'NONE',  ( -1.000000000000000000, 1.171453342316279939E-15, 0.0000000000000000000 ) ) ;
#4045 = VECTOR ( 'NONE', #2540, 1000.000000000000114 ) ;
#4046 = DIRECTION ( 'NONE',  ( -0.8164965809277258124, 0.4082482904638639054, 0.4082482904638624621 ) ) ;
#4047 = EDGE_CURVE ( 'NONE', #1366, #1638, #2438, .T. ) ;
#4048 = DIRECTION ( 'NONE',  ( 0.0000000000000000000, 0.0000000000000000000, 1.000000000000000000 ) ) ;
#4049 = EDGE_LOOP ( 'NONE', ( #1669, #3790, #1998, #1884, #950, #2884, #1166, #3104, #3840, #2146, #3528, #70, #4120, #3207, #3958, #1432, #2786, #1741, #1774 ) ) ;
#4050 = VERTEX_POINT ( 'NONE', #3794 ) ;
#4051 = CARTESIAN_POINT ( 'NONE',  ( 4.949999999999999289, 11.93500000000000050, 1.959999999999999964 ) ) ;
#4052 = FACE_BOUND ( 'NONE', #576, .T. ) ;
#4053 = EDGE_CURVE ( 'NONE', #2112, #4050, #2857, .T. ) ;
#4054 = CARTESIAN_POINT ( 'NONE',  ( 0.0000000000000000000, 10.00000000000000000, 7.620000000000000107 ) ) ;
#4055 = CARTESIAN_POINT ( 'NONE',  ( 4.950000000000678746, 12.72910876695780402, -3.433096816280103436 ) ) ;
#4056 = ORIENTED_EDGE ( 'NONE', *, *, #3110, .T. ) ;
#4057 = FACE_OUTER_BOUND ( 'NONE', #1336, .T. ) ;
#4058 = LINE ( 'NONE', #2100, #3923 ) ;
#4059 = B_SPLINE_CURVE_WITH_KNOTS ( 'NONE', 3,
 ( #2466, #3839, #748, #478 ),
 .UNSPECIFIED., .F., .F.,
 ( 4, 4 ),
 ( 3.411991864460203891E-15, 0.0007166189195539847444 ),
 .UNSPECIFIED. ) ;
#4060 = DIRECTION ( 'NONE',  ( -1.794541526872530066E-14, 0.0000000000000000000, 1.000000000000000000 ) ) ;
#4061 = AXIS2_PLACEMENT_3D ( 'NONE', #66, #643, #4359 ) ;
#4062 =( BOUNDED_SURFACE ( )  B_SPLINE_SURFACE ( 3, 3, ( 
 ( #3739, #1378, #2030, #631 ),
 ( #3078, #2387, #3398, #2749 ),
 ( #4366, #2728, #924, #3356 ),
 ( #265, #2006, #242, #4095 ) ),
 .UNSPECIFIED., .F., .F., .F. ) 
 B_SPLINE_SURFACE_WITH_KNOTS ( ( 4, 4 ),
 ( 4, 4 ),
 ( 0.0000000000000000000, 1.000000000000000000 ),
 ( 0.0000000000000000000, 1.000000000000000000 ),
 .UNSPECIFIED. ) 
 GEOMETRIC_REPRESENTATION_ITEM ( )  RATIONAL_B_SPLINE_SURFACE ( (
 ( 1.000000000000000000, 0.3333333333333332038, 0.3333333333333332038, 1.000000000000000000),
 ( 0.9988808742757321335, 0.3329602914252439150, 0.3329602914252439150, 0.9988808742757321335),
 ( 0.9988808742757321335, 0.3329602914252439150, 0.3329602914252439150, 0.9988808742757321335),
 ( 1.000000000000000000, 0.3333333333333332038, 0.3333333333333332038, 1.000000000000000000) ) ) 
 REPRESENTATION_ITEM ( '' )  SURFACE ( )  );
#4063 = DIRECTION ( 'NONE',  ( 1.000000000000000000, -3.338853781347929776E-28, 1.794541526872530066E-14 ) ) ;
#4064 = VECTOR ( 'NONE', #2696, 1000.000000000000114 ) ;
#4065 = CARTESIAN_POINT ( 'NONE',  ( 5.712622210151658386, 12.73499999999999766, 3.404493793745397401 ) ) ;
#4066 = CARTESIAN_POINT ( 'NONE',  ( 5.750000000000000888, 11.93499999999674976, 6.879211327335743142 ) ) ;
#4067 = CARTESIAN_POINT ( 'NONE',  ( 8.289638583737172439, 13.74631306408208964, -7.620000000000000107 ) ) ;
#4068 = VECTOR ( 'NONE', #3544, 1000.000000000000114 ) ;
#4069 = ORIENTED_EDGE ( 'NONE', *, *, #1579, .F. ) ;
#4070 = CARTESIAN_POINT ( 'NONE',  ( 5.299999999999990052, -0.05000000078162009781, 5.880000000000136673 ) ) ;
#4071 = AXIS2_PLACEMENT_3D ( 'NONE', #2332, #1313, #1657 ) ;
#4072 = APPROVAL_PERSON_ORGANIZATION ( #2000, #3266, #3758 ) ;
#4073 = VERTEX_POINT ( 'NONE', #3083 ) ;
#4074 = ORIENTED_EDGE ( 'NONE', *, *, #2654, .F. ) ;
#4075 = PERSON_AND_ORGANIZATION ( #3568, #4291 ) ;
#4076 = EDGE_CURVE ( 'NONE', #1347, #1070, #1711, .T. ) ;
#4077 = ORIENTED_EDGE ( 'NONE', *, *, #2188, .T. ) ;
#4078 = DIRECTION ( 'NONE',  ( -0.0000000000000000000, -1.000000000000000000, -1.889646980599319876E-14 ) ) ;
#4079 = LINE ( 'NONE', #1965, #3317 ) ;
#4080 = PLANE ( 'NONE',  #3930 ) ;
#4081 = LINE ( 'NONE', #994, #3488 ) ;
#4082 = ADVANCED_FACE ( 'NONE', ( #1387 ), #1565, .T. ) ;
#4083 = CARTESIAN_POINT ( 'NONE',  ( 5.350000000000000533, 13.99999999999999822, 0.0000000000000000000 ) ) ;
#4084 = CARTESIAN_POINT ( 'NONE',  ( 5.721047637985604339, 12.69953703112068943, 3.365563865486939310 ) ) ;
#4085 = CARTESIAN_POINT ( 'NONE',  ( 5.750000000000001776, 12.40938025448233262, 6.822602432482168133 ) ) ;
#4086 = CARTESIAN_POINT ( 'NONE',  ( 5.299999999999999822, -3.700000000000009948, -0.3000000000000019873 ) ) ;
#4087 = CARTESIAN_POINT ( 'NONE',  ( 5.749999999995260680, 12.69570467254462010, -1.694697213584748452 ) ) ;
#4088 = ORIENTED_EDGE ( 'NONE', *, *, #2630, .T. ) ;
#4089 = LINE ( 'NONE', #3006, #4064 ) ;
#4090 = ORIENTED_EDGE ( 'NONE', *, *, #3169, .F. ) ;
#4091 = VERTEX_POINT ( 'NONE', #1040 ) ;
#4092 = CARTESIAN_POINT ( 'NONE',  ( 3.449999999999991296, 11.43500000000000227, -5.080000000000000071 ) ) ;
#4093 = ORIENTED_EDGE ( 'NONE', *, *, #3482, .T. ) ;
#4094 = EDGE_CURVE ( 'NONE', #1160, #3517, #2079, .T. ) ;
#4095 = CARTESIAN_POINT ( 'NONE',  ( 7.249999999999991118, 11.43499999999999694, 5.079999999999999183 ) ) ;
#4096 = ORIENTED_EDGE ( 'NONE', *, *, #437, .T. ) ;
#4097 = PLANE ( 'NONE',  #1485 ) ;
#4098 = CARTESIAN_POINT ( 'NONE',  ( 1.199999999999999956, 6.599999999999999645, -7.620000000000000107 ) ) ;
#4099 = CARTESIAN_POINT ( 'NONE',  ( 0.8320428331024306567, 2.168404344971008868E-16, 7.000000000000000888 ) ) ;
#4100 = EDGE_CURVE ( 'NONE', #367, #3708, #246, .T. ) ;
#4101 = CARTESIAN_POINT ( 'NONE',  ( 7.931257721594906052, 12.73499999999999588, 1.140771708769624082 ) ) ;
#4102 = CARTESIAN_POINT ( 'NONE',  ( 5.349999999999980993, 11.93499999999403727, 5.080000000000000071 ) ) ;
#4103 = ADVANCED_FACE ( 'NONE', ( #2374 ), #4123, .T. ) ;
#4104 = CARTESIAN_POINT ( 'NONE',  ( 5.749999999999304556, 12.68816249061487511, -3.380054170591053175 ) ) ;
#4105 = AXIS2_PLACEMENT_3D ( 'NONE', #255, #3730, #642 ) ;
#4106 = CARTESIAN_POINT ( 'NONE',  ( 4.950000000002678924, 12.71935702003381863, 6.748631667042422677 ) ) ;
#4107 = EDGE_CURVE ( 'NONE', #921, #1808, #4134, .T. ) ;
#4108 = ORIENTED_EDGE ( 'NONE', *, *, #1112, .T. ) ;
#4109 = CARTESIAN_POINT ( 'NONE',  ( 4.949999999999991296, 12.73499999999999943, 1.612082860990528665 ) ) ;
#4110 = AXIS2_PLACEMENT_3D ( 'NONE', #2675, #1207, #2301 ) ;
#4111 = CARTESIAN_POINT ( 'NONE',  ( 7.248658176329016989, 11.45812853167897138, 1.282683647341942734 ) ) ;
#4112 = AXIS2_PLACEMENT_3D ( 'NONE', #3981, #561, #1934 ) ;
#4113 = DIRECTION ( 'NONE',  ( 0.0000000000000000000, 1.000000000000000000, 1.889646980599319876E-14 ) ) ;
#4114 = ORIENTED_EDGE ( 'NONE', *, *, #2463, .F. ) ;
#4115 = ORIENTED_EDGE ( 'NONE', *, *, #1963, .F. ) ;
#4116 = VECTOR ( 'NONE', #2716, 1000.000000000000000 ) ;
#4117 = CARTESIAN_POINT ( 'NONE',  ( 4.949999999999999289, 12.64656426582933335, 6.794246796768621088 ) ) ;
#4118 = CARTESIAN_POINT ( 'NONE',  ( 5.299999999999999822, -3.700000000000009948, -5.379999999999999893 ) ) ;
#4119 = CARTESIAN_POINT ( 'NONE',  ( 2.033826859021839795, 6.599999999999999645, -8.025000000000080291 ) ) ;
#4120 = ORIENTED_EDGE ( 'NONE', *, *, #937, .F. ) ;
#4121 = CARTESIAN_POINT ( 'NONE',  ( 3.375000000000000000, 10.44999999999999929, 2.418677428316022036E-16 ) ) ;
#4122 = LINE ( 'NONE', #3430, #1115 ) ;
#4123 = PLANE ( 'NONE',  #394 ) ;
#4124 = DIRECTION ( 'NONE',  ( -1.084202172485509956E-15, -1.000000000000000000, 0.0000000000000000000 ) ) ;
#4125 = VECTOR ( 'NONE', #248, 1000.000000000000000 ) ;
#4126 = ADVANCED_FACE ( 'NONE', ( #2393 ), #4432, .F. ) ;
#4127 = DIRECTION ( 'NONE',  ( -1.794541526872530066E-14, 0.0000000000000000000, 1.000000000000000000 ) ) ;
#4128 = VECTOR ( 'NONE', #4376, 1000.000000000000000 ) ;
#4129 = ORIENTED_EDGE ( 'NONE', *, *, #2968, .F. ) ;
#4130 = CARTESIAN_POINT ( 'NONE',  ( 3.689033065960700242, 12.73500000000000298, 0.8101627271648457196 ) ) ;
#4131 = ORIENTED_EDGE ( 'NONE', *, *, #4180, .T. ) ;
#4132 = LINE ( 'NONE', #3511, #2550 ) ;
#4133 = EDGE_CURVE ( 'NONE', #1053, #2234, #21, .T. ) ;
#4134 = CIRCLE ( 'NONE', #1046, 1.974999999999999423 ) ;
#4135 = ORIENTED_EDGE ( 'NONE', *, *, #2729, .T. ) ;
#4136 = AXIS2_PLACEMENT_3D ( 'NONE', #264, #3762, #944 ) ;
#4137 = CARTESIAN_POINT ( 'NONE',  ( 3.449999999999989964, 11.43500000000000227, 3.799999999999999378 ) ) ;
#4138 = LINE ( 'NONE', #1721, #2321 ) ;
#4139 = APPROVAL_PERSON_ORGANIZATION ( #3326, #814, #2306 ) ;
#4140 = CARTESIAN_POINT ( 'NONE',  ( 4.500000000000000000, -2.700000000000009948, -0.5000000000000008882 ) ) ;
#4141 = CARTESIAN_POINT ( 'NONE',  ( 9.449999999999999289, 10.00000000000000000, -7.620000000000000107 ) ) ;
#4142 = VERTEX_POINT ( 'NONE', #3769 ) ;
#4143 = DATE_AND_TIME ( #1080, #3058 ) ;
#4144 = ORIENTED_EDGE ( 'NONE', *, *, #3075, .T. ) ;
#4145 = DIRECTION ( 'NONE',  ( -0.1156426583973926697, -0.9932908816448401401, 1.416214114512545531E-17 ) ) ;
#4146 = CARTESIAN_POINT ( 'NONE',  ( 4.949999999999991296, 12.73499999999999943, -3.467917139009471406 ) ) ;
#4147 = EDGE_LOOP ( 'NONE', ( #1504, #4005, #3572, #2459 ) ) ;
#4148 = DIRECTION ( 'NONE',  ( 0.0000000000000000000, -0.1961161351381840445, 0.9805806756909202226 ) ) ;
#4149 = LINE ( 'NONE', #1757, #157 ) ;
#4150 = CARTESIAN_POINT ( 'NONE',  ( 10.25000000000000000, 0.0000000000000000000, 7.620000000000000107 ) ) ;
#4151 = ORIENTED_EDGE ( 'NONE', *, *, #3029, .F. ) ;
#4152 = EDGE_CURVE ( 'NONE', #3142, #430, #2480, .T. ) ;
#4153 = CARTESIAN_POINT ( 'NONE',  ( 3.689033065990946714, 12.73500000000000121, 0.7947222752778299038 ) ) ;
#4154 = VERTEX_POINT ( 'NONE', #338 ) ;
#4155 = CARTESIAN_POINT ( 'NONE',  ( 3.450447775674257755, 11.45044927442903138, 5.080000000000001847 ) ) ;
#4156 = EDGE_CURVE ( 'NONE', #1808, #921, #3707, .T. ) ;
#4157 = CARTESIAN_POINT ( 'NONE',  ( 5.749999999999321432, 12.73298944267163080, -6.715789504932165421 ) ) ;
#4158 = EDGE_CURVE ( 'NONE', #2248, #3578, #1113, .T. ) ;
#4159 = CARTESIAN_POINT ( 'NONE',  ( 4.158098635934758924, 12.73500000000000476, -1.489085828626662833 ) ) ;
#4160 = CALENDAR_DATE ( 2019, 21, 10 ) ;
#4161 = DIRECTION ( 'NONE',  ( 0.7071067811865470176, 0.7071067811865480168, 0.0000000000000000000 ) ) ;
#4162 = ORIENTED_EDGE ( 'NONE', *, *, #4133, .T. ) ;
#4163 = DIRECTION ( 'NONE',  ( -1.000000000000000000, 0.0000000000000000000, 0.0000000000000000000 ) ) ;
#4164 = CARTESIAN_POINT ( 'NONE',  ( 4.949999999999991296, 12.73499999999999943, 3.467917139009471406 ) ) ;
#4165 = LINE ( 'NONE', #3116, #2328 ) ;
#4166 = ORIENTED_EDGE ( 'NONE', *, *, #3967, .F. ) ;
#4167 = VECTOR ( 'NONE', #4380, 1000.000000000000114 ) ;
#4168 = APPROVAL ( #2189, 'UNSPECIFIED' ) ;
#4169 = VERTEX_POINT ( 'NONE', #812 ) ;
#4170 =( BOUNDED_SURFACE ( )  B_SPLINE_SURFACE ( 3, 3, ( 
 ( #2913, #2588, #860, #568 ),
 ( #2266, #2240, #524, #548 ),
 ( #1923, #3290, #1408, #4392 ),
 ( #2035, #976, #3377, #1944 ) ),
 .UNSPECIFIED., .F., .F., .F. ) 
 B_SPLINE_SURFACE_WITH_KNOTS ( ( 4, 4 ),
 ( 4, 4 ),
 ( 0.0000000000000000000, 1.000000000000000000 ),
 ( 0.0000000000000000000, 1.000000000000000000 ),
 .UNSPECIFIED. ) 
 GEOMETRIC_REPRESENTATION_ITEM ( )  RATIONAL_B_SPLINE_SURFACE ( (
 ( 1.000000000000000000, 0.3333333333333334259, 0.3333333333333334259, 1.000000000000000000),
 ( 0.8047378541240022276, 0.2682459513746675017, 0.2682459513746675017, 0.8047378541240022276),
 ( 0.8047378541240022276, 0.2682459513746675017, 0.2682459513746675017, 0.8047378541240022276),
 ( 1.000000000000000000, 0.3333333333333334259, 0.3333333333333334259, 1.000000000000000000) ) ) 
 REPRESENTATION_ITEM ( '' )  SURFACE ( )  );
#4171 = CARTESIAN_POINT ( 'NONE',  ( 6.521332732297200785, 12.73499999999999943, 6.500694998502299704 ) ) ;
#4172 = DIRECTION ( 'NONE',  ( -1.000000000000000000, 9.136576017758483468E-16, 0.0000000000000000000 ) ) ;
#4173 = VECTOR ( 'NONE', #1325, 1000.000000000000000 ) ;
#4174 = FACE_OUTER_BOUND ( 'NONE', #3569, .T. ) ;
#4175 = CONICAL_SURFACE ( 'NONE', #2250, 1.898658176322939983, 0.1159019745381328903 ) ;
#4176 = ORIENTED_EDGE ( 'NONE', *, *, #4180, .F. ) ;
#4177 = ORIENTED_EDGE ( 'NONE', *, *, #243, .F. ) ;
#4178 = CARTESIAN_POINT ( 'NONE',  ( 3.650000000000295231, 11.23500000000000121, 0.0000000000000000000 ) ) ;
#4179 = VECTOR ( 'NONE', #2940, 1000.000000000000000 ) ;
#4180 = EDGE_CURVE ( 'NONE', #3095, #1330, #3202, .T. ) ;
#4181 = CARTESIAN_POINT ( 'NONE',  ( 4.965164424293943668, 12.69953703111901255, -1.711393931465484464 ) ) ;
#4182 = VERTEX_POINT ( 'NONE', #1756 ) ;
#4183 = EDGE_CURVE ( 'NONE', #3660, #2798, #3855, .T. ) ;
#4184 = AXIS2_PLACEMENT_3D ( 'NONE', #2614, #536, #4337 ) ;
#4185 = APPROVAL_STATUS ( 'not_yet_approved' ) ;
#4186 = DIRECTION ( 'NONE',  ( -0.0000000000000000000, -0.0000000000000000000, 1.000000000000000000 ) ) ;
#4187 = ORIENTED_EDGE ( 'NONE', *, *, #1420, .F. ) ;
#4188 = DIRECTION ( 'NONE',  ( 0.0000000000000000000, -1.000000000000000000, 0.0000000000000000000 ) ) ;
#4189 = CARTESIAN_POINT ( 'NONE',  ( 7.249999999999990230, 11.44273112629124611, -5.080000000000002736 ) ) ;
#4190 = CARTESIAN_POINT ( 'NONE',  ( 5.349999999999999645, 11.23499999999999943, 0.0000000000000000000 ) ) ;
#4191 = ADVANCED_FACE ( 'NONE', ( #2856 ), #1799, .F. ) ;
#4192 = PLANE ( 'NONE',  #3055 ) ;
#4193 = CARTESIAN_POINT ( 'NONE',  ( 7.993234973611840211, 13.69999999999999929, 7.620000000000000107 ) ) ;
#4194 = DIRECTION ( 'NONE',  ( -1.931148907734990011E-16, 2.262250842476587301E-31, -1.000000000000000000 ) ) ;
#4195 = ORIENTED_EDGE ( 'NONE', *, *, #217, .F. ) ;
#4196 = CARTESIAN_POINT ( 'NONE',  ( 4.499999999999988454, 4.784159143999949571, 5.580000000000061355 ) ) ;
#4197 = VERTEX_POINT ( 'NONE', #4243 ) ;
#4198 = CARTESIAN_POINT ( 'NONE',  ( 7.010966932452110889, 12.73499999999999766, 5.080000000000000071 ) ) ;
#4199 = CARTESIAN_POINT ( 'NONE',  ( 3.532842712474771218, 11.23499999999982357, 5.080000000000000959 ) ) ;
#4200 = VERTEX_POINT ( 'NONE', #121 ) ;
#4201 = DIRECTION ( 'NONE',  ( 0.1543768802736096291, -0.9880120337511013595, 0.0000000000000000000 ) ) ;
#4202 = CARTESIAN_POINT ( 'NONE',  ( 4.950000000000155609, 12.71295948527728292, -6.757530025091522674 ) ) ;
#4203 = AXIS2_PLACEMENT_3D ( 'NONE', #974, #356, #2033 ) ;
#4204 =( BOUNDED_CURVE ( )  B_SPLINE_CURVE ( 3, ( #1196, #1930, #3255, #2571 ),
 .UNSPECIFIED., .F., .T. ) 
 B_SPLINE_CURVE_WITH_KNOTS ( ( 4, 4 ),
 ( 0.0000000000000000000, 1.000000000000000000 ),
 .UNSPECIFIED. ) 
 CURVE ( )  GEOMETRIC_REPRESENTATION_ITEM ( )  RATIONAL_B_SPLINE_CURVE ( ( 1.000000000000000000, 0.3333333333333335369, 0.3333333333333335369, 1.000000000000000000 ) ) 
 REPRESENTATION_ITEM ( '' )  );
#4205 = EDGE_LOOP ( 'NONE', ( #3192, #1805, #3655, #3820, #2378, #3274, #4335, #3731 ) ) ;
#4206 = CARTESIAN_POINT ( 'NONE',  ( 3.449999999999989075, 11.31784271247448181, 3.800000000000001155 ) ) ;
#4207 = VECTOR ( 'NONE', #2986, 1000.000000000000000 ) ;
#4208 = PERSON ( 'NAUO-PER4', 'UNSPECIFIED', 'UNSPECIFIED', ('UNSPECIFIED'), ('UNSPECIFIED'), ('UNSPECIFIED') ) ;
#4209 = CARTESIAN_POINT ( 'NONE',  ( 4.949999999999991296, 12.73499999999999943, 1.612082860990528665 ) ) ;
#4210 = ORIENTED_EDGE ( 'NONE', *, *, #2348, .F. ) ;
#4211 = CIRCLE ( 'NONE', #1556, 0.2999999999999999334 ) ;
#4212 = PERSON_AND_ORGANIZATION_ROLE ( 'design_supplier' ) ;
#4213 = CARTESIAN_POINT ( 'NONE',  ( 3.689038437082761579, 12.73500000000000121, 5.079999993485741605 ) ) ;
#4214 = EDGE_CURVE ( 'NONE', #3971, #3721, #3861, .T. ) ;
#4215 = ORIENTED_EDGE ( 'NONE', *, *, #2708, .T. ) ;
#4216 = DIRECTION ( 'NONE',  ( -3.334909476821824268E-28, -1.000000000000000000, -5.984633544517506745E-42 ) ) ;
#4217 = SECURITY_CLASSIFICATION ( '', '', #2287 ) ;
#4218 = DIRECTION ( 'NONE',  ( -1.000000000000000000, 3.334909476821824268E-28, -1.794541526872530066E-14 ) ) ;
#4219 = EDGE_CURVE ( 'NONE', #3519, #946, #405, .T. ) ;
#4220 = VERTEX_POINT ( 'NONE', #2151 ) ;
#4221 = EDGE_CURVE ( 'NONE', #827, #1566, #2020, .T. ) ;
#4222 = LINE ( 'NONE', #3158, #83 ) ;
#4223 = ORIENTED_EDGE ( 'NONE', *, *, #1790, .F. ) ;
#4224 = ORIENTED_EDGE ( 'NONE', *, *, #1111, .F. ) ;
#4225 = DIRECTION ( 'NONE',  ( 1.000000000000000000, 0.0000000000000000000, 1.794541526872530066E-14 ) ) ;
#4226 = EDGE_LOOP ( 'NONE', ( #2645, #1067, #3147, #3998 ) ) ;
#4227 = CARTESIAN_POINT ( 'NONE',  ( 5.299999999999999822, -5.750000000781589904, 4.580000000000019611 ) ) ;
#4228 = CARTESIAN_POINT ( 'NONE',  ( 4.499999999999800160, 0.0000000000000000000, -5.584196010977182212 ) ) ;
#4229 = DIRECTION ( 'NONE',  ( 0.0000000000000000000, -0.0000000000000000000, -1.000000000000000000 ) ) ;
#4230 = ORIENTED_EDGE ( 'NONE', *, *, #4404, .T. ) ;
#4231 =( REPRESENTATION_RELATIONSHIP ('NONE','NONE', #3522, #2935 ) REPRESENTATION_RELATIONSHIP_WITH_TRANSFORMATION ( #158 )SHAPE_REPRESENTATION_RELATIONSHIP( ) );
#4232 = ORIENTED_EDGE ( 'NONE', *, *, #4107, .T. ) ;
#4233 = CARTESIAN_POINT ( 'NONE',  ( 5.350000000000000533, 13.99999999999999822, -5.080000000000000071 ) ) ;
#4234 = FACE_BOUND ( 'NONE', #534, .T. ) ;
#4235 = CARTESIAN_POINT ( 'NONE',  ( 1.810000000000000053, 6.599999999999999645, 7.620000000000000107 ) ) ;
#4236 = ORIENTED_EDGE ( 'NONE', *, *, #1306, .T. ) ;
#4237 = APPROVAL ( #2531, 'UNSPECIFIED' ) ;
#4238 = APPLICATION_PROTOCOL_DEFINITION ( 'international standard', 'config_control_design', 1994, #3046 ) ;
#4239 = CARTESIAN_POINT ( 'NONE',  ( 9.250000000000000000, 5.199999999999989519, 1.299999999999992939 ) ) ;
#4240 = ORIENTED_EDGE ( 'NONE', *, *, #918, .F. ) ;
#4241 = CARTESIAN_POINT ( 'NONE',  ( 5.300000000000001599, -3.700000000000010392, 5.379999999999999005 ) ) ;
#4242 = EDGE_CURVE ( 'NONE', #2961, #1679, #3481, .T. ) ;
#4243 = CARTESIAN_POINT ( 'NONE',  ( 5.299999999999994493, -2.700000000000005951, 5.580000000000048033 ) ) ;
#4244 = EDGE_CURVE ( 'NONE', #125, #1047, #2875, .T. ) ;
#4245 = CARTESIAN_POINT ( 'NONE',  ( 9.250000000000000000, 2.200000000000002842, 3.780000000000001137 ) ) ;
#4246 = ORIENTED_EDGE ( 'NONE', *, *, #4219, .F. ) ;
#4247 = EDGE_LOOP ( 'NONE', ( #915, #2840, #96, #5 ) ) ;
#4248 = CARTESIAN_POINT ( 'NONE',  ( 3.449999999999989964, 11.44273112629124967, 3.799999999999999378 ) ) ;
#4249 = DIRECTION ( 'NONE',  ( -1.000000000000000000, 1.171453342316279939E-15, 0.0000000000000000000 ) ) ;
#4250 = DIRECTION ( 'NONE',  ( 0.1156426583973908656, -0.9932908816448403622, -2.072924102819404399E-31 ) ) ;
#4251 = EDGE_CURVE ( 'NONE', #3054, #1347, #1188, .T. ) ;
#4252 = EDGE_LOOP ( 'NONE', ( #2919, #3000, #1396, #601 ) ) ;
#4253 = CARTESIAN_POINT ( 'NONE',  ( 5.749999999995260680, 12.68578847567073176, -6.780703200956242682 ) ) ;
#4254 = VECTOR ( 'NONE', #847, 1000.000000000000000 ) ;
#4255 = EDGE_LOOP ( 'NONE', ( #3625, #871, #3603, #2334 ) ) ;
#4256 = PERSON_AND_ORGANIZATION ( #2659, #2350 ) ;
#4257 = CARTESIAN_POINT ( 'NONE',  ( 7.249999999999991118, 11.44273112629124611, 2.326828918379971858E-16 ) ) ;
#4258 = ORIENTED_EDGE ( 'NONE', *, *, #3634, .F. ) ;
#4259 = CARTESIAN_POINT ( 'NONE',  ( 6.521332732297200785, 12.73499999999999766, -1.420694998502297857 ) ) ;
#4260 = AXIS2_PLACEMENT_3D ( 'NONE', #1274, #2390, #2713 ) ;
#4261 = CC_DESIGN_DATE_AND_TIME_ASSIGNMENT ( #199, #835, ( #4217 ) ) ;
#4262 = AXIS2_PLACEMENT_3D ( 'NONE', #1961, #987, #3077 ) ;
#4263 = DIRECTION ( 'NONE',  ( -1.794541526872530066E-14, 0.0000000000000000000, 1.000000000000000000 ) ) ;
#4264 = VECTOR ( 'NONE', #2133, 1000.000000000000000 ) ;
#4265 = CARTESIAN_POINT ( 'NONE',  ( 4.499999999999984901, -0.05000000078162009781, 5.880000000000122462 ) ) ;
#4266 = FACE_OUTER_BOUND ( 'NONE', #3338, .T. ) ;
#4267 = VERTEX_POINT ( 'NONE', #1431 ) ;
#4268 = CARTESIAN_POINT ( 'NONE',  ( 5.500000000000000000, -0.05000000078162009781, -4.279999999999859916 ) ) ;
#4269 = DIRECTION ( 'NONE',  ( 1.000000000000000000, -9.136576017787367610E-16, 0.0000000000000000000 ) ) ;
#4270 = VERTEX_POINT ( 'NONE', #4164 ) ;
#4271 = EDGE_CURVE ( 'NONE', #4182, #3714, #3637, .T. ) ;
#4272 = CARTESIAN_POINT ( 'NONE',  ( 9.421243556529820040, 6.599999999999980105, -8.089999999999999858 ) ) ;
#4273 = ORIENTED_EDGE ( 'NONE', *, *, #2128, .T. ) ;
#4274 = CARTESIAN_POINT ( 'NONE',  ( 5.749999999996039612, 12.65172273822158822, -6.793524937923978158 ) ) ;
#4275 = EDGE_CURVE ( 'NONE', #1221, #3905, #2566, .T. ) ;
#4276 = DIRECTION ( 'NONE',  ( -1.000000000000000000, 9.136576017758483468E-16, 0.0000000000000000000 ) ) ;
#4277 = CIRCLE ( 'NONE', #3048, 0.8000000000000003775 ) ;
#4278 = CARTESIAN_POINT ( 'NONE',  ( 7.249999999999993783, 11.31784271247447471, 8.880000000000004334 ) ) ;
#4279 = VECTOR ( 'NONE', #2646, 1000.000000000000000 ) ;
#4280 = APPROVAL_DATE_TIME ( #1542, #3910 ) ;
#4281 = CARTESIAN_POINT ( 'NONE',  ( 3.449999999999991296, 11.43500000000000050, -3.799999999999999378 ) ) ;
#4282 = ORIENTED_EDGE ( 'NONE', *, *, #2463, .T. ) ;
#4283 = DIRECTION ( 'NONE',  ( 1.000000000000000000, -3.338853781347929776E-28, 1.794541526872530066E-14 ) ) ;
#4284 = AXIS2_PLACEMENT_3D ( 'NONE', #1824, #793, #67 ) ;
#4285 = CARTESIAN_POINT ( 'NONE',  ( 8.085622008323127829, 12.64656426582414461, -6.288992099812091396 ) ) ;
#4286 = CARTESIAN_POINT ( 'NONE',  ( 4.949999999999999289, 12.17219196889117505, 1.770922332791136533 ) ) ;
#4287 = CARTESIAN_POINT ( 'NONE',  ( 4.949999999999999289, 12.73499999999999943, 3.463581513077962803 ) ) ;
#4288 = CYLINDRICAL_SURFACE ( 'NONE', #1649, 0.2999999999999999334 ) ;
#4289 = DIRECTION ( 'NONE',  ( -0.8660254037844388186, 0.0000000000000000000, -0.4999999999999996669 ) ) ;
#4290 = ORIENTED_EDGE ( 'NONE', *, *, #3926, .F. ) ;
#4291 = ORGANIZATION ( 'NAUO-ORG3', 'UNSPECIFIED', 'UNSPECIFIED' ) ;
#4292 = FACE_OUTER_BOUND ( 'NONE', #1853, .T. ) ;
#4293 = VERTEX_POINT ( 'NONE', #841 ) ;
#4294 = PLANE ( 'NONE',  #3253 ) ;
#4295 = CARTESIAN_POINT ( 'NONE',  ( 5.299999999999999822, -3.700000000000009948, 0.08000000000000019595 ) ) ;
#4296 = ORIENTED_EDGE ( 'NONE', *, *, #3784, .T. ) ;
#4297 = LINE ( 'NONE', #4315, #3685 ) ;
#4298 = DIRECTION ( 'NONE',  ( 0.0000000000000000000, 1.000000000000000000, 0.0000000000000000000 ) ) ;
#4299 = EDGE_CURVE ( 'NONE', #3485, #1584, #4059, .T. ) ;
#4300 = ORIENTED_EDGE ( 'NONE', *, *, #501, .T. ) ;
#4301 = CARTESIAN_POINT ( 'NONE',  ( 4.950000000003960565, 12.66532890578434589, 1.710780456545833106 ) ) ;
#4302 = CARTESIAN_POINT ( 'NONE',  ( 7.049999999999685407, 11.23499999999999588, 5.079999999999999183 ) ) ;
#4303 = ADVANCED_FACE ( 'NONE', ( #1849 ), #3909, .F. ) ;
#4304 = LINE ( 'NONE', #2618, #359 ) ;
#4305 = CALENDAR_DATE ( 2019, 21, 10 ) ;
#4306 = EDGE_CURVE ( 'NONE', #485, #3714, #3931, .T. ) ;
#4307 = ORIENTED_EDGE ( 'NONE', *, *, #2855, .F. ) ;
#4308 = CARTESIAN_POINT ( 'NONE',  ( 4.950000000000133404, 12.73420261174138268, -1.625065273783485420 ) ) ;
#4309 = CARTESIAN_POINT ( 'NONE',  ( 8.076037614647820106, 12.69953703112068411, -6.284756333247967675 ) ) ;
#4310 = DIRECTION ( 'NONE',  ( -1.000000000000000000, 1.171453342316279939E-15, 5.517568307814269711E-16 ) ) ;
#4311 = PLANE ( 'NONE',  #3985 ) ;
#4312 = EDGE_LOOP ( 'NONE', ( #4036, #1900, #3410, #165 ) ) ;
#4313 = CARTESIAN_POINT ( 'NONE',  ( 5.749999999999319655, 12.72910876695780402, 3.433096816280104324 ) ) ;
#4314 = DIRECTION ( 'NONE',  ( 0.0000000000000000000, 0.0000000000000000000, 1.000000000000000000 ) ) ;
#4315 = CARTESIAN_POINT ( 'NONE',  ( 1.199999999999999734, 6.799999999999999822, -7.620000000000000107 ) ) ;
#4316 = PLANE ( 'NONE',  #2955 ) ;
#4317 = ORIENTED_EDGE ( 'NONE', *, *, #1202, .T. ) ;
#4318 = CARTESIAN_POINT ( 'NONE',  ( 5.749999999997323030, 12.71935702003381508, -6.748631667042421789 ) ) ;
#4319 = CARTESIAN_POINT ( 'NONE',  ( 5.749999999999869438, 12.73420261174141821, 1.625065273783197872 ) ) ;
#4320 = LINE ( 'NONE', #3664, #4167 ) ;
#4321 = ORIENTED_EDGE ( 'NONE', *, *, #213, .F. ) ;
#4322 = DATE_AND_TIME ( #2598, #2285 ) ;
#4323 = ADVANCED_FACE ( 'NONE', ( #1455 ), #4192, .T. ) ;
#4324 = AXIS2_PLACEMENT_3D ( 'NONE', #1508, #395, #2142 ) ;
#4325 = VECTOR ( 'NONE', #1893, 1000.000000000000114 ) ;
#4326 = DIRECTION ( 'NONE',  ( -1.000000000000000000, 0.0000000000000000000, 0.0000000000000000000 ) ) ;
#4327 = CARTESIAN_POINT ( 'NONE',  ( 4.130405132454772144, 12.69953703112280330, 1.523684330108266982 ) ) ;
#4328 = ADVANCED_FACE ( 'NONE', ( #2911 ), #882, .T. ) ;
#4329 = CIRCLE ( 'NONE', #3391, 1.900000000000000133 ) ;
#4330 = ORIENTED_EDGE ( 'NONE', *, *, #4100, .T. ) ;
#4331 = EDGE_LOOP ( 'NONE', ( #746, #530, #2023 ) ) ;
#4332 = CIRCLE ( 'NONE', #1024, 1.974999999999999423 ) ;
#4333 = DIRECTION ( 'NONE',  ( 0.0000000000000000000, 1.000000000000000000, 0.0000000000000000000 ) ) ;
#4334 = CARTESIAN_POINT ( 'NONE',  ( 5.750000000000001776, 12.65751425528054419, -3.367062287735286041 ) ) ;
#4335 = ORIENTED_EDGE ( 'NONE', *, *, #2924, .T. ) ;
#4336 = LINE ( 'NONE', #154, #2410 ) ;
#4337 = DIRECTION ( 'NONE',  ( 1.000000000000000000, -9.854725885015578669E-16, 0.0000000000000000000 ) ) ;
#4338 = CARTESIAN_POINT ( 'NONE',  ( 10.25000000000000000, 6.799999999999999822, -7.620000000000000107 ) ) ;
#4339 = PERSON_AND_ORGANIZATION_ROLE ( 'classification_officer' ) ;
#4340 = B_SPLINE_CURVE_WITH_KNOTS ( 'NONE', 3,
 ( #2081, #3705, #2715, #999 ),
 .UNSPECIFIED., .F., .F.,
 ( 4, 4 ),
 ( 3.411991864460203497E-15, 0.0007166189195539830097 ),
 .UNSPECIFIED. ) ;
#4341 = CARTESIAN_POINT ( 'NONE',  ( 4.949999999999999289, 11.93500000000000050, 7.040000000000000036 ) ) ;
#4342 = VECTOR ( 'NONE', #3311, 1000.000000000000000 ) ;
#4343 = EDGE_CURVE ( 'NONE', #2031, #4154, #2971, .T. ) ;
#4344 = DIRECTION ( 'NONE',  ( -0.0000000000000000000, -0.9805806756909204447, 0.1961161351381830731 ) ) ;
#4345 = VERTEX_POINT ( 'NONE', #2263 ) ;
#4346 = DIRECTION ( 'NONE',  ( 0.0000000000000000000, -0.0000000000000000000, -1.000000000000000000 ) ) ;
#4347 = PLANE ( 'NONE',  #964 ) ;
#4348 = VERTEX_POINT ( 'NONE', #4365 ) ;
#4349 = EDGE_CURVE ( 'NONE', #320, #1768, #241, .T. ) ;
#4350 = AXIS2_PLACEMENT_3D ( 'NONE', #1161, #2191, #422 ) ;
#4351 = CARTESIAN_POINT ( 'NONE',  ( 9.250000000000000000, 2.199999999999999734, 1.299999999999999378 ) ) ;
#4352 = CARTESIAN_POINT ( 'NONE',  ( 1.078756443470130000, 6.599999999999999645, -8.090000000000079794 ) ) ;
#4353 = EDGE_CURVE ( 'NONE', #3164, #4073, #221, .T. ) ;
#4354 = CARTESIAN_POINT ( 'NONE',  ( 5.750000000000001776, 12.73499999999999943, -3.463581513078059171 ) ) ;
#4355 = CC_DESIGN_SECURITY_CLASSIFICATION ( #1488, ( #4447 ) ) ;
#4356 = ORIENTED_EDGE ( 'NONE', *, *, #1576, .F. ) ;
#4357 = LINE ( 'NONE', #3321, #2914 ) ;
#4358 = FACE_OUTER_BOUND ( 'NONE', #1672, .T. ) ;
#4359 = DIRECTION ( 'NONE',  ( -1.000000000000000000, 0.0000000000000000000, -0.0000000000000000000 ) ) ;
#4360 = DIRECTION ( 'NONE',  ( -9.136576017787373527E-16, -1.000000000000000000, -2.086925533220183900E-31 ) ) ;
#4361 = CARTESIAN_POINT ( 'NONE',  ( 9.646410161513776060, -4.625929269271485322E-15, -8.220000000000002416 ) ) ;
#4362 = CALENDAR_DATE ( 2019, 21, 10 ) ;
#4363 = CARTESIAN_POINT ( 'NONE',  ( 3.595871267845516250, 12.69953703112280330, -5.080000003436474287 ) ) ;
#4364 = CC_DESIGN_DATE_AND_TIME_ASSIGNMENT ( #4322, #3961, ( #1837 ) ) ;
#4365 = CARTESIAN_POINT ( 'NONE',  ( 5.300000000000014921, -0.05000000078158289146, -0.4999999999999631406 ) ) ;
#4366 = CARTESIAN_POINT ( 'NONE',  ( 3.449999999999990408, 11.44273112629125144, 5.080000000000001847 ) ) ;
#4367 = ORIENTED_EDGE ( 'NONE', *, *, #1848, .T. ) ;
#4368 = CARTESIAN_POINT ( 'NONE',  ( 4.950000000000073896, 12.71957496777936036, 3.411852983646528781 ) ) ;
#4369 = CARTESIAN_POINT ( 'NONE',  ( 10.25000000000000000, 1.699999999999998845, 1.799999999999998934 ) ) ;
#4370 = EDGE_CURVE ( 'NONE', #692, #2798, #3588, .T. ) ;
#4371 = ORIENTED_EDGE ( 'NONE', *, *, #1906, .T. ) ;
#4372 = FACE_BOUND ( 'NONE', #3616, .T. ) ;
#4373 = CARTESIAN_POINT ( 'NONE',  ( 5.749999999999845457, 12.69733902327550368, -3.386692207546787792 ) ) ;
#4374 = EDGE_CURVE ( 'NONE', #3578, #2124, #1290, .T. ) ;
#4375 = VERTEX_POINT ( 'NONE', #3986 ) ;
#4376 = DIRECTION ( 'NONE',  ( 1.000000000000000000, -1.332267629550187849E-15, -0.0000000000000000000 ) ) ;
#4377 = DIRECTION ( 'NONE',  ( 1.171453342316279939E-15, 1.000000000000000000, -0.0000000000000000000 ) ) ;
#4378 = ADVANCED_FACE ( 'NONE', ( #1920 ), #2491, .T. ) ;
#4379 = CARTESIAN_POINT ( 'NONE',  ( 7.249552224325722882, 11.45044927442902605, 1.280895551348530725 ) ) ;
#4380 = DIRECTION ( 'NONE',  ( -0.4999999999999996669, 0.0000000000000000000, -0.8660254037844388186 ) ) ;
#4381 = ORIENTED_EDGE ( 'NONE', *, *, #2581, .F. ) ;
#4382 = DATE_AND_TIME ( #605, #2925 ) ;
#4383 = ORIENTED_EDGE ( 'NONE', *, *, #3942, .F. ) ;
#4384 = AXIS2_PLACEMENT_3D ( 'NONE', #4268, #2896, #3314 ) ;
#4385 = FACE_OUTER_BOUND ( 'NONE', #3804, .T. ) ;
#4386 = CARTESIAN_POINT ( 'NONE',  ( 4.195177833015007351, 12.73500000000000298, 3.637238564124031903 ) ) ;
#4387 = CARTESIAN_POINT ( 'NONE',  ( 4.950000000000678746, 12.73298944267163257, -3.444210495067834277 ) ) ;
#4388 = ORIENTED_EDGE ( 'NONE', *, *, #1049, .T. ) ;
#4389 = DIRECTION ( 'NONE',  ( 1.000000000000000000, -1.084202172485509956E-15, 0.0000000000000000000 ) ) ;
#4390 = AXIS2_PLACEMENT_3D ( 'NONE', #3876, #468, #3127 ) ;
#4391 = CARTESIAN_POINT ( 'NONE',  ( 4.949999999999999289, 12.64656426582933335, 1.714246796768620795 ) ) ;
#4392 = CARTESIAN_POINT ( 'NONE',  ( 3.532842712474771218, 11.23499999999982357, -4.450751711430090713E-16 ) ) ;
#4393 = CARTESIAN_POINT ( 'NONE',  ( 2.033826859021839795, 8.673617379884035472E-16, -8.025000000000080291 ) ) ;
#4394 = CARTESIAN_POINT ( 'NONE',  ( 7.931257721594906052, 12.73499999999999766, 6.220771708769626152 ) ) ;
#4395 = FACE_OUTER_BOUND ( 'NONE', #3280, .T. ) ;
#4396 = AXIS2_PLACEMENT_3D ( 'NONE', #1505, #2201, #4225 ) ;
#4397 = CIRCLE ( 'NONE', #3473, 1.974999999999999423 ) ;
#4398 = ORIENTED_EDGE ( 'NONE', *, *, #2874, .T. ) ;
#4399 = EDGE_CURVE ( 'NONE', #288, #3443, #3034, .T. ) ;
#4400 = PLANE ( 'NONE',  #4061 ) ;
#4401 = FACE_OUTER_BOUND ( 'NONE', #4013, .T. ) ;
#4402 = AXIS2_PLACEMENT_3D ( 'NONE', #3296, #1905, #2631 ) ;
#4403 = ORIENTED_EDGE ( 'NONE', *, *, #304, .T. ) ;
#4404 = EDGE_CURVE ( 'NONE', #3721, #2813, #899, .T. ) ;
#4405 = ORIENTED_EDGE ( 'NONE', *, *, #2950, .T. ) ;
#4406 = DATE_AND_TIME ( #1652, #2782 ) ;
#4407 = DIRECTION ( 'NONE',  ( 1.000000000000000000, -9.411788633734757522E-16, 0.0000000000000000000 ) ) ;
#4408 = CARTESIAN_POINT ( 'NONE',  ( 4.130405132454771255, 12.69953703112280508, -3.556315669891734643 ) ) ;
#4409 = FACE_OUTER_BOUND ( 'NONE', #3038, .T. ) ;
#4410 = DIRECTION ( 'NONE',  ( 0.0000000000000000000, -0.1961161351381840445, 0.9805806756909202226 ) ) ;
#4411 = CARTESIAN_POINT ( 'NONE',  ( 5.750000000000000888, 12.17219196889117505, -3.309077667208873308 ) ) ;
#4412 = AXIS2_PLACEMENT_3D ( 'NONE', #3189, #2429, #2869 ) ;
#4413 = CARTESIAN_POINT ( 'NONE',  ( 5.701341293122029086, 12.73499999999999588, -1.623382409183597108 ) ) ;
#4414 = CIRCLE ( 'NONE', #2490, 0.2000000000000000944 ) ;
#4415 = CARTESIAN_POINT ( 'NONE',  ( 7.249999999999992895, 11.44273112629124611, -1.279999999999998250 ) ) ;
#4416 = CARTESIAN_POINT ( 'NONE',  ( 5.750000000000000000, 12.64914866789105652, -1.713937828365214910 ) ) ;
#4417 = VECTOR ( 'NONE', #2644, 1000.000000000000114 ) ;
#4418 = EDGE_LOOP ( 'NONE', ( #3229, #183, #3825, #3061 ) ) ;
#4419 = CARTESIAN_POINT ( 'NONE',  ( 4.949999999999999289, 11.93499999999701977, -3.280788672664280980 ) ) ;
#4420 = ORIENTED_EDGE ( 'NONE', *, *, #4427, .F. ) ;
#4421 = EDGE_CURVE ( 'NONE', #2648, #2872, #2291, .T. ) ;
#4422 = ORIENTED_EDGE ( 'NONE', *, *, #193, .F. ) ;
#4423 = CALENDAR_DATE ( 2019, 21, 10 ) ;
#4424 = CARTESIAN_POINT ( 'NONE',  ( 7.249999999999991118, 11.43499999999999872, -5.080000000000000959 ) ) ;
#4425 = EDGE_CURVE ( 'NONE', #145, #833, #33, .T. ) ;
#4426 = CARTESIAN_POINT ( 'NONE',  ( 4.126117195532686743, 12.64656426582840432, -3.550958593972070254 ) ) ;
#4427 = EDGE_CURVE ( 'NONE', #4031, #1292, #3397, .T. ) ;
#4428 = DIRECTION ( 'NONE',  ( 0.0000000000000000000, -0.0000000000000000000, 1.000000000000000000 ) ) ;
#4429 = ORIENTED_EDGE ( 'NONE', *, *, #1726, .T. ) ;
#4430 = CARTESIAN_POINT ( 'NONE',  ( 1.250000000000000000, 10.00000000000000000, 7.620000000000000107 ) ) ;
#4431 = FACE_OUTER_BOUND ( 'NONE', #1123, .T. ) ;
#4432 = PLANE ( 'NONE',  #2988 ) ;
#4433 = CARTESIAN_POINT ( 'NONE',  ( 8.014137117667727850, 12.73499999999999410, 6.257399771705302705 ) ) ;
#4434 = CARTESIAN_POINT ( 'NONE',  ( 1.942790561913620095, 6.600000000000010303, 7.000000000000000000 ) ) ;
#4435 = ORIENTED_EDGE ( 'NONE', *, *, #2792, .F. ) ;
#4436 = LINE ( 'NONE', #1346, #4128 ) ;
#4437 = EDGE_LOOP ( 'NONE', ( #828, #80, #1147, #2886 ) ) ;
#4438 = EDGE_LOOP ( 'NONE', ( #3801, #3271 ) ) ;
#4439 = CARTESIAN_POINT ( 'NONE',  ( 9.449999999999999289, 0.0000000000000000000, 7.620000000000000107 ) ) ;
#4440 = CARTESIAN_POINT ( 'NONE',  ( 0.0000000000000000000, 0.0000000000000000000, 0.0000000000000000000 ) ) ;
#4441 = DIRECTION ( 'NONE',  ( 1.224646799147353207E-16, -1.434616586018100824E-31, -1.000000000000000000 ) ) ;
#4442 = EDGE_CURVE ( 'NONE', #632, #2381, #185, .T. ) ;
#4443 = VERTEX_POINT ( 'NONE', #2386 ) ;
#4444 = PLANE ( 'NONE',  #755 ) ;
#4445 = CIRCLE ( 'NONE', #76, 0.2999999999999999334 ) ;
#4446 = NEXT_ASSEMBLY_USAGE_OCCURRENCE ( 'NAUO1', ' ', ' ', #848, #517, $ ) ;
#4447 = NEXT_ASSEMBLY_USAGE_OCCURRENCE ( 'NAUO2', ' ', ' ', #848, #517, $ ) ;
#4448 = NEXT_ASSEMBLY_USAGE_OCCURRENCE ( 'NAUO3', ' ', ' ', #848, #517, $ ) ;
#4449 = NEXT_ASSEMBLY_USAGE_OCCURRENCE ( 'NAUO4', ' ', ' ', #848, #517, $ ) ;
#4450 = NEXT_ASSEMBLY_USAGE_OCCURRENCE ( 'NAUO5', ' ', ' ', #848, #517, $ ) ;
ENDSEC;
END-ISO-10303-21;
