ISO-10303-21;
HEADER;
FILE_DESCRIPTION (( 'STEP AP203' ),
    '1' );
FILE_NAME ('CUI_DEVICES_TB007-508-12GR.step',
    '2019-10-21T21:35:26',
    ( '' ),
    ( '' ),
    'SwSTEP 2.0',
    'SolidWorks 2019',
    '' );
FILE_SCHEMA (( 'CONFIG_CONTROL_DESIGN' ));
ENDSEC;

DATA;
#1 = CARTESIAN_POINT ( 'NONE',  ( 3.449999999999989964, 11.43500000000000405, 5.080000000000000071 ) ) ;
#2 = CARTESIAN_POINT ( 'NONE',  ( 3.650000000000416911, 11.23500000000000121, -5.080000000000000959 ) ) ;
#3 = ORIENTED_EDGE ( 'NONE', *, *, #3095, .F. ) ;
#4 = ORIENTED_EDGE ( 'NONE', *, *, #402, .T. ) ;
#5 = CARTESIAN_POINT ( 'NONE',  ( 5.349999999999999645, 10.44999999999999929, 5.080000000000000071 ) ) ;
#6 = CIRCLE ( 'NONE', #596, 0.3000000000000000444 ) ;
#7 = ORIENTED_EDGE ( 'NONE', *, *, #2985, .T. ) ;
#8 = VECTOR ( 'NONE', #847, 1000.000000000000000 ) ;
#9 = FACE_OUTER_BOUND ( 'NONE', #3943, .T. ) ;
#10 = DIRECTION ( 'NONE',  ( 0.0000000000000000000, 1.000000000000000000, 1.889646980599319876E-14 ) ) ;
#11 = CARTESIAN_POINT ( 'NONE',  ( 4.949999999999999289, 11.93499999999671601, 3.280788672664244565 ) ) ;
#12 = ORIENTED_EDGE ( 'NONE', *, *, #385, .T. ) ;
#13 = VECTOR ( 'NONE', #2778, 1000.000000000000000 ) ;
#14 = EDGE_CURVE ( 'NONE', #254, #1975, #811, .T. ) ;
#15 = DIRECTION ( 'NONE',  ( 0.0000000000000000000, 0.0000000000000000000, -1.000000000000000000 ) ) ;
#16 = CARTESIAN_POINT ( 'NONE',  ( 5.500000000000000000, -0.05000000078162009781, 5.880000000000140226 ) ) ;
#17 = DIRECTION ( 'NONE',  ( 1.000000000000000000, 0.0000000000000000000, 1.794541526872530066E-14 ) ) ;
#18 = CIRCLE ( 'NONE', #1233, 0.2000000000000000944 ) ;
#19 = PERSON_AND_ORGANIZATION ( #4411, #194 ) ;
#20 = DIRECTION ( 'NONE',  ( 0.8660254037844387076, -0.0000000000000000000, 0.4999999999999999445 ) ) ;
#21 = EDGE_LOOP ( 'NONE', ( #656, #3444, #4276, #4009 ) ) ;
#22 = AXIS2_PLACEMENT_3D ( 'NONE', #1746, #3082, #666 ) ;
#23 = ADVANCED_FACE ( 'NONE', ( #508 ), #3353, .T. ) ;
#24 = DIRECTION ( 'NONE',  ( -1.734723475976807410E-14, 5.330660681387064782E-15, 1.000000000000000000 ) ) ;
#25 = CARTESIAN_POINT ( 'NONE',  ( 4.973902936655020035, 12.73500000000000121, -6.752533082913880769 ) ) ;
#26 = VECTOR ( 'NONE', #2003, 1000.000000000000000 ) ;
#27 = ORIENTED_EDGE ( 'NONE', *, *, #2603, .T. ) ;
#28 = VERTEX_POINT ( 'NONE', #1048 ) ;
#29 = EDGE_CURVE ( 'NONE', #3982, #2430, #2701, .T. ) ;
#30 = CARTESIAN_POINT ( 'NONE',  ( 4.950000000000155609, 12.70509370452902154, 3.394524982068335639 ) ) ;
#31 = AXIS2_PLACEMENT_3D ( 'NONE', #946, #1362, #1010 ) ;
#32 = CARTESIAN_POINT ( 'NONE',  ( 8.689999999999999503, 0.0000000000000000000, 7.620000000000000107 ) ) ;
#33 = DIRECTION ( 'NONE',  ( 0.0000000000000000000, 1.000000000000000000, 0.0000000000000000000 ) ) ;
#34 = ORIENTED_EDGE ( 'NONE', *, *, #2854, .F. ) ;
#35 = DIRECTION ( 'NONE',  ( 1.000000000000000000, 0.0000000000000000000, 0.0000000000000000000 ) ) ;
#36 = CARTESIAN_POINT ( 'NONE',  ( 10.25000000000000000, 6.199999999999992184, -3.280000000000006910 ) ) ;
#37 = CYLINDRICAL_SURFACE ( 'NONE', #886, 0.2999999999999999334 ) ;
#38 = APPROVAL_PERSON_ORGANIZATION ( #2285, #1084, #1916 ) ;
#39 = VECTOR ( 'NONE', #1661, 1000.000000000000114 ) ;
#40 = CARTESIAN_POINT ( 'NONE',  ( 5.750000000000000000, 12.64656426582507898, 3.365753203230879897 ) ) ;
#41 = DIRECTION ( 'NONE',  ( -1.000000000000000000, 3.338853781347929776E-28, -1.794541526872530066E-14 ) ) ;
#42 = CARTESIAN_POINT ( 'NONE',  ( 3.450447775674256423, 11.45044927442903315, -1.280895551348531614 ) ) ;
#43 = PERSON_AND_ORGANIZATION_ROLE ( 'design_supplier' ) ;
#44 = CARTESIAN_POINT ( 'NONE',  ( 2.146410161513769843, 6.599999999999999645, -8.220000000000000639 ) ) ;
#45 = ORIENTED_EDGE ( 'NONE', *, *, #4170, .T. ) ;
#46 = VECTOR ( 'NONE', #3955, 1000.000000000000000 ) ;
#47 = VERTEX_POINT ( 'NONE', #1716 ) ;
#48 = CARTESIAN_POINT ( 'NONE',  ( 4.499999999999992895, -3.700000000000007727, 5.379999999999999893 ) ) ;
#49 = DIRECTION ( 'NONE',  ( 1.224646799147353207E-16, -1.434616586018100824E-31, -1.000000000000000000 ) ) ;
#50 = EDGE_CURVE ( 'NONE', #1036, #2214, #1254, .T. ) ;
#51 = EDGE_LOOP ( 'NONE', ( #1552, #521, #1863, #890 ) ) ;
#52 = EDGE_LOOP ( 'NONE', ( #1713, #4342 ) ) ;
#53 = CARTESIAN_POINT ( 'NONE',  ( 5.750000000000001776, 12.64656426582888926, 1.714246796764878011 ) ) ;
#54 = PLANE ( 'NONE',  #1761 ) ;
#55 = ORIENTED_EDGE ( 'NONE', *, *, #4352, .F. ) ;
#56 = B_SPLINE_CURVE_WITH_KNOTS ( 'NONE', 3,
 ( #1306, #3273, #4347, #3025, #3705, #1685, #4372, #2600, #1283, #2960, #3634, #2271, #3961, #4034, #256, #932 ),
 .UNSPECIFIED., .F., .F.,
 ( 4, 3, 3, 3, 3, 4 ),
 ( 0.0000000000000000000, 3.531517381802549396E-05, 7.066450543868435475E-05, 0.0001054618491194714844, 0.0001392987215172478512, 0.0001469974402523181647 ),
 .UNSPECIFIED. ) ;
#57 = CARTESIAN_POINT ( 'NONE',  ( 5.349999999999989875, 12.73499999999999943, 5.080000000000000071 ) ) ;
#58 = CARTESIAN_POINT ( 'NONE',  ( 2.625902306574849909, 13.69999999999999929, 7.620000000000000107 ) ) ;
#59 = CARTESIAN_POINT ( 'NONE',  ( 9.421243556529820040, 6.599999999999980105, -8.220000000000000639 ) ) ;
#60 = DIRECTION ( 'NONE',  ( -1.000000000000000000, 9.136576017758483468E-16, 0.0000000000000000000 ) ) ;
#61 = CARTESIAN_POINT ( 'NONE',  ( 4.499999999999988454, 4.784159143999949571, 5.580000000000061355 ) ) ;
#62 = UNCERTAINTY_MEASURE_WITH_UNIT (LENGTH_MEASURE( 1.000000000000000082E-05 ), #4257, 'distance_accuracy_value', 'NONE');
#63 = CARTESIAN_POINT ( 'NONE',  ( 7.249999999999990230, 11.44273112629124434, -3.799999999999999378 ) ) ;
#64 = CARTESIAN_POINT ( 'NONE',  ( 10.25000000000000000, 1.700000000000000178, 7.620000000000000107 ) ) ;
#65 = CARTESIAN_POINT ( 'NONE',  ( 4.499999999999804601, -0.05000000078158020611, 4.579999999999981419 ) ) ;
#66 = CALENDAR_DATE ( 2019, 21, 10 ) ;
#67 = CARTESIAN_POINT ( 'NONE',  ( 3.450447775674256423, 11.45044927442903315, 8.879104448651469639 ) ) ;
#68 = VERTEX_POINT ( 'NONE', #2393 ) ;
#69 = ORIENTED_EDGE ( 'NONE', *, *, #945, .F. ) ;
#70 = PRODUCT ( 'CUI_DEVICES_TB007-508-12GR', 'CUI_DEVICES_TB007-508-12GR', '', ( #1369 ) ) ;
#71 = DIRECTION ( 'NONE',  ( -1.171453342316279939E-15, -1.000000000000000000, 0.0000000000000000000 ) ) ;
#72 = CARTESIAN_POINT ( 'NONE',  ( 3.689033067547872857, 12.73500000000000298, -5.890162729031258593 ) ) ;
#73 = ORIENTED_EDGE ( 'NONE', *, *, #4297, .T. ) ;
#74 = ORIENTED_EDGE ( 'NONE', *, *, #1207, .T. ) ;
#75 = EDGE_CURVE ( 'NONE', #2677, #3983, #1028, .T. ) ;
#76 = CARTESIAN_POINT ( 'NONE',  ( 5.299999999999995381, -4.770489558936219510E-15, 0.5041960109772708476 ) ) ;
#77 = ORIENTED_EDGE ( 'NONE', *, *, #2768, .F. ) ;
#78 = ORIENTED_EDGE ( 'NONE', *, *, #1510, .T. ) ;
#79 = DIRECTION ( 'NONE',  ( 0.0000000000000000000, 1.000000000000000000, 0.0000000000000000000 ) ) ;
#80 = DIRECTION ( 'NONE',  ( 1.000000000000000000, -9.136576017787367610E-16, 0.0000000000000000000 ) ) ;
#81 = PLANE ( 'NONE',  #1730 ) ;
#82 = PLANE ( 'NONE',  #1382 ) ;
#83 = VECTOR ( 'NONE', #108, 1000.000000000000000 ) ;
#84 = ORIENTED_EDGE ( 'NONE', *, *, #2603, .F. ) ;
#85 = CARTESIAN_POINT ( 'NONE',  ( 1.810000000000000053, 6.599999999999999645, 7.620000000000000107 ) ) ;
#86 = VECTOR ( 'NONE', #1789, 1000.000000000000000 ) ;
#87 = EDGE_CURVE ( 'NONE', #1036, #2546, #671, .T. ) ;
#88 = CARTESIAN_POINT ( 'NONE',  ( 10.25000000000000000, 6.799999999999999822, 7.620000000000000107 ) ) ;
#89 = CARTESIAN_POINT ( 'NONE',  ( 10.25000000000000000, 1.699999999999998179, -1.799999999999999822 ) ) ;
#90 = CARTESIAN_POINT ( 'NONE',  ( 1.810000000000000053, 6.599999999999999645, 7.620000000000000107 ) ) ;
#91 = APPROVAL_DATE_TIME ( #821, #2560 ) ;
#92 = CARTESIAN_POINT ( 'NONE',  ( 3.689038437082761579, 12.73500000000000121, 5.079999993485741605 ) ) ;
#93 = PLANE ( 'NONE',  #3281 ) ;
#94 = AXIS2_PLACEMENT_3D ( 'NONE', #16, #41, #367 ) ;
#95 = VERTEX_POINT ( 'NONE', #1978 ) ;
#96 = CIRCLE ( 'NONE', #473, 1.843139007349806180 ) ;
#97 = DIRECTION ( 'NONE',  ( -0.6666666666666659635, -0.6666666666666670737, 0.3333333333333338699 ) ) ;
#98 =( REPRESENTATION_RELATIONSHIP ('NONE','NONE', #642, #892 ) REPRESENTATION_RELATIONSHIP_WITH_TRANSFORMATION ( #1204 )SHAPE_REPRESENTATION_RELATIONSHIP( ) );
#99 = CARTESIAN_POINT ( 'NONE',  ( 4.949999999999999289, 12.64656426582933335, 6.794246796768621088 ) ) ;
#100 = EDGE_LOOP ( 'NONE', ( #2061, #2652, #4413, #790 ) ) ;
#101 = AXIS2_PLACEMENT_3D ( 'NONE', #57, #1568, #1426 ) ;
#102 = CARTESIAN_POINT ( 'NONE',  ( 5.299999999999999822, -5.750000000781589904, 4.580000000000019611 ) ) ;
#103 = ORIENTED_EDGE ( 'NONE', *, *, #4135, .T. ) ;
#104 = ORIENTED_EDGE ( 'NONE', *, *, #3520, .T. ) ;
#105 = VECTOR ( 'NONE', #1513, 1000.000000000000000 ) ;
#106 = LINE ( 'NONE', #3125, #973 ) ;
#107 = CARTESIAN_POINT ( 'NONE',  ( 4.178667266375339473, 12.73499999999999588, 6.500694998172928507 ) ) ;
#108 = DIRECTION ( 'NONE',  ( 0.0000000000000000000, 0.0000000000000000000, 1.000000000000000000 ) ) ;
#109 = ORIENTED_EDGE ( 'NONE', *, *, #4251, .F. ) ;
#110 = CARTESIAN_POINT ( 'NONE',  ( 7.931257721594906052, 12.73499999999999766, 6.220771708769626152 ) ) ;
#111 = PRODUCT_DEFINITION_SHAPE ( 'NONE', 'NONE',  #4415 ) ;
#112 = ADVANCED_FACE ( 'NONE', ( #4064 ), #3051, .T. ) ;
#113 = DIRECTION ( 'NONE',  ( -0.8660254037844385966, 0.0000000000000000000, -0.5000000000000001110 ) ) ;
#114 = DIRECTION ( 'NONE',  ( 0.0000000000000000000, 0.0000000000000000000, 1.000000000000000000 ) ) ;
#115 = CARTESIAN_POINT ( 'NONE',  ( 5.712622210151656610, 12.73499999999999588, -6.755506206254600521 ) ) ;
#116 = COORDINATED_UNIVERSAL_TIME_OFFSET ( 0, 0, .AHEAD. ) ;
#117 = CARTESIAN_POINT ( 'NONE',  ( 4.499999999999988454, -2.699999999999849631, -4.579999999999949445 ) ) ;
#118 = ADVANCED_FACE ( 'NONE', ( #2023 ), #2656, .F. ) ;
#119 = ORIENTED_EDGE ( 'NONE', *, *, #4192, .T. ) ;
#120 = VERTEX_POINT ( 'NONE', #1314 ) ;
#121 = FACE_OUTER_BOUND ( 'NONE', #3852, .T. ) ;
#122 = CARTESIAN_POINT ( 'NONE',  ( 5.750000000000001776, 12.64656426582888926, 6.794246796764878304 ) ) ;
#123 = CARTESIAN_POINT ( 'NONE',  ( 4.950000000004741274, 12.69570467254462365, 6.774697213584751410 ) ) ;
#124 = VECTOR ( 'NONE', #3279, 1000.000000000000000 ) ;
#125 = EDGE_LOOP ( 'NONE', ( #1310, #1316, #1411, #3518 ) ) ;
#126 = CARTESIAN_POINT ( 'NONE',  ( 4.950000000000698286, 12.67827681032222564, 3.375179669261412663 ) ) ;
#127 = CC_DESIGN_APPROVAL ( #3106, ( #557 ) ) ;
#128 = CARTESIAN_POINT ( 'NONE',  ( 7.249999999999991118, 11.43499999999999872, 2.326828918379971858E-16 ) ) ;
#129 = VERTEX_POINT ( 'NONE', #307 ) ;
#130 = LINE ( 'NONE', #3547, #3298 ) ;
#131 = PLANE ( 'NONE',  #895 ) ;
#132 = CARTESIAN_POINT ( 'NONE',  ( 4.499999999999803713, -0.05000000078158020611, -5.580000000000016946 ) ) ;
#133 = CARTESIAN_POINT ( 'NONE',  ( 7.248658176335226244, 11.45812853167969614, 5.080000000000000071 ) ) ;
#134 = EDGE_CURVE ( 'NONE', #1377, #675, #191, .T. ) ;
#135 = CARTESIAN_POINT ( 'NONE',  ( 9.250000000000000000, 6.299999999999999822, 3.779999999999999805 ) ) ;
#136 = CARTESIAN_POINT ( 'NONE',  ( 9.250000000000000000, 5.199999999999997513, -3.779999999999999805 ) ) ;
#137 = COORDINATED_UNIVERSAL_TIME_OFFSET ( 0, 0, .AHEAD. ) ;
#138 = PLANE ( 'NONE',  #1449 ) ;
#139 = CARTESIAN_POINT ( 'NONE',  ( 2.167957166897569010, 6.600000000000004974, 6.999999999999999112 ) ) ;
#140 = EDGE_CURVE ( 'NONE', #2267, #682, #4016, .T. ) ;
#141 = EDGE_CURVE ( 'NONE', #1834, #789, #4040, .T. ) ;
#142 = CARTESIAN_POINT ( 'NONE',  ( 5.349999999999982769, 12.64656426582178206, 5.080000000000000071 ) ) ;
#143 = CARTESIAN_POINT ( 'NONE',  ( 5.749999999999304556, 12.68816249061487333, 6.779945829408947411 ) ) ;
#144 = CARTESIAN_POINT ( 'NONE',  ( 4.950000000002678924, 12.71195981187718616, 6.757797158873359855 ) ) ;
#145 = VERTEX_POINT ( 'NONE', #2225 ) ;
#146 =( BOUNDED_SURFACE ( )  B_SPLINE_SURFACE ( 3, 3, ( 
 ( #1491, #1131, #2166, #3491 ),
 ( #2477, #2868, #2846, #2539 ),
 ( #3538, #3851, #1508, #806 ),
 ( #3871, #4176, #501, #1797 ) ),
 .UNSPECIFIED., .F., .F., .F. ) 
 B_SPLINE_SURFACE_WITH_KNOTS ( ( 4, 4 ),
 ( 4, 4 ),
 ( 0.0000000000000000000, 1.000000000000000000 ),
 ( 0.0000000000000000000, 1.000000000000000000 ),
 .UNSPECIFIED. ) 
 GEOMETRIC_REPRESENTATION_ITEM ( )  RATIONAL_B_SPLINE_SURFACE ( (
 ( 1.000000000000000000, 0.3333333333333332038, 0.3333333333333332038, 1.000000000000000000),
 ( 0.8047378541240031158, 0.2682459513746676127, 0.2682459513746676127, 0.8047378541240031158),
 ( 0.8047378541240031158, 0.2682459513746676127, 0.2682459513746676127, 0.8047378541240031158),
 ( 1.000000000000000000, 0.3333333333333332038, 0.3333333333333332038, 1.000000000000000000) ) ) 
 REPRESENTATION_ITEM ( '' )  SURFACE ( )  );
#147 = EDGE_CURVE ( 'NONE', #4317, #3215, #2725, .T. ) ;
#148 = CARTESIAN_POINT ( 'NONE',  ( 4.949999999999991296, 12.73499999999999943, 3.467917139009471406 ) ) ;
#149 = CARTESIAN_POINT ( 'NONE',  ( 9.250000000000000000, 7.599999999999998757, 7.619999999999999218 ) ) ;
#150 = ORIENTED_EDGE ( 'NONE', *, *, #996, .F. ) ;
#151 = CC_DESIGN_DATE_AND_TIME_ASSIGNMENT ( #3888, #495, ( #1270 ) ) ;
#152 = FACE_OUTER_BOUND ( 'NONE', #51, .T. ) ;
#153 = LINE ( 'NONE', #59, #1801 ) ;
#154 = CARTESIAN_POINT ( 'NONE',  ( 5.299999999999999822, -3.700000000000009948, -10.08000000000000007 ) ) ;
#155 = ORIENTED_EDGE ( 'NONE', *, *, #1990, .T. ) ;
#156 = LINE ( 'NONE', #466, #3446 ) ;
#157 = DIRECTION ( 'NONE',  ( -9.136576017787373527E-16, -1.000000000000000000, -2.086925533220184338E-31 ) ) ;
#158 = PERSON_AND_ORGANIZATION_ROLE ( 'classification_officer' ) ;
#159 = EDGE_CURVE ( 'NONE', #556, #3696, #2281, .T. ) ;
#160 = VECTOR ( 'NONE', #1208, 1000.000000000000000 ) ;
#161 = LINE ( 'NONE', #1526, #160 ) ;
#162 = CARTESIAN_POINT ( 'NONE',  ( 7.325000000000000178, 10.44999999999999929, -5.080000000000000071 ) ) ;
#163 = AXIS2_PLACEMENT_3D ( 'NONE', #326, #3271, #1656 ) ;
#164 = CARTESIAN_POINT ( 'NONE',  ( 9.300000000000000711, -1.734723475976807094E-15, -7.619999999999999218 ) ) ;
#165 = EDGE_CURVE ( 'NONE', #4238, #3282, #1196, .T. ) ;
#166 = ORIENTED_EDGE ( 'NONE', *, *, #4348, .T. ) ;
#167 = VECTOR ( 'NONE', #2823, 1000.000000000000000 ) ;
#168 = CARTESIAN_POINT ( 'NONE',  ( 3.532842712474772551, 11.23499999999982180, -3.634314575050436869 ) ) ;
#169 = AXIS2_PLACEMENT_3D ( 'NONE', #1294, #1604, #291 ) ;
#170 =( BOUNDED_SURFACE ( )  B_SPLINE_SURFACE ( 3, 3, ( 
 ( #4185, #3240, #1892, #4264 ),
 ( #3899, #870, #198, #2545 ),
 ( #2212, #1559, #3585, #544 ),
 ( #2896, #1767, #755, #1432 ) ),
 .UNSPECIFIED., .F., .F., .F. ) 
 B_SPLINE_SURFACE_WITH_KNOTS ( ( 4, 4 ),
 ( 4, 4 ),
 ( 0.0000000000000000000, 1.000000000000000000 ),
 ( 0.0000000000000000000, 1.000000000000000000 ),
 .UNSPECIFIED. ) 
 GEOMETRIC_REPRESENTATION_ITEM ( )  RATIONAL_B_SPLINE_SURFACE ( (
 ( 1.000000000000000000, 0.8538861261458171592, 0.8538861261458171592, 1.000000000000000000),
 ( 0.8312495820266312396, 0.7097924854570498709, 0.7097924854570498709, 0.8312495820266312396),
 ( 0.8312495820266312396, 0.7097924854570498709, 0.7097924854570498709, 0.8312495820266312396),
 ( 1.000000000000000000, 0.8538861261458171592, 0.8538861261458171592, 1.000000000000000000) ) ) 
 REPRESENTATION_ITEM ( '' )  SURFACE ( )  );
#171 = ORIENTED_EDGE ( 'NONE', *, *, #3761, .T. ) ;
#172 = AXIS2_PLACEMENT_3D ( 'NONE', #442, #1790, #3132 ) ;
#173 = CARTESIAN_POINT ( 'NONE',  ( 5.750000000000000000, 12.64656426582508075, -1.714246796769120618 ) ) ;
#174 = CARTESIAN_POINT ( 'NONE',  ( 5.750000000000000888, 12.17219196889117505, -3.309077667208873308 ) ) ;
#175 = CARTESIAN_POINT ( 'NONE',  ( 4.500000000000003553, -3.700000000000007727, 4.779999999999998472 ) ) ;
#176 = CARTESIAN_POINT ( 'NONE',  ( 10.25000000000000000, 0.0000000000000000000, 4.575803989022819707 ) ) ;
#177 = ORIENTED_EDGE ( 'NONE', *, *, #1535, .T. ) ;
#178 = AXIS2_PLACEMENT_3D ( 'NONE', #3997, #970, #4252 ) ;
#179 = CIRCLE ( 'NONE', #1887, 1.760296020627533320 ) ;
#180 = FACE_OUTER_BOUND ( 'NONE', #1926, .T. ) ;
#181 = DIRECTION ( 'NONE',  ( -1.000000000000000000, 0.0000000000000000000, -0.0000000000000000000 ) ) ;
#182 = COORDINATED_UNIVERSAL_TIME_OFFSET ( 0, 0, .AHEAD. ) ;
#183 = ORIENTED_EDGE ( 'NONE', *, *, #1070, .F. ) ;
#184 = CARTESIAN_POINT ( 'NONE',  ( -0.6999999999999999556, -2.700000000000009948, 0.4999999999999990563 ) ) ;
#185 = CARTESIAN_POINT ( 'NONE',  ( 5.750000000000000888, 12.17219196889117505, 6.850922332791127722 ) ) ;
#186 = CARTESIAN_POINT ( 'NONE',  ( 9.250000000000000000, 2.199999999999988187, -3.780000000000001581 ) ) ;
#187 = ORGANIZATION ( 'NAUO-ORG3', 'UNSPECIFIED', 'UNSPECIFIED' ) ;
#188 = EDGE_LOOP ( 'NONE', ( #283, #1620, #2604, #3540 ) ) ;
#189 = VECTOR ( 'NONE', #4114, 1000.000000000000114 ) ;
#190 = EDGE_CURVE ( 'NONE', #2497, #3718, #6, .T. ) ;
#191 = B_SPLINE_CURVE_WITH_KNOTS ( 'NONE', 3,
 ( #987, #2325, #1666, #4378 ),
 .UNSPECIFIED., .F., .F.,
 ( 4, 4 ),
 ( 3.411940461911422888E-15, 0.0007166189195539847444 ),
 .UNSPECIFIED. ) ;
#192 = CARTESIAN_POINT ( 'NONE',  ( 7.249999999999992006, 11.31784271247447649, 5.080000000000000959 ) ) ;
#193 = ORIENTED_EDGE ( 'NONE', *, *, #3052, .F. ) ;
#194 = ORGANIZATION ( 'UNSPECIFIED', 'UNSPECIFIED', '' ) ;
#195 = EDGE_CURVE ( 'NONE', #2832, #382, #1861, .T. ) ;
#196 = PLANE ( 'NONE',  #2802 ) ;
#197 = PLANE ( 'NONE',  #383 ) ;
#198 = CARTESIAN_POINT ( 'NONE',  ( 3.635702501169019385, 12.73500000000000476, -0.8361755510532400404 ) ) ;
#199 = ORIENTED_EDGE ( 'NONE', *, *, #1106, .F. ) ;
#200 = CARTESIAN_POINT ( 'NONE',  ( 7.249999999999990230, 11.43499999999999694, -5.080000000000000959 ) ) ;
#201 = CARTESIAN_POINT ( 'NONE',  ( 4.949999999999999289, 11.93500000000000050, 7.040000000000000036 ) ) ;
#202 = FACE_BOUND ( 'NONE', #52, .T. ) ;
#203 = CARTESIAN_POINT ( 'NONE',  ( 7.248658176322919644, 11.45812853178540536, -5.080000000000000071 ) ) ;
#204 = CARTESIAN_POINT ( 'NONE',  ( 5.499999999999584332, -0.05000000078158019917, -0.5000000000000409672 ) ) ;
#205 = ORIENTED_EDGE ( 'NONE', *, *, #3938, .T. ) ;
#206 = CARTESIAN_POINT ( 'NONE',  ( 5.299999999999999822, -3.700000000000009948, 4.779999999999999361 ) ) ;
#207 = DIRECTION ( 'NONE',  ( 0.0000000000000000000, 0.0000000000000000000, -1.000000000000000000 ) ) ;
#208 = ORIENTED_EDGE ( 'NONE', *, *, #2518, .F. ) ;
#209 = VERTEX_POINT ( 'NONE', #3164 ) ;
#210 = EDGE_CURVE ( 'NONE', #3676, #630, #2838, .T. ) ;
#211 = PERSON ( 'NAUO-PER2', 'UNSPECIFIED', 'UNSPECIFIED', ('UNSPECIFIED'), ('UNSPECIFIED'), ('UNSPECIFIED') ) ;
#212 = CARTESIAN_POINT ( 'NONE',  ( 5.299999999999990052, -2.700000000000009948, 0.5000000000000678346 ) ) ;
#213 = EDGE_LOOP ( 'NONE', ( #1913, #1662, #955, #4294 ) ) ;
#214 = CARTESIAN_POINT ( 'NONE',  ( 4.950000000000698286, 12.68816249061464774, -1.699945829409096998 ) ) ;
#215 = EDGE_CURVE ( 'NONE', #578, #2435, #1067, .T. ) ;
#216 = CARTESIAN_POINT ( 'NONE',  ( 7.249999999999987566, 11.44273112629124434, -8.879999999999999005 ) ) ;
#217 = DIRECTION ( 'NONE',  ( -0.4999999999999990008, 0.0000000000000000000, 0.8660254037844391517 ) ) ;
#218 = COORDINATED_UNIVERSAL_TIME_OFFSET ( 0, 0, .AHEAD. ) ;
#219 = PLANE ( 'NONE',  #1378 ) ;
#220 = EDGE_CURVE ( 'NONE', #2218, #1898, #2737, .T. ) ;
#221 = CARTESIAN_POINT ( 'NONE',  ( 5.749999999997323030, 12.71195981187718438, -1.677797158873358008 ) ) ;
#222 = FACE_OUTER_BOUND ( 'NONE', #2389, .T. ) ;
#223 = EDGE_LOOP ( 'NONE', ( #1301, #389, #572, #956, #899, #4356 ) ) ;
#224 = ORIENTED_EDGE ( 'NONE', *, *, #2416, .F. ) ;
#225 = AXIS2_PLACEMENT_3D ( 'NONE', #663, #4318, #2615 ) ;
#226 = CARTESIAN_POINT ( 'NONE',  ( 5.750000000000000000, 12.64914866789105297, -6.793937828365216092 ) ) ;
#227 = DIRECTION ( 'NONE',  ( -3.220379291669973468E-28, 1.000000000000000000, 1.794541526872519968E-14 ) ) ;
#228 = AXIS2_PLACEMENT_3D ( 'NONE', #4230, #1903, #1845 ) ;
#229 = ORIENTED_EDGE ( 'NONE', *, *, #2043, .F. ) ;
#230 = ORIENTED_EDGE ( 'NONE', *, *, #3931, .F. ) ;
#231 = DIRECTION ( 'NONE',  ( -1.000000000000000000, 1.171453342316279939E-15, 0.0000000000000000000 ) ) ;
#232 = VECTOR ( 'NONE', #1459, 1000.000000000000000 ) ;
#233 = LINE ( 'NONE', #2301, #3092 ) ;
#234 = DIRECTION ( 'NONE',  ( -0.4472135954999588159, 0.0000000000000000000, 0.8944271909999155223 ) ) ;
#235 = EDGE_CURVE ( 'NONE', #2833, #3456, #734, .T. ) ;
#236 = VERTEX_POINT ( 'NONE', #1136 ) ;
#237 = ORIENTED_EDGE ( 'NONE', *, *, #2660, .T. ) ;
#238 = CARTESIAN_POINT ( 'NONE',  ( 7.249552224325722882, 11.45044927442902605, 3.799104448651467347 ) ) ;
#239 = CONICAL_SURFACE ( 'NONE', #2796, 1.898658176322939983, 0.1159019745381328903 ) ;
#240 = DIRECTION ( 'NONE',  ( 0.0000000000000000000, -0.0000000000000000000, -1.000000000000000000 ) ) ;
#241 = LINE ( 'NONE', #2988, #248 ) ;
#242 = DIRECTION ( 'NONE',  ( 0.0000000000000000000, -1.000000000000000000, 0.0000000000000000000 ) ) ;
#243 = VECTOR ( 'NONE', #3798, 1000.000000000000114 ) ;
#244 = ADVANCED_FACE ( 'NONE', ( #2155 ), #1832, .F. ) ;
#245 = APPROVAL_DATE_TIME ( #3572, #440 ) ;
#246 = DIRECTION ( 'NONE',  ( -0.6666666666666657415, -0.6666666666666676289, 0.3333333333333328707 ) ) ;
#247 = ORIENTED_EDGE ( 'NONE', *, *, #2024, .F. ) ;
#248 = VECTOR ( 'NONE', #2635, 1000.000000000000114 ) ;
#249 = LINE ( 'NONE', #3701, #822 ) ;
#250 = ADVANCED_FACE ( 'NONE', ( #1810 ), #81, .F. ) ;
#251 = CARTESIAN_POINT ( 'NONE',  ( 10.25000000000000000, 0.0000000000000000000, -4.575803989022731777 ) ) ;
#252 = VERTEX_POINT ( 'NONE', #1452 ) ;
#253 = ORIENTED_EDGE ( 'NONE', *, *, #649, .F. ) ;
#254 = VERTEX_POINT ( 'NONE', #132 ) ;
#255 = CARTESIAN_POINT ( 'NONE',  ( 2.932077519087679995, 11.23499999999999943, -143.2560000000000002 ) ) ;
#256 = CARTESIAN_POINT ( 'NONE',  ( 5.750000000000000000, 12.64914866789105297, 3.366062171634784495 ) ) ;
#257 = CARTESIAN_POINT ( 'NONE',  ( 9.250000000000000000, 2.199999999999990852, -3.780000000000001137 ) ) ;
#258 = LOCAL_TIME ( 21, 35, 26.00000000000000000, #2138 ) ;
#259 = VERTEX_POINT ( 'NONE', #1499 ) ;
#260 = EDGE_LOOP ( 'NONE', ( #3884, #2732, #3877, #2256 ) ) ;
#261 = VECTOR ( 'NONE', #4247, 1000.000000000000114 ) ;
#262 = DIRECTION ( 'NONE',  ( -1.734723475976806779E-14, 1.508848023375660232E-14, 1.000000000000000000 ) ) ;
#263 = DIRECTION ( 'NONE',  ( -1.171453342316279939E-15, -1.000000000000000000, 0.0000000000000000000 ) ) ;
#264 = ORIENTED_EDGE ( 'NONE', *, *, #1477, .T. ) ;
#265 = CC_DESIGN_APPROVAL ( #1919, ( #2597 ) ) ;
#266 = EDGE_LOOP ( 'NONE', ( #3523, #1065, #1974, #1281 ) ) ;
#267 = CARTESIAN_POINT ( 'NONE',  ( 5.750000000000001776, 12.40938025448233262, 1.742602432482167840 ) ) ;
#268 = DIRECTION ( 'NONE',  ( -1.084202172485509956E-15, -1.000000000000000000, 0.0000000000000000000 ) ) ;
#269 = CARTESIAN_POINT ( 'NONE',  ( 2.146410161513770287, 6.599999999999999645, -8.220000000000000639 ) ) ;
#270 = ORIENTED_EDGE ( 'NONE', *, *, #2449, .T. ) ;
#271 = EDGE_CURVE ( 'NONE', #3988, #2218, #2836, .T. ) ;
#272 = CARTESIAN_POINT ( 'NONE',  ( 4.499999999999988454, 4.784159143999949571, -4.579999999999948557 ) ) ;
#273 = CARTESIAN_POINT ( 'NONE',  ( 7.167157287525211196, 11.23499999999981647, -1.445685424949562092 ) ) ;
#274 = DIRECTION ( 'NONE',  ( 0.0000000000000000000, 0.0000000000000000000, 1.000000000000000000 ) ) ;
#275 = ORIENTED_EDGE ( 'NONE', *, *, #3093, .T. ) ;
#276 = ORIENTED_EDGE ( 'NONE', *, *, #159, .F. ) ;
#277 = EDGE_CURVE ( 'NONE', #4173, #4325, #1220, .T. ) ;
#278 = EDGE_CURVE ( 'NONE', #95, #1200, #874, .T. ) ;
#279 = DIRECTION ( 'NONE',  ( -1.000000000000000000, 0.0000000000000000000, 0.0000000000000000000 ) ) ;
#280 = CARTESIAN_POINT ( 'NONE',  ( 0.0000000000000000000, 0.0000000000000000000, 7.620000000000000107 ) ) ;
#281 = DIRECTION ( 'NONE',  ( -1.171453342316279939E-15, -1.000000000000000000, 0.0000000000000000000 ) ) ;
#282 = ORIENTED_EDGE ( 'NONE', *, *, #3087, .T. ) ;
#283 = ORIENTED_EDGE ( 'NONE', *, *, #4245, .F. ) ;
#284 = ADVANCED_FACE ( 'NONE', ( #3104 ), #2465, .F. ) ;
#285 = DIRECTION ( 'NONE',  ( -9.136576017787373527E-16, -1.000000000000000000, -2.086925533220184338E-31 ) ) ;
#286 = DIRECTION ( 'NONE',  ( -0.8660254037844388186, 0.0000000000000000000, -0.4999999999999996669 ) ) ;
#287 = ORIENTED_EDGE ( 'NONE', *, *, #2634, .F. ) ;
#288 =( BOUNDED_CURVE ( )  B_SPLINE_CURVE ( 3, ( #2, #3467, #1755, #2387 ),
 .UNSPECIFIED., .F., .T. ) 
 B_SPLINE_CURVE_WITH_KNOTS ( ( 4, 4 ),
 ( 0.0000000000000000000, 1.000000000000000000 ),
 .UNSPECIFIED. ) 
 CURVE ( )  GEOMETRIC_REPRESENTATION_ITEM ( )  RATIONAL_B_SPLINE_CURVE ( ( 1.000000000000000000, 0.3333333333333332038, 0.3333333333333332038, 1.000000000000000000 ) ) 
 REPRESENTATION_ITEM ( '' )  );
#289 = CARTESIAN_POINT ( 'NONE',  ( 5.299999999999990052, 4.784159143999949571, -4.079999999999789573 ) ) ;
#290 = CARTESIAN_POINT ( 'NONE',  ( 4.950000000000072120, 12.71957496777936036, -6.748147016353469141 ) ) ;
#291 = DIRECTION ( 'NONE',  ( -1.000000000000000000, 1.171453342316279939E-15, 0.0000000000000000000 ) ) ;
#292 = ORIENTED_EDGE ( 'NONE', *, *, #751, .F. ) ;
#293 = FACE_OUTER_BOUND ( 'NONE', #3471, .T. ) ;
#294 = CARTESIAN_POINT ( 'NONE',  ( 3.375000000000000000, 10.44999999999999929, 5.080000000000000071 ) ) ;
#295 = DIRECTION ( 'NONE',  ( 1.000000000000000000, 0.0000000000000000000, 0.0000000000000000000 ) ) ;
#296 = EDGE_CURVE ( 'NONE', #2619, #1640, #3209, .T. ) ;
#297 = EDGE_LOOP ( 'NONE', ( #3056, #3599, #45, #2237 ) ) ;
#298 = CARTESIAN_POINT ( 'NONE',  ( 10.25000000000000000, 6.199999999999998401, -6.880000000000001670 ) ) ;
#299 = CARTESIAN_POINT ( 'NONE',  ( 5.749999999997323030, 12.71195981187718260, -6.757797158873358967 ) ) ;
#300 = AXIS2_PLACEMENT_3D ( 'NONE', #2371, #286, #1642 ) ;
#301 = CARTESIAN_POINT ( 'NONE',  ( 3.451341823664733077, 11.45812853167969969, 5.080000000000000071 ) ) ;
#302 = EDGE_CURVE ( 'NONE', #4289, #1493, #153, .T. ) ;
#303 = EDGE_LOOP ( 'NONE', ( #1132, #430 ) ) ;
#304 = ORIENTED_EDGE ( 'NONE', *, *, #140, .F. ) ;
#305 = VECTOR ( 'NONE', #417, 1000.000000000000000 ) ;
#306 = LINE ( 'NONE', #606, #553 ) ;
#307 = CARTESIAN_POINT ( 'NONE',  ( 7.248658176335226244, 11.45812853167969614, -5.080000000000000071 ) ) ;
#308 = EDGE_LOOP ( 'NONE', ( #3449, #2551, #598, #3742, #1819, #1429, #1286, #2945 ) ) ;
#309 = CIRCLE ( 'NONE', #3361, 1.974999999999999423 ) ;
#310 = ADVANCED_FACE ( 'NONE', ( #1097 ), #1785, .F. ) ;
#311 = ORIENTED_EDGE ( 'NONE', *, *, #3931, .T. ) ;
#312 = VECTOR ( 'NONE', #897, 1000.000000000000000 ) ;
#313 = CARTESIAN_POINT ( 'NONE',  ( 5.500000000000005329, -0.05000000078161020295, -4.579999999999860627 ) ) ;
#314 = CARTESIAN_POINT ( 'NONE',  ( 8.289638583737172439, 13.74631306408208964, -7.620000000000000107 ) ) ;
#315 = CARTESIAN_POINT ( 'NONE',  ( 5.299999999999999822, -3.700000000000009948, -5.379999999999999893 ) ) ;
#316 = VERTEX_POINT ( 'NONE', #438 ) ;
#317 = VECTOR ( 'NONE', #3157, 1000.000000000000000 ) ;
#318 = CARTESIAN_POINT ( 'NONE',  ( 3.450447775674257755, 11.45044927442903138, -3.799104448651466015 ) ) ;
#319 = DIRECTION ( 'NONE',  ( 0.0000000000000000000, 0.0000000000000000000, 1.000000000000000000 ) ) ;
#320 = DIRECTION ( 'NONE',  ( 1.000000000000000000, -0.0000000000000000000, 0.0000000000000000000 ) ) ;
#321 = CARTESIAN_POINT ( 'NONE',  ( 5.749999999999930722, 12.72947253920396449, 6.727765679071598726 ) ) ;
#322 = COORDINATED_UNIVERSAL_TIME_OFFSET ( 0, 0, .AHEAD. ) ;
#323 = AXIS2_PLACEMENT_3D ( 'NONE', #1096, #3502, #2397 ) ;
#324 = ORIENTED_EDGE ( 'NONE', *, *, #2628, .T. ) ;
#325 = PRODUCT_DEFINITION_SHAPE ( 'NONE', 'NONE',  #4414 ) ;
#326 = CARTESIAN_POINT ( 'NONE',  ( 0.0000000000000000000, 0.0000000000000000000, 7.620000000000000107 ) ) ;
#327 = DIRECTION ( 'NONE',  ( -1.794541526872530066E-14, 0.0000000000000000000, 1.000000000000000000 ) ) ;
#328 = DIRECTION ( 'NONE',  ( 1.000000000000000000, 0.0000000000000000000, 0.0000000000000000000 ) ) ;
#329 = CARTESIAN_POINT ( 'NONE',  ( 9.646410161513776060, -4.625929269271485322E-15, -8.220000000000002416 ) ) ;
#330 = ORIENTED_EDGE ( 'NONE', *, *, #425, .T. ) ;
#331 = ORIENTED_EDGE ( 'NONE', *, *, #29, .F. ) ;
#332 = VERTEX_POINT ( 'NONE', #4221 ) ;
#333 = EDGE_CURVE ( 'NONE', #1442, #2435, #3495, .T. ) ;
#334 = FACE_OUTER_BOUND ( 'NONE', #3489, .T. ) ;
#335 = CARTESIAN_POINT ( 'NONE',  ( 5.749999999999999112, 11.93499999999701977, -1.799211327335711763 ) ) ;
#336 = ORIENTED_EDGE ( 'NONE', *, *, #1448, .F. ) ;
#337 = EDGE_LOOP ( 'NONE', ( #2523, #4283, #2646, #3220 ) ) ;
#338 = B_SPLINE_CURVE_WITH_KNOTS ( 'NONE', 3,
 ( #3891, #185, #1880, #2476 ),
 .UNSPECIFIED., .F., .F.,
 ( 4, 4 ),
 ( 2.734154237450285287E-15, 0.0007166189195523935693 ),
 .UNSPECIFIED. ) ;
#339 = ADVANCED_FACE ( 'NONE', ( #3898 ), #3945, .F. ) ;
#340 = DIRECTION ( 'NONE',  ( -2.501911041408800138E-16, -1.000000000000000000, 0.0000000000000000000 ) ) ;
#341 = CARTESIAN_POINT ( 'NONE',  ( 4.949999999999991296, 12.73499999999999943, -6.692082860990527848 ) ) ;
#342 = VECTOR ( 'NONE', #2563, 1000.000000000000000 ) ;
#343 = LINE ( 'NONE', #3454, #4078 ) ;
#344 = ORIENTED_EDGE ( 'NONE', *, *, #992, .F. ) ;
#345 =( GEOMETRIC_REPRESENTATION_CONTEXT ( 3 ) GLOBAL_UNCERTAINTY_ASSIGNED_CONTEXT ( ( #841 ) ) GLOBAL_UNIT_ASSIGNED_CONTEXT ( ( #1279, #2930, #2557 ) ) REPRESENTATION_CONTEXT ( 'NONE', 'WORKASPACE' ) );
#346 = CARTESIAN_POINT ( 'NONE',  ( 3.450447775674257755, 11.45044927442903138, -4.652561102667490761E-16 ) ) ;
#347 = DIRECTION ( 'NONE',  ( -0.8164965809277258124, 0.4082482904638637389, 0.4082482904638625176 ) ) ;
#348 = DIRECTION ( 'NONE',  ( -2.501911041408800138E-16, -1.000000000000000000, 0.0000000000000000000 ) ) ;
#349 = APPLICATION_PROTOCOL_DEFINITION ( 'international standard', 'config_control_design', 1994, #2921 ) ;
#350 = ORIENTED_EDGE ( 'NONE', *, *, #3497, .F. ) ;
#351 = APPROVAL ( #3808, 'UNKNOWN' ) ;
#352 = DIRECTION ( 'NONE',  ( -0.6666666666666660745, -0.6666666666666671848, 0.3333333333333335924 ) ) ;
#353 = CARTESIAN_POINT ( 'NONE',  ( 3.451341823670963205, 11.45812853167897316, 1.282683647341947175 ) ) ;
#354 = LINE ( 'NONE', #4398, #3244 ) ;
#355 = ORIENTED_EDGE ( 'NONE', *, *, #1070, .T. ) ;
#356 = ORIENTED_EDGE ( 'NONE', *, *, #4290, .F. ) ;
#357 = PLANE ( 'NONE',  #2814 ) ;
#358 = ORIENTED_EDGE ( 'NONE', *, *, #619, .F. ) ;
#359 = ADVANCED_FACE ( 'NONE', ( #1217 ), #197, .F. ) ;
#360 = ORIENTED_EDGE ( 'NONE', *, *, #1884, .T. ) ;
#361 = CARTESIAN_POINT ( 'NONE',  ( 5.349999999999989875, 11.45812853167969791, 0.0000000000000000000 ) ) ;
#362 = CARTESIAN_POINT ( 'NONE',  ( 3.689038437082761579, 12.73500000000000121, 5.079999993485741605 ) ) ;
#363 = CARTESIAN_POINT ( 'NONE',  ( 10.25000000000000000, 1.699999999999999956, -1.799999999999999822 ) ) ;
#364 = ORIENTED_EDGE ( 'NONE', *, *, #2341, .T. ) ;
#365 = EDGE_CURVE ( 'NONE', #2205, #2789, #3642, .T. ) ;
#366 = CARTESIAN_POINT ( 'NONE',  ( 7.249999999999991118, 11.43499999999999694, 2.326828918379971858E-16 ) ) ;
#367 = DIRECTION ( 'NONE',  ( -1.734723475976807410E-14, 0.0000000000000000000, 1.000000000000000000 ) ) ;
#368 = DIRECTION ( 'NONE',  ( -1.794541526872530066E-14, -1.794541526872519968E-14, 1.000000000000000000 ) ) ;
#369 = APPROVAL_DATE_TIME ( #3019, #3106 ) ;
#370 = CARTESIAN_POINT ( 'NONE',  ( 6.521332732297200785, 12.73499999999999943, -3.659305001497700882 ) ) ;
#371 = ADVANCED_FACE ( 'NONE', ( #2895 ), #1371, .T. ) ;
#372 = ORIENTED_EDGE ( 'NONE', *, *, #1372, .T. ) ;
#373 = CARTESIAN_POINT ( 'NONE',  ( 5.299999999999994493, -2.700000000000005951, 0.5000000000000457412 ) ) ;
#374 = CARTESIAN_POINT ( 'NONE',  ( 7.249999999999991118, 11.43499999999999694, 1.279999999999997362 ) ) ;
#375 = CARTESIAN_POINT ( 'NONE',  ( 3.595871267840946128, 12.69953703111901611, -5.935603861191908415 ) ) ;
#376 = CARTESIAN_POINT ( 'NONE',  ( 4.950000000000155609, 12.69733902327529407, -1.693307792453387917 ) ) ;
#377 = ORIENTED_EDGE ( 'NONE', *, *, #3756, .F. ) ;
#378 = ORIENTED_EDGE ( 'NONE', *, *, #4049, .T. ) ;
#379 = AXIS2_PLACEMENT_3D ( 'NONE', #3567, #607, #524 ) ;
#380 = FACE_OUTER_BOUND ( 'NONE', #1308, .T. ) ;
#381 = CARTESIAN_POINT ( 'NONE',  ( 5.349999999999982769, 12.64656426582178206, 0.0000000000000000000 ) ) ;
#382 = VERTEX_POINT ( 'NONE', #1891 ) ;
#383 = AXIS2_PLACEMENT_3D ( 'NONE', #3260, #3218, #914 ) ;
#384 = ORIENTED_EDGE ( 'NONE', *, *, #1962, .F. ) ;
#385 = EDGE_CURVE ( 'NONE', #1587, #1151, #464, .T. ) ;
#386 = VECTOR ( 'NONE', #4191, 1000.000000000000000 ) ;
#387 = DIRECTION ( 'NONE',  ( -1.000000000000000000, 0.0000000000000000000, -0.0000000000000000000 ) ) ;
#388 = DIRECTION ( 'NONE',  ( -1.000000000000000000, 0.0000000000000000000, 0.0000000000000000000 ) ) ;
#389 = ORIENTED_EDGE ( 'NONE', *, *, #1427, .T. ) ;
#390 = CARTESIAN_POINT ( 'NONE',  ( 5.749999999999869438, 12.73279737082328467, -3.443543654667311937 ) ) ;
#391 = ORIENTED_EDGE ( 'NONE', *, *, #1864, .T. ) ;
#392 = CARTESIAN_POINT ( 'NONE',  ( 4.949999999999999289, 12.64656426582933335, -3.365753203231379498 ) ) ;
#393 = CONICAL_SURFACE ( 'NONE', #4355, 1.898658176322939983, 0.1159019745381328903 ) ;
#394 = ADVANCED_FACE ( 'NONE', ( #2630 ), #1241, .F. ) ;
#395 = CYLINDRICAL_SURFACE ( 'NONE', #22, 1.975000000000000089 ) ;
#396 = CARTESIAN_POINT ( 'NONE',  ( 9.250000000000000000, 2.200000000000010836, 6.379999999999998117 ) ) ;
#397 = CARTESIAN_POINT ( 'NONE',  ( 5.299999999999995381, -0.05000000078161231931, 5.580000000000127969 ) ) ;
#398 = VECTOR ( 'NONE', #2805, 1000.000000000000114 ) ;
#399 = CALENDAR_DATE ( 2019, 21, 10 ) ;
#400 = LINE ( 'NONE', #4128, #818 ) ;
#401 = ORIENTED_EDGE ( 'NONE', *, *, #3996, .F. ) ;
#402 = EDGE_CURVE ( 'NONE', #3682, #2136, #2587, .T. ) ;
#403 = CARTESIAN_POINT ( 'NONE',  ( 3.449999999999990408, 11.43500000000000050, 5.080000000000000071 ) ) ;
#404 = CARTESIAN_POINT ( 'NONE',  ( 4.126117196948061228, 12.64656426582076776, -6.609041406336344515 ) ) ;
#405 = VECTOR ( 'NONE', #2364, 1000.000000000000000 ) ;
#406 = VERTEX_POINT ( 'NONE', #175 ) ;
#407 = VERTEX_POINT ( 'NONE', #2564 ) ;
#408 = CIRCLE ( 'NONE', #3865, 1.760296020627533320 ) ;
#409 = DIRECTION ( 'NONE',  ( 1.794541526872530066E-14, 1.889646980599319876E-14, -1.000000000000000000 ) ) ;
#410 = VERTEX_POINT ( 'NONE', #4263 ) ;
#411 = DIRECTION ( 'NONE',  ( -2.501911041408800138E-16, -1.000000000000000000, 0.0000000000000000000 ) ) ;
#412 = CARTESIAN_POINT ( 'NONE',  ( 3.595871267845516250, 12.69953703112280508, -3.436474288652029066E-09 ) ) ;
#413 = CARTESIAN_POINT ( 'NONE',  ( 5.749999999999845457, 12.71295948527745345, 1.677530025091304111 ) ) ;
#414 = DIRECTION ( 'NONE',  ( -0.0000000000000000000, 0.0000000000000000000, 1.000000000000000000 ) ) ;
#415 = APPROVAL_PERSON_ORGANIZATION ( #1435, #1468, #3510 ) ;
#416 = ORIENTED_EDGE ( 'NONE', *, *, #3904, .T. ) ;
#417 = DIRECTION ( 'NONE',  ( 1.794541526872530066E-14, -0.0000000000000000000, -1.000000000000000000 ) ) ;
#418 = CIRCLE ( 'NONE', #1835, 0.3000000000000000444 ) ;
#419 = CARTESIAN_POINT ( 'NONE',  ( 3.650000000000416911, 11.23500000000000121, 5.080000000000000959 ) ) ;
#420 = CARTESIAN_POINT ( 'NONE',  ( 1.189999999999998392, 4.336808689942017736E-16, 7.620000000000000107 ) ) ;
#421 = CARTESIAN_POINT ( 'NONE',  ( 7.010966932452110889, 12.73499999999999766, 1.017048918658543783E-16 ) ) ;
#422 = SECURITY_CLASSIFICATION_LEVEL ( 'unclassified' ) ;
#423 = EDGE_LOOP ( 'NONE', ( #3637, #3231, #915, #786 ) ) ;
#424 = APPROVAL_PERSON_ORGANIZATION ( #2199, #2560, #4229 ) ;
#425 = EDGE_CURVE ( 'NONE', #3513, #974, #941, .T. ) ;
#426 = ORIENTED_EDGE ( 'NONE', *, *, #220, .F. ) ;
#427 = CARTESIAN_POINT ( 'NONE',  ( 7.248658176329018765, 11.45812853167897138, 5.079999999999999183 ) ) ;
#428 = CARTESIAN_POINT ( 'NONE',  ( 3.532842712474772107, 11.23499999999982180, 0.0000000000000000000 ) ) ;
#429 = EDGE_CURVE ( 'NONE', #1356, #2971, #3698, .T. ) ;
#430 = ORIENTED_EDGE ( 'NONE', *, *, #4240, .F. ) ;
#431 = ORIENTED_EDGE ( 'NONE', *, *, #134, .F. ) ;
#432 = FACE_BOUND ( 'NONE', #721, .T. ) ;
#433 = ORIENTED_EDGE ( 'NONE', *, *, #2593, .F. ) ;
#434 = ADVANCED_FACE ( 'NONE', ( #2400 ), #3779, .F. ) ;
#435 = ORIENTED_EDGE ( 'NONE', *, *, #302, .T. ) ;
#436 = CARTESIAN_POINT ( 'NONE',  ( 10.25000000000000000, 1.700000000000008393, 3.280000000000000249 ) ) ;
#437 = CARTESIAN_POINT ( 'NONE',  ( 4.949999999999991296, 12.73499999999999943, 6.692082860990527848 ) ) ;
#438 = CARTESIAN_POINT ( 'NONE',  ( 4.949999999999999289, 11.93499999999671601, -6.879211327335756465 ) ) ;
#439 = CARTESIAN_POINT ( 'NONE',  ( 8.014137117667083032, 12.73499999999999055, 3.902600228293234164 ) ) ;
#440 = APPROVAL ( #877, 'UNKNOWN' ) ;
#441 = DIRECTION ( 'NONE',  ( 3.334909476821824268E-28, 1.000000000000000000, 5.984633544517506745E-42 ) ) ;
#442 = CARTESIAN_POINT ( 'NONE',  ( 4.499999999999605649, -0.05000000078158019917, -5.880000000000057625 ) ) ;
#443 = CARTESIAN_POINT ( 'NONE',  ( 3.532842712474773883, 11.23499999999982180, -8.714314575050435607 ) ) ;
#444 = CARTESIAN_POINT ( 'NONE',  ( 7.249999999999991118, 11.44273112629124611, -5.080000000000002736 ) ) ;
#445 = CARTESIAN_POINT ( 'NONE',  ( 5.750000000000001776, 12.73499999999999943, 6.696418486921939639 ) ) ;
#446 = DATE_AND_TIME ( #2121, #3166 ) ;
#447 = DIRECTION ( 'NONE',  ( 0.4999999999999999445, 0.0000000000000000000, -0.8660254037844387076 ) ) ;
#448 = B_SPLINE_CURVE_WITH_KNOTS ( 'NONE', 3,
 ( #3165, #2203, #2515, #3576, #535, #3188, #144, #1862, #123, #3228, #3208, #1882, #1110, #2457, #788, #99 ),
 .UNSPECIFIED., .F., .F.,
 ( 4, 3, 3, 3, 3, 4 ),
 ( 0.0000000000000000000, 3.531517381903964990E-05, 7.066450544071375083E-05, 0.0001054618491224980484, 0.0001392987215212466057, 0.0001469974402480890444 ),
 .UNSPECIFIED. ) ;
#449 = ORIENTED_EDGE ( 'NONE', *, *, #492, .T. ) ;
#450 =( BOUNDED_SURFACE ( )  B_SPLINE_SURFACE ( 3, 3, ( 
 ( #774, #2798, #1034, #795 ),
 ( #749, #4137, #1809, #2048 ),
 ( #412, #3403, #1741, #1408 ),
 ( #1074, #2091, #2134, #1428 ) ),
 .UNSPECIFIED., .F., .F., .F. ) 
 B_SPLINE_SURFACE_WITH_KNOTS ( ( 4, 4 ),
 ( 4, 4 ),
 ( 0.0000000000000000000, 1.000000000000000000 ),
 ( 0.0000000000000000000, 1.000000000000000000 ),
 .UNSPECIFIED. ) 
 GEOMETRIC_REPRESENTATION_ITEM ( )  RATIONAL_B_SPLINE_SURFACE ( (
 ( 1.000000000000000000, 0.8538861257352946543, 0.8538861257352946543, 1.000000000000000000),
 ( 0.8312495820436721639, 0.7097924851303542004, 0.7097924851303542004, 0.8312495820436721639),
 ( 0.8312495820436721639, 0.7097924851303542004, 0.7097924851303542004, 0.8312495820436721639),
 ( 1.000000000000000000, 0.8538861257352946543, 0.8538861257352946543, 1.000000000000000000) ) ) 
 REPRESENTATION_ITEM ( '' )  SURFACE ( )  );
#451 = CARTESIAN_POINT ( 'NONE',  ( 5.349999999999982769, 12.64656426582178206, -5.080000000000000071 ) ) ;
#452 = EDGE_CURVE ( 'NONE', #3901, #4092, #2093, .T. ) ;
#453 = CARTESIAN_POINT ( 'NONE',  ( 4.949999999999991296, 12.73499999999999943, -6.692082860990527848 ) ) ;
#454 = EDGE_LOOP ( 'NONE', ( #1386, #2932, #679, #942, #4301, #2186 ) ) ;
#455 = ORIENTED_EDGE ( 'NONE', *, *, #1877, .T. ) ;
#456 = EDGE_CURVE ( 'NONE', #4306, #1351, #1766, .T. ) ;
#457 = LINE ( 'NONE', #3521, #848 ) ;
#458 = VERTEX_POINT ( 'NONE', #2467 ) ;
#459 = CARTESIAN_POINT ( 'NONE',  ( 10.25000000000000000, 6.199999999999990408, 7.620000000000000107 ) ) ;
#460 = EDGE_CURVE ( 'NONE', #236, #2000, #3107, .T. ) ;
#461 = DIRECTION ( 'NONE',  ( 0.0000000000000000000, 0.0000000000000000000, -1.000000000000000000 ) ) ;
#462 = DIRECTION ( 'NONE',  ( 1.000000000000000000, 0.0000000000000000000, 0.0000000000000000000 ) ) ;
#463 = CARTESIAN_POINT ( 'NONE',  ( 5.299999999999990052, -0.05000000078162009781, 0.8000000000001384892 ) ) ;
#464 = CIRCLE ( 'NONE', #1021, 1.760296020627533320 ) ;
#465 = VECTOR ( 'NONE', #1249, 1000.000000000000000 ) ;
#466 = CARTESIAN_POINT ( 'NONE',  ( 4.500000000000000000, 0.0000000000000000000, 7.620000000000000107 ) ) ;
#467 = CARTESIAN_POINT ( 'NONE',  ( 7.931257721594904275, 12.73499999999999588, -3.939228291230377099 ) ) ;
#468 = PERSON_AND_ORGANIZATION ( #4411, #194 ) ;
#469 = FACE_OUTER_BOUND ( 'NONE', #2383, .T. ) ;
#470 = DIRECTION ( 'NONE',  ( -0.4472135954999579832, 0.0000000000000000000, 0.8944271909999159664 ) ) ;
#471 = VECTOR ( 'NONE', #2355, 1000.000000000000000 ) ;
#472 = ORIENTED_EDGE ( 'NONE', *, *, #1615, .F. ) ;
#473 = AXIS2_PLACEMENT_3D ( 'NONE', #4206, #157, #1856 ) ;
#474 = CARTESIAN_POINT ( 'NONE',  ( 5.749999999999319655, 12.73298944267163257, -1.635789504932164018 ) ) ;
#475 = LINE ( 'NONE', #3250, #1242 ) ;
#476 = CARTESIAN_POINT ( 'NONE',  ( 4.499999999999984901, -0.05000000078162009781, 0.8000000000001240563 ) ) ;
#477 = CARTESIAN_POINT ( 'NONE',  ( 4.178667269030222009, 12.73499999999999943, -6.500694998831674454 ) ) ;
#478 = AXIS2_PLACEMENT_3D ( 'NONE', #689, #2032, #3384 ) ;
#479 = ORIENTED_EDGE ( 'NONE', *, *, #3774, .T. ) ;
#480 =( BOUNDED_CURVE ( )  B_SPLINE_CURVE ( 3, ( #654, #1264, #3619, #940 ),
 .UNSPECIFIED., .F., .T. ) 
 B_SPLINE_CURVE_WITH_KNOTS ( ( 4, 4 ),
 ( 0.0000000000000000000, 0.5000000007378365696 ),
 .UNSPECIFIED. ) 
 CURVE ( )  GEOMETRIC_REPRESENTATION_ITEM ( )  RATIONAL_B_SPLINE_CURVE ( ( 1.000000000000000000, 0.8584414864962361946, 0.8584414864962361946, 1.000000000000000000 ) ) 
 REPRESENTATION_ITEM ( '' )  );
#481 = CARTESIAN_POINT ( 'NONE',  ( 3.650000000000296563, 11.23499999999999943, -3.399999999999388844 ) ) ;
#482 = ORIENTED_EDGE ( 'NONE', *, *, #2827, .T. ) ;
#483 = CARTESIAN_POINT ( 'NONE',  ( 5.701341293122920817, 12.73499999999999766, 1.623382409183404373 ) ) ;
#484 = AXIS2_PLACEMENT_3D ( 'NONE', #3694, #268, #3380 ) ;
#485 = ADVANCED_FACE ( 'NONE', ( #3131 ), #3825, .T. ) ;
#486 = DIRECTION ( 'NONE',  ( -1.000000000000000000, 0.0000000000000000000, 0.0000000000000000000 ) ) ;
#487 = DIRECTION ( 'NONE',  ( -0.9610693039298836560, 0.2763074248798411681, 0.0000000000000000000 ) ) ;
#488 = DIRECTION ( 'NONE',  ( -0.8660254037844358210, 0.0000000000000000000, 0.5000000000000048850 ) ) ;
#489 = CARTESIAN_POINT ( 'NONE',  ( 4.950000000000000178, 12.40938025448233084, 1.742602432482177388 ) ) ;
#490 = VERTEX_POINT ( 'NONE', #1454 ) ;
#491 = CARTESIAN_POINT ( 'NONE',  ( 8.289638583737172439, 13.74631306408208964, 7.620000000000000107 ) ) ;
#492 = EDGE_CURVE ( 'NONE', #254, #657, #3506, .T. ) ;
#493 = FACE_OUTER_BOUND ( 'NONE', #623, .T. ) ;
#494 = LINE ( 'NONE', #2535, #2089 ) ;
#495 = DATE_TIME_ROLE ( 'creation_date' ) ;
#496 = VERTEX_POINT ( 'NONE', #491 ) ;
#497 = ADVANCED_FACE ( 'NONE', ( #1853 ), #3512, .T. ) ;
#498 = CONICAL_SURFACE ( 'NONE', #4177, 1.898658176322939983, 0.1159019745381328903 ) ;
#499 = DIRECTION ( 'NONE',  ( 0.1156426583973908656, -0.9932908816448403622, -2.072924102819404399E-31 ) ) ;
#500 = CARTESIAN_POINT ( 'NONE',  ( 5.750000000000003553, 12.65751425528054419, 6.792937712264714101 ) ) ;
#501 = CARTESIAN_POINT ( 'NONE',  ( 7.049999999999688960, 11.23499999999999588, 8.479999999999391136 ) ) ;
#502 = AXIS2_PLACEMENT_3D ( 'NONE', #595, #1942, #3295 ) ;
#503 = ORIENTED_EDGE ( 'NONE', *, *, #456, .F. ) ;
#504 = CC_DESIGN_DATE_AND_TIME_ASSIGNMENT ( #4207, #3828, ( #1964 ) ) ;
#505 = CARTESIAN_POINT ( 'NONE',  ( 4.950000000000698286, 12.68816249061464596, 3.380054170590902629 ) ) ;
#506 = CC_DESIGN_SECURITY_CLASSIFICATION ( #1964, ( #2172 ) ) ;
#507 = CARTESIAN_POINT ( 'NONE',  ( 7.167157287525209419, 11.23499999999981824, -3.634314575050435980 ) ) ;
#508 = FACE_OUTER_BOUND ( 'NONE', #2991, .T. ) ;
#509 = DIRECTION ( 'NONE',  ( -0.0000000000000000000, 0.0000000000000000000, 1.000000000000000000 ) ) ;
#510 = DIRECTION ( 'NONE',  ( -1.794541526872530066E-14, 0.0000000000000000000, 1.000000000000000000 ) ) ;
#511 = PLANE ( 'NONE',  #2434 ) ;
#512 = EDGE_CURVE ( 'NONE', #1599, #1174, #1126, .T. ) ;
#513 = FACE_OUTER_BOUND ( 'NONE', #4350, .T. ) ;
#514 = DIRECTION ( 'NONE',  ( 0.0000000000000000000, -0.0000000000000000000, -1.000000000000000000 ) ) ;
#515 = EDGE_CURVE ( 'NONE', #2546, #2619, #1064, .T. ) ;
#516 = PERSON_AND_ORGANIZATION ( #4411, #194 ) ;
#517 = LINE ( 'NONE', #2165, #3592 ) ;
#518 = CARTESIAN_POINT ( 'NONE',  ( 4.949999999999991296, 12.73499999999999943, -1.612082860990528665 ) ) ;
#519 = EDGE_CURVE ( 'NONE', #3050, #2578, #2865, .T. ) ;
#520 = CARTESIAN_POINT ( 'NONE',  ( 9.646410161513777837, 6.599999999999994316, -8.220000000000002416 ) ) ;
#521 = ORIENTED_EDGE ( 'NONE', *, *, #3900, .F. ) ;
#522 = CARTESIAN_POINT ( 'NONE',  ( 10.25000000000000000, 0.0000000000000000000, -0.5041960109771828069 ) ) ;
#523 = CARTESIAN_POINT ( 'NONE',  ( 8.289638583737175992, 13.74631306408207365, 7.620000000000000107 ) ) ;
#524 = DIRECTION ( 'NONE',  ( -1.000000000000000000, 0.0000000000000000000, -0.0000000000000000000 ) ) ;
#525 = CARTESIAN_POINT ( 'NONE',  ( 10.25000000000000000, 0.0000000000000000000, -7.620000000000000107 ) ) ;
#526 = ORIENTED_EDGE ( 'NONE', *, *, #2456, .F. ) ;
#527 = VECTOR ( 'NONE', #3421, 1000.000000000000000 ) ;
#528 = CARTESIAN_POINT ( 'NONE',  ( 5.349999999999980105, 11.45812853178540713, -5.080000000000000071 ) ) ;
#529 = DIRECTION ( 'NONE',  ( -0.0000000000000000000, -1.000000000000000000, -0.0000000000000000000 ) ) ;
#530 = AXIS2_PLACEMENT_3D ( 'NONE', #2309, #3677, #3394 ) ;
#531 = ORIENTED_EDGE ( 'NONE', *, *, #4081, .T. ) ;
#532 = EDGE_CURVE ( 'NONE', #3696, #1640, #3578, .T. ) ;
#533 = CARTESIAN_POINT ( 'NONE',  ( 4.949999999999999289, 12.64656426582875959, -6.794246796764900509 ) ) ;
#534 = CIRCLE ( 'NONE', #2992, 1.900000000000000133 ) ;
#535 = CARTESIAN_POINT ( 'NONE',  ( 4.950000000000678746, 12.72522597148189583, 6.738022933191346375 ) ) ;
#536 = ORIENTED_EDGE ( 'NONE', *, *, #1864, .F. ) ;
#537 = VECTOR ( 'NONE', #2484, 1000.000000000000000 ) ;
#538 = EDGE_CURVE ( 'NONE', #4325, #4173, #4351, .T. ) ;
#539 = CARTESIAN_POINT ( 'NONE',  ( 7.249999999999992006, 11.31784271247447471, -3.800000000000002043 ) ) ;
#540 = EDGE_LOOP ( 'NONE', ( #1958, #552, #74, #3256 ) ) ;
#541 = CIRCLE ( 'NONE', #4086, 0.2000000000000000944 ) ;
#542 = FACE_OUTER_BOUND ( 'NONE', #3614, .T. ) ;
#543 = CARTESIAN_POINT ( 'NONE',  ( 4.950000000002678924, 12.70467874844269929, -3.393181258116368948 ) ) ;
#544 = CARTESIAN_POINT ( 'NONE',  ( 3.595871267840948349, 12.69953703111901433, 8.673617379884036458E-16 ) ) ;
#545 = AXIS2_PLACEMENT_3D ( 'NONE', #4220, #2174, #2235 ) ;
#546 = CARTESIAN_POINT ( 'NONE',  ( 3.449999999999989964, 11.44273112629124967, -8.879999999999999005 ) ) ;
#547 = CARTESIAN_POINT ( 'NONE',  ( 8.014137117667079480, 12.73499999999999410, -6.257399771706763758 ) ) ;
#548 = APPROVAL_ROLE ( '' ) ;
#549 = CARTESIAN_POINT ( 'NONE',  ( 3.650000000000416911, 11.23500000000000121, 0.0000000000000000000 ) ) ;
#550 = CARTESIAN_POINT ( 'NONE',  ( 5.299999999999999822, -5.750000000781589904, -0.4999999999999839573 ) ) ;
#551 = EDGE_CURVE ( 'NONE', #1377, #1682, #1025, .T. ) ;
#552 = ORIENTED_EDGE ( 'NONE', *, *, #1423, .F. ) ;
#553 = VECTOR ( 'NONE', #2629, 1000.000000000000114 ) ;
#554 = DIRECTION ( 'NONE',  ( -1.734723475976807410E-14, -8.876905287225069131E-15, 1.000000000000000000 ) ) ;
#555 = EDGE_CURVE ( 'NONE', #3731, #808, #2406, .T. ) ;
#556 = VERTEX_POINT ( 'NONE', #3411 ) ;
#557 = PRODUCT_DEFINITION_FORMATION_WITH_SPECIFIED_SOURCE ( 'ANY', '', #70, .NOT_KNOWN. ) ;
#558 = VERTEX_POINT ( 'NONE', #803 ) ;
#559 = DIRECTION ( 'NONE',  ( -1.000000000000000000, 3.334909476821824268E-28, -1.794541526872530066E-14 ) ) ;
#560 = DIRECTION ( 'NONE',  ( -0.6666666666666660745, -0.6666666666666671848, -0.3333333333333335924 ) ) ;
#561 = ADVANCED_FACE ( 'NONE', ( #3785 ), #2055, .T. ) ;
#562 = VERTEX_POINT ( 'NONE', #44 ) ;
#563 = VERTEX_POINT ( 'NONE', #117 ) ;
#564 = CARTESIAN_POINT ( 'NONE',  ( 3.450447775674257755, 11.45044927442903138, -5.080000000000001847 ) ) ;
#565 = DIRECTION ( 'NONE',  ( 1.000000000000000000, -1.171453342316279939E-15, -1.931148907734990011E-16 ) ) ;
#566 = DATE_AND_TIME ( #2550, #2311 ) ;
#567 = DIRECTION ( 'NONE',  ( -0.0000000000000000000, 0.0000000000000000000, -1.000000000000000000 ) ) ;
#568 = ORIENTED_EDGE ( 'NONE', *, *, #3639, .T. ) ;
#569 = CARTESIAN_POINT ( 'NONE',  ( 5.749999999995260680, 12.68578847567073353, -1.700703200956241945 ) ) ;
#570 = FACE_OUTER_BOUND ( 'NONE', #188, .T. ) ;
#571 = DIRECTION ( 'NONE',  ( 1.000000000000000000, 0.0000000000000000000, 0.0000000000000000000 ) ) ;
#572 = ORIENTED_EDGE ( 'NONE', *, *, #1990, .F. ) ;
#573 = ORIENTED_EDGE ( 'NONE', *, *, #2768, .T. ) ;
#574 = LINE ( 'NONE', #3660, #1807 ) ;
#575 = CARTESIAN_POINT ( 'NONE',  ( 4.499999999999992006, 0.0000000000000000000, -4.575803989022737106 ) ) ;
#576 = CARTESIAN_POINT ( 'NONE',  ( 4.949999999999999289, 11.93499999999671601, -1.799211327335755950 ) ) ;
#577 = ORIENTED_EDGE ( 'NONE', *, *, #2923, .T. ) ;
#578 = VERTEX_POINT ( 'NONE', #2139 ) ;
#579 = EDGE_LOOP ( 'NONE', ( #3957, #2767, #1260, #2698 ) ) ;
#580 = EDGE_CURVE ( 'NONE', #3773, #2833, #2762, .T. ) ;
#581 = CARTESIAN_POINT ( 'NONE',  ( 5.349999999999989875, 12.73499999999999943, 5.080000000000000071 ) ) ;
#582 = DIRECTION ( 'NONE',  ( -1.171453342316279939E-15, -1.000000000000000000, -0.0000000000000000000 ) ) ;
#583 = CARTESIAN_POINT ( 'NONE',  ( 4.950000000000678746, 12.73298944267163257, -3.444210495067834277 ) ) ;
#584 = ORIENTED_EDGE ( 'NONE', *, *, #2504, .T. ) ;
#585 = ORIENTED_EDGE ( 'NONE', *, *, #3181, .F. ) ;
#586 = CARTESIAN_POINT ( 'NONE',  ( 7.248658176329016989, 11.45812853167897138, 3.797316352658055560 ) ) ;
#587 = EDGE_CURVE ( 'NONE', #490, #3493, #2359, .T. ) ;
#588 = FACE_BOUND ( 'NONE', #1633, .T. ) ;
#589 = CARTESIAN_POINT ( 'NONE',  ( 4.950000000000155609, 12.69733902327529407, -6.773307792453387322 ) ) ;
#590 = DIRECTION ( 'NONE',  ( -1.000000000000000000, 0.0000000000000000000, -0.0000000000000000000 ) ) ;
#591 = VERTEX_POINT ( 'NONE', #3829 ) ;
#592 = CARTESIAN_POINT ( 'NONE',  ( 3.375000000000000000, 11.23499999999999943, -5.080000000000000071 ) ) ;
#593 = CARTESIAN_POINT ( 'NONE',  ( 3.650000000000294342, 11.23500000000000121, -8.479999999999387583 ) ) ;
#594 = LINE ( 'NONE', #1327, #4282 ) ;
#595 = CARTESIAN_POINT ( 'NONE',  ( 5.499999999999589662, -0.05000000078158019917, -0.8000000000000410116 ) ) ;
#596 = AXIS2_PLACEMENT_3D ( 'NONE', #476, #4235, #3892 ) ;
#597 = EDGE_LOOP ( 'NONE', ( #3028, #1397, #2685, #3816 ) ) ;
#598 = ORIENTED_EDGE ( 'NONE', *, *, #3754, .F. ) ;
#599 = AXIS2_PLACEMENT_3D ( 'NONE', #3661, #3368, #3960 ) ;
#600 = LINE ( 'NONE', #2979, #2852 ) ;
#601 = CARTESIAN_POINT ( 'NONE',  ( 5.749999999999992895, 12.73499999999999943, -6.692082860990527848 ) ) ;
#602 = CARTESIAN_POINT ( 'NONE',  ( 0.8320428331024306567, 2.168404344971008868E-16, 7.000000000000000888 ) ) ;
#603 = VECTOR ( 'NONE', #713, 1000.000000000000000 ) ;
#604 = ORIENTED_EDGE ( 'NONE', *, *, #2095, .F. ) ;
#605 = VECTOR ( 'NONE', #729, 1000.000000000000000 ) ;
#606 = CARTESIAN_POINT ( 'NONE',  ( 1.810000000000000053, -3.469446951953614189E-15, 7.620000000000000107 ) ) ;
#607 = DIRECTION ( 'NONE',  ( 0.0000000000000000000, 0.0000000000000000000, -1.000000000000000000 ) ) ;
#608 = ORIENTED_EDGE ( 'NONE', *, *, #1696, .F. ) ;
#609 = ORIENTED_EDGE ( 'NONE', *, *, #910, .F. ) ;
#610 = ADVANCED_FACE ( 'NONE', ( #1143 ), #93, .F. ) ;
#611 = ORIENTED_EDGE ( 'NONE', *, *, #1152, .F. ) ;
#612 = AXIS2_PLACEMENT_3D ( 'NONE', #1872, #1542, #2469 ) ;
#613 = DIRECTION ( 'NONE',  ( -9.136576017787373527E-16, -1.000000000000000000, -2.086925533220184338E-31 ) ) ;
#614 = LINE ( 'NONE', #3333, #4160 ) ;
#615 = PLANE ( 'NONE',  #2859 ) ;
#616 = VECTOR ( 'NONE', #3193, 1000.000000000000000 ) ;
#617 = ORIENTED_EDGE ( 'NONE', *, *, #3837, .T. ) ;
#618 = DIRECTION ( 'NONE',  ( 1.000000000000000000, 0.0000000000000000000, 1.794541526872530066E-14 ) ) ;
#619 = EDGE_CURVE ( 'NONE', #682, #1834, #3766, .T. ) ;
#620 = LINE ( 'NONE', #1965, #1871 ) ;
#621 = CARTESIAN_POINT ( 'NONE',  ( 0.0000000000000000000, 0.0000000000000000000, -10.16000000000000014 ) ) ;
#622 = EDGE_CURVE ( 'NONE', #1066, #2369, #400, .T. ) ;
#623 = EDGE_LOOP ( 'NONE', ( #2031, #2317, #2659, #866 ) ) ;
#624 = ORIENTED_EDGE ( 'NONE', *, *, #3120, .T. ) ;
#625 = DIRECTION ( 'NONE',  ( 1.224646799147353207E-16, -1.434616586018100824E-31, -1.000000000000000000 ) ) ;
#626 = DIRECTION ( 'NONE',  ( -2.501911041408800138E-16, -1.000000000000000000, 0.0000000000000000000 ) ) ;
#627 = DIRECTION ( 'NONE',  ( -0.0000000000000000000, 0.9805806756909201116, 0.1961161351381840168 ) ) ;
#628 = CC_DESIGN_APPROVAL ( #1468, ( #1964 ) ) ;
#629 = ORIENTED_EDGE ( 'NONE', *, *, #1490, .T. ) ;
#630 = VERTEX_POINT ( 'NONE', #760 ) ;
#631 = CIRCLE ( 'NONE', #1187, 0.2999999999999999334 ) ;
#632 = DIRECTION ( 'NONE',  ( -1.000000000000000000, 9.136576017758483468E-16, 0.0000000000000000000 ) ) ;
#633 = CARTESIAN_POINT ( 'NONE',  ( 8.085622008323129606, 12.64656426582414461, -1.208992099812091991 ) ) ;
#634 = ORIENTED_EDGE ( 'NONE', *, *, #2903, .T. ) ;
#635 = VECTOR ( 'NONE', #1776, 1000.000000000000000 ) ;
#636 = EDGE_LOOP ( 'NONE', ( #1693, #2492, #1159, #1952 ) ) ;
#637 = EDGE_CURVE ( 'NONE', #2326, #3801, #1750, .T. ) ;
#638 = FACE_OUTER_BOUND ( 'NONE', #3349, .T. ) ;
#639 = CARTESIAN_POINT ( 'NONE',  ( 5.749999999999999112, 11.93499999999701977, 3.280788672664288530 ) ) ;
#640 = DIRECTION ( 'NONE',  ( -0.8944271909999154113, 0.4472135954999587604, 0.0000000000000000000 ) ) ;
#641 = ORIENTED_EDGE ( 'NONE', *, *, #3148, .T. ) ;
#642 = SHAPE_REPRESENTATION ( 'CUI_DEVICES_TB007-508-12GR', ( #3172, #3391, #4389, #3546, #1551 ), #2882 ) ;
#643 = CARTESIAN_POINT ( 'NONE',  ( 1.249999999999999334, 10.00000000000000000, 7.620000000000000107 ) ) ;
#644 = CARTESIAN_POINT ( 'NONE',  ( 7.249999999999993783, 11.31784271247447471, -1.279999999999996474 ) ) ;
#645 = LINE ( 'NONE', #251, #46 ) ;
#646 = ORIENTED_EDGE ( 'NONE', *, *, #707, .F. ) ;
#647 = FACE_OUTER_BOUND ( 'NONE', #2415, .T. ) ;
#648 = CARTESIAN_POINT ( 'NONE',  ( 7.049999999999990052, 11.43499999999999694, -5.080000000000000959 ) ) ;
#649 = EDGE_CURVE ( 'NONE', #3300, #259, #1186, .T. ) ;
#650 = CARTESIAN_POINT ( 'NONE',  ( 5.749999999997323030, 12.71935702003381508, -6.748631667042421789 ) ) ;
#651 = LINE ( 'NONE', #3344, #2673 ) ;
#652 = VERTEX_POINT ( 'NONE', #3556 ) ;
#653 = ORIENTED_EDGE ( 'NONE', *, *, #551, .T. ) ;
#654 = CARTESIAN_POINT ( 'NONE',  ( 4.949999999999991296, 12.73499999999999943, -3.467917139009471406 ) ) ;
#655 = VERTEX_POINT ( 'NONE', #3907 ) ;
#656 = ORIENTED_EDGE ( 'NONE', *, *, #3426, .T. ) ;
#657 = VERTEX_POINT ( 'NONE', #1917 ) ;
#658 = CARTESIAN_POINT ( 'NONE',  ( 7.249999999999994671, 11.43499999999999694, 8.880000000000002558 ) ) ;
#659 = CARTESIAN_POINT ( 'NONE',  ( 4.949999999999999289, 12.64656426582933335, 6.794246796768621088 ) ) ;
#660 = DIRECTION ( 'NONE',  ( -2.501911041408800138E-16, -1.000000000000000000, 0.0000000000000000000 ) ) ;
#661 = CARTESIAN_POINT ( 'NONE',  ( 5.749999999999845457, 12.69733902327550368, -3.386692207546787792 ) ) ;
#662 = EDGE_LOOP ( 'NONE', ( #531, #4337, #604, #3262, #3476, #391 ) ) ;
#663 = CARTESIAN_POINT ( 'NONE',  ( 2.932077519087679995, 11.23499999999999943, -143.2560000000000002 ) ) ;
#664 = CARTESIAN_POINT ( 'NONE',  ( 4.950000000000133404, 12.73473344514864536, -1.620762266914828942 ) ) ;
#665 = DESIGN_CONTEXT ( 'detailed design', #4044, 'design' ) ;
#666 = DIRECTION ( 'NONE',  ( 1.000000000000000000, 0.0000000000000000000, 0.0000000000000000000 ) ) ;
#667 = EDGE_CURVE ( 'NONE', #1492, #767, #2512, .T. ) ;
#668 = ORIENTED_EDGE ( 'NONE', *, *, #1928, .T. ) ;
#669 = CARTESIAN_POINT ( 'NONE',  ( 8.250000000000000000, 14.00000000000000000, 7.620000000000000107 ) ) ;
#670 = CARTESIAN_POINT ( 'NONE',  ( 5.750000000000000000, 12.73499999999999943, -6.703854585596242366 ) ) ;
#671 = CIRCLE ( 'NONE', #2493, 1.760296020627533320 ) ;
#672 = PLANE ( 'NONE',  #2818 ) ;
#673 = ORIENTED_EDGE ( 'NONE', *, *, #2449, .F. ) ;
#674 = ADVANCED_FACE ( 'NONE', ( #4231 ), #219, .T. ) ;
#675 = VERTEX_POINT ( 'NONE', #1563 ) ;
#676 = VECTOR ( 'NONE', #441, 1000.000000000000000 ) ;
#677 = CARTESIAN_POINT ( 'NONE',  ( 5.500000000000000000, -0.05000000078162009781, -4.279999999999859916 ) ) ;
#678 = CARTESIAN_POINT ( 'NONE',  ( 9.250000000000000000, 6.299999999999990052, -6.379999999999999893 ) ) ;
#679 = ORIENTED_EDGE ( 'NONE', *, *, #3557, .T. ) ;
#680 = AXIS2_PLACEMENT_3D ( 'NONE', #4366, #319, #3017 ) ;
#681 = ORIENTED_EDGE ( 'NONE', *, *, #4348, .F. ) ;
#682 = VERTEX_POINT ( 'NONE', #2163 ) ;
#683 = CIRCLE ( 'NONE', #1032, 0.2999999999999999334 ) ;
#684 = FACE_OUTER_BOUND ( 'NONE', #703, .T. ) ;
#685 = DIRECTION ( 'NONE',  ( 0.0000000000000000000, 1.000000000000000000, 1.889646980599319876E-14 ) ) ;
#686 = VERTEX_POINT ( 'NONE', #4295 ) ;
#687 = DIRECTION ( 'NONE',  ( 1.171453342316279939E-15, 1.000000000000000000, 0.0000000000000000000 ) ) ;
#688 = VECTOR ( 'NONE', #4397, 1000.000000000000000 ) ;
#689 = CARTESIAN_POINT ( 'NONE',  ( 5.300000000000020250, -0.05000000078158019917, -0.8000000000000445644 ) ) ;
#690 = LINE ( 'NONE', #1123, #3284 ) ;
#691 = CARTESIAN_POINT ( 'NONE',  ( 7.049999999999561950, 11.23499999999999766, 1.249139735130075885E-16 ) ) ;
#692 = COORDINATED_UNIVERSAL_TIME_OFFSET ( 0, 0, .AHEAD. ) ;
#693 = AXIS2_PLACEMENT_3D ( 'NONE', #1754, #1775, #3090 ) ;
#694 = ORIENTED_EDGE ( 'NONE', *, *, #1477, .F. ) ;
#695 = PLANE ( 'NONE',  #599 ) ;
#696 = DIRECTION ( 'NONE',  ( 1.000000000000000000, -3.338853781347929776E-28, 1.794541526872530066E-14 ) ) ;
#697 = EDGE_CURVE ( 'NONE', #3493, #490, #1654, .T. ) ;
#698 = CARTESIAN_POINT ( 'NONE',  ( 3.650000000000295231, 11.23500000000000121, 0.0000000000000000000 ) ) ;
#699 = ORIENTED_EDGE ( 'NONE', *, *, #3736, .F. ) ;
#700 = ORIENTED_EDGE ( 'NONE', *, *, #722, .F. ) ;
#701 = EDGE_CURVE ( 'NONE', #1404, #1846, #2219, .T. ) ;
#702 = DIRECTION ( 'NONE',  ( 0.0000000000000000000, 1.000000000000000000, 0.0000000000000000000 ) ) ;
#703 = EDGE_LOOP ( 'NONE', ( #949, #3008, #287, #2946 ) ) ;
#704 = ORIENTED_EDGE ( 'NONE', *, *, #277, .F. ) ;
#705 = AXIS2_PLACEMENT_3D ( 'NONE', #2392, #702, #3474 ) ;
#706 = CARTESIAN_POINT ( 'NONE',  ( 1.199999999999999956, 6.599999999999999645, -7.620000000000000107 ) ) ;
#707 = EDGE_CURVE ( 'NONE', #316, #1151, #4008, .T. ) ;
#708 = CARTESIAN_POINT ( 'NONE',  ( 1.078756443470130000, 6.599999999999999645, -8.220000000000000639 ) ) ;
#709 = VECTOR ( 'NONE', #3563, 1000.000000000000000 ) ;
#710 = CARTESIAN_POINT ( 'NONE',  ( 4.499999999999990230, -0.05000000078161515038, 5.580000000000091553 ) ) ;
#711 = AXIS2_PLACEMENT_3D ( 'NONE', #2955, #2618, #2906 ) ;
#712 = CARTESIAN_POINT ( 'NONE',  ( 7.248658176329018765, 11.45812853167897138, -3.797316352658054228 ) ) ;
#713 = DIRECTION ( 'NONE',  ( 1.000000000000000000, 0.0000000000000000000, 0.0000000000000000000 ) ) ;
#714 = DIRECTION ( 'NONE',  ( -1.000000000000000000, 0.0000000000000000000, -0.0000000000000000000 ) ) ;
#715 = APPLICATION_PROTOCOL_DEFINITION ( 'international standard', 'config_control_design', 1994, #823 ) ;
#716 = ORIENTED_EDGE ( 'NONE', *, *, #2854, .T. ) ;
#717 = CARTESIAN_POINT ( 'NONE',  ( 7.249552224325725547, 11.45044927442902782, 5.080000000000000959 ) ) ;
#718 = CARTESIAN_POINT ( 'NONE',  ( 3.689033067547872413, 12.73500000000000121, -5.080000000000000959 ) ) ;
#719 = B_SPLINE_CURVE_WITH_KNOTS ( 'NONE', 3,
 ( #533, #2888, #4274, #805, #2141, #589, #971, #3672, #290, #3036, #2682, #1272, #2004, #2306, #4045, #341 ),
 .UNSPECIFIED., .F., .F.,
 ( 4, 3, 3, 3, 3, 4 ),
 ( 8.218119684499256706E-15, 3.308388942448676009E-05, 6.613717211493594470E-05, 9.966070390111120432E-05, 0.0001340858777773711757, 0.0001469394654600637861 ),
 .UNSPECIFIED. ) ;
#720 = EDGE_LOOP ( 'NONE', ( #2233, #4199, #962, #4399 ) ) ;
#721 = EDGE_LOOP ( 'NONE', ( #1328, #2763 ) ) ;
#722 = EDGE_CURVE ( 'NONE', #1570, #771, #2887, .T. ) ;
#723 = CARTESIAN_POINT ( 'NONE',  ( -0.6999999999999999556, -2.700000000000009948, -4.580000000000000071 ) ) ;
#724 = CARTESIAN_POINT ( 'NONE',  ( 4.500000000000000000, -3.700000000000009948, -0.3000000000000007661 ) ) ;
#725 = VERTEX_POINT ( 'NONE', #139 ) ;
#726 = ADVANCED_FACE ( 'NONE', ( #202, #4271 ), #2925, .F. ) ;
#727 = DIRECTION ( 'NONE',  ( 1.171453342316279939E-15, 1.000000000000000000, 0.0000000000000000000 ) ) ;
#728 = CARTESIAN_POINT ( 'NONE',  ( 5.299999999999990052, -0.05000000078161020295, 5.580000000000119975 ) ) ;
#729 = DIRECTION ( 'NONE',  ( -0.0000000000000000000, -0.0000000000000000000, 1.000000000000000000 ) ) ;
#730 = ADVANCED_FACE ( 'NONE', ( #1626 ), #1324, .T. ) ;
#731 = DIRECTION ( 'NONE',  ( -1.000000000000000000, 0.0000000000000000000, 0.0000000000000000000 ) ) ;
#732 = CARTESIAN_POINT ( 'NONE',  ( 3.532842712474772995, 11.23499999999982357, -5.080000000000000959 ) ) ;
#733 = CARTESIAN_POINT ( 'NONE',  ( 7.325000000000000178, 11.23499999999999943, -5.080000000000000071 ) ) ;
#734 = LINE ( 'NONE', #775, #3778 ) ;
#735 = DATE_AND_TIME ( #2404, #2391 ) ;
#736 = CARTESIAN_POINT ( 'NONE',  ( 7.249552224325724659, 11.45044927442902782, 5.080000000000000959 ) ) ;
#737 = ORIENTED_EDGE ( 'NONE', *, *, #3397, .F. ) ;
#738 = ORIENTED_EDGE ( 'NONE', *, *, #3557, .F. ) ;
#739 = CARTESIAN_POINT ( 'NONE',  ( 8.689999999999999503, 0.0000000000000000000, 7.620000000000000107 ) ) ;
#740 = CARTESIAN_POINT ( 'NONE',  ( 4.949999999999999289, 12.40938025448213544, 3.337397567517799590 ) ) ;
#741 = VERTEX_POINT ( 'NONE', #3289 ) ;
#742 = ORIENTED_EDGE ( 'NONE', *, *, #3297, .T. ) ;
#743 = DIRECTION ( 'NONE',  ( 0.5000000000000048850, 0.0000000000000000000, 0.8660254037844358210 ) ) ;
#744 = CARTESIAN_POINT ( 'NONE',  ( 3.689038437082761135, 12.73500000000000121, -6.514260371341593064E-09 ) ) ;
#745 = VECTOR ( 'NONE', #2037, 1000.000000000000000 ) ;
#746 = ORIENTED_EDGE ( 'NONE', *, *, #1510, .F. ) ;
#747 = VECTOR ( 'NONE', #1710, 1000.000000000000114 ) ;
#748 = CARTESIAN_POINT ( 'NONE',  ( 4.500000000000003553, -3.700000000000007727, -0.3000000000000014877 ) ) ;
#749 = CARTESIAN_POINT ( 'NONE',  ( 3.635702501172414891, 12.73500000000000476, -3.358441812070296416E-09 ) ) ;
#750 = CARTESIAN_POINT ( 'NONE',  ( 5.299999999999990052, -0.05000000078161020295, 0.5000000000001180167 ) ) ;
#751 = EDGE_CURVE ( 'NONE', #4089, #2304, #975, .T. ) ;
#752 = ORIENTED_EDGE ( 'NONE', *, *, #4323, .F. ) ;
#753 = DIRECTION ( 'NONE',  ( 0.8660254037844373753, -0.0000000000000000000, 0.5000000000000022204 ) ) ;
#754 = AXIS2_PLACEMENT_3D ( 'NONE', #1363, #1343, #3777 ) ;
#755 = CARTESIAN_POINT ( 'NONE',  ( 3.589703979381176246, 12.64656426582076776, -0.8586120530780116944 ) ) ;
#756 = LINE ( 'NONE', #396, #1586 ) ;
#757 = CARTESIAN_POINT ( 'NONE',  ( 4.950000000003960565, 12.66532890578434589, 1.710780456545833106 ) ) ;
#758 = AXIS2_PLACEMENT_3D ( 'NONE', #1367, #2710, #819 ) ;
#759 = ADVANCED_FACE ( 'NONE', ( #4338 ), #1648, .F. ) ;
#760 = CARTESIAN_POINT ( 'NONE',  ( 5.749999999999992895, 12.73499999999999943, 6.692082860990527848 ) ) ;
#761 = ORIENTED_EDGE ( 'NONE', *, *, #3426, .F. ) ;
#762 =( BOUNDED_SURFACE ( )  B_SPLINE_SURFACE ( 3, 3, ( 
 ( #427, #1043, #353, #3750 ),
 ( #717, #2385, #3813, #2810 ),
 ( #4174, #3790, #3466, #2059 ),
 ( #1373, #374, #3068, #403 ) ),
 .UNSPECIFIED., .F., .F., .F. ) 
 B_SPLINE_SURFACE_WITH_KNOTS ( ( 4, 4 ),
 ( 4, 4 ),
 ( 0.0000000000000000000, 1.000000000000000000 ),
 ( 0.0000000000000000000, 1.000000000000000000 ),
 .UNSPECIFIED. ) 
 GEOMETRIC_REPRESENTATION_ITEM ( )  RATIONAL_B_SPLINE_SURFACE ( (
 ( 1.000000000000000000, 0.3333333333333334259, 0.3333333333333334259, 1.000000000000000000),
 ( 0.9988808742757321335, 0.3329602914252441370, 0.3329602914252441370, 0.9988808742757321335),
 ( 0.9988808742757321335, 0.3329602914252441370, 0.3329602914252441370, 0.9988808742757321335),
 ( 1.000000000000000000, 0.3333333333333334259, 0.3333333333333334259, 1.000000000000000000) ) ) 
 REPRESENTATION_ITEM ( '' )  SURFACE ( )  );
#763 = DIRECTION ( 'NONE',  ( -1.000000000000000000, 0.0000000000000000000, 0.0000000000000000000 ) ) ;
#764 = EDGE_CURVE ( 'NONE', #2608, #655, #3015, .T. ) ;
#765 = FACE_OUTER_BOUND ( 'NONE', #1610, .T. ) ;
#766 = AXIS2_PLACEMENT_3D ( 'NONE', #361, #4043, #2090 ) ;
#767 = VERTEX_POINT ( 'NONE', #4364 ) ;
#768 = VECTOR ( 'NONE', #2224, 1000.000000000000000 ) ;
#769 = CC_DESIGN_DATE_AND_TIME_ASSIGNMENT ( #446, #4065, ( #2182 ) ) ;
#770 = CARTESIAN_POINT ( 'NONE',  ( 4.963811392487188279, 12.64656426582840254, -3.362589030071537977 ) ) ;
#771 = VERTEX_POINT ( 'NONE', #3313 ) ;
#772 = ORIENTED_EDGE ( 'NONE', *, *, #637, .F. ) ;
#773 = CARTESIAN_POINT ( 'NONE',  ( 10.25000000000000000, 6.799999999999999822, 1.799999999999999600 ) ) ;
#774 = CARTESIAN_POINT ( 'NONE',  ( 3.689033067547872857, 12.73500000000000121, -3.253963094636933508E-09 ) ) ;
#775 = CARTESIAN_POINT ( 'NONE',  ( 5.299999999999999822, -3.700000000000009948, 0.08000000000000019595 ) ) ;
#776 = CARTESIAN_POINT ( 'NONE',  ( 8.085622008323797516, 12.64656426582414461, 6.288992099810590375 ) ) ;
#777 = ADVANCED_FACE ( 'NONE', ( #3336 ), #4048, .T. ) ;
#778 = VECTOR ( 'NONE', #2128, 1000.000000000000114 ) ;
#779 = CARTESIAN_POINT ( 'NONE',  ( 5.749999999999992895, 12.73499999999999943, 1.612082860990527999 ) ) ;
#780 = CARTESIAN_POINT ( 'NONE',  ( 7.167157287525209419, 11.23499999999981647, -5.080000000000000959 ) ) ;
#781 = CARTESIAN_POINT ( 'NONE',  ( 5.299999999999999822, -5.750000000781589904, -0.4999999999999839573 ) ) ;
#782 = PERSON_AND_ORGANIZATION ( #1650, #3539 ) ;
#783 = CARTESIAN_POINT ( 'NONE',  ( 4.949999999999991296, 12.73499999999999943, -3.467917139009471406 ) ) ;
#784 = CARTESIAN_POINT ( 'NONE',  ( 3.375000000000000000, 10.44999999999999929, -5.080000000000000071 ) ) ;
#785 = AXIS2_PLACEMENT_3D ( 'NONE', #3142, #1844, #2143 ) ;
#786 = ORIENTED_EDGE ( 'NONE', *, *, #622, .F. ) ;
#787 = CARTESIAN_POINT ( 'NONE',  ( 10.25000000000000000, 6.200000000000001954, 3.279999999999998028 ) ) ;
#788 = CARTESIAN_POINT ( 'NONE',  ( 4.950000000000000178, 12.64914866789670000, 6.793937828364315479 ) ) ;
#789 = VERTEX_POINT ( 'NONE', #1013 ) ;
#790 = ORIENTED_EDGE ( 'NONE', *, *, #2593, .T. ) ;
#791 = EDGE_CURVE ( 'NONE', #4238, #1200, #2916, .T. ) ;
#792 = DIRECTION ( 'NONE',  ( -3.402072636419410836E-15, 0.9805806756909203337, 0.1961161351381833784 ) ) ;
#793 = CARTESIAN_POINT ( 'NONE',  ( 5.712622210152577651, 12.73499999999999588, 1.675506206254401720 ) ) ;
#794 = CARTESIAN_POINT ( 'NONE',  ( 5.499999999999589662, -0.05000000078158019917, -5.880000000000039861 ) ) ;
#795 = CARTESIAN_POINT ( 'NONE',  ( 4.985603046728845023, 12.73499999999999943, 1.620501777581902392 ) ) ;
#796 = CARTESIAN_POINT ( 'NONE',  ( 5.749999999999304556, 12.68816249061487333, 1.699945829408947118 ) ) ;
#797 = CARTESIAN_POINT ( 'NONE',  ( 3.650000000000416911, 11.23500000000000121, 5.080000000000000959 ) ) ;
#798 = ORIENTED_EDGE ( 'NONE', *, *, #159, .T. ) ;
#799 = DIRECTION ( 'NONE',  ( -0.5000000000000001110, 0.0000000000000000000, 0.8660254037844385966 ) ) ;
#800 = DIRECTION ( 'NONE',  ( -1.000000000000000000, 3.391049977814769632E-28, -1.794541526872530066E-14 ) ) ;
#801 = PLANE ( 'NONE',  #2926 ) ;
#802 = APPROVAL_ROLE ( '' ) ;
#803 = CARTESIAN_POINT ( 'NONE',  ( 9.250000000000000000, 5.199999999999998401, 6.379999999999991012 ) ) ;
#804 = ORIENTED_EDGE ( 'NONE', *, *, #220, .T. ) ;
#805 = CARTESIAN_POINT ( 'NONE',  ( 4.950000000000698286, 12.67827681032222742, -6.784820330738588368 ) ) ;
#806 = CARTESIAN_POINT ( 'NONE',  ( 7.167157287525207643, 11.23499999999981291, 5.080000000000000071 ) ) ;
#807 = ADVANCED_FACE ( 'NONE', ( #1295 ), #2351, .F. ) ;
#808 = VERTEX_POINT ( 'NONE', #592 ) ;
#809 = LINE ( 'NONE', #2147, #3815 ) ;
#810 = EDGE_CURVE ( 'NONE', #767, #935, #2951, .T. ) ;
#811 = LINE ( 'NONE', #1782, #1577 ) ;
#812 = FACE_OUTER_BOUND ( 'NONE', #3189, .T. ) ;
#813 = CARTESIAN_POINT ( 'NONE',  ( 7.049999999999990941, 11.43499999999999694, 2.081899558550500773E-16 ) ) ;
#814 = CARTESIAN_POINT ( 'NONE',  ( 5.750000000000005329, 12.73499999999999943, 1.616418486921940456 ) ) ;
#815 = CARTESIAN_POINT ( 'NONE',  ( 8.085622008323131382, 12.64656426582414284, 3.871007900187909190 ) ) ;
#816 = EDGE_CURVE ( 'NONE', #2585, #252, #2427, .T. ) ;
#817 = VERTEX_POINT ( 'NONE', #4001 ) ;
#818 = VECTOR ( 'NONE', #2807, 1000.000000000000000 ) ;
#819 = DIRECTION ( 'NONE',  ( -1.000000000000000000, 9.130123557772668088E-16, 0.0000000000000000000 ) ) ;
#820 = CARTESIAN_POINT ( 'NONE',  ( 3.589703979372449005, 12.64656426582178383, 5.080000000000000071 ) ) ;
#821 = DATE_AND_TIME ( #1163, #1409 ) ;
#822 = VECTOR ( 'NONE', #3608, 1000.000000000000000 ) ;
#823 = APPLICATION_CONTEXT ( 'configuration controlled 3d designs of mechanical parts and assemblies' ) ;
#824 = VECTOR ( 'NONE', #1786, 1000.000000000000000 ) ;
#825 = DIRECTION ( 'NONE',  ( 0.0000000000000000000, 0.0000000000000000000, -1.000000000000000000 ) ) ;
#826 = AXIS2_PLACEMENT_3D ( 'NONE', #1122, #3221, #2860 ) ;
#827 = ORIENTED_EDGE ( 'NONE', *, *, #873, .T. ) ;
#828 = CARTESIAN_POINT ( 'NONE',  ( 4.949999999999999289, 12.64656426582875959, 3.365753203235099633 ) ) ;
#829 = EDGE_CURVE ( 'NONE', #2136, #3122, #3515, .T. ) ;
#830 = VECTOR ( 'NONE', #79, 1000.000000000000000 ) ;
#831 = CARTESIAN_POINT ( 'NONE',  ( 10.25000000000000000, 6.199999999999996625, -6.880000000000000782 ) ) ;
#832 = CARTESIAN_POINT ( 'NONE',  ( 8.076037614648482688, 12.69953703112068766, 1.204756333246467914 ) ) ;
#833 = VECTOR ( 'NONE', #97, 1000.000000000000000 ) ;
#834 = EDGE_CURVE ( 'NONE', #2870, #332, #4112, .T. ) ;
#835 = B_SPLINE_CURVE_WITH_KNOTS ( 'NONE', 3,
 ( #2244, #926, #4029, #2265 ),
 .UNSPECIFIED., .F., .F.,
 ( 4, 4 ),
 ( 7.695742672741190085E-15, 0.0007166189195625507005 ),
 .UNSPECIFIED. ) ;
#836 = CARTESIAN_POINT ( 'NONE',  ( 9.250000000000000000, 6.799999999999999822, -3.780000000000001137 ) ) ;
#837 = CARTESIAN_POINT ( 'NONE',  ( 5.750000000000001776, 12.40938025448233262, -3.337397567517832453 ) ) ;
#838 = CARTESIAN_POINT ( 'NONE',  ( 7.049999999999990941, 11.43499999999999694, 2.081899558550500773E-16 ) ) ;
#839 = DIRECTION ( 'NONE',  ( 0.7071067811865480168, -0.7071067811865470176, 0.0000000000000000000 ) ) ;
#840 = EDGE_LOOP ( 'NONE', ( #4129, #3320, #426, #1695 ) ) ;
#841 = UNCERTAINTY_MEASURE_WITH_UNIT (LENGTH_MEASURE( 1.000000000000000082E-05 ), #1279, 'distance_accuracy_value', 'NONE');
#842 = EDGE_CURVE ( 'NONE', #741, #3282, #1939, .T. ) ;
#843 = LINE ( 'NONE', #2179, #1530 ) ;
#844 = APPROVAL_PERSON_ORGANIZATION ( #2885, #440, #4404 ) ;
#845 = CARTESIAN_POINT ( 'NONE',  ( 3.650000000000416911, 11.23500000000000121, -5.080000000000000959 ) ) ;
#846 = APPROVAL_STATUS ( 'not_yet_approved' ) ;
#847 = DIRECTION ( 'NONE',  ( 1.000000000000000000, 0.0000000000000000000, 0.0000000000000000000 ) ) ;
#848 = VECTOR ( 'NONE', #1802, 1000.000000000000000 ) ;
#849 = LINE ( 'NONE', #203, #1175 ) ;
#850 = CARTESIAN_POINT ( 'NONE',  ( 3.689033069104792784, 12.73500000000000298, -0.7947222790503691847 ) ) ;
#851 = FACE_OUTER_BOUND ( 'NONE', #100, .T. ) ;
#852 = CIRCLE ( 'NONE', #3678, 1.843139007349805292 ) ;
#853 = ORIENTED_EDGE ( 'NONE', *, *, #429, .T. ) ;
#854 = CARTESIAN_POINT ( 'NONE',  ( 7.249999999999990230, 11.31784271247447649, 1.279999999999999138 ) ) ;
#855 = ORIENTED_EDGE ( 'NONE', *, *, #4119, .T. ) ;
#856 = FACE_OUTER_BOUND ( 'NONE', #1012, .T. ) ;
#857 = DIRECTION ( 'NONE',  ( -2.501911041408800138E-16, -1.000000000000000000, 0.0000000000000000000 ) ) ;
#858 = LINE ( 'NONE', #176, #3443 ) ;
#859 = ORIENTED_EDGE ( 'NONE', *, *, #3379, .F. ) ;
#860 = EDGE_CURVE ( 'NONE', #2677, #3418, #2621, .T. ) ;
#861 = PLANE ( 'NONE',  #2161 ) ;
#862 = CARTESIAN_POINT ( 'NONE',  ( 5.299999999999999822, -3.700000000000009948, -5.379999999999999893 ) ) ;
#863 = CARTESIAN_POINT ( 'NONE',  ( 5.349999999999999645, 11.23499999999999943, 5.080000000000000071 ) ) ;
#864 = CARTESIAN_POINT ( 'NONE',  ( 4.949999999999991296, 12.73499999999999943, -1.612082860990528665 ) ) ;
#865 = CARTESIAN_POINT ( 'NONE',  ( 3.689033069104793228, 12.73500000000000121, -5.874722279050369700 ) ) ;
#866 = ORIENTED_EDGE ( 'NONE', *, *, #140, .T. ) ;
#867 = CARTESIAN_POINT ( 'NONE',  ( 3.649999999999990141, 11.43500000000000227, 0.0000000000000000000 ) ) ;
#868 = CARTESIAN_POINT ( 'NONE',  ( 5.749999999999992895, 12.73499999999999943, -1.612082860990527999 ) ) ;
#869 = CARTESIAN_POINT ( 'NONE',  ( 4.130405133862628198, 12.69953703111901433, 3.556315669581202599 ) ) ;
#870 = CARTESIAN_POINT ( 'NONE',  ( 4.158098635934758924, 12.73500000000000476, -1.489085828626662833 ) ) ;
#871 = ORIENTED_EDGE ( 'NONE', *, *, #3996, .T. ) ;
#872 = B_SPLINE_CURVE_WITH_KNOTS ( 'NONE', 3,
 ( #1292, #2610, #267, #2240 ),
 .UNSPECIFIED., .F., .F.,
 ( 4, 4 ),
 ( 2.734128518929426992E-15, 0.0007166189195523916177 ),
 .UNSPECIFIED. ) ;
#873 = EDGE_CURVE ( 'NONE', #3718, #3901, #1658, .T. ) ;
#874 = CIRCLE ( 'NONE', #3712, 1.760296020627533320 ) ;
#875 = CARTESIAN_POINT ( 'NONE',  ( 7.249552224325723770, 11.45044927442902782, -5.080000000000002736 ) ) ;
#876 = FACE_OUTER_BOUND ( 'NONE', #3889, .T. ) ;
#877 = APPROVAL_STATUS ( 'not_yet_approved' ) ;
#878 = ORIENTED_EDGE ( 'NONE', *, *, #3591, .F. ) ;
#879 = CARTESIAN_POINT ( 'NONE',  ( 4.499999999999979572, -3.700000000000006395, -4.079999999999810001 ) ) ;
#880 = VECTOR ( 'NONE', #327, 1000.000000000000000 ) ;
#881 = ADVANCED_FACE ( 'NONE', ( #2295 ), #980, .T. ) ;
#882 = CARTESIAN_POINT ( 'NONE',  ( 7.010966932452109113, 12.73499999999999766, 5.874722277164099893 ) ) ;
#883 = AXIS2_PLACEMENT_3D ( 'NONE', #3937, #1612, #2959 ) ;
#884 = CARTESIAN_POINT ( 'NONE',  ( 0.0000000000000000000, 0.0000000000000000000, -40.64000000000000057 ) ) ;
#885 = EDGE_LOOP ( 'NONE', ( #119, #3615, #2505, #1956 ) ) ;
#886 = AXIS2_PLACEMENT_3D ( 'NONE', #2730, #3013, #1765 ) ;
#887 = EDGE_CURVE ( 'NONE', #1467, #1075, #2270, .T. ) ;
#888 = CARTESIAN_POINT ( 'NONE',  ( 3.650000000000294342, 11.23499999999999943, 5.080000000000000071 ) ) ;
#889 = ORIENTED_EDGE ( 'NONE', *, *, #4382, .T. ) ;
#890 = ORIENTED_EDGE ( 'NONE', *, *, #1540, .T. ) ;
#891 = VECTOR ( 'NONE', #3369, 1000.000000000000114 ) ;
#892 = SHAPE_REPRESENTATION ( 'TB007-508-03P_Green - S', ( #911 ), #345 ) ;
#893 = DIRECTION ( 'NONE',  ( -1.000000000000000000, 3.338853781347929776E-28, -1.794541526872530066E-14 ) ) ;
#894 = CARTESIAN_POINT ( 'NONE',  ( 3.635702501169020717, 12.73500000000000298, 4.243824448946758032 ) ) ;
#895 = AXIS2_PLACEMENT_3D ( 'NONE', #3217, #487, #4262 ) ;
#896 = LINE ( 'NONE', #4291, #2444 ) ;
#897 = DIRECTION ( 'NONE',  ( 1.000000000000000000, -0.0000000000000000000, 0.0000000000000000000 ) ) ;
#898 = CONTEXT_DEPENDENT_SHAPE_REPRESENTATION ( #4273, #111 ) ;
#899 = ORIENTED_EDGE ( 'NONE', *, *, #2953, .T. ) ;
#900 = CARTESIAN_POINT ( 'NONE',  ( 4.949999999999999289, 11.93499999999671601, -6.879211327335756465 ) ) ;
#901 = EDGE_CURVE ( 'NONE', #4027, #3130, #2148, .T. ) ;
#902 = CC_DESIGN_SECURITY_CLASSIFICATION ( #3872, ( #4414 ) ) ;
#903 = CARTESIAN_POINT ( 'NONE',  ( 7.249999999999990230, 11.31784271247447471, -5.080000000000001847 ) ) ;
#904 = DIRECTION ( 'NONE',  ( -0.0000000000000000000, -1.000000000000000000, -0.0000000000000000000 ) ) ;
#905 = ADVANCED_FACE ( 'NONE', ( #3023 ), #695, .T. ) ;
#906 = ORIENTED_EDGE ( 'NONE', *, *, #538, .T. ) ;
#907 = CIRCLE ( 'NONE', #2042, 1.760296020627533320 ) ;
#908 = DIRECTION ( 'NONE',  ( -0.8164965809277258124, 0.4082482904638639054, 0.4082482904638624621 ) ) ;
#909 = ORIENTED_EDGE ( 'NONE', *, *, #1026, .F. ) ;
#910 = EDGE_CURVE ( 'NONE', #252, #2149, #1582, .T. ) ;
#911 = AXIS2_PLACEMENT_3D ( 'NONE', #1565, #3910, #4275 ) ;
#912 = ORIENTED_EDGE ( 'NONE', *, *, #4323, .T. ) ;
#913 = CARTESIAN_POINT ( 'NONE',  ( 5.349999999999989875, 11.43500000000000050, 5.080000000000000071 ) ) ;
#914 = DIRECTION ( 'NONE',  ( 1.000000000000000000, -1.084202172485509956E-15, 0.0000000000000000000 ) ) ;
#915 = ORIENTED_EDGE ( 'NONE', *, *, #4408, .F. ) ;
#916 = ORIENTED_EDGE ( 'NONE', *, *, #1731, .F. ) ;
#917 =( BOUNDED_CURVE ( )  B_SPLINE_CURVE ( 3, ( #1796, #2455, #3140, #2744 ),
 .UNSPECIFIED., .F., .T. ) 
 B_SPLINE_CURVE_WITH_KNOTS ( ( 4, 4 ),
 ( 0.0000000000000000000, 1.000000000000000000 ),
 .UNSPECIFIED. ) 
 CURVE ( )  GEOMETRIC_REPRESENTATION_ITEM ( )  RATIONAL_B_SPLINE_CURVE ( ( 1.000000000000000000, 0.8584414868985703606, 0.8584414868985703606, 1.000000000000000000 ) ) 
 REPRESENTATION_ITEM ( '' )  );
#918 = CARTESIAN_POINT ( 'NONE',  ( 5.749999999999992895, 12.73499999999999943, -3.467917139009472294 ) ) ;
#919 = CARTESIAN_POINT ( 'NONE',  ( 0.0000000000000000000, 10.00000000000000000, 7.620000000000000107 ) ) ;
#920 = B_SPLINE_CURVE_WITH_KNOTS ( 'NONE', 3,
 ( #1698, #3716, #4406, #639 ),
 .UNSPECIFIED., .F., .F.,
 ( 4, 4 ),
 ( 3.411991864460203497E-15, 0.0007166189195539830097 ),
 .UNSPECIFIED. ) ;
#921 = CARTESIAN_POINT ( 'NONE',  ( 4.949999999999991296, 12.73499999999999943, 1.612082860990528665 ) ) ;
#922 = CONTEXT_DEPENDENT_SHAPE_REPRESENTATION ( #3272, #3162 ) ;
#923 = VERTEX_POINT ( 'NONE', #4033 ) ;
#924 = CARTESIAN_POINT ( 'NONE',  ( 9.250000000000000000, 6.299999999999999822, 3.779999999999999805 ) ) ;
#925 = CARTESIAN_POINT ( 'NONE',  ( 3.589703979372449005, 12.64656426582178383, 2.240463272768698870E-16 ) ) ;
#926 = CARTESIAN_POINT ( 'NONE',  ( 4.950000000000000178, 12.40938025448233084, -3.337397567517822683 ) ) ;
#927 = DIRECTION ( 'NONE',  ( -3.220379291669973468E-28, 1.000000000000000000, 1.794541526872519968E-14 ) ) ;
#928 = DIRECTION ( 'NONE',  ( 0.5000000000000022204, 0.0000000000000000000, -0.8660254037844373753 ) ) ;
#929 = ORIENTED_EDGE ( 'NONE', *, *, #3591, .T. ) ;
#930 = ORIENTED_EDGE ( 'NONE', *, *, #3052, .T. ) ;
#931 = CARTESIAN_POINT ( 'NONE',  ( 5.349999999999982769, 12.64656426582178206, 5.080000000000000071 ) ) ;
#932 = CARTESIAN_POINT ( 'NONE',  ( 5.750000000000000000, 12.64656426582507898, 3.365753203230879897 ) ) ;
#933 = EDGE_CURVE ( 'NONE', #3928, #3982, #3390, .T. ) ;
#934 = DIRECTION ( 'NONE',  ( -1.000000000000000000, 1.332267629550187849E-15, 0.0000000000000000000 ) ) ;
#935 = VERTEX_POINT ( 'NONE', #2363 ) ;
#936 = ORIENTED_EDGE ( 'NONE', *, *, #1250, .F. ) ;
#937 = DIRECTION ( 'NONE',  ( -1.000000000000000000, 0.0000000000000000000, 0.0000000000000000000 ) ) ;
#938 = EDGE_CURVE ( 'NONE', #2614, #1721, #1736, .T. ) ;
#939 = ADVANCED_FACE ( 'NONE', ( #4346 ), #3321, .T. ) ;
#940 = CARTESIAN_POINT ( 'NONE',  ( 3.689038437082762023, 12.73500000000000121, -5.080000006514261202 ) ) ;
#941 = LINE ( 'NONE', #1574, #2208 ) ;
#942 = ORIENTED_EDGE ( 'NONE', *, *, #2071, .T. ) ;
#943 = CARTESIAN_POINT ( 'NONE',  ( 2.625902306574849909, 14.00000000000000000, 7.620000000000000107 ) ) ;
#944 = CARTESIAN_POINT ( 'NONE',  ( 0.0000000000000000000, 0.0000000000000000000, -7.620000000000000107 ) ) ;
#945 = EDGE_CURVE ( 'NONE', #3494, #3513, #4396, .T. ) ;
#946 = CARTESIAN_POINT ( 'NONE',  ( 5.300000000000020250, -0.05000000078158019917, -5.880000000000043414 ) ) ;
#947 = FACE_OUTER_BOUND ( 'NONE', #223, .T. ) ;
#948 = APPROVAL_DATE_TIME ( #566, #3914 ) ;
#949 = ORIENTED_EDGE ( 'NONE', *, *, #1933, .F. ) ;
#950 = DIRECTION ( 'NONE',  ( -1.000000000000000000, 9.130123557772668088E-16, 0.0000000000000000000 ) ) ;
#951 = CLOSED_SHELL ( 'NONE', ( #3936, #1172, #3984, #3401, #3787, #3348, #3034, #2580, #2246, #2623, #284, #310, #497, #1561, #1366, #3441, #2360, #3703, #2525, #2310, #2893, #3697, #3531, #2065, #1078, #1501, #4376, #3612, #1405, #1758, #1091, #1285, #3880, #3854, #2568, #3283, #807, #3465, #3579, #1854, #905, #759, #1955, #674, #2250, #2314, #1581, #3812, #3544, #2915, #485, #250, #434, #881, #3849, #610, #1997, #963, #2171, #339, #3551, #2665, #2130, #2553, #1827, #777, #1419, #2228, #4223, #2684, #561, #1169, #1744, #118, #2547, #3969, #2808, #3457, #244, #3101, #394, #2333, #112, #2627, #2532, #2255, #3804, #3044, #3860, #2229, #3203, #1280, #726, #976, #4165, #4175, #1534, #4266, #1099, #2722, #2479, #2198, #23, #4212, #1814, #371, #2142, #1859, #939, #4110, #730, #2871, #1044, #2690, #1720, #4186, #3433, #1909, #4142, #359, #3618, #3370 ) ) ;
#952 = PRODUCT_DEFINITION ( 'UNKNOWN', '', #557, #2733 ) ;
#953 = CARTESIAN_POINT ( 'NONE',  ( 4.949999999999989519, 12.73499999999999943, -5.080000000000000071 ) ) ;
#954 = VECTOR ( 'NONE', #2410, 1000.000000000000000 ) ;
#955 = ORIENTED_EDGE ( 'NONE', *, *, #1889, .F. ) ;
#956 = ORIENTED_EDGE ( 'NONE', *, *, #4329, .T. ) ;
#957 = AXIS2_PLACEMENT_3D ( 'NONE', #2972, #1677, #1365 ) ;
#958 = CARTESIAN_POINT ( 'NONE',  ( 3.649999999999990141, 11.43500000000000227, 5.080000000000000071 ) ) ;
#959 = CARTESIAN_POINT ( 'NONE',  ( 5.350000000000000533, 13.99999999999999822, -5.080000000000000071 ) ) ;
#960 = FACE_OUTER_BOUND ( 'NONE', #3261, .T. ) ;
#961 = CIRCLE ( 'NONE', #3066, 1.898658176328942071 ) ;
#962 = ORIENTED_EDGE ( 'NONE', *, *, #4143, .F. ) ;
#963 = ADVANCED_FACE ( 'NONE', ( #3633 ), #1991, .T. ) ;
#964 = VECTOR ( 'NONE', #3824, 1000.000000000000000 ) ;
#965 = DIRECTION ( 'NONE',  ( 0.0000000000000000000, 1.000000000000000000, 0.0000000000000000000 ) ) ;
#966 = CARTESIAN_POINT ( 'NONE',  ( 3.595871267840948349, 12.69953703111901433, 5.079999999999997407 ) ) ;
#967 = EDGE_LOOP ( 'NONE', ( #2286, #3621, #694 ) ) ;
#968 = VECTOR ( 'NONE', #800, 1000.000000000000000 ) ;
#969 = EDGE_CURVE ( 'NONE', #1908, #1055, #600, .T. ) ;
#970 = DIRECTION ( 'NONE',  ( -0.4472135954999588159, 0.0000000000000000000, 0.8944271909999155223 ) ) ;
#971 = CARTESIAN_POINT ( 'NONE',  ( 4.950000000000155609, 12.70509370452902331, -6.765475017931662727 ) ) ;
#972 = DIRECTION ( 'NONE',  ( -9.136576017787373527E-16, -1.000000000000000000, -2.086925533220183900E-31 ) ) ;
#973 = VECTOR ( 'NONE', #2797, 1000.000000000000000 ) ;
#974 = VERTEX_POINT ( 'NONE', #1947 ) ;
#975 = LINE ( 'NONE', #3952, #3437 ) ;
#976 = ADVANCED_FACE ( 'NONE', ( #1329, #3301 ), #2672, .F. ) ;
#977 = CIRCLE ( 'NONE', #1536, 0.2999999999999999334 ) ;
#978 = CARTESIAN_POINT ( 'NONE',  ( 7.010966932452110889, 12.73499999999999766, -5.080000000000000071 ) ) ;
#979 = VERTEX_POINT ( 'NONE', #3704 ) ;
#980 = PLANE ( 'NONE',  #1160 ) ;
#981 = CARTESIAN_POINT ( 'NONE',  ( 5.750000000000000000, 12.64656426582508075, -6.794246796769121133 ) ) ;
#982 = CARTESIAN_POINT ( 'NONE',  ( 4.949999999999999289, 12.64656426582875959, -1.714246796764900216 ) ) ;
#983 = CC_DESIGN_SECURITY_CLASSIFICATION ( #1332, ( #4416 ) ) ;
#984 = ORIENTED_EDGE ( 'NONE', *, *, #492, .F. ) ;
#985 = AXIS2_PLACEMENT_3D ( 'NONE', #2276, #582, #2983 ) ;
#986 = CARTESIAN_POINT ( 'NONE',  ( 1.799999999999999600, 6.799999999999999822, -7.620000000000000107 ) ) ;
#987 = CARTESIAN_POINT ( 'NONE',  ( 5.750000000000000000, 12.64656426582508075, -6.794246796769121133 ) ) ;
#988 = EDGE_LOOP ( 'NONE', ( #253, #1778, #3602, #1858 ) ) ;
#989 = DIRECTION ( 'NONE',  ( 0.0000000000000000000, 0.0000000000000000000, -1.000000000000000000 ) ) ;
#990 = CARTESIAN_POINT ( 'NONE',  ( 4.963811392487187391, 12.64656426582840254, 6.797410969928463054 ) ) ;
#991 = LINE ( 'NONE', #3925, #312 ) ;
#992 = EDGE_CURVE ( 'NONE', #47, #4178, #4233, .T. ) ;
#993 = ORIENTED_EDGE ( 'NONE', *, *, #2598, .T. ) ;
#994 = CARTESIAN_POINT ( 'NONE',  ( 10.25000000000000000, 0.0000000000000000000, 7.620000000000000107 ) ) ;
#995 = CARTESIAN_POINT ( 'NONE',  ( 3.650000000000295231, 11.23500000000000121, -5.080000000000000071 ) ) ;
#996 = EDGE_CURVE ( 'NONE', #3796, #2497, #161, .T. ) ;
#997 = DIRECTION ( 'NONE',  ( 0.0000000000000000000, 0.0000000000000000000, 1.000000000000000000 ) ) ;
#998 = ORIENTED_EDGE ( 'NONE', *, *, #2043, .T. ) ;
#999 = DIRECTION ( 'NONE',  ( -2.501911041408800138E-16, -1.000000000000000000, 0.0000000000000000000 ) ) ;
#1000 = DIRECTION ( 'NONE',  ( 0.0000000000000000000, -1.000000000000000000, 0.0000000000000000000 ) ) ;
#1001 = LINE ( 'NONE', #2342, #891 ) ;
#1002 = CARTESIAN_POINT ( 'NONE',  ( 4.158098635934760701, 12.73500000000000476, -6.569085828626664458 ) ) ;
#1003 = ORIENTED_EDGE ( 'NONE', *, *, #195, .F. ) ;
#1004 = ORIENTED_EDGE ( 'NONE', *, *, #4017, .T. ) ;
#1005 = ORIENTED_EDGE ( 'NONE', *, *, #210, .F. ) ;
#1006 = CC_DESIGN_DATE_AND_TIME_ASSIGNMENT ( #3746, #2337, ( #952 ) ) ;
#1007 = CARTESIAN_POINT ( 'NONE',  ( 4.499999999999992895, 0.0000000000000000000, 0.5041960109772645193 ) ) ;
#1008 = ORIENTED_EDGE ( 'NONE', *, *, #887, .T. ) ;
#1009 = CARTESIAN_POINT ( 'NONE',  ( 1.810000000000000941, -1.517883041479706208E-15, 7.620000000000000107 ) ) ;
#1010 = DIRECTION ( 'NONE',  ( -1.734723475976807410E-14, 3.277452817242640287E-13, 1.000000000000000000 ) ) ;
#1011 = CARTESIAN_POINT ( 'NONE',  ( 5.749999999999928946, 12.72445880131370011, -3.421909901068123538 ) ) ;
#1012 = EDGE_LOOP ( 'NONE', ( #3735, #2057, #1282, #4024 ) ) ;
#1013 = CARTESIAN_POINT ( 'NONE',  ( 8.332042833102427437, 6.599999999999999645, 7.000000000000000888 ) ) ;
#1014 = EDGE_CURVE ( 'NONE', #3669, #1036, #1244, .T. ) ;
#1015 = CARTESIAN_POINT ( 'NONE',  ( 4.500000000000006217, -2.700000000000284839, 4.580000000000056026 ) ) ;
#1016 = CARTESIAN_POINT ( 'NONE',  ( 4.949999999999998401, 12.64914866789669823, 1.713937828364314520 ) ) ;
#1017 = APPROVAL_STATUS ( 'not_yet_approved' ) ;
#1018 = VERTEX_POINT ( 'NONE', #4246 ) ;
#1019 = DIRECTION ( 'NONE',  ( -0.1543768802736090462, 0.9880120337511014705, 0.0000000000000000000 ) ) ;
#1020 = CARTESIAN_POINT ( 'NONE',  ( 5.749999999999321432, 12.72522597148189227, -6.738022933191346375 ) ) ;
#1021 = AXIS2_PLACEMENT_3D ( 'NONE', #2878, #263, #3601 ) ;
#1022 = CARTESIAN_POINT ( 'NONE',  ( 4.949999999999999289, 11.93500000000000050, -3.120000000000000107 ) ) ;
#1023 = ORIENTED_EDGE ( 'NONE', *, *, #2046, .T. ) ;
#1024 = EDGE_LOOP ( 'NONE', ( #247, #1560, #4097, #3139 ) ) ;
#1025 = CIRCLE ( 'NONE', #4278, 1.760296020627533320 ) ;
#1026 = EDGE_CURVE ( 'NONE', #3696, #3215, #1869, .T. ) ;
#1027 = CARTESIAN_POINT ( 'NONE',  ( 3.375000000000000888, 13.99999999999999822, 5.080000000000000071 ) ) ;
#1028 = LINE ( 'NONE', #724, #527 ) ;
#1029 = VECTOR ( 'NONE', #3953, 1000.000000000000000 ) ;
#1030 = PERSON_AND_ORGANIZATION_ROLE ( 'classification_officer' ) ;
#1031 = EDGE_LOOP ( 'NONE', ( #2853, #2721, #3167 ) ) ;
#1032 = AXIS2_PLACEMENT_3D ( 'NONE', #2260, #1625, #3055 ) ;
#1033 = LINE ( 'NONE', #3053, #3225 ) ;
#1034 = CARTESIAN_POINT ( 'NONE',  ( 4.195177831678914337, 12.73500000000000298, 1.442761435585685703 ) ) ;
#1035 = CARTESIAN_POINT ( 'NONE',  ( 5.749999999999869438, 12.73420261174141821, -3.454934726216800200 ) ) ;
#1036 = VERTEX_POINT ( 'NONE', #1215 ) ;
#1037 = CIRCLE ( 'NONE', #766, 1.898658176328942071 ) ;
#1038 = FACE_BOUND ( 'NONE', #579, .T. ) ;
#1039 = CARTESIAN_POINT ( 'NONE',  ( 7.248658176329017877, 11.45812853167897138, -5.080000000000000959 ) ) ;
#1040 = EDGE_CURVE ( 'NONE', #1066, #2677, #2526, .T. ) ;
#1041 = CIRCLE ( 'NONE', #2937, 1.760296020627533320 ) ;
#1042 = B_SPLINE_CURVE_WITH_KNOTS ( 'NONE', 3,
 ( #1391, #1706, #3432, #4392, #1769, #3042, #1081, #2736, #3110, #2689, #4126, #757, #4077, #4052, #1016, #3460 ),
 .UNSPECIFIED., .F., .F.,
 ( 4, 3, 3, 3, 3, 4 ),
 ( 0.0000000000000000000, 3.531517381903902648E-05, 7.066450544071270728E-05, 0.0001054618491224982110, 0.0001392987215212463075, 0.0001469974402480886649 ),
 .UNSPECIFIED. ) ;
#1043 = CARTESIAN_POINT ( 'NONE',  ( 7.248658176329016989, 11.45812853167897138, 1.282683647341942734 ) ) ;
#1044 = ADVANCED_FACE ( 'NONE', ( #2562 ), #3918, .T. ) ;
#1045 = ORIENTED_EDGE ( 'NONE', *, *, #141, .F. ) ;
#1046 = LOCAL_TIME ( 21, 35, 26.00000000000000000, #2242 ) ;
#1047 = CARTESIAN_POINT ( 'NONE',  ( 6.521332732297200785, 12.73499999999999943, 3.659305001497699994 ) ) ;
#1048 = CARTESIAN_POINT ( 'NONE',  ( 1.189999999999998392, 6.600000000000005862, 7.620000000000000107 ) ) ;
#1049 = EDGE_CURVE ( 'NONE', #1834, #3088, #1596, .T. ) ;
#1050 = ORIENTED_EDGE ( 'NONE', *, *, #2183, .F. ) ;
#1051 = AXIS2_PLACEMENT_3D ( 'NONE', #3121, #3098, #2108 ) ;
#1052 = DIRECTION ( 'NONE',  ( 1.000000000000000000, -1.171453342316279939E-15, -1.931148907734990011E-16 ) ) ;
#1053 = CARTESIAN_POINT ( 'NONE',  ( 10.25000000000000000, 1.699999999999989519, -3.279999999999998472 ) ) ;
#1054 = VECTOR ( 'NONE', #1465, 1000.000000000000000 ) ;
#1055 = VERTEX_POINT ( 'NONE', #1263 ) ;
#1056 = CARTESIAN_POINT ( 'NONE',  ( 5.749999999999304556, 12.66838590191671443, -3.370302590016821753 ) ) ;
#1057 = VERTEX_POINT ( 'NONE', #1848 ) ;
#1058 = CARTESIAN_POINT ( 'NONE',  ( 4.949999999999998401, 12.64914866789669823, -3.366062171635685996 ) ) ;
#1059 = PLANE ( 'NONE',  #1878 ) ;
#1060 = DIRECTION ( 'NONE',  ( 0.8660254037844388186, 0.0000000000000000000, -0.4999999999999996669 ) ) ;
#1061 = CARTESIAN_POINT ( 'NONE',  ( 3.450447775674257311, 11.45044927442903315, -5.080000000000001847 ) ) ;
#1062 = DIRECTION ( 'NONE',  ( 0.8164965809277262565, -0.4082482904638624621, 0.4082482904638631283 ) ) ;
#1063 = DATE_TIME_ROLE ( 'classification_date' ) ;
#1064 = LINE ( 'NONE', #1437, #3714 ) ;
#1065 = ORIENTED_EDGE ( 'NONE', *, *, #791, .T. ) ;
#1066 = VERTEX_POINT ( 'NONE', #1886 ) ;
#1067 =( BOUNDED_CURVE ( )  B_SPLINE_CURVE ( 3, ( #421, #4053, #4148, #3724 ),
 .UNSPECIFIED., .F., .T. ) 
 B_SPLINE_CURVE_WITH_KNOTS ( ( 4, 4 ),
 ( 0.0000000000000000000, 1.000000000000000000 ),
 .UNSPECIFIED. ) 
 CURVE ( )  GEOMETRIC_REPRESENTATION_ITEM ( )  RATIONAL_B_SPLINE_CURVE ( ( 1.000000000000000000, 0.8584414868985700275, 0.8584414868985700275, 1.000000000000000000 ) ) 
 REPRESENTATION_ITEM ( '' )  );
#1068 = CARTESIAN_POINT ( 'NONE',  ( 7.049999999999685407, 11.23499999999999766, 3.399999999999388844 ) ) ;
#1069 = ORIENTED_EDGE ( 'NONE', *, *, #2328, .T. ) ;
#1070 = EDGE_CURVE ( 'NONE', #28, #4300, #2519, .T. ) ;
#1071 = FACE_BOUND ( 'NONE', #4134, .T. ) ;
#1072 = EDGE_CURVE ( 'NONE', #3119, #3456, #2890, .T. ) ;
#1073 = CARTESIAN_POINT ( 'NONE',  ( 3.449999999999990852, 11.43500000000000050, -8.879999999999999005 ) ) ;
#1074 = CARTESIAN_POINT ( 'NONE',  ( 3.589703979382066201, 12.64656426582840432, -3.448556485270126465E-09 ) ) ;
#1075 = VERTEX_POINT ( 'NONE', #3385 ) ;
#1076 = DIRECTION ( 'NONE',  ( 1.000000000000000000, -9.411788633734763438E-16, 0.0000000000000000000 ) ) ;
#1077 = ORIENTED_EDGE ( 'NONE', *, *, #1144, .T. ) ;
#1078 = ADVANCED_FACE ( 'NONE', ( #3133 ), #2711, .F. ) ;
#1079 = CARTESIAN_POINT ( 'NONE',  ( 3.449999999999991296, 11.44273112629124967, -3.799999999999999378 ) ) ;
#1080 = FACE_OUTER_BOUND ( 'NONE', #1667, .T. ) ;
#1081 = CARTESIAN_POINT ( 'NONE',  ( 4.950000000002678924, 12.71195981187718616, 1.677797158873360228 ) ) ;
#1082 = CARTESIAN_POINT ( 'NONE',  ( 5.749999999999999112, 11.93500000000000050, 3.109999999999999876 ) ) ;
#1083 = ORIENTED_EDGE ( 'NONE', *, *, #2771, .T. ) ;
#1084 = APPROVAL ( #1770, 'UNKNOWN' ) ;
#1085 = FACE_OUTER_BOUND ( 'NONE', #720, .T. ) ;
#1086 = ORIENTED_EDGE ( 'NONE', *, *, #810, .T. ) ;
#1087 =( BOUNDED_SURFACE ( )  B_SPLINE_SURFACE ( 3, 3, ( 
 ( #2938, #2601, #3962, #2696 ),
 ( #2787, #1440, #4085, #1732 ),
 ( #428, #2082, #4131, #2343 ),
 ( #698, #2060, #1068, #3117 ) ),
 .UNSPECIFIED., .F., .F., .F. ) 
 B_SPLINE_SURFACE_WITH_KNOTS ( ( 4, 4 ),
 ( 4, 4 ),
 ( 0.0000000000000000000, 1.000000000000000000 ),
 ( 0.0000000000000000000, 1.000000000000000000 ),
 .UNSPECIFIED. ) 
 GEOMETRIC_REPRESENTATION_ITEM ( )  RATIONAL_B_SPLINE_SURFACE ( (
 ( 1.000000000000000000, 0.3333333333333334259, 0.3333333333333334259, 1.000000000000000000),
 ( 0.8047378541240031158, 0.2682459513746677793, 0.2682459513746677793, 0.8047378541240031158),
 ( 0.8047378541240031158, 0.2682459513746677793, 0.2682459513746677793, 0.8047378541240031158),
 ( 1.000000000000000000, 0.3333333333333334259, 0.3333333333333334259, 1.000000000000000000) ) ) 
 REPRESENTATION_ITEM ( '' )  SURFACE ( )  );
#1088 = AXIS2_PLACEMENT_3D ( 'NONE', #2964, #234, #2277 ) ;
#1089 = CARTESIAN_POINT ( 'NONE',  ( 7.010966932452110889, 12.73499999999999766, 5.080000000000000071 ) ) ;
#1090 = EDGE_LOOP ( 'NONE', ( #311, #482, #827, #3197 ) ) ;
#1091 = ADVANCED_FACE ( 'NONE', ( #3109, #1038, #3763, #1768 ), #2119, .T. ) ;
#1092 = AXIS2_PLACEMENT_3D ( 'NONE', #3462, #20, #447 ) ;
#1093 = ORIENTED_EDGE ( 'NONE', *, *, #4218, .T. ) ;
#1094 = VECTOR ( 'NONE', #714, 1000.000000000000000 ) ;
#1095 = LINE ( 'NONE', #436, #4158 ) ;
#1096 = CARTESIAN_POINT ( 'NONE',  ( 5.749999999999999112, 11.93500000000000050, -7.049999999999999822 ) ) ;
#1097 = FACE_OUTER_BOUND ( 'NONE', #4288, .T. ) ;
#1098 = FACE_OUTER_BOUND ( 'NONE', #2221, .T. ) ;
#1099 = ADVANCED_FACE ( 'NONE', ( #1747 ), #393, .T. ) ;
#1100 = VECTOR ( 'NONE', #590, 1000.000000000000000 ) ;
#1101 = DIRECTION ( 'NONE',  ( -0.0000000000000000000, -1.000000000000000000, 0.0000000000000000000 ) ) ;
#1102 = CARTESIAN_POINT ( 'NONE',  ( 7.249999999999992006, 11.31784271247447649, -5.080000000000000959 ) ) ;
#1103 = CARTESIAN_POINT ( 'NONE',  ( 3.650000000000416911, 11.23500000000000121, 0.0000000000000000000 ) ) ;
#1104 = PERSON_AND_ORGANIZATION ( #4411, #194 ) ;
#1105 = CARTESIAN_POINT ( 'NONE',  ( 7.249999999999991118, 11.43499999999999694, 3.800000000000000711 ) ) ;
#1106 = EDGE_CURVE ( 'NONE', #1981, #1743, #3083, .T. ) ;
#1107 = EDGE_LOOP ( 'NONE', ( #166, #2998, #479, #3803 ) ) ;
#1108 = VECTOR ( 'NONE', #2047, 1000.000000000000000 ) ;
#1109 = CARTESIAN_POINT ( 'NONE',  ( 3.689038437082761135, 12.73500000000000121, -6.514260371341593064E-09 ) ) ;
#1110 = CARTESIAN_POINT ( 'NONE',  ( 4.950000000003958789, 12.65427415702094294, 6.793010294741001154 ) ) ;
#1111 = VECTOR ( 'NONE', #2555, 1000.000000000000000 ) ;
#1112 = ORIENTED_EDGE ( 'NONE', *, *, #3709, .F. ) ;
#1113 = EDGE_LOOP ( 'NONE', ( #3326, #3922, #2566, #2126, #2332, #355, #2982, #2372, #3788, #358, #34, #3564, #1531, #1115, #1145, #4379, #1663, #737, #2620 ) ) ;
#1114 = PLANE ( 'NONE',  #705 ) ;
#1115 = ORIENTED_EDGE ( 'NONE', *, *, #3116, .F. ) ;
#1116 = FACE_OUTER_BOUND ( 'NONE', #3399, .T. ) ;
#1117 = CARTESIAN_POINT ( 'NONE',  ( 5.300000000000001599, -3.700000000000010392, 5.379999999999999005 ) ) ;
#1118 = CARTESIAN_POINT ( 'NONE',  ( 5.749999999999304556, 12.67827681032246545, 1.704820330738464618 ) ) ;
#1119 = CARTESIAN_POINT ( 'NONE',  ( 7.049999999999684519, 11.23499999999999766, 1.680000000000611893 ) ) ;
#1120 = VECTOR ( 'NONE', #3920, 1000.000000000000000 ) ;
#1121 = EDGE_CURVE ( 'NONE', #558, #1743, #690, .T. ) ;
#1122 = CARTESIAN_POINT ( 'NONE',  ( 4.499999999999979572, 4.784159143999949571, -4.079999999999810001 ) ) ;
#1123 = CARTESIAN_POINT ( 'NONE',  ( 9.250000000000000000, 6.799999999999999822, 6.379999999999998117 ) ) ;
#1124 = CARTESIAN_POINT ( 'NONE',  ( 9.421243556529820040, 6.599999999999980105, -8.089999999999999858 ) ) ;
#1125 = PERSON_AND_ORGANIZATION ( #4411, #194 ) ;
#1126 = LINE ( 'NONE', #2077, #2632 ) ;
#1127 =( REPRESENTATION_RELATIONSHIP ('NONE','NONE', #642, #892 ) REPRESENTATION_RELATIONSHIP_WITH_TRANSFORMATION ( #3845 )SHAPE_REPRESENTATION_RELATIONSHIP( ) );
#1128 = ORIENTED_EDGE ( 'NONE', *, *, #2653, .T. ) ;
#1129 = EDGE_CURVE ( 'NONE', #1743, #2411, #756, .T. ) ;
#1130 = DIRECTION ( 'NONE',  ( -1.171453342316279939E-15, -1.000000000000000000, 0.0000000000000000000 ) ) ;
#1131 = CARTESIAN_POINT ( 'NONE',  ( 3.449999999999990408, 11.43500000000000583, 8.880000000000002558 ) ) ;
#1132 = ORIENTED_EDGE ( 'NONE', *, *, #1201, .F. ) ;
#1133 = CARTESIAN_POINT ( 'NONE',  ( 3.532842712474771218, 11.23499999999982357, 5.080000000000000959 ) ) ;
#1134 = LINE ( 'NONE', #2481, #4007 ) ;
#1135 = CARTESIAN_POINT ( 'NONE',  ( 7.325000000000000178, 13.99999999999999822, 5.080000000000000071 ) ) ;
#1136 = CARTESIAN_POINT ( 'NONE',  ( 4.499999999999988454, -2.699999999999817213, 5.580000000000056914 ) ) ;
#1137 = CARTESIAN_POINT ( 'NONE',  ( 1.190000000000000169, 6.799999999999999822, 7.620000000000000107 ) ) ;
#1138 = EDGE_LOOP ( 'NONE', ( #3964, #906 ) ) ;
#1139 = LINE ( 'NONE', #2839, #2723 ) ;
#1140 = CARTESIAN_POINT ( 'NONE',  ( 1.199999999999999956, 0.0000000000000000000, -7.620000000000000107 ) ) ;
#1141 = SECURITY_CLASSIFICATION_LEVEL ( 'unclassified' ) ;
#1142 = DIRECTION ( 'NONE',  ( -1.000000000000000000, 0.0000000000000000000, -0.0000000000000000000 ) ) ;
#1143 = FACE_OUTER_BOUND ( 'NONE', #840, .T. ) ;
#1144 = EDGE_CURVE ( 'NONE', #1999, #3988, #2033, .T. ) ;
#1145 = ORIENTED_EDGE ( 'NONE', *, *, #4087, .F. ) ;
#1146 = CARTESIAN_POINT ( 'NONE',  ( 1.078756443470130000, 0.0000000000000000000, -8.220000000000000639 ) ) ;
#1147 = CARTESIAN_POINT ( 'NONE',  ( 4.950000000000155609, 12.71295948527728292, -1.677530025091523269 ) ) ;
#1148 = EDGE_CURVE ( 'NONE', #1999, #1898, #1413, .T. ) ;
#1149 = EDGE_LOOP ( 'NONE', ( #2083, #4166, #742, #1112, #1709, #1594, #416, #1963, #3550, #2021, #2908, #2984, #1364, #929, #3631, #3668, #7, #3341, #1338 ) ) ;
#1150 = CARTESIAN_POINT ( 'NONE',  ( 3.449999999999991296, 11.43500000000000227, -3.799999999999999378 ) ) ;
#1151 = VERTEX_POINT ( 'NONE', #2097 ) ;
#1152 = EDGE_CURVE ( 'NONE', #1975, #1018, #2759, .T. ) ;
#1153 = CARTESIAN_POINT ( 'NONE',  ( 8.014137117667075927, 12.73499999999999410, -1.177399771706765241 ) ) ;
#1154 = CYLINDRICAL_SURFACE ( 'NONE', #3926, 0.2999999999999999334 ) ;
#1155 = PLANE ( 'NONE',  #1253 ) ;
#1156 = DIRECTION ( 'NONE',  ( -1.171453342316279939E-15, -1.000000000000000000, 0.0000000000000000000 ) ) ;
#1157 = CARTESIAN_POINT ( 'NONE',  ( 5.701341293122920817, 12.73499999999999943, 6.703382409183404889 ) ) ;
#1158 = VECTOR ( 'NONE', #2556, 1000.000000000000000 ) ;
#1159 = ORIENTED_EDGE ( 'NONE', *, *, #2183, .T. ) ;
#1160 = AXIS2_PLACEMENT_3D ( 'NONE', #669, #2935, #1019 ) ;
#1161 = CARTESIAN_POINT ( 'NONE',  ( 9.667957166897569010, 6.599999999999999645, 6.999999999999999112 ) ) ;
#1162 = LINE ( 'NONE', #1544, #2366 ) ;
#1163 = CALENDAR_DATE ( 2019, 21, 10 ) ;
#1164 = VECTOR ( 'NONE', #1298, 1000.000000000000000 ) ;
#1165 = ORIENTED_EDGE ( 'NONE', *, *, #2146, .F. ) ;
#1166 = ORIENTED_EDGE ( 'NONE', *, *, #3890, .T. ) ;
#1167 = VECTOR ( 'NONE', #217, 1000.000000000000114 ) ;
#1168 = CARTESIAN_POINT ( 'NONE',  ( 4.500000000000000000, -3.700000000000009948, -5.379999999999999893 ) ) ;
#1169 = ADVANCED_FACE ( 'NONE', ( #1080 ), #1705, .F. ) ;
#1170 = VECTOR ( 'NONE', #1101, 1000.000000000000000 ) ;
#1171 = ORIENTED_EDGE ( 'NONE', *, *, #834, .T. ) ;
#1172 = ADVANCED_FACE ( 'NONE', ( #1458 ), #2414, .T. ) ;
#1173 = DIRECTION ( 'NONE',  ( -1.794541526872530066E-14, 0.0000000000000000000, 1.000000000000000000 ) ) ;
#1174 = VERTEX_POINT ( 'NONE', #4028 ) ;
#1175 = VECTOR ( 'NONE', #499, 1000.000000000000114 ) ;
#1176 = EDGE_CURVE ( 'NONE', #129, #1885, #961, .T. ) ;
#1177 = CARTESIAN_POINT ( 'NONE',  ( -0.6999999999999999556, -2.700000000000009948, 5.580000000000000071 ) ) ;
#1178 = CARTESIAN_POINT ( 'NONE',  ( 5.749999999999845457, 12.69733902327550190, 1.693307792453212945 ) ) ;
#1179 = LINE ( 'NONE', #1137, #4217 ) ;
#1180 = VERTEX_POINT ( 'NONE', #994 ) ;
#1181 = DIRECTION ( 'NONE',  ( 0.0000000000000000000, 0.9805806756909204447, -0.1961161351381830731 ) ) ;
#1182 = ORGANIZATION ( 'NAUO-ORG2', 'UNSPECIFIED', 'UNSPECIFIED' ) ;
#1183 = B_SPLINE_CURVE_WITH_KNOTS ( 'NONE', 3,
 ( #601, #670, #4058, #1948, #1020, #650, #299, #3302, #2980, #1616, #4326, #3986, #2649, #4011, #226, #981 ),
 .UNSPECIFIED., .F., .F.,
 ( 4, 3, 3, 3, 3, 4 ),
 ( 0.0000000000000000000, 3.531517381802535166E-05, 7.066450543868401594E-05, 0.0001054618491194694109, 0.0001392987215172452220, 0.0001469974402523152915 ),
 .UNSPECIFIED. ) ;
#1184 = DIRECTION ( 'NONE',  ( -1.000000000000000000, -0.0000000000000000000, -0.0000000000000000000 ) ) ;
#1185 = VERTEX_POINT ( 'NONE', #4051 ) ;
#1186 = LINE ( 'NONE', #1523, #2496 ) ;
#1187 = AXIS2_PLACEMENT_3D ( 'NONE', #1617, #4327, #554 ) ;
#1188 = CARTESIAN_POINT ( 'NONE',  ( 7.010966932452110889, 12.73499999999999766, 5.080000000000000071 ) ) ;
#1189 = CARTESIAN_POINT ( 'NONE',  ( 3.375000000000000000, 11.23499999999999943, 2.418677428316022529E-16 ) ) ;
#1190 = LOCAL_TIME ( 21, 35, 26.00000000000000000, #322 ) ;
#1191 = LINE ( 'NONE', #2204, #2014 ) ;
#1192 = VERTEX_POINT ( 'NONE', #3655 ) ;
#1193 = CARTESIAN_POINT ( 'NONE',  ( 8.289638583737172439, 13.74631306408209852, 7.620000000000000107 ) ) ;
#1194 = EDGE_LOOP ( 'NONE', ( #3688, #4088, #1431, #1751 ) ) ;
#1195 = EDGE_CURVE ( 'NONE', #1422, #2602, #4339, .T. ) ;
#1196 =( BOUNDED_CURVE ( )  B_SPLINE_CURVE ( 3, ( #744, #850, #3516, #518 ),
 .UNSPECIFIED., .F., .T. ) 
 B_SPLINE_CURVE_WITH_KNOTS ( ( 4, 4 ),
 ( 0.5000000007378366806, 1.000000000000000000 ),
 .UNSPECIFIED. ) 
 CURVE ( )  GEOMETRIC_REPRESENTATION_ITEM ( )  RATIONAL_B_SPLINE_CURVE ( ( 1.000000000000000000, 0.8584414873009038605, 0.8584414873009038605, 1.000000000000000000 ) ) 
 REPRESENTATION_ITEM ( '' )  );
#1197 = DIRECTION ( 'NONE',  ( 1.000000000000000000, 0.0000000000000000000, -0.0000000000000000000 ) ) ;
#1198 = CARTESIAN_POINT ( 'NONE',  ( 4.950000000000001066, 12.73499999999999943, -3.456145414403758220 ) ) ;
#1199 = CARTESIAN_POINT ( 'NONE',  ( 8.014137117667727850, 12.73499999999999410, 6.257399771705302705 ) ) ;
#1200 = VERTEX_POINT ( 'NONE', #925 ) ;
#1201 = EDGE_CURVE ( 'NONE', #2149, #1756, #3184, .T. ) ;
#1202 = FACE_OUTER_BOUND ( 'NONE', #125, .T. ) ;
#1203 = DIRECTION ( 'NONE',  ( 0.0000000000000000000, 0.0000000000000000000, -1.000000000000000000 ) ) ;
#1204 = ITEM_DEFINED_TRANSFORMATION ( 'NONE', 'NONE', #1551,  #911 ) ;
#1205 = ORIENTED_EDGE ( 'NONE', *, *, #235, .T. ) ;
#1206 = EDGE_LOOP ( 'NONE', ( #1238, #449, #3597, #611 ) ) ;
#1207 = EDGE_CURVE ( 'NONE', #3418, #1185, #3316, .T. ) ;
#1208 = DIRECTION ( 'NONE',  ( 3.334909476821824268E-28, 1.000000000000000000, 5.984633544517506745E-42 ) ) ;
#1209 = DIRECTION ( 'NONE',  ( 1.000000000000000000, -9.854725885015578669E-16, 0.0000000000000000000 ) ) ;
#1210 = CARTESIAN_POINT ( 'NONE',  ( 4.949999999999999289, 11.93499999999701977, -3.280788672664280980 ) ) ;
#1211 = EDGE_LOOP ( 'NONE', ( #3500, #199, #1950, #4243 ) ) ;
#1212 = CC_DESIGN_PERSON_AND_ORGANIZATION_ASSIGNMENT ( #2285, #3590, ( #2182 ) ) ;
#1213 = DIRECTION ( 'NONE',  ( -1.000000000000000000, -0.0000000000000000000, -0.0000000000000000000 ) ) ;
#1214 = ORIENTED_EDGE ( 'NONE', *, *, #532, .F. ) ;
#1215 = CARTESIAN_POINT ( 'NONE',  ( 5.750000000000000000, 12.64656426582508075, -1.714246796769120618 ) ) ;
#1216 = LINE ( 'NONE', #2835, #342 ) ;
#1217 = FACE_OUTER_BOUND ( 'NONE', #3049, .T. ) ;
#1218 = EDGE_CURVE ( 'NONE', #4141, #2578, #2667, .T. ) ;
#1219 =( BOUNDED_CURVE ( )  B_SPLINE_CURVE ( 3, ( #3451, #1697, #3738, #3402 ),
 .UNSPECIFIED., .F., .T. ) 
 B_SPLINE_CURVE_WITH_KNOTS ( ( 4, 4 ),
 ( 0.0000000000000000000, 1.000000000000000000 ),
 .UNSPECIFIED. ) 
 CURVE ( )  GEOMETRIC_REPRESENTATION_ITEM ( )  RATIONAL_B_SPLINE_CURVE ( ( 1.000000000000000000, 0.3333333333333332038, 0.3333333333333332038, 1.000000000000000000 ) ) 
 REPRESENTATION_ITEM ( '' )  );
#1220 = CIRCLE ( 'NONE', #3138, 1.975000000000000089 ) ;
#1221 = DIRECTION ( 'NONE',  ( -2.501911041408800138E-16, -1.000000000000000000, 0.0000000000000000000 ) ) ;
#1222 = PLANE ( 'NONE',  #169 ) ;
#1223 = CALENDAR_DATE ( 2019, 21, 10 ) ;
#1224 = ORIENTED_EDGE ( 'NONE', *, *, #165, .F. ) ;
#1225 = AXIS2_PLACEMENT_3D ( 'NONE', #924, #1701, #2262 ) ;
#1226 = ORIENTED_EDGE ( 'NONE', *, *, #3263, .T. ) ;
#1227 = LINE ( 'NONE', #294, #1657 ) ;
#1228 = CIRCLE ( 'NONE', #228, 1.843139007349806180 ) ;
#1229 = EDGE_CURVE ( 'NONE', #1885, #129, #3581, .T. ) ;
#1230 = CYLINDRICAL_SURFACE ( 'NONE', #502, 0.3000000000000000444 ) ;
#1231 = CARTESIAN_POINT ( 'NONE',  ( 7.049999999999991829, 11.43499999999999694, 5.079999999999999183 ) ) ;
#1232 = ORIENTED_EDGE ( 'NONE', *, *, #992, .T. ) ;
#1233 = AXIS2_PLACEMENT_3D ( 'NONE', #2683, #2707, #3037 ) ;
#1234 = PLANE ( 'NONE',  #883 ) ;
#1235 = CARTESIAN_POINT ( 'NONE',  ( 5.499999999999584332, -0.05000000078158019917, 4.579999999999960103 ) ) ;
#1236 = FACE_OUTER_BOUND ( 'NONE', #1546, .T. ) ;
#1237 = ORIENTED_EDGE ( 'NONE', *, *, #1014, .T. ) ;
#1238 = ORIENTED_EDGE ( 'NONE', *, *, #14, .F. ) ;
#1239 = CIRCLE ( 'NONE', #2374, 0.09999999999999982514 ) ;
#1240 = CARTESIAN_POINT ( 'NONE',  ( 3.589703979382066201, 12.64656426582840432, -5.080000003448557067 ) ) ;
#1241 = PLANE ( 'NONE',  #379 ) ;
#1242 = VECTOR ( 'NONE', #4193, 1000.000000000000000 ) ;
#1243 = ORIENTED_EDGE ( 'NONE', *, *, #1350, .T. ) ;
#1244 = B_SPLINE_CURVE_WITH_KNOTS ( 'NONE', 3,
 ( #2574, #2554, #474, #1487, #1821, #1583, #221, #1918, #3607, #569, #3267, #3192, #3617, #2209, #1572, #173 ),
 .UNSPECIFIED., .F., .F.,
 ( 4, 3, 3, 3, 3, 4 ),
 ( 4.336808689942017736E-19, 3.531517381802507384E-05, 7.066450543868405660E-05, 0.0001054618491194700614, 0.0001392987215172446528, 0.0001469974402523165926 ),
 .UNSPECIFIED. ) ;
#1245 = DIRECTION ( 'NONE',  ( 0.0000000000000000000, 0.0000000000000000000, 1.000000000000000000 ) ) ;
#1246 = DIRECTION ( 'NONE',  ( 0.0000000000000000000, -0.0000000000000000000, -1.000000000000000000 ) ) ;
#1247 = CALENDAR_DATE ( 2019, 21, 10 ) ;
#1248 = ORIENTED_EDGE ( 'NONE', *, *, #365, .F. ) ;
#1249 = DIRECTION ( 'NONE',  ( -1.794541526872530066E-14, 0.0000000000000000000, 1.000000000000000000 ) ) ;
#1250 = EDGE_CURVE ( 'NONE', #563, #2637, #2354, .T. ) ;
#1251 = CARTESIAN_POINT ( 'NONE',  ( 5.749999999999992895, 12.73499999999999943, -6.692082860990527848 ) ) ;
#1252 = DIRECTION ( 'NONE',  ( -0.0000000000000000000, 0.0000000000000000000, 1.000000000000000000 ) ) ;
#1253 = AXIS2_PLACEMENT_3D ( 'NONE', #1177, #2210, #2856 ) ;
#1254 = B_SPLINE_CURVE_WITH_KNOTS ( 'NONE', 3,
 ( #4402, #3351, #2064, #335 ),
 .UNSPECIFIED., .F., .F.,
 ( 4, 4 ),
 ( 3.411991864460203891E-15, 0.0007166189195539847444 ),
 .UNSPECIFIED. ) ;
#1255 = ORIENTED_EDGE ( 'NONE', *, *, #1777, .T. ) ;
#1256 = EDGE_CURVE ( 'NONE', #2292, #1422, #2335, .T. ) ;
#1257 = VECTOR ( 'NONE', #2650, 1000.000000000000000 ) ;
#1258 = FACE_OUTER_BOUND ( 'NONE', #1194, .T. ) ;
#1259 = CARTESIAN_POINT ( 'NONE',  ( 5.749999999999992895, 12.73499999999999943, -6.692082860990527848 ) ) ;
#1260 = ORIENTED_EDGE ( 'NONE', *, *, #2776, .T. ) ;
#1261 = CIRCLE ( 'NONE', #711, 1.900000000000000133 ) ;
#1262 = EDGE_LOOP ( 'NONE', ( #3665, #3100, #2478, #3686 ) ) ;
#1263 = CARTESIAN_POINT ( 'NONE',  ( 10.25000000000000000, 6.200000000000007283, 3.279999999999999805 ) ) ;
#1264 = CARTESIAN_POINT ( 'NONE',  ( 4.178667266375339473, 12.73499999999999588, -3.659305001827072079 ) ) ;
#1265 = CARTESIAN_POINT ( 'NONE',  ( 4.985603046709015551, 12.73499999999999943, 3.459498222422557223 ) ) ;
#1266 = ORIENTED_EDGE ( 'NONE', *, *, #1556, .F. ) ;
#1267 = VERTEX_POINT ( 'NONE', #3337 ) ;
#1268 = CARTESIAN_POINT ( 'NONE',  ( 3.450447775674257311, 11.45044927442903315, 0.0000000000000000000 ) ) ;
#1269 = CARTESIAN_POINT ( 'NONE',  ( 7.249999999999991118, 11.43499999999999694, 5.079999999999999183 ) ) ;
#1270 = PRODUCT_DEFINITION ( 'UNKNOWN', '', #2172, #665 ) ;
#1271 = FACE_OUTER_BOUND ( 'NONE', #260, .T. ) ;
#1272 = CARTESIAN_POINT ( 'NONE',  ( 4.950000000000133404, 12.73279737082322072, -6.716456345332967537 ) ) ;
#1273 = LINE ( 'NONE', #2989, #3070 ) ;
#1274 = DATE_AND_TIME ( #1247, #1046 ) ;
#1275 = EDGE_LOOP ( 'NONE', ( #2247, #3981, #1966, #2006 ) ) ;
#1276 = DIRECTION ( 'NONE',  ( 1.000000000000000000, 0.0000000000000000000, 1.794541526872530066E-14 ) ) ;
#1277 = ORIENTED_EDGE ( 'NONE', *, *, #4251, .T. ) ;
#1278 = CARTESIAN_POINT ( 'NONE',  ( 7.049999999999688960, 11.23499999999999588, -1.680000000000610338 ) ) ;
#1279 =( LENGTH_UNIT ( ) NAMED_UNIT ( * ) SI_UNIT ( .MILLI., .METRE. ) );
#1280 = ADVANCED_FACE ( 'NONE', ( #293 ), #3363, .F. ) ;
#1281 = ORIENTED_EDGE ( 'NONE', *, *, #1631, .F. ) ;
#1282 = ORIENTED_EDGE ( 'NONE', *, *, #873, .F. ) ;
#1283 = CARTESIAN_POINT ( 'NONE',  ( 5.749999999995260680, 12.69570467254462010, 3.385302786415251397 ) ) ;
#1284 = PLANE ( 'NONE',  #3169 ) ;
#1285 = ADVANCED_FACE ( 'NONE', ( #2688 ), #138, .T. ) ;
#1286 = ORIENTED_EDGE ( 'NONE', *, *, #4272, .T. ) ;
#1287 = ORIENTED_EDGE ( 'NONE', *, *, #3754, .T. ) ;
#1288 = CARTESIAN_POINT ( 'NONE',  ( 4.500000000000006217, -2.700000000000333689, 4.580000000000067573 ) ) ;
#1289 = CARTESIAN_POINT ( 'NONE',  ( 3.589703979381178023, 12.64656426582076776, 5.079999999999998295 ) ) ;
#1290 = ORIENTED_EDGE ( 'NONE', *, *, #1889, .T. ) ;
#1291 = EDGE_CURVE ( 'NONE', #979, #1846, #4074, .T. ) ;
#1292 = CARTESIAN_POINT ( 'NONE',  ( 5.750000000000000888, 11.93499999999675154, 1.799211327335742849 ) ) ;
#1293 = CARTESIAN_POINT ( 'NONE',  ( 3.595871266169322400, 12.69953703112280508, 5.935603859218583800 ) ) ;
#1294 = CARTESIAN_POINT ( 'NONE',  ( 5.349999999999989875, 12.73499999999999943, 0.0000000000000000000 ) ) ;
#1295 = FACE_OUTER_BOUND ( 'NONE', #1206, .T. ) ;
#1296 = AXIS2_PLACEMENT_3D ( 'NONE', #838, #3151, #3195 ) ;
#1297 = CARTESIAN_POINT ( 'NONE',  ( -0.6999999999999999556, -3.700000000000010392, 0.2999999999999989897 ) ) ;
#1298 = DIRECTION ( 'NONE',  ( -0.0000000000000000000, -0.0000000000000000000, -1.000000000000000000 ) ) ;
#1299 = CARTESIAN_POINT ( 'NONE',  ( 0.0000000000000000000, 0.0000000000000000000, 0.0000000000000000000 ) ) ;
#1300 = AXIS2_PLACEMENT_3D ( 'NONE', #931, #2319, #3342 ) ;
#1301 = ORIENTED_EDGE ( 'NONE', *, *, #4196, .T. ) ;
#1302 = ORIENTED_EDGE ( 'NONE', *, *, #4192, .F. ) ;
#1303 = B_SPLINE_CURVE_WITH_KNOTS ( 'NONE', 3,
 ( #828, #3232, #3542, #126, #505, #2849, #30, #1387, #4123, #1627, #3721, #2269, #1613, #4277, #2579, #148 ),
 .UNSPECIFIED., .F., .F.,
 ( 4, 3, 3, 3, 3, 4 ),
 ( 8.218119684499256706E-15, 3.308388942448509991E-05, 6.613717211493326130E-05, 9.966070390110846671E-05, 0.0001340858777773679773, 0.0001469394654600622140 ),
 .UNSPECIFIED. ) ;
#1304 = VECTOR ( 'NONE', #320, 1000.000000000000000 ) ;
#1305 = CARTESIAN_POINT ( 'NONE',  ( 5.349999999999989875, 12.73499999999999943, 0.0000000000000000000 ) ) ;
#1306 = CARTESIAN_POINT ( 'NONE',  ( 5.749999999999992895, 12.73499999999999943, 3.467917139009472294 ) ) ;
#1307 = CARTESIAN_POINT ( 'NONE',  ( 2.932077519087679995, 11.23499999999999943, -143.2560000000000002 ) ) ;
#1308 = EDGE_LOOP ( 'NONE', ( #526, #331, #3419, #2703 ) ) ;
#1309 = AXIS2_PLACEMENT_3D ( 'NONE', #463, #3153, #1833 ) ;
#1310 = ORIENTED_EDGE ( 'NONE', *, *, #1229, .T. ) ;
#1311 = EDGE_LOOP ( 'NONE', ( #1647, #3858, #3976, #3009 ) ) ;
#1312 = EDGE_CURVE ( 'NONE', #2411, #1908, #3202, .T. ) ;
#1313 = FACE_OUTER_BOUND ( 'NONE', #1825, .T. ) ;
#1314 = CARTESIAN_POINT ( 'NONE',  ( 5.749999999999992895, 12.73499999999999943, 3.467917139009472294 ) ) ;
#1315 = ORIENTED_EDGE ( 'NONE', *, *, #2598, .F. ) ;
#1316 = ORIENTED_EDGE ( 'NONE', *, *, #4245, .T. ) ;
#1317 = VECTOR ( 'NONE', #509, 1000.000000000000000 ) ;
#1318 = EDGE_CURVE ( 'NONE', #2720, #2214, #1228, .T. ) ;
#1319 = DIRECTION ( 'NONE',  ( -1.000000000000000000, -0.0000000000000000000, -0.0000000000000000000 ) ) ;
#1320 = LINE ( 'NONE', #1960, #3797 ) ;
#1321 = CARTESIAN_POINT ( 'NONE',  ( 9.250000000000000000, 2.200000000000009948, 6.379999999999999893 ) ) ;
#1322 = AXIS2_PLACEMENT_3D ( 'NONE', #3378, #1052, #727 ) ;
#1323 = ORIENTED_EDGE ( 'NONE', *, *, #4025, .T. ) ;
#1324 = PLANE ( 'NONE',  #957 ) ;
#1325 = VECTOR ( 'NONE', #3423, 1000.000000000000000 ) ;
#1326 = CARTESIAN_POINT ( 'NONE',  ( 7.049999999999561950, 11.23499999999999766, -5.080000000000000959 ) ) ;
#1327 = CARTESIAN_POINT ( 'NONE',  ( 5.299999999999990052, -9.540979117872439019E-15, -4.079999999999789573 ) ) ;
#1328 = ORIENTED_EDGE ( 'NONE', *, *, #2709, .T. ) ;
#1329 = FACE_BOUND ( 'NONE', #303, .T. ) ;
#1330 = DIRECTION ( 'NONE',  ( -1.000000000000000000, 0.0000000000000000000, -0.0000000000000000000 ) ) ;
#1331 = DIRECTION ( 'NONE',  ( 1.000000000000000000, -9.854725885015578669E-16, 0.0000000000000000000 ) ) ;
#1332 = SECURITY_CLASSIFICATION ( '', '', #2924 ) ;
#1333 = ORIENTED_EDGE ( 'NONE', *, *, #1576, .F. ) ;
#1334 = EDGE_LOOP ( 'NONE', ( #1996, #270, #889, #177 ) ) ;
#1335 = VECTOR ( 'NONE', #2480, 1000.000000000000000 ) ;
#1336 = CARTESIAN_POINT ( 'NONE',  ( 3.635702501172415335, 12.73500000000000298, -5.080000003358441596 ) ) ;
#1337 = CARTESIAN_POINT ( 'NONE',  ( 9.555373864405590112, 6.599999999999999645, 7.195000000000000284 ) ) ;
#1338 = ORIENTED_EDGE ( 'NONE', *, *, #1841, .T. ) ;
#1339 = VECTOR ( 'NONE', #904, 1000.000000000000000 ) ;
#1340 = EDGE_CURVE ( 'NONE', #120, #630, #1191, .T. ) ;
#1341 = CARTESIAN_POINT ( 'NONE',  ( 8.557209438086390563, 0.0000000000000000000, 7.000000000000000000 ) ) ;
#1342 = DIRECTION ( 'NONE',  ( 1.000000000000000000, -0.0000000000000000000, 0.0000000000000000000 ) ) ;
#1343 = DIRECTION ( 'NONE',  ( 0.0000000000000000000, 0.0000000000000000000, 1.000000000000000000 ) ) ;
#1344 = ORIENTED_EDGE ( 'NONE', *, *, #1725, .F. ) ;
#1345 = EDGE_CURVE ( 'NONE', #3122, #3595, #2790, .T. ) ;
#1346 = FACE_OUTER_BOUND ( 'NONE', #3210, .T. ) ;
#1347 = DIRECTION ( 'NONE',  ( 0.2763074248798411681, 0.9610693039298835449, 0.0000000000000000000 ) ) ;
#1348 = LINE ( 'NONE', #2053, #1094 ) ;
#1349 = PERSON_AND_ORGANIZATION_ROLE ( 'creator' ) ;
#1350 = EDGE_CURVE ( 'NONE', #2826, #2129, #2358, .T. ) ;
#1351 = VERTEX_POINT ( 'NONE', #3296 ) ;
#1352 = CARTESIAN_POINT ( 'NONE',  ( 10.25000000000000000, 0.0000000000000000000, 0.5041960109772678500 ) ) ;
#1353 = CARTESIAN_POINT ( 'NONE',  ( 4.949999999999999289, 11.93499999999701977, 6.879211327335720938 ) ) ;
#1354 = CARTESIAN_POINT ( 'NONE',  ( 3.589703979381174914, 12.64656426582076776, -5.080000000000000071 ) ) ;
#1355 = B_SPLINE_CURVE_WITH_KNOTS ( 'NONE', 3,
 ( #4095, #3740, #1056, #1410, #2398, #661, #4121, #2005, #4046, #1011, #3357, #390, #1035, #3759, #3080, #2756 ),
 .UNSPECIFIED., .F., .F.,
 ( 4, 3, 3, 3, 3, 4 ),
 ( 8.348222229663367995E-15, 3.308388942448985684E-05, 6.613717211494402201E-05, 9.966070390112487882E-05, 0.0001340858777773908269, 0.0001469394654597987529 ),
 .UNSPECIFIED. ) ;
#1356 = VERTEX_POINT ( 'NONE', #783 ) ;
#1357 = VERTEX_POINT ( 'NONE', #92 ) ;
#1358 = CARTESIAN_POINT ( 'NONE',  ( 5.749999999999992895, 12.73499999999999943, 3.467917139009472294 ) ) ;
#1359 = DIRECTION ( 'NONE',  ( 0.0000000000000000000, -0.0000000000000000000, 1.000000000000000000 ) ) ;
#1360 = EDGE_CURVE ( 'NONE', #2748, #3494, #3435, .T. ) ;
#1361 = CARTESIAN_POINT ( 'NONE',  ( 7.993234973611840211, 13.69999999999999929, 7.620000000000000107 ) ) ;
#1362 = DIRECTION ( 'NONE',  ( 1.000000000000000000, -3.338853781347929776E-28, 1.794541526872530066E-14 ) ) ;
#1363 = CARTESIAN_POINT ( 'NONE',  ( 3.689033067547870637, 12.63500000000000156, -5.080000000000000071 ) ) ;
#1364 = ORIENTED_EDGE ( 'NONE', *, *, #1576, .T. ) ;
#1365 = DIRECTION ( 'NONE',  ( -1.000000000000000000, 1.171453342316279939E-15, 0.0000000000000000000 ) ) ;
#1366 = ADVANCED_FACE ( 'NONE', ( #469 ), #4410, .T. ) ;
#1367 = CARTESIAN_POINT ( 'NONE',  ( 5.349999999999989875, 11.43500000000000050, 0.0000000000000000000 ) ) ;
#1368 = CARTESIAN_POINT ( 'NONE',  ( 5.299999999999999822, -3.700000000000009948, -0.3000000000000019873 ) ) ;
#1369 = MECHANICAL_CONTEXT ( 'NONE', #2921, 'mechanical' ) ;
#1370 = ORIENTED_EDGE ( 'NONE', *, *, #587, .T. ) ;
#1371 =( BOUNDED_SURFACE ( )  B_SPLINE_SURFACE ( 3, 3, ( 
 ( #1265, #2914, #1911, #1868 ),
 ( #4332, #3921, #894, #3307 ),
 ( #1622, #869, #1538, #966 ),
 ( #2236, #4287, #2254, #1289 ) ),
 .UNSPECIFIED., .F., .F., .F. ) 
 B_SPLINE_SURFACE_WITH_KNOTS ( ( 4, 4 ),
 ( 4, 4 ),
 ( 0.0000000000000000000, 1.000000000000000000 ),
 ( 0.0000000000000000000, 1.000000000000000000 ),
 .UNSPECIFIED. ) 
 GEOMETRIC_REPRESENTATION_ITEM ( )  RATIONAL_B_SPLINE_SURFACE ( (
 ( 1.000000000000000000, 0.8538861261458171592, 0.8538861261458171592, 1.000000000000000000),
 ( 0.8312495820266319058, 0.7097924854570504261, 0.7097924854570504261, 0.8312495820266319058),
 ( 0.8312495820266319058, 0.7097924854570504261, 0.7097924854570504261, 0.8312495820266319058),
 ( 1.000000000000000000, 0.8538861261458171592, 0.8538861261458171592, 1.000000000000000000) ) ) 
 REPRESENTATION_ITEM ( '' )  SURFACE ( )  );
#1372 = EDGE_CURVE ( 'NONE', #1912, #4325, #1670, .T. ) ;
#1373 = CARTESIAN_POINT ( 'NONE',  ( 7.249999999999992006, 11.43499999999999694, 5.079999999999999183 ) ) ;
#1374 = CARTESIAN_POINT ( 'NONE',  ( 3.589703979381174914, 12.64656426582076776, -5.938612053078013986 ) ) ;
#1375 = CARTESIAN_POINT ( 'NONE',  ( 4.950000000000698286, 12.67827681032222742, -1.704820330738587186 ) ) ;
#1376 = VERTEX_POINT ( 'NONE', #943 ) ;
#1377 = VERTEX_POINT ( 'NONE', #4068 ) ;
#1378 = AXIS2_PLACEMENT_3D ( 'NONE', #184, #1580, #2842 ) ;
#1379 = LINE ( 'NONE', #1737, #189 ) ;
#1380 = AXIS2_PLACEMENT_3D ( 'NONE', #581, #3278, #231 ) ;
#1381 = ORIENTED_EDGE ( 'NONE', *, *, #3654, .F. ) ;
#1382 = AXIS2_PLACEMENT_3D ( 'NONE', #3177, #839, #1515 ) ;
#1383 = DIRECTION ( 'NONE',  ( 0.0000000000000000000, -0.0000000000000000000, -1.000000000000000000 ) ) ;
#1384 = FACE_OUTER_BOUND ( 'NONE', #2425, .T. ) ;
#1385 = LINE ( 'NONE', #2069, #3653 ) ;
#1386 = ORIENTED_EDGE ( 'NONE', *, *, #134, .T. ) ;
#1387 = CARTESIAN_POINT ( 'NONE',  ( 4.950000000000155609, 12.71295948527728115, 3.402469974908475692 ) ) ;
#1388 = CIRCLE ( 'NONE', #2654, 0.2000000000000000944 ) ;
#1389 = CARTESIAN_POINT ( 'NONE',  ( 3.449999999999990408, 11.43500000000000050, -4.653657836759942730E-16 ) ) ;
#1390 = CARTESIAN_POINT ( 'NONE',  ( 10.25000000000000000, 6.799999999999999822, 7.620000000000000107 ) ) ;
#1391 = CARTESIAN_POINT ( 'NONE',  ( 4.949999999999991296, 12.73499999999999943, 1.612082860990528665 ) ) ;
#1392 = CARTESIAN_POINT ( 'NONE',  ( 5.749999999999992895, 12.73499999999999943, 6.692082860990527848 ) ) ;
#1393 = PERSON_AND_ORGANIZATION ( #4411, #194 ) ;
#1394 = CARTESIAN_POINT ( 'NONE',  ( 3.451341823670963205, 11.45812853167897671, 5.080000000000000071 ) ) ;
#1395 = CARTESIAN_POINT ( 'NONE',  ( 5.349999999999999645, 11.23499999999999943, 0.0000000000000000000 ) ) ;
#1396 = EDGE_CURVE ( 'NONE', #1185, #1447, #3646, .T. ) ;
#1397 = ORIENTED_EDGE ( 'NONE', *, *, #1312, .F. ) ;
#1398 = DIRECTION ( 'NONE',  ( -0.8660254037844380415, 0.0000000000000000000, 0.5000000000000009992 ) ) ;
#1399 = EDGE_CURVE ( 'NONE', #3616, #3493, #3541, .T. ) ;
#1400 = ORIENTED_EDGE ( 'NONE', *, *, #1396, .F. ) ;
#1401 = ORIENTED_EDGE ( 'NONE', *, *, #3340, .T. ) ;
#1402 = SECURITY_CLASSIFICATION ( '', '', #2901 ) ;
#1403 = CARTESIAN_POINT ( 'NONE',  ( 5.750000000000000888, 11.93499999999674976, 6.879211327335743142 ) ) ;
#1404 = VERTEX_POINT ( 'NONE', #2268 ) ;
#1405 = ADVANCED_FACE ( 'NONE', ( #2647 ), #4345, .T. ) ;
#1406 = AXIS2_PLACEMENT_3D ( 'NONE', #2272, #207, #3303 ) ;
#1407 = CARTESIAN_POINT ( 'NONE',  ( 7.248658176335226244, 11.45812853167969614, -2.206075080606631781E-41 ) ) ;
#1408 = CARTESIAN_POINT ( 'NONE',  ( 4.965164424315888780, 12.69953703112280330, 1.711393931465736262 ) ) ;
#1409 = LOCAL_TIME ( 21, 35, 26.00000000000000000, #116 ) ;
#1410 = CARTESIAN_POINT ( 'NONE',  ( 5.749999999999304556, 12.67827681032246545, -3.375179669261535675 ) ) ;
#1411 = ORIENTED_EDGE ( 'NONE', *, *, #4388, .T. ) ;
#1412 = CARTESIAN_POINT ( 'NONE',  ( 9.667957166897570787, 6.599999999999999645, 6.999999999999999112 ) ) ;
#1413 = LINE ( 'NONE', #64, #1524 ) ;
#1414 = CARTESIAN_POINT ( 'NONE',  ( 7.249999999999992895, 11.44273112629124611, -1.279999999999998250 ) ) ;
#1415 = ORIENTED_EDGE ( 'NONE', *, *, #2794, .F. ) ;
#1416 = ORIENTED_EDGE ( 'NONE', *, *, #637, .T. ) ;
#1417 = LINE ( 'NONE', #4259, #747 ) ;
#1418 = CARTESIAN_POINT ( 'NONE',  ( 9.250000000000000000, 6.299999999999999822, -119.9440000000000026 ) ) ;
#1419 = ADVANCED_FACE ( 'NONE', ( #647 ), #1234, .T. ) ;
#1420 = CARTESIAN_POINT ( 'NONE',  ( 4.499999999999979572, -3.700000000000006395, 6.080000000000190141 ) ) ;
#1421 = ORIENTED_EDGE ( 'NONE', *, *, #4057, .T. ) ;
#1422 = VERTEX_POINT ( 'NONE', #2339 ) ;
#1423 = EDGE_CURVE ( 'NONE', #3418, #3796, #574, .T. ) ;
#1424 = FACE_OUTER_BOUND ( 'NONE', #1893, .T. ) ;
#1425 = EDGE_LOOP ( 'NONE', ( #3480, #1421, #4195, #2327 ) ) ;
#1426 = DIRECTION ( 'NONE',  ( -1.000000000000000000, 1.171453342316279939E-15, 0.0000000000000000000 ) ) ;
#1427 = EDGE_CURVE ( 'NONE', #2978, #1471, #1303, .T. ) ;
#1428 = CARTESIAN_POINT ( 'NONE',  ( 4.963811392487189167, 12.64656426582840254, 1.717410969928462094 ) ) ;
#1429 = ORIENTED_EDGE ( 'NONE', *, *, #3235, .F. ) ;
#1430 = CARTESIAN_POINT ( 'NONE',  ( 5.349999999999980993, 11.93499999999403727, -5.080000000000000071 ) ) ;
#1431 = ORIENTED_EDGE ( 'NONE', *, *, #3680, .T. ) ;
#1432 = CARTESIAN_POINT ( 'NONE',  ( 3.589703979381177579, 12.64656426582076776, 8.673617379884035472E-16 ) ) ;
#1433 = DIRECTION ( 'NONE',  ( -0.4999999999999996669, 0.0000000000000000000, -0.8660254037844388186 ) ) ;
#1434 = CARTESIAN_POINT ( 'NONE',  ( 4.500000000000000000, -3.700000000000009948, -5.380000000000000782 ) ) ;
#1435 = PERSON_AND_ORGANIZATION ( #4411, #194 ) ;
#1436 = CARTESIAN_POINT ( 'NONE',  ( 7.249999999999992895, 11.44273112629124611, 8.880000000000002558 ) ) ;
#1437 = CARTESIAN_POINT ( 'NONE',  ( 7.248658176322919644, 11.45812853178540536, 1.607708950454020642E-61 ) ) ;
#1438 = ORIENTED_EDGE ( 'NONE', *, *, #2178, .T. ) ;
#1439 = DIRECTION ( 'NONE',  ( 1.000000000000000000, -9.854725885015578669E-16, 0.0000000000000000000 ) ) ;
#1440 = CARTESIAN_POINT ( 'NONE',  ( 3.449999999999989075, 11.31784271247448181, 3.800000000000001155 ) ) ;
#1441 = ORIENTED_EDGE ( 'NONE', *, *, #3885, .T. ) ;
#1442 = VERTEX_POINT ( 'NONE', #53 ) ;
#1443 = VECTOR ( 'NONE', #2679, 1000.000000000000000 ) ;
#1444 = LINE ( 'NONE', #2791, #778 ) ;
#1445 = ORIENTED_EDGE ( 'NONE', *, *, #1049, .T. ) ;
#1446 = AXIS2_PLACEMENT_3D ( 'NONE', #1395, #3511, #3436 ) ;
#1447 = VERTEX_POINT ( 'NONE', #373 ) ;
#1448 = EDGE_CURVE ( 'NONE', #1200, #556, #1417, .T. ) ;
#1449 = AXIS2_PLACEMENT_3D ( 'NONE', #3555, #4190, #1142 ) ;
#1450 = LINE ( 'NONE', #1235, #2513 ) ;
#1451 = DIRECTION ( 'NONE',  ( -0.4999999999999996669, 0.0000000000000000000, -0.8660254037844388186 ) ) ;
#1452 = CARTESIAN_POINT ( 'NONE',  ( 7.249999999999991118, 11.43499999999999872, -5.080000000000000959 ) ) ;
#1453 = CARTESIAN_POINT ( 'NONE',  ( 5.712622210151658386, 12.73499999999999766, 3.404493793745397401 ) ) ;
#1454 = CARTESIAN_POINT ( 'NONE',  ( 3.375000000000000000, 11.23499999999999943, 5.080000000000000071 ) ) ;
#1455 = AXIS2_PLACEMENT_3D ( 'NONE', #3222, #3534, #1503 ) ;
#1456 = EDGE_CURVE ( 'NONE', #3959, #3270, #1630, .T. ) ;
#1457 = LINE ( 'NONE', #1815, #4219 ) ;
#1458 = FACE_OUTER_BOUND ( 'NONE', #2965, .T. ) ;
#1459 = DIRECTION ( 'NONE',  ( -2.501911041408800138E-16, -1.000000000000000000, 0.0000000000000000000 ) ) ;
#1460 = PERSON_AND_ORGANIZATION_ROLE ( 'creator' ) ;
#1461 = CARTESIAN_POINT ( 'NONE',  ( 8.557209438086390563, 6.599999999999999645, 7.620000000000000107 ) ) ;
#1462 = ORIENTED_EDGE ( 'NONE', *, *, #3639, .F. ) ;
#1463 = VECTOR ( 'NONE', #387, 1000.000000000000000 ) ;
#1464 = CARTESIAN_POINT ( 'NONE',  ( 5.349999999999982769, 12.64656426582178206, 5.080000000000000071 ) ) ;
#1465 = DIRECTION ( 'NONE',  ( -1.000000000000000000, 0.0000000000000000000, -0.0000000000000000000 ) ) ;
#1466 = AXIS2_PLACEMENT_3D ( 'NONE', #3861, #3238, #4183 ) ;
#1467 = VERTEX_POINT ( 'NONE', #1679 ) ;
#1468 = APPROVAL ( #846, 'UNSPECIFIED' ) ;
#1469 = CARTESIAN_POINT ( 'NONE',  ( 7.167157287525209419, 11.23499999999981647, 5.080000000000000959 ) ) ;
#1470 = ORIENTED_EDGE ( 'NONE', *, *, #3198, .T. ) ;
#1471 = VERTEX_POINT ( 'NONE', #3018 ) ;
#1472 = FACE_OUTER_BOUND ( 'NONE', #1676, .T. ) ;
#1473 = CARTESIAN_POINT ( 'NONE',  ( 5.299999999999990052, -0.05000000078161020295, 5.580000000000119975 ) ) ;
#1474 = CARTESIAN_POINT ( 'NONE',  ( 8.689999999999999503, 6.599999999999999645, 7.620000000000000107 ) ) ;
#1475 = ORIENTED_EDGE ( 'NONE', *, *, #4093, .F. ) ;
#1476 = CARTESIAN_POINT ( 'NONE',  ( 5.722352193218312344, 12.64656426582414639, 3.359536131036008122 ) ) ;
#1477 = EDGE_CURVE ( 'NONE', #4141, #3050, #3325, .T. ) ;
#1478 = CARTESIAN_POINT ( 'NONE',  ( 5.499999999999584332, -0.05000000078158019917, -5.580000000000040039 ) ) ;
#1479 = AXIS2_PLACEMENT_3D ( 'NONE', #1760, #2769, #4133 ) ;
#1480 = DIRECTION ( 'NONE',  ( -0.0000000000000000000, -0.0000000000000000000, 1.000000000000000000 ) ) ;
#1481 = CARTESIAN_POINT ( 'NONE',  ( 9.250000000000000000, 2.200000000000007727, 6.379999999999996341 ) ) ;
#1482 = EDGE_CURVE ( 'NONE', #1356, #3424, #2642, .T. ) ;
#1483 = CALENDAR_DATE ( 2019, 21, 10 ) ;
#1484 = CARTESIAN_POINT ( 'NONE',  ( 10.25000000000000000, 6.799999999999999822, 1.799999999999999822 ) ) ;
#1485 = APPROVAL_PERSON_ORGANIZATION ( #2713, #3106, #2669 ) ;
#1486 = ORIENTED_EDGE ( 'NONE', *, *, #515, .T. ) ;
#1487 = CARTESIAN_POINT ( 'NONE',  ( 5.749999999999319655, 12.72910876695780402, -1.646903183719895081 ) ) ;
#1488 = DIRECTION ( 'NONE',  ( 1.000000000000000000, -9.854725885015578669E-16, 0.0000000000000000000 ) ) ;
#1489 = DIRECTION ( 'NONE',  ( -0.5000000000000048850, -0.0000000000000000000, -0.8660254037844358210 ) ) ;
#1490 = EDGE_CURVE ( 'NONE', #3912, #490, #1227, .T. ) ;
#1491 = CARTESIAN_POINT ( 'NONE',  ( 3.449999999999989964, 11.43500000000000405, 5.080000000000000071 ) ) ;
#1492 = VERTEX_POINT ( 'NONE', #1585 ) ;
#1493 = VERTEX_POINT ( 'NONE', #1652 ) ;
#1494 = CARTESIAN_POINT ( 'NONE',  ( 3.650000000000295231, 11.23499999999999943, -4.163799117100252621E-16 ) ) ;
#1495 = ORIENTED_EDGE ( 'NONE', *, *, #1456, .T. ) ;
#1496 = ORIENTED_EDGE ( 'NONE', *, *, #1312, .T. ) ;
#1497 = CARTESIAN_POINT ( 'NONE',  ( 2.146410161513769843, 6.599999999999999645, -8.220000000000000639 ) ) ;
#1498 = CYLINDRICAL_SURFACE ( 'NONE', #3673, 0.3000000000000000444 ) ;
#1499 = CARTESIAN_POINT ( 'NONE',  ( 7.993234973611840211, 14.00000000000000000, -7.620000000000000107 ) ) ;
#1500 = CARTESIAN_POINT ( 'NONE',  ( 5.712622210152577651, 12.73499999999999943, 6.755506206254403345 ) ) ;
#1501 = ADVANCED_FACE ( 'NONE', ( #3294 ), #2313, .T. ) ;
#1502 = CARTESIAN_POINT ( 'NONE',  ( 9.250000000000000000, 2.199999999999988187, -6.379999999999999005 ) ) ;
#1503 = DIRECTION ( 'NONE',  ( -1.171453342316279939E-15, -1.000000000000000000, 0.0000000000000000000 ) ) ;
#1504 = DATE_AND_TIME ( #66, #3811 ) ;
#1505 = ORIENTED_EDGE ( 'NONE', *, *, #2122, .F. ) ;
#1506 = EDGE_CURVE ( 'NONE', #3373, #2292, #2928, .T. ) ;
#1507 = DIRECTION ( 'NONE',  ( 0.0000000000000000000, -0.0000000000000000000, -1.000000000000000000 ) ) ;
#1508 = CARTESIAN_POINT ( 'NONE',  ( 7.167157287525211196, 11.23499999999981647, 8.714314575050439160 ) ) ;
#1509 = ORIENTED_EDGE ( 'NONE', *, *, #50, .F. ) ;
#1510 = EDGE_CURVE ( 'NONE', #2971, #4380, #835, .T. ) ;
#1511 = PLANE ( 'NONE',  #2177 ) ;
#1512 = CARTESIAN_POINT ( 'NONE',  ( 5.722352193219256478, 12.64656426582414994, 1.720463868963787002 ) ) ;
#1513 = DIRECTION ( 'NONE',  ( 0.0000000000000000000, -0.0000000000000000000, -1.000000000000000000 ) ) ;
#1514 = CARTESIAN_POINT ( 'NONE',  ( 5.349999999999999645, 10.44999999999999929, 5.080000000000000071 ) ) ;
#1515 = DIRECTION ( 'NONE',  ( 0.7071067811865470176, 0.7071067811865480168, 0.0000000000000000000 ) ) ;
#1516 = AXIS2_PLACEMENT_3D ( 'NONE', #958, #4010, #279 ) ;
#1517 = EDGE_LOOP ( 'NONE', ( #1381, #1214, #1943, #1951 ) ) ;
#1518 = AXIS2_PLACEMENT_3D ( 'NONE', #1390, #4108, #2447 ) ;
#1519 = DIRECTION ( 'NONE',  ( 0.0000000000000000000, -1.000000000000000000, 0.0000000000000000000 ) ) ;
#1520 = CARTESIAN_POINT ( 'NONE',  ( 7.010966932452110889, 12.73499999999999766, 5.080000000000000071 ) ) ;
#1521 = ITEM_DEFINED_TRANSFORMATION ( 'NONE', 'NONE', #4389,  #911 ) ;
#1522 = CARTESIAN_POINT ( 'NONE',  ( 10.25000000000000000, 6.799999999999999822, 6.879999999999999893 ) ) ;
#1523 = CARTESIAN_POINT ( 'NONE',  ( 7.993234973611840211, 14.00000000000000000, 7.620000000000000107 ) ) ;
#1524 = VECTOR ( 'NONE', #3485, 1000.000000000000000 ) ;
#1525 = VECTOR ( 'NONE', #514, 1000.000000000000000 ) ;
#1526 = CARTESIAN_POINT ( 'NONE',  ( 4.499999999999988454, 4.784159143999949571, 0.5000000000000557332 ) ) ;
#1527 = LINE ( 'NONE', #3908, #2582 ) ;
#1528 = DIRECTION ( 'NONE',  ( -1.794541526872530066E-14, 0.0000000000000000000, 1.000000000000000000 ) ) ;
#1529 = EDGE_CURVE ( 'NONE', #3713, #3773, #620, .T. ) ;
#1530 = VECTOR ( 'NONE', #3552, 1000.000000000000000 ) ;
#1531 = ORIENTED_EDGE ( 'NONE', *, *, #3087, .F. ) ;
#1532 = AXIS2_PLACEMENT_3D ( 'NONE', #2296, #2016, #2622 ) ;
#1533 = CARTESIAN_POINT ( 'NONE',  ( 3.449999999999989519, 11.43500000000000227, 1.280000000000001581 ) ) ;
#1534 = ADVANCED_FACE ( 'NONE', ( #222 ), #2552, .T. ) ;
#1535 = EDGE_CURVE ( 'NONE', #686, #4015, #594, .T. ) ;
#1536 = AXIS2_PLACEMENT_3D ( 'NONE', #2440, #4071, #388 ) ;
#1537 = LINE ( 'NONE', #1831, #105 ) ;
#1538 = CARTESIAN_POINT ( 'NONE',  ( 3.595871267840949681, 12.69953703111901433, 4.224396138808089951 ) ) ;
#1539 = CARTESIAN_POINT ( 'NONE',  ( 4.949999999999999289, 11.93499999999701977, 1.799211327335719757 ) ) ;
#1540 = EDGE_CURVE ( 'NONE', #3456, #1618, #2616, .T. ) ;
#1541 = ORIENTED_EDGE ( 'NONE', *, *, #3309, .F. ) ;
#1542 = DIRECTION ( 'NONE',  ( -2.501911041408800138E-16, -1.000000000000000000, 0.0000000000000000000 ) ) ;
#1543 = CC_DESIGN_APPROVAL ( #1084, ( #2182 ) ) ;
#1544 = CARTESIAN_POINT ( 'NONE',  ( 5.500000000000005329, -0.05000000078161020295, 0.5000000000001419975 ) ) ;
#1545 = CALENDAR_DATE ( 2019, 21, 10 ) ;
#1546 = EDGE_LOOP ( 'NONE', ( #3032, #1370 ) ) ;
#1547 = CARTESIAN_POINT ( 'NONE',  ( 4.949999999999999289, 12.64656426582875959, -6.794246796764900509 ) ) ;
#1548 = AXIS2_PLACEMENT_3D ( 'NONE', #5, #3734, #4091 ) ;
#1549 = DIRECTION ( 'NONE',  ( 0.4999999999999996669, -0.0000000000000000000, 0.8660254037844388186 ) ) ;
#1550 = LINE ( 'NONE', #4236, #2045 ) ;
#1551 = AXIS2_PLACEMENT_3D ( 'NONE', #3339, #3681, #295 ) ;
#1552 = ORIENTED_EDGE ( 'NONE', *, *, #3830, .T. ) ;
#1553 = EDGE_CURVE ( 'NONE', #3130, #3122, #534, .T. ) ;
#1554 = CARTESIAN_POINT ( 'NONE',  ( 7.167157287525206755, 11.23499999999981824, 1.445685424949564313 ) ) ;
#1555 = ORIENTED_EDGE ( 'NONE', *, *, #1800, .T. ) ;
#1556 = EDGE_CURVE ( 'NONE', #1599, #4089, #249, .T. ) ;
#1557 = FACE_OUTER_BOUND ( 'NONE', #297, .T. ) ;
#1558 = CARTESIAN_POINT ( 'NONE',  ( 4.950000000004743050, 12.68578847567073531, -3.379296799043755239 ) ) ;
#1559 = CARTESIAN_POINT ( 'NONE',  ( 4.130405133862625533, 12.69953703111901433, -1.523684330418797028 ) ) ;
#1560 = ORIENTED_EDGE ( 'NONE', *, *, #1291, .F. ) ;
#1561 = ADVANCED_FACE ( 'NONE', ( #570 ), #3003, .T. ) ;
#1562 = LINE ( 'NONE', #3999, #1100 ) ;
#1563 = CARTESIAN_POINT ( 'NONE',  ( 5.749999999999999112, 11.93499999999701977, -6.879211327335712056 ) ) ;
#1564 = DIRECTION ( 'NONE',  ( 0.0000000000000000000, -0.1961161351381830731, -0.9805806756909204447 ) ) ;
#1565 = CARTESIAN_POINT ( 'NONE',  ( 0.0000000000000000000, 0.0000000000000000000, 0.0000000000000000000 ) ) ;
#1566 = ORIENTED_EDGE ( 'NONE', *, *, #2024, .T. ) ;
#1567 = CARTESIAN_POINT ( 'NONE',  ( -0.6999999999999999556, -3.700000000000010392, 5.379999999999999893 ) ) ;
#1568 = DIRECTION ( 'NONE',  ( 1.171453342316279939E-15, 1.000000000000000000, -0.0000000000000000000 ) ) ;
#1569 = CARTESIAN_POINT ( 'NONE',  ( 5.349999999999982769, 12.64656426582178206, 0.0000000000000000000 ) ) ;
#1570 = VERTEX_POINT ( 'NONE', #2422 ) ;
#1571 = ORIENTED_EDGE ( 'NONE', *, *, #3594, .T. ) ;
#1572 = CARTESIAN_POINT ( 'NONE',  ( 5.750000000000000000, 12.64914866789105652, -1.713937828365214910 ) ) ;
#1573 = CARTESIAN_POINT ( 'NONE',  ( 3.595871267845516250, 12.69953703112280330, -5.080000003436474287 ) ) ;
#1574 = CARTESIAN_POINT ( 'NONE',  ( 10.25000000000000000, 6.199999999999978861, -3.279999999999999805 ) ) ;
#1575 = ORIENTED_EDGE ( 'NONE', *, *, #551, .F. ) ;
#1576 = EDGE_CURVE ( 'NONE', #1351, #2757, #1348, .T. ) ;
#1577 = VECTOR ( 'NONE', #3124, 1000.000000000000000 ) ;
#1578 = DIRECTION ( 'NONE',  ( 0.0000000000000000000, 0.0000000000000000000, 1.000000000000000000 ) ) ;
#1579 = DIRECTION ( 'NONE',  ( -1.734723475976807410E-14, 0.0000000000000000000, 1.000000000000000000 ) ) ;
#1580 = DIRECTION ( 'NONE',  ( 0.0000000000000000000, -0.1961161351381840445, 0.9805806756909202226 ) ) ;
#1581 = ADVANCED_FACE ( 'NONE', ( #3060 ), #2381, .F. ) ;
#1582 = CIRCLE ( 'NONE', #3212, 0.1999999999999996503 ) ;
#1583 = CARTESIAN_POINT ( 'NONE',  ( 5.749999999997323030, 12.71935702003381685, -1.668631667042420386 ) ) ;
#1584 = CARTESIAN_POINT ( 'NONE',  ( 3.650000000000296119, 11.23499999999999943, -5.080000000000000071 ) ) ;
#1585 = CARTESIAN_POINT ( 'NONE',  ( 4.499999999999992895, 0.0000000000000000000, 5.584196010977263924 ) ) ;
#1586 = VECTOR ( 'NONE', #2052, 999.9999999999998863 ) ;
#1587 = VERTEX_POINT ( 'NONE', #3807 ) ;
#1588 = VERTEX_POINT ( 'NONE', #397 ) ;
#1589 = ORIENTED_EDGE ( 'NONE', *, *, #3039, .F. ) ;
#1590 = VECTOR ( 'NONE', #2861, 1000.000000000000000 ) ;
#1591 = CARTESIAN_POINT ( 'NONE',  ( 4.950000000000000178, 12.40938025448233084, 6.822602432482177903 ) ) ;
#1592 = DIRECTION ( 'NONE',  ( -1.000000000000000000, 1.171453342316279939E-15, 0.0000000000000000000 ) ) ;
#1593 = EDGE_LOOP ( 'NONE', ( #699, #1171, #2940, #3644 ) ) ;
#1594 = ORIENTED_EDGE ( 'NONE', *, *, #3472, .F. ) ;
#1595 = AXIS2_PLACEMENT_3D ( 'NONE', #289, #3623, #3310 ) ;
#1596 = LINE ( 'NONE', #2941, #2432 ) ;
#1597 = DIRECTION ( 'NONE',  ( -0.0000000000000000000, -0.0000000000000000000, 1.000000000000000000 ) ) ;
#1598 = CARTESIAN_POINT ( 'NONE',  ( 4.950000000002678924, 12.71195981187718616, -3.402202841126639843 ) ) ;
#1599 = VERTEX_POINT ( 'NONE', #420 ) ;
#1600 = CARTESIAN_POINT ( 'NONE',  ( 7.249552224325724659, 11.45044927442902782, 2.326280551333744888E-16 ) ) ;
#1601 = EDGE_CURVE ( 'NONE', #1570, #2079, #2760, .T. ) ;
#1602 = DIRECTION ( 'NONE',  ( -1.171453342316279939E-15, -1.000000000000000000, 0.0000000000000000000 ) ) ;
#1603 = CARTESIAN_POINT ( 'NONE',  ( 7.993234973611840211, 14.00000000000000000, 7.620000000000000107 ) ) ;
#1604 = DIRECTION ( 'NONE',  ( 1.171453342316279939E-15, 1.000000000000000000, -0.0000000000000000000 ) ) ;
#1605 = CARTESIAN_POINT ( 'NONE',  ( 5.299999999999999822, -5.750000000781589904, -5.579999999999979643 ) ) ;
#1606 = LOCAL_TIME ( 21, 35, 26.00000000000000000, #218 ) ;
#1607 = EDGE_CURVE ( 'NONE', #789, #3504, #3783, .T. ) ;
#1608 = CARTESIAN_POINT ( 'NONE',  ( 9.449999999999999289, 10.00000000000000000, 7.620000000000000107 ) ) ;
#1609 = CIRCLE ( 'NONE', #4099, 1.975000000000000089 ) ;
#1610 = EDGE_LOOP ( 'NONE', ( #2291, #3691, #1795, #3176 ) ) ;
#1611 = EDGE_LOOP ( 'NONE', ( #229, #12, #646, #1290, #431, #653, #641, #2886 ) ) ;
#1612 = DIRECTION ( 'NONE',  ( 0.7071067811865480168, -0.7071067811865470176, 0.0000000000000000000 ) ) ;
#1613 = CARTESIAN_POINT ( 'NONE',  ( 4.950000000000131628, 12.73420261174138268, 3.454934726216511987 ) ) ;
#1614 = CARTESIAN_POINT ( 'NONE',  ( 5.299999999999990052, -0.05000000078161020295, -4.579999999999880167 ) ) ;
#1615 = EDGE_CURVE ( 'NONE', #1912, #3568, #309, .T. ) ;
#1616 = CARTESIAN_POINT ( 'NONE',  ( 5.749999999995260680, 12.68578847567073176, -6.780703200956242682 ) ) ;
#1617 = CARTESIAN_POINT ( 'NONE',  ( 5.299999999999990052, -0.05000000078162009781, -4.279999999999863469 ) ) ;
#1618 = VERTEX_POINT ( 'NONE', #2120 ) ;
#1619 = VERTEX_POINT ( 'NONE', #733 ) ;
#1620 = ORIENTED_EDGE ( 'NONE', *, *, #1176, .T. ) ;
#1621 = LINE ( 'NONE', #986, #2531 ) ;
#1622 = CARTESIAN_POINT ( 'NONE',  ( 4.965164424293944556, 12.69953703111901078, 3.368606068534515607 ) ) ;
#1623 = CARTESIAN_POINT ( 'NONE',  ( 5.349999999999982769, 12.64656426582178206, 0.0000000000000000000 ) ) ;
#1624 = CARTESIAN_POINT ( 'NONE',  ( 3.689033065960702018, 12.73500000000000121, 5.890162727164847567 ) ) ;
#1625 = DIRECTION ( 'NONE',  ( 1.000000000000000000, -3.338853781347929776E-28, 1.794541526872530066E-14 ) ) ;
#1626 = FACE_OUTER_BOUND ( 'NONE', #967, .T. ) ;
#1627 = CARTESIAN_POINT ( 'NONE',  ( 4.950000000000073896, 12.72445880131357931, 3.421909901067867743 ) ) ;
#1628 = DIRECTION ( 'NONE',  ( -2.501911041408800138E-16, -1.000000000000000000, 0.0000000000000000000 ) ) ;
#1629 = LINE ( 'NONE', #3609, #3024 ) ;
#1630 = LINE ( 'NONE', #4005, #1164 ) ;
#1631 = EDGE_CURVE ( 'NONE', #1927, #95, #1042, .T. ) ;
#1632 = VERTEX_POINT ( 'NONE', #65 ) ;
#1633 = EDGE_LOOP ( 'NONE', ( #3965, #360, #2399, #1086 ) ) ;
#1634 = DIRECTION ( 'NONE',  ( 0.4472135954999579832, -0.0000000000000000000, 0.8944271909999159664 ) ) ;
#1635 = FACE_OUTER_BOUND ( 'NONE', #1649, .T. ) ;
#1636 = PLANE ( 'NONE',  #3879 ) ;
#1637 = ORIENTED_EDGE ( 'NONE', *, *, #302, .F. ) ;
#1638 = EDGE_LOOP ( 'NONE', ( #2957, #503, #3894, #3275 ) ) ;
#1639 = EDGE_CURVE ( 'NONE', #3215, #4317, #1829, .T. ) ;
#1640 = VERTEX_POINT ( 'NONE', #3741 ) ;
#1641 = CARTESIAN_POINT ( 'NONE',  ( 10.25000000000000000, 0.0000000000000000000, 7.620000000000000107 ) ) ;
#1642 = DIRECTION ( 'NONE',  ( -0.4999999999999996669, 0.0000000000000000000, 0.8660254037844388186 ) ) ;
#1643 = ORIENTED_EDGE ( 'NONE', *, *, #87, .T. ) ;
#1644 = DIRECTION ( 'NONE',  ( 0.0000000000000000000, -0.0000000000000000000, -1.000000000000000000 ) ) ;
#1645 = FACE_OUTER_BOUND ( 'NONE', #21, .T. ) ;
#1646 = LINE ( 'NONE', #1897, #1946 ) ;
#1647 = ORIENTED_EDGE ( 'NONE', *, *, #791, .F. ) ;
#1648 = PLANE ( 'NONE',  #2986 ) ;
#1649 = EDGE_LOOP ( 'NONE', ( #2680, #3299, #3367, #1401 ) ) ;
#1650 = PERSON ( 'NAUO-PER1', 'UNSPECIFIED', 'UNSPECIFIED', ('UNSPECIFIED'), ('UNSPECIFIED'), ('UNSPECIFIED') ) ;
#1651 = DIRECTION ( 'NONE',  ( 3.334909476821824268E-28, 1.000000000000000000, 5.984633544517506745E-42 ) ) ;
#1652 = CARTESIAN_POINT ( 'NONE',  ( 8.353589838486222163, 6.599999999999995204, -8.220000000000002416 ) ) ;
#1653 = COORDINATED_UNIVERSAL_TIME_OFFSET ( 0, 0, .AHEAD. ) ;
#1654 = CIRCLE ( 'NONE', #3781, 1.975000000000000089 ) ;
#1655 = ORIENTED_EDGE ( 'NONE', *, *, #429, .F. ) ;
#1656 = DIRECTION ( 'NONE',  ( 0.0000000000000000000, 0.0000000000000000000, 1.000000000000000000 ) ) ;
#1657 = VECTOR ( 'NONE', #1628, 1000.000000000000000 ) ;
#1658 = LINE ( 'NONE', #1352, #3354 ) ;
#1659 = PLANE ( 'NONE',  #1532 ) ;
#1660 = EDGE_CURVE ( 'NONE', #2369, #3983, #4147, .T. ) ;
#1661 = DIRECTION ( 'NONE',  ( -0.1156426583973926697, -0.9932908816448401401, 1.416214114512545531E-17 ) ) ;
#1662 = ORIENTED_EDGE ( 'NONE', *, *, #4360, .F. ) ;
#1663 = ORIENTED_EDGE ( 'NONE', *, *, #3211, .F. ) ;
#1664 = EDGE_CURVE ( 'NONE', #3568, #4173, #2508, .T. ) ;
#1665 = DIRECTION ( 'NONE',  ( 1.000000000000000000, -3.338853781347929776E-28, 1.794541526872530066E-14 ) ) ;
#1666 = CARTESIAN_POINT ( 'NONE',  ( 5.749999999999999112, 12.17219196888833821, -6.850922332791466118 ) ) ;
#1667 = EDGE_LOOP ( 'NONE', ( #1979, #3029, #4213, #878 ) ) ;
#1668 = EDGE_LOOP ( 'NONE', ( #2708, #224, #3632, #3288 ) ) ;
#1669 = AXIS2_PLACEMENT_3D ( 'NONE', #2590, #1221, #2258 ) ;
#1670 = LINE ( 'NONE', #3972, #2085 ) ;
#1671 = CARTESIAN_POINT ( 'NONE',  ( 3.449999999999989964, 11.43500000000000405, -5.080000000000000071 ) ) ;
#1672 = EDGE_CURVE ( 'NONE', #4300, #725, #4188, .T. ) ;
#1673 = CARTESIAN_POINT ( 'NONE',  ( 4.985603046728845023, 12.73499999999999943, 6.700501777581902907 ) ) ;
#1674 = FACE_OUTER_BOUND ( 'NONE', #3347, .T. ) ;
#1675 = AXIS2_PLACEMENT_3D ( 'NONE', #1168, #1564, #2904 ) ;
#1676 = EDGE_LOOP ( 'NONE', ( #984, #4394, #3242, #2068 ) ) ;
#1677 = DIRECTION ( 'NONE',  ( 1.171453342316279939E-15, 1.000000000000000000, -0.0000000000000000000 ) ) ;
#1678 = FACE_OUTER_BOUND ( 'NONE', #1211, .T. ) ;
#1679 = CARTESIAN_POINT ( 'NONE',  ( 5.299999999999994493, -0.05000000078161231931, -4.579999999999872173 ) ) ;
#1680 = CARTESIAN_POINT ( 'NONE',  ( 5.749999999999869438, 12.73279737082328467, 6.716456345332686872 ) ) ;
#1681 = PERSON_AND_ORGANIZATION_ROLE ( 'creator' ) ;
#1682 = VERTEX_POINT ( 'NONE', #3180 ) ;
#1683 =( BOUNDED_SURFACE ( )  B_SPLINE_SURFACE ( 3, 3, ( 
 ( #3744, #712, #2758, #3407 ),
 ( #2073, #4100, #318, #346 ),
 ( #3058, #63, #1079, #2687 ),
 ( #366, #2421, #3108, #1389 ) ),
 .UNSPECIFIED., .F., .F., .F. ) 
 B_SPLINE_SURFACE_WITH_KNOTS ( ( 4, 4 ),
 ( 4, 4 ),
 ( 0.0000000000000000000, 1.000000000000000000 ),
 ( 0.0000000000000000000, 1.000000000000000000 ),
 .UNSPECIFIED. ) 
 GEOMETRIC_REPRESENTATION_ITEM ( )  RATIONAL_B_SPLINE_SURFACE ( (
 ( 1.000000000000000000, 0.3333333333333334259, 0.3333333333333334259, 1.000000000000000000),
 ( 0.9988808742757321335, 0.3329602914252441370, 0.3329602914252441370, 0.9988808742757321335),
 ( 0.9988808742757321335, 0.3329602914252441370, 0.3329602914252441370, 0.9988808742757321335),
 ( 1.000000000000000000, 0.3333333333333334259, 0.3333333333333334259, 1.000000000000000000) ) ) 
 REPRESENTATION_ITEM ( '' )  SURFACE ( )  );
#1684 = DIRECTION ( 'NONE',  ( 1.000000000000000000, 0.0000000000000000000, 0.0000000000000000000 ) ) ;
#1685 = CARTESIAN_POINT ( 'NONE',  ( 5.749999999997323030, 12.71935702003381685, 3.411368332957578797 ) ) ;
#1686 = DIRECTION ( 'NONE',  ( 0.5000000000000009992, 0.0000000000000000000, 0.8660254037844380415 ) ) ;
#1687 = ORIENTED_EDGE ( 'NONE', *, *, #296, .T. ) ;
#1688 = ORIENTED_EDGE ( 'NONE', *, *, #2504, .F. ) ;
#1689 = EDGE_CURVE ( 'NONE', #974, #3982, #2471, .T. ) ;
#1690 = VECTOR ( 'NONE', #1197, 1000.000000000000000 ) ;
#1691 = DIRECTION ( 'NONE',  ( 2.501911041408800138E-16, 1.000000000000000000, -0.0000000000000000000 ) ) ;
#1692 = CARTESIAN_POINT ( 'NONE',  ( 5.722352193218311456, 12.64656426582414817, -1.720463868963991727 ) ) ;
#1693 = ORIENTED_EDGE ( 'NONE', *, *, #3680, .F. ) ;
#1694 = VECTOR ( 'NONE', #927, 1000.000000000000000 ) ;
#1695 = ORIENTED_EDGE ( 'NONE', *, *, #2396, .F. ) ;
#1696 = EDGE_CURVE ( 'NONE', #2789, #923, #3158, .T. ) ;
#1697 = CARTESIAN_POINT ( 'NONE',  ( 3.650000000000294342, 11.23500000000000121, 8.479999999999392912 ) ) ;
#1698 = CARTESIAN_POINT ( 'NONE',  ( 5.750000000000000000, 12.64656426582507898, 3.365753203230879897 ) ) ;
#1699 = CARTESIAN_POINT ( 'NONE',  ( 5.300000000000001599, -3.700000000000010392, -4.780000000000000249 ) ) ;
#1700 = ORIENTED_EDGE ( 'NONE', *, *, #4272, .F. ) ;
#1701 = DIRECTION ( 'NONE',  ( 0.4472135954999588159, -0.0000000000000000000, 0.8944271909999155223 ) ) ;
#1702 = CARTESIAN_POINT ( 'NONE',  ( 4.950000000000133404, 12.73420261174138268, -1.625065273783485420 ) ) ;
#1703 = EDGE_CURVE ( 'NONE', #3276, #2497, #1162, .T. ) ;
#1704 = CARTESIAN_POINT ( 'NONE',  ( 1.250000000000000444, 10.00000000000000000, 7.619999999999999218 ) ) ;
#1705 = PLANE ( 'NONE',  #2567 ) ;
#1706 = CARTESIAN_POINT ( 'NONE',  ( 4.950000000000001066, 12.73499999999999943, 1.623854585596241629 ) ) ;
#1707 = CALENDAR_DATE ( 2019, 21, 10 ) ;
#1708 = EDGE_LOOP ( 'NONE', ( #1008, #4354, #1505, #4232, #103, #2345, #3994, #3358 ) ) ;
#1709 = ORIENTED_EDGE ( 'NONE', *, *, #3498, .T. ) ;
#1710 = DIRECTION ( 'NONE',  ( -0.1156426583973926697, -0.9932908816448401401, 1.416214114512545531E-17 ) ) ;
#1711 = FACE_OUTER_BOUND ( 'NONE', #4375, .T. ) ;
#1712 = CARTESIAN_POINT ( 'NONE',  ( 3.689038437082761135, 12.73500000000000121, -6.514260371341593064E-09 ) ) ;
#1713 = ORIENTED_EDGE ( 'NONE', *, *, #147, .F. ) ;
#1714 = EDGE_LOOP ( 'NONE', ( #336, #3771, #4156, #2795, #1509, #1643, #1486, #84 ) ) ;
#1715 = DIRECTION ( 'NONE',  ( 0.0000000000000000000, 1.000000000000000000, 1.889646980599319876E-14 ) ) ;
#1716 = CARTESIAN_POINT ( 'NONE',  ( 8.353589838486222163, 0.0000000000000000000, -8.220000000000000639 ) ) ;
#1717 = CARTESIAN_POINT ( 'NONE',  ( 10.25000000000000000, 6.200000000000001066, -1.800000000000000044 ) ) ;
#1718 = DIRECTION ( 'NONE',  ( 1.794541526872530066E-14, 1.889646980599319876E-14, -1.000000000000000000 ) ) ;
#1719 = LINE ( 'NONE', #3425, #605 ) ;
#1720 = ADVANCED_FACE ( 'NONE', ( #3827 ), #3508, .T. ) ;
#1721 = VERTEX_POINT ( 'NONE', #820 ) ;
#1722 = LINE ( 'NONE', #2096, #3583 ) ;
#1723 = CARTESIAN_POINT ( 'NONE',  ( 3.449999999999991740, 11.43500000000000227, -8.879999999999995453 ) ) ;
#1724 = CARTESIAN_POINT ( 'NONE',  ( 3.449999999999990408, 11.43500000000000227, -1.279999999999998472 ) ) ;
#1725 = EDGE_CURVE ( 'NONE', #2040, #2326, #96, .T. ) ;
#1726 = PERSON_AND_ORGANIZATION_ROLE ( 'design_owner' ) ;
#1727 = CARTESIAN_POINT ( 'NONE',  ( 5.299999999999999822, -3.700000000000009948, 4.780000000000000249 ) ) ;
#1728 = ORIENTED_EDGE ( 'NONE', *, *, #460, .F. ) ;
#1729 = CARTESIAN_POINT ( 'NONE',  ( 4.499999999999606537, -0.05000000078158019917, 4.279999999999941629 ) ) ;
#1730 = AXIS2_PLACEMENT_3D ( 'NONE', #1474, #488, #2528 ) ;
#1731 = EDGE_CURVE ( 'NONE', #3373, #68, #4169, .T. ) ;
#1732 = CARTESIAN_POINT ( 'NONE',  ( 7.249999999999990230, 11.31784271247447471, 2.326828918379972351E-16 ) ) ;
#1733 = CARTESIAN_POINT ( 'NONE',  ( 4.950000000000155609, 12.70509370452902331, -1.685475017931662878 ) ) ;
#1734 = VERTEX_POINT ( 'NONE', #1520 ) ;
#1735 = ORIENTED_EDGE ( 'NONE', *, *, #1490, .F. ) ;
#1736 = CIRCLE ( 'NONE', #1300, 1.760296020627533320 ) ;
#1737 = CARTESIAN_POINT ( 'NONE',  ( 9.300000000000000711, 6.599999999999980993, -7.620000000000000107 ) ) ;
#1738 = DIRECTION ( 'NONE',  ( 1.000000000000000000, -9.854725885015578669E-16, 0.0000000000000000000 ) ) ;
#1739 = CIRCLE ( 'NONE', #754, 0.09999999999999982514 ) ;
#1740 = CARTESIAN_POINT ( 'NONE',  ( 3.449999999999990408, 11.43500000000000050, -5.080000000000000071 ) ) ;
#1741 = CARTESIAN_POINT ( 'NONE',  ( 4.130405132454772144, 12.69953703112280330, 1.523684330108266982 ) ) ;
#1742 = CARTESIAN_POINT ( 'NONE',  ( 4.949999999999989519, 12.73499999999999943, 5.080000000000000071 ) ) ;
#1743 = VERTEX_POINT ( 'NONE', #1481 ) ;
#1744 = ADVANCED_FACE ( 'NONE', ( #2486 ), #3867, .T. ) ;
#1745 = AXIS2_PLACEMENT_3D ( 'NONE', #4359, #2681, #2347 ) ;
#1746 = CARTESIAN_POINT ( 'NONE',  ( 5.349999999999999645, 10.44999999999999929, -5.080000000000000071 ) ) ;
#1747 = FACE_OUTER_BOUND ( 'NONE', #1714, .T. ) ;
#1748 = CARTESIAN_POINT ( 'NONE',  ( 7.248658176329019653, 11.45812853167897138, -1.282683647341943622 ) ) ;
#1749 = APPLICATION_PROTOCOL_DEFINITION ( 'international standard', 'config_control_design', 1994, #2704 ) ;
#1750 = LINE ( 'NONE', #1082, #1937 ) ;
#1751 = ORIENTED_EDGE ( 'NONE', *, *, #901, .F. ) ;
#1752 = AXIS2_PLACEMENT_3D ( 'NONE', #1473, #1718, #10 ) ;
#1753 = ORIENTED_EDGE ( 'NONE', *, *, #2103, .F. ) ;
#1754 = CARTESIAN_POINT ( 'NONE',  ( 9.449999999999999289, 6.799999999999999822, 7.620000000000000107 ) ) ;
#1755 = CARTESIAN_POINT ( 'NONE',  ( 7.049999999999688960, 11.23499999999999766, -1.680000000000608562 ) ) ;
#1756 = VERTEX_POINT ( 'NONE', #845 ) ;
#1757 = ORIENTED_EDGE ( 'NONE', *, *, #622, .T. ) ;
#1758 = ADVANCED_FACE ( 'NONE', ( #3844 ), #801, .F. ) ;
#1759 = LOCAL_TIME ( 21, 35, 26.00000000000000000, #2806 ) ;
#1760 = CARTESIAN_POINT ( 'NONE',  ( 5.299999999999990052, -0.05000000078162009781, 5.880000000000136673 ) ) ;
#1761 = AXIS2_PLACEMENT_3D ( 'NONE', #723, #2044, #4159 ) ;
#1762 = LINE ( 'NONE', #3821, #3076 ) ;
#1763 = FACE_OUTER_BOUND ( 'NONE', #454, .T. ) ;
#1764 = CIRCLE ( 'NONE', #785, 1.975000000000000089 ) ;
#1765 = DIRECTION ( 'NONE',  ( -1.734723475976807410E-14, 0.0000000000000000000, 1.000000000000000000 ) ) ;
#1766 = LINE ( 'NONE', #3482, #86 ) ;
#1767 = CARTESIAN_POINT ( 'NONE',  ( 4.126117196948060339, 12.64656426582076776, -1.529041406336342668 ) ) ;
#1768 = FACE_OUTER_BOUND ( 'NONE', #2664, .T. ) ;
#1769 = CARTESIAN_POINT ( 'NONE',  ( 4.950000000000680522, 12.72522597148189583, 1.658022933191346304 ) ) ;
#1770 = APPROVAL_STATUS ( 'not_yet_approved' ) ;
#1771 = CARTESIAN_POINT ( 'NONE',  ( 3.449999999999989964, 11.44273112629125144, 8.880000000000002558 ) ) ;
#1772 = CARTESIAN_POINT ( 'NONE',  ( 7.010966932452109113, 12.73499999999999766, -4.285277722835901137 ) ) ;
#1773 = ORIENTED_EDGE ( 'NONE', *, *, #2827, .F. ) ;
#1774 = ORIENTED_EDGE ( 'NONE', *, *, #147, .T. ) ;
#1775 = DIRECTION ( 'NONE',  ( 0.0000000000000000000, 0.0000000000000000000, -1.000000000000000000 ) ) ;
#1776 = DIRECTION ( 'NONE',  ( 1.000000000000000000, 0.0000000000000000000, 0.0000000000000000000 ) ) ;
#1777 = EDGE_CURVE ( 'NONE', #2292, #407, #2160, .T. ) ;
#1778 = ORIENTED_EDGE ( 'NONE', *, *, #3211, .T. ) ;
#1779 = ORIENTED_EDGE ( 'NONE', *, *, #3155, .F. ) ;
#1780 = DIRECTION ( 'NONE',  ( 0.0000000000000000000, 1.000000000000000000, 0.0000000000000000000 ) ) ;
#1781 = EDGE_CURVE ( 'NONE', #4015, #4324, #3553, .T. ) ;
#1782 = CARTESIAN_POINT ( 'NONE',  ( 4.500000000000006217, 4.784159143999949571, -5.579999999999897042 ) ) ;
#1783 = CARTESIAN_POINT ( 'NONE',  ( 5.349999999999980105, 11.45812853178540713, -5.080000000000000071 ) ) ;
#1784 = DIRECTION ( 'NONE',  ( -9.136576017787371555E-16, -1.000000000000000000, -2.086925533220183900E-31 ) ) ;
#1785 = CYLINDRICAL_SURFACE ( 'NONE', #4140, 1.975000000000000089 ) ;
#1786 = DIRECTION ( 'NONE',  ( -0.0000000000000000000, -0.0000000000000000000, -1.000000000000000000 ) ) ;
#1787 = EDGE_LOOP ( 'NONE', ( #330, #3382, #3947, #2273 ) ) ;
#1788 = PRODUCT_DEFINITION_SHAPE ( 'NONE', 'NONE',  #1270 ) ;
#1789 = DIRECTION ( 'NONE',  ( 0.0000000000000000000, 1.000000000000000000, 0.0000000000000000000 ) ) ;
#1790 = DIRECTION ( 'NONE',  ( 1.000000000000000000, -3.338853781347929776E-28, 1.794541526872530066E-14 ) ) ;
#1791 = CARTESIAN_POINT ( 'NONE',  ( 7.049999999999685407, 11.23499999999999588, -5.080000000000000959 ) ) ;
#1792 = CARTESIAN_POINT ( 'NONE',  ( 7.249999999999991118, 11.43499999999999694, -5.080000000000000959 ) ) ;
#1793 = COORDINATED_UNIVERSAL_TIME_OFFSET ( 0, 0, .AHEAD. ) ;
#1794 = DIRECTION ( 'NONE',  ( 1.000000000000000000, 0.0000000000000000000, 0.0000000000000000000 ) ) ;
#1795 = ORIENTED_EDGE ( 'NONE', *, *, #3291, .F. ) ;
#1796 = CARTESIAN_POINT ( 'NONE',  ( 5.749999999999992895, 12.73499999999999943, -1.612082860990527999 ) ) ;
#1797 = CARTESIAN_POINT ( 'NONE',  ( 7.049999999999685407, 11.23499999999999588, 5.079999999999999183 ) ) ;
#1798 = ORIENTED_EDGE ( 'NONE', *, *, #3181, .T. ) ;
#1799 = ORIENTED_EDGE ( 'NONE', *, *, #1962, .T. ) ;
#1800 = EDGE_CURVE ( 'NONE', #4289, #4178, #494, .T. ) ;
#1801 = VECTOR ( 'NONE', #2135, 1000.000000000000000 ) ;
#1802 = DIRECTION ( 'NONE',  ( 0.0000000000000000000, -0.0000000000000000000, -1.000000000000000000 ) ) ;
#1803 =( BOUNDED_SURFACE ( )  B_SPLINE_SURFACE ( 3, 3, ( 
 ( #4253, #467, #1816, #2217 ),
 ( #3903, #3588, #547, #115 ),
 ( #3950, #3246, #2922, #2592 ),
 ( #2636, #2970, #3625, #3334 ) ),
 .UNSPECIFIED., .F., .F., .F. ) 
 B_SPLINE_SURFACE_WITH_KNOTS ( ( 4, 4 ),
 ( 4, 4 ),
 ( 0.0000000000000000000, 1.000000000000000000 ),
 ( 0.0000000000000000000, 1.000000000000000000 ),
 .UNSPECIFIED. ) 
 GEOMETRIC_REPRESENTATION_ITEM ( )  RATIONAL_B_SPLINE_SURFACE ( (
 ( 1.000000000000000000, 0.4743521123180107213, 0.4743521123180107213, 1.000000000000000000),
 ( 0.8312495820341949671, 0.3943049951013838927, 0.3943049951013838927, 0.8312495820341949671),
 ( 0.8312495820341949671, 0.3943049951013838927, 0.3943049951013838927, 0.8312495820341949671),
 ( 1.000000000000000000, 0.4743521123180107213, 0.4743521123180107213, 1.000000000000000000) ) ) 
 REPRESENTATION_ITEM ( '' )  SURFACE ( )  );
#1804 = ORIENTED_EDGE ( 'NONE', *, *, #4240, .T. ) ;
#1805 = VECTOR ( 'NONE', #2820, 1000.000000000000000 ) ;
#1806 = EDGE_CURVE ( 'NONE', #1018, #2079, #2549, .T. ) ;
#1807 = VECTOR ( 'NONE', #2318, 999.9999999999998863 ) ;
#1808 = DIRECTION ( 'NONE',  ( -1.000000000000000000, 3.334909476821824268E-28, -1.794541526872530066E-14 ) ) ;
#1809 = CARTESIAN_POINT ( 'NONE',  ( 4.158098634558130335, 12.73500000000000298, 1.489085828324112626 ) ) ;
#1810 = FACE_OUTER_BOUND ( 'NONE', #3413, .T. ) ;
#1811 = CARTESIAN_POINT ( 'NONE',  ( 4.949999999999989519, 12.73499999999999943, 0.0000000000000000000 ) ) ;
#1812 = AXIS2_PLACEMENT_3D ( 'NONE', #2612, #972, #2900 ) ;
#1813 = ADVANCED_BREP_SHAPE_REPRESENTATION ( '', ( #2874, #911 ), #345 ) ;
#1814 = ADVANCED_FACE ( 'NONE', ( #876 ), #1803, .T. ) ;
#1815 = CARTESIAN_POINT ( 'NONE',  ( 10.25000000000000000, 1.700000000000009726, 7.620000000000000107 ) ) ;
#1816 = CARTESIAN_POINT ( 'NONE',  ( 7.931257721594279886, 12.73499999999999410, -6.220771708771041908 ) ) ;
#1817 = APPROVAL_DATE_TIME ( #4171, #2187 ) ;
#1818 = CARTESIAN_POINT ( 'NONE',  ( 7.249999999999991118, 11.43499999999999694, 2.326828918379971365E-16 ) ) ;
#1819 = ORIENTED_EDGE ( 'NONE', *, *, #3095, .T. ) ;
#1820 = AXIS2_PLACEMENT_3D ( 'NONE', #1623, #1602, #2920 ) ;
#1821 = CARTESIAN_POINT ( 'NONE',  ( 5.749999999999319655, 12.72522597148189405, -1.658022933191344750 ) ) ;
#1822 = PLANE ( 'NONE',  #2658 ) ;
#1823 = CARTESIAN_POINT ( 'NONE',  ( 4.499999999999800160, 0.0000000000000000000, -5.584196010977182212 ) ) ;
#1824 = VECTOR ( 'NONE', #3194, 1000.000000000000000 ) ;
#1825 = EDGE_LOOP ( 'NONE', ( #4258, #2651, #2041, #1655 ) ) ;
#1826 = LINE ( 'NONE', #522, #2746 ) ;
#1827 = ADVANCED_FACE ( 'NONE', ( #2241 ), #2284, .T. ) ;
#1828 = CARTESIAN_POINT ( 'NONE',  ( 7.931257721594278109, 12.73499999999999410, -1.140771708771041393 ) ) ;
#1829 =( BOUNDED_CURVE ( )  B_SPLINE_CURVE ( 3, ( #1103, #2448, #3723, #691 ),
 .UNSPECIFIED., .F., .T. ) 
 B_SPLINE_CURVE_WITH_KNOTS ( ( 4, 4 ),
 ( 0.0000000000000000000, 1.000000000000000000 ),
 .UNSPECIFIED. ) 
 CURVE ( )  GEOMETRIC_REPRESENTATION_ITEM ( )  RATIONAL_B_SPLINE_CURVE ( ( 1.000000000000000000, 0.3333333333333333703, 0.3333333333333333703, 1.000000000000000000 ) ) 
 REPRESENTATION_ITEM ( '' )  );
#1830 = DIRECTION ( 'NONE',  ( 1.000000000000000000, -9.136576017787367610E-16, 0.0000000000000000000 ) ) ;
#1831 = CARTESIAN_POINT ( 'NONE',  ( 9.250000000000000000, 5.199999999999997513, 1.299999999999999822 ) ) ;
#1832 = PLANE ( 'NONE',  #3427 ) ;
#1833 = DIRECTION ( 'NONE',  ( -1.734723475976807410E-14, 0.0000000000000000000, 1.000000000000000000 ) ) ;
#1834 = VERTEX_POINT ( 'NONE', #1961 ) ;
#1835 = AXIS2_PLACEMENT_3D ( 'NONE', #1998, #1665, #262 ) ;
#1836 = EDGE_CURVE ( 'NONE', #1969, #3412, #4292, .T. ) ;
#1837 = VECTOR ( 'NONE', #4299, 1000.000000000000000 ) ;
#1838 = LINE ( 'NONE', #135, #2298 ) ;
#1839 = DIRECTION ( 'NONE',  ( -1.000000000000000000, 1.332267629550187849E-15, 0.0000000000000000000 ) ) ;
#1840 = CARTESIAN_POINT ( 'NONE',  ( 10.25000000000000000, 6.799999999999999822, -7.620000000000000107 ) ) ;
#1841 = EDGE_CURVE ( 'NONE', #923, #2521, #1562, .T. ) ;
#1842 = CARTESIAN_POINT ( 'NONE',  ( 1.078756443470130000, 6.599999999999999645, -8.220000000000000639 ) ) ;
#1843 = CARTESIAN_POINT ( 'NONE',  ( 5.749999999999304556, 12.66838590191671443, 6.789697409983178389 ) ) ;
#1844 = DIRECTION ( 'NONE',  ( 2.501911041408800138E-16, 1.000000000000000000, -0.0000000000000000000 ) ) ;
#1845 = DIRECTION ( 'NONE',  ( 1.000000000000000000, -9.411788633734757522E-16, 0.0000000000000000000 ) ) ;
#1846 = VERTEX_POINT ( 'NONE', #3312 ) ;
#1847 = CARTESIAN_POINT ( 'NONE',  ( 7.049999999999685407, 11.23499999999999588, 2.081899558550126310E-16 ) ) ;
#1848 = CARTESIAN_POINT ( 'NONE',  ( 5.750000000000000888, 11.93499999999675154, 1.799211327335742849 ) ) ;
#1849 = DIRECTION ( 'NONE',  ( -0.0000000000000000000, -1.000000000000000000, 0.0000000000000000000 ) ) ;
#1850 = LINE ( 'NONE', #212, #1824 ) ;
#1851 = CARTESIAN_POINT ( 'NONE',  ( 10.25000000000000000, 6.199999999999999289, 1.299999999999999822 ) ) ;
#1852 = ORIENTED_EDGE ( 'NONE', *, *, #3198, .F. ) ;
#1853 = FACE_OUTER_BOUND ( 'NONE', #3327, .T. ) ;
#1854 = ADVANCED_FACE ( 'NONE', ( #1915 ), #615, .T. ) ;
#1855 = DIRECTION ( 'NONE',  ( 0.0000000000000000000, 1.000000000000000000, 0.0000000000000000000 ) ) ;
#1856 = DIRECTION ( 'NONE',  ( 1.000000000000000000, -9.411788633734757522E-16, 0.0000000000000000000 ) ) ;
#1857 = SHAPE_DEFINITION_REPRESENTATION ( #1788, #892 ) ;
#1858 = ORIENTED_EDGE ( 'NONE', *, *, #3472, .T. ) ;
#1859 = ADVANCED_FACE ( 'NONE', ( #3650 ), #1222, .T. ) ;
#1860 = CARTESIAN_POINT ( 'NONE',  ( 5.749999999999992895, 12.73499999999999943, 6.692082860990527848 ) ) ;
#1861 = LINE ( 'NONE', #204, #1158 ) ;
#1862 = CARTESIAN_POINT ( 'NONE',  ( 4.950000000002678924, 12.70467874844270106, 6.766818741883630750 ) ) ;
#1863 = ORIENTED_EDGE ( 'NONE', *, *, #1072, .T. ) ;
#1864 = EDGE_CURVE ( 'NONE', #591, #2720, #1646, .T. ) ;
#1865 = CARTESIAN_POINT ( 'NONE',  ( 3.449999999999989519, 11.31784271247447649, 5.080000000000000959 ) ) ;
#1866 = CC_DESIGN_PERSON_AND_ORGANIZATION_ASSIGNMENT ( #782, #158, ( #3872 ) ) ;
#1867 = DIRECTION ( 'NONE',  ( 1.000000000000000000, -1.084202172485509956E-15, 0.0000000000000000000 ) ) ;
#1868 = CARTESIAN_POINT ( 'NONE',  ( 3.689033067547873301, 12.73500000000000121, 5.079999999999997407 ) ) ;
#1869 = CIRCLE ( 'NONE', #2290, 0.2000000000000000944 ) ;
#1870 = ORIENTED_EDGE ( 'NONE', *, *, #2468, .T. ) ;
#1871 = VECTOR ( 'NONE', #4321, 1000.000000000000000 ) ;
#1872 = CARTESIAN_POINT ( 'NONE',  ( 5.350000000000000533, 13.99999999999999822, 5.080000000000000071 ) ) ;
#1873 = DIRECTION ( 'NONE',  ( -0.0000000000000000000, -0.9805806756909204447, 0.1961161351381830731 ) ) ;
#1874 = ORIENTED_EDGE ( 'NONE', *, *, #1482, .T. ) ;
#1875 = CARTESIAN_POINT ( 'NONE',  ( 4.949999999999998401, 12.17219196889104005, -6.850922332791152591 ) ) ;
#1876 = VECTOR ( 'NONE', #3129, 1000.000000000000000 ) ;
#1877 = EDGE_CURVE ( 'NONE', #4178, #4306, #1273, .T. ) ;
#1878 = AXIS2_PLACEMENT_3D ( 'NONE', #3016, #2334, #2401 ) ;
#1879 = CARTESIAN_POINT ( 'NONE',  ( 9.421243556529820040, 0.0000000000000000000, -8.220000000000000639 ) ) ;
#1880 = CARTESIAN_POINT ( 'NONE',  ( 5.750000000000001776, 12.40938025448233262, 6.822602432482168133 ) ) ;
#1881 = CARTESIAN_POINT ( 'NONE',  ( 5.749999999999930722, 12.71957496777950780, 6.748147016353231109 ) ) ;
#1882 = CARTESIAN_POINT ( 'NONE',  ( 4.950000000003958789, 12.66532890578434767, 6.790780456545832955 ) ) ;
#1883 = VECTOR ( 'NONE', #3684, 1000.000000000000000 ) ;
#1884 = EDGE_CURVE ( 'NONE', #3257, #1492, #4023, .T. ) ;
#1885 = VERTEX_POINT ( 'NONE', #3265 ) ;
#1886 = CARTESIAN_POINT ( 'NONE',  ( 4.500000000000006217, -2.700000000000356337, -0.4999999999999314992 ) ) ;
#1887 = AXIS2_PLACEMENT_3D ( 'NONE', #142, #3848, #1209 ) ;
#1888 = ORIENTED_EDGE ( 'NONE', *, *, #707, .T. ) ;
#1889 = EDGE_CURVE ( 'NONE', #316, #675, #2793, .T. ) ;
#1890 = CARTESIAN_POINT ( 'NONE',  ( 7.049999999999563727, 11.23499999999999766, 5.079999999999999183 ) ) ;
#1891 = CARTESIAN_POINT ( 'NONE',  ( 5.300000000000014921, -0.05000000078158289146, -0.4999999999999631406 ) ) ;
#1892 = CARTESIAN_POINT ( 'NONE',  ( 3.689033067547872857, 12.73500000000000298, -0.8101627290312578555 ) ) ;
#1893 = EDGE_LOOP ( 'NONE', ( #3128, #1128, #936, #2584 ) ) ;
#1894 = PRODUCT_DEFINITION_SHAPE ( 'NONE', 'NONE',  #4417 ) ;
#1895 = CARTESIAN_POINT ( 'NONE',  ( 7.249999999999990230, 11.44273112629124611, -5.080000000000002736 ) ) ;
#1896 = CC_DESIGN_APPROVAL ( #440, ( #1332 ) ) ;
#1897 = CARTESIAN_POINT ( 'NONE',  ( 4.949999999999999289, 11.93500000000000050, 1.959999999999999964 ) ) ;
#1898 = VERTEX_POINT ( 'NONE', #3975 ) ;
#1899 = VECTOR ( 'NONE', #934, 1000.000000000000000 ) ;
#1900 = CARTESIAN_POINT ( 'NONE',  ( 4.499999999999801048, 0.0000000000000000000, 4.575803989022819707 ) ) ;
#1901 = DIRECTION ( 'NONE',  ( 0.0000000000000000000, 0.0000000000000000000, 1.000000000000000000 ) ) ;
#1902 = AXIS2_PLACEMENT_3D ( 'NONE', #1299, #3933, #571 ) ;
#1903 = DIRECTION ( 'NONE',  ( -9.136576017787371555E-16, -1.000000000000000000, -2.086925533220183900E-31 ) ) ;
#1904 = EDGE_LOOP ( 'NONE', ( #292, #568, #681, #378 ) ) ;
#1905 = EDGE_CURVE ( 'NONE', #68, #407, #991, .T. ) ;
#1906 = PLANE ( 'NONE',  #4244 ) ;
#1907 = ORIENTED_EDGE ( 'NONE', *, *, #215, .T. ) ;
#1908 = VERTEX_POINT ( 'NONE', #3695 ) ;
#1909 = ADVANCED_FACE ( 'NONE', ( #947 ), #2307, .T. ) ;
#1910 = PLANE ( 'NONE',  #1466 ) ;
#1911 = CARTESIAN_POINT ( 'NONE',  ( 3.689033067547873745, 12.73500000000000298, 4.269837270968739773 ) ) ;
#1912 = VERTEX_POINT ( 'NONE', #2663 ) ;
#1913 = ORIENTED_EDGE ( 'NONE', *, *, #2046, .F. ) ;
#1914 = CARTESIAN_POINT ( 'NONE',  ( 3.649999999999990141, 11.43500000000000227, 5.080000000000000071 ) ) ;
#1915 = FACE_OUTER_BOUND ( 'NONE', #2770, .T. ) ;
#1916 = APPROVAL_ROLE ( '' ) ;
#1917 = CARTESIAN_POINT ( 'NONE',  ( 5.300000000000014921, -0.05000000078158289146, -5.579999999999960103 ) ) ;
#1918 = CARTESIAN_POINT ( 'NONE',  ( 5.749999999997323030, 12.70467874844269751, -1.686818741883628459 ) ) ;
#1919 = APPROVAL ( #1017, 'UNSPECIFIED' ) ;
#1920 = CARTESIAN_POINT ( 'NONE',  ( 7.049999999999684519, 11.23499999999999766, -8.479999999999389360 ) ) ;
#1921 = DIRECTION ( 'NONE',  ( 1.000000000000000000, 0.0000000000000000000, 0.0000000000000000000 ) ) ;
#1922 = ORIENTED_EDGE ( 'NONE', *, *, #2202, .T. ) ;
#1923 = ORIENTED_EDGE ( 'NONE', *, *, #1014, .F. ) ;
#1924 = LINE ( 'NONE', #280, #405 ) ;
#1925 = CARTESIAN_POINT ( 'NONE',  ( 4.949999999999998401, 12.17219196889104005, -1.770922332791152298 ) ) ;
#1926 = EDGE_LOOP ( 'NONE', ( #3152, #998, #4328, #3005, #855, #738, #1023, #746 ) ) ;
#1927 = VERTEX_POINT ( 'NONE', #921 ) ;
#1928 = EDGE_CURVE ( 'NONE', #2637, #3021, #2087, .T. ) ;
#1929 = CARTESIAN_POINT ( 'NONE',  ( 3.449999999999989964, 11.43500000000000405, 0.0000000000000000000 ) ) ;
#1930 = CARTESIAN_POINT ( 'NONE',  ( 4.950000000002678924, 12.71935702003381863, -3.411368332957577465 ) ) ;
#1931 = ORIENTED_EDGE ( 'NONE', *, *, #278, .T. ) ;
#1932 = CARTESIAN_POINT ( 'NONE',  ( 3.450447775674256423, 11.45044927442903138, 3.799104448651466015 ) ) ;
#1933 = EDGE_CURVE ( 'NONE', #562, #410, #4268, .T. ) ;
#1934 = CARTESIAN_POINT ( 'NONE',  ( 10.25000000000000000, 0.0000000000000000000, 7.620000000000000107 ) ) ;
#1935 = CARTESIAN_POINT ( 'NONE',  ( 5.300000000000015810, -0.05000000078158289146, 4.580000000000039151 ) ) ;
#1936 = CARTESIAN_POINT ( 'NONE',  ( 4.499999999999984013, -0.05000000078162009781, -4.279999999999878568 ) ) ;
#1937 = VECTOR ( 'NONE', #3929, 1000.000000000000000 ) ;
#1938 = EDGE_CURVE ( 'NONE', #2000, #1492, #683, .T. ) ;
#1939 = B_SPLINE_CURVE_WITH_KNOTS ( 'NONE', 3,
 ( #2588, #3707, #3027, #1375, #214, #376, #1733, #1147, #2516, #3873, #2429, #4026, #1702, #664, #3360, #4387 ),
 .UNSPECIFIED., .F., .F.,
 ( 4, 3, 3, 3, 3, 4 ),
 ( 8.218057895187574214E-15, 3.308388942448682785E-05, 6.613717211493560589E-05, 9.966070390111036407E-05, 0.0001340858777773710402, 0.0001469394654600627561 ),
 .UNSPECIFIED. ) ;
#1940 = DIRECTION ( 'NONE',  ( 0.0000000000000000000, 0.0000000000000000000, 1.000000000000000000 ) ) ;
#1941 = CARTESIAN_POINT ( 'NONE',  ( 5.300000000000001599, -2.700000000000009948, 5.580000000000000071 ) ) ;
#1942 = DIRECTION ( 'NONE',  ( -1.000000000000000000, 3.338853781347929776E-28, -1.794541526872530066E-14 ) ) ;
#1943 = ORIENTED_EDGE ( 'NONE', *, *, #1026, .T. ) ;
#1944 = ORIENTED_EDGE ( 'NONE', *, *, #3909, .T. ) ;
#1945 = ORIENTED_EDGE ( 'NONE', *, *, #3178, .T. ) ;
#1946 = VECTOR ( 'NONE', #2570, 1000.000000000000000 ) ;
#1947 = CARTESIAN_POINT ( 'NONE',  ( 9.250000000000000000, 5.199999999999987743, -3.780000000000009130 ) ) ;
#1948 = CARTESIAN_POINT ( 'NONE',  ( 5.749999999999321432, 12.72910876695780225, -6.726903183719896262 ) ) ;
#1949 = CARTESIAN_POINT ( 'NONE',  ( 5.300000000000014921, -4.770489558936219510E-15, -0.5041960109771781440 ) ) ;
#1950 = ORIENTED_EDGE ( 'NONE', *, *, #2420, .F. ) ;
#1951 = ORIENTED_EDGE ( 'NONE', *, *, #1639, .T. ) ;
#1952 = ORIENTED_EDGE ( 'NONE', *, *, #2491, .F. ) ;
#1953 = CARTESIAN_POINT ( 'NONE',  ( 7.110296020627515645, 12.64656426582178028, 5.080000000000000071 ) ) ;
#1954 = DIRECTION ( 'NONE',  ( -0.0000000000000000000, -1.000000000000000000, 0.0000000000000000000 ) ) ;
#1955 = ADVANCED_FACE ( 'NONE', ( #1674 ), #3717, .F. ) ;
#1956 = ORIENTED_EDGE ( 'NONE', *, *, #764, .T. ) ;
#1957 = VECTOR ( 'NONE', #3768, 1000.000000000000000 ) ;
#1958 = ORIENTED_EDGE ( 'NONE', *, *, #3574, .T. ) ;
#1959 = DIRECTION ( 'NONE',  ( -1.000000000000000000, 0.0000000000000000000, 0.0000000000000000000 ) ) ;
#1960 = CARTESIAN_POINT ( 'NONE',  ( 0.9446261355944070015, 6.599999999999999645, 7.195000000000000284 ) ) ;
#1961 = CARTESIAN_POINT ( 'NONE',  ( 8.689999999999999503, 6.599999999999999645, 7.620000000000000107 ) ) ;
#1962 = EDGE_CURVE ( 'NONE', #2619, #556, #2643, .T. ) ;
#1963 = ORIENTED_EDGE ( 'NONE', *, *, #2752, .F. ) ;
#1964 = SECURITY_CLASSIFICATION ( '', '', #1141 ) ;
#1965 = CARTESIAN_POINT ( 'NONE',  ( 4.500000000000000000, -2.700000000000009948, 4.580000000000001847 ) ) ;
#1966 = ORIENTED_EDGE ( 'NONE', *, *, #3909, .F. ) ;
#1967 = AXIS2_PLACEMENT_3D ( 'NONE', #2191, #3566, #1867 ) ;
#1968 = ORIENTED_EDGE ( 'NONE', *, *, #910, .T. ) ;
#1969 = VERTEX_POINT ( 'NONE', #4386 ) ;
#1970 = DIRECTION ( 'NONE',  ( 1.000000000000000000, 0.0000000000000000000, 0.0000000000000000000 ) ) ;
#1971 = VECTOR ( 'NONE', #1528, 1000.000000000000000 ) ;
#1972 = CARTESIAN_POINT ( 'NONE',  ( 4.949999999999999289, 12.17219196889117505, 6.850922332791137492 ) ) ;
#1973 = DIRECTION ( 'NONE',  ( -1.000000000000000000, 1.171453342316279939E-15, 5.517568307814269711E-16 ) ) ;
#1974 = ORIENTED_EDGE ( 'NONE', *, *, #278, .F. ) ;
#1975 = VERTEX_POINT ( 'NONE', #3404 ) ;
#1976 = EDGE_LOOP ( 'NONE', ( #1495, #3304, #205, #1571 ) ) ;
#1977 = DIRECTION ( 'NONE',  ( -1.000000000000000000, 3.338853781347929776E-28, -1.794541526872530066E-14 ) ) ;
#1978 = CARTESIAN_POINT ( 'NONE',  ( 4.949999999999999289, 12.64656426582933335, 1.714246796768620795 ) ) ;
#1979 = ORIENTED_EDGE ( 'NONE', *, *, #3241, .F. ) ;
#1980 = ORIENTED_EDGE ( 'NONE', *, *, #4302, .T. ) ;
#1981 = VERTEX_POINT ( 'NONE', #2419 ) ;
#1982 = PLANE ( 'NONE',  #2931 ) ;
#1983 = CARTESIAN_POINT ( 'NONE',  ( 8.557209438086390563, 6.599999999999999645, 7.000000000000000000 ) ) ;
#1984 = DIRECTION ( 'NONE',  ( 1.000000000000000000, -3.338853781347929776E-28, 1.794541526872530066E-14 ) ) ;
#1985 = ORIENTED_EDGE ( 'NONE', *, *, #452, .F. ) ;
#1986 = ORIENTED_EDGE ( 'NONE', *, *, #2741, .F. ) ;
#1987 = EDGE_CURVE ( 'NONE', #2207, #1587, #1739, .T. ) ;
#1988 = DIRECTION ( 'NONE',  ( -0.0000000000000000000, 0.9805806756909201116, 0.1961161351381840168 ) ) ;
#1989 = VERTEX_POINT ( 'NONE', #1699 ) ;
#1990 = EDGE_CURVE ( 'NONE', #145, #1471, #2349, .T. ) ;
#1991 = PLANE ( 'NONE',  #2714 ) ;
#1992 = CARTESIAN_POINT ( 'NONE',  ( 4.949999999999999289, 12.64656426582875959, 3.365753203235099633 ) ) ;
#1993 = LINE ( 'NONE', #257, #3946 ) ;
#1994 = ORIENTED_EDGE ( 'NONE', *, *, #3006, .T. ) ;
#1995 = ORIENTED_EDGE ( 'NONE', *, *, #4170, .F. ) ;
#1996 = ORIENTED_EDGE ( 'NONE', *, *, #1781, .T. ) ;
#1997 = ADVANCED_FACE ( 'NONE', ( #3105 ), #3381, .T. ) ;
#1998 = CARTESIAN_POINT ( 'NONE',  ( 4.499999999999605649, -0.05000000078158019917, -0.8000000000000589973 ) ) ;
#1999 = VERTEX_POINT ( 'NONE', #363 ) ;
#2000 = VERTEX_POINT ( 'NONE', #710 ) ;
#2001 = ORIENTED_EDGE ( 'NONE', *, *, #2420, .T. ) ;
#2002 = PRODUCT_RELATED_PRODUCT_CATEGORY ( 'detail', '', ( #2454 ) ) ;
#2003 = DIRECTION ( 'NONE',  ( -3.334909476821824268E-28, -1.000000000000000000, -5.984633544517506745E-42 ) ) ;
#2004 = CARTESIAN_POINT ( 'NONE',  ( 4.950000000000133404, 12.73420261174138268, -6.705065273783485935 ) ) ;
#2005 = CARTESIAN_POINT ( 'NONE',  ( 5.749999999999845457, 12.71295948527745523, -3.402469974908696848 ) ) ;
#2006 = ORIENTED_EDGE ( 'NONE', *, *, #3230, .F. ) ;
#2007 = CARTESIAN_POINT ( 'NONE',  ( 5.299999999999999822, -5.750000000781589904, 4.580000000000019611 ) ) ;
#2008 = CARTESIAN_POINT ( 'NONE',  ( 8.699999999999999289, -3.469446951953614189E-15, -7.620000000000000107 ) ) ;
#2009 = CARTESIAN_POINT ( 'NONE',  ( 3.449999999999989964, 11.43500000000000405, -5.080000000000000071 ) ) ;
#2010 = APPROVAL_DATE_TIME ( #3410, #2058 ) ;
#2011 = EDGE_CURVE ( 'NONE', #3983, #1185, #343, .T. ) ;
#2012 = AXIS2_PLACEMENT_3D ( 'NONE', #3160, #2451, #2100 ) ;
#2013 = ORIENTED_EDGE ( 'NONE', *, *, #2975, .F. ) ;
#2014 = VECTOR ( 'NONE', #2907, 1000.000000000000000 ) ;
#2015 = CARTESIAN_POINT ( 'NONE',  ( 10.25000000000000000, 6.799999999999999822, -3.279999999999998028 ) ) ;
#2016 = DIRECTION ( 'NONE',  ( 0.8660254037844387076, 0.0000000000000000000, -0.4999999999999999445 ) ) ;
#2017 = PLANE ( 'NONE',  #2245 ) ;
#2018 = EDGE_CURVE ( 'NONE', #2585, #1756, #18, .T. ) ;
#2019 = AXIS2_PLACEMENT_3D ( 'NONE', #4390, #15, #731 ) ;
#2020 = ORIENTED_EDGE ( 'NONE', *, *, #1448, .T. ) ;
#2021 = ORIENTED_EDGE ( 'NONE', *, *, #701, .F. ) ;
#2022 = CARTESIAN_POINT ( 'NONE',  ( 2.625902306574849909, 13.69999999999999929, -7.619999999999998330 ) ) ;
#2023 = FACE_OUTER_BOUND ( 'NONE', #1638, .T. ) ;
#2024 = EDGE_CURVE ( 'NONE', #1846, #2474, #1719, .T. ) ;
#2025 = AXIS2_PLACEMENT_3D ( 'NONE', #959, #626, #328 ) ;
#2026 = PLANE ( 'NONE',  #3530 ) ;
#2027 = CARTESIAN_POINT ( 'NONE',  ( 3.635702499534283483, 12.73500000000000298, 5.916175549125245681 ) ) ;
#2028 = B_SPLINE_CURVE_WITH_KNOTS ( 'NONE', 3,
 ( #2527, #174, #837, #3259 ),
 .UNSPECIFIED., .F., .F.,
 ( 4, 4 ),
 ( 2.734102817364159612E-15, 0.0007166189195523916177 ),
 .UNSPECIFIED. ) ;
#2029 = CARTESIAN_POINT ( 'NONE',  ( 9.250000000000000000, 2.199999999999999734, 1.299999999999999822 ) ) ;
#2030 = CIRCLE ( 'NONE', #31, 0.2999999999999999334 ) ;
#2031 = ORIENTED_EDGE ( 'NONE', *, *, #619, .T. ) ;
#2032 = DIRECTION ( 'NONE',  ( 1.000000000000000000, -3.338853781347929776E-28, 1.794541526872530066E-14 ) ) ;
#2033 = LINE ( 'NONE', #89, #3786 ) ;
#2034 = CARTESIAN_POINT ( 'NONE',  ( 3.449999999999990408, 11.44273112629125144, -5.080000000000001847 ) ) ;
#2035 = SHAPE_DEFINITION_REPRESENTATION ( #3414, #642 ) ;
#2036 = ORIENTED_EDGE ( 'NONE', *, *, #3254, .T. ) ;
#2037 = DIRECTION ( 'NONE',  ( -0.0000000000000000000, -1.000000000000000000, -1.889646980599319876E-14 ) ) ;
#2038 = DIRECTION ( 'NONE',  ( -1.734723475976807410E-14, 3.099688836045537621E-13, 1.000000000000000000 ) ) ;
#2039 = CARTESIAN_POINT ( 'NONE',  ( 4.195177833015007351, 12.73500000000000298, -6.522761435875966463 ) ) ;
#2040 = VERTEX_POINT ( 'NONE', #11 ) ;
#2041 = ORIENTED_EDGE ( 'NONE', *, *, #3057, .F. ) ;
#2042 = AXIS2_PLACEMENT_3D ( 'NONE', #1569, #2322, #1331 ) ;
#2043 = EDGE_CURVE ( 'NONE', #1587, #1885, #1385, .T. ) ;
#2044 = DIRECTION ( 'NONE',  ( 0.0000000000000000000, -0.1961161351381840445, 0.9805806756909202226 ) ) ;
#2045 = VECTOR ( 'NONE', #4194, 1000.000000000000000 ) ;
#2046 = EDGE_CURVE ( 'NONE', #209, #4380, #3216, .T. ) ;
#2047 = DIRECTION ( 'NONE',  ( -0.5000000000000009992, -0.0000000000000000000, -0.8660254037844380415 ) ) ;
#2048 = CARTESIAN_POINT ( 'NONE',  ( 4.973902936676231512, 12.73499999999999943, 1.672533082915170555 ) ) ;
#2049 = CARTESIAN_POINT ( 'NONE',  ( 5.349999999999989875, 11.45812853167969791, 0.0000000000000000000 ) ) ;
#2050 = ORIENTED_EDGE ( 'NONE', *, *, #3834, .T. ) ;
#2051 = CARTESIAN_POINT ( 'NONE',  ( 9.250000000000000000, 2.199999999999997069, 1.299999999999997824 ) ) ;
#2052 = DIRECTION ( 'NONE',  ( 0.8164965809277260345, -0.4082482904638622956, 0.4082482904638637389 ) ) ;
#2053 = CARTESIAN_POINT ( 'NONE',  ( 9.449999999999999289, 6.599999999999999645, -7.620000000000000107 ) ) ;
#2054 = SECURITY_CLASSIFICATION_LEVEL ( 'unclassified' ) ;
#2055 = PLANE ( 'NONE',  #1092 ) ;
#2056 = EDGE_LOOP ( 'NONE', ( #752, #2912, #1438, #2726, #1232, #455, #3400, #2933, #171, #1243, #993, #2050, #237, #4107, #1462, #1266, #3453, #2522, #3727, #608 ) ) ;
#2057 = ORIENTED_EDGE ( 'NONE', *, *, #2103, .T. ) ;
#2058 = APPROVAL ( #2691, 'UNSPECIFIED' ) ;
#2059 = CARTESIAN_POINT ( 'NONE',  ( 3.449999999999990852, 11.44273112629124967, 5.080000000000001847 ) ) ;
#2060 = CARTESIAN_POINT ( 'NONE',  ( 3.650000000000295675, 11.23500000000000298, 3.399999999999388844 ) ) ;
#2061 = ORIENTED_EDGE ( 'NONE', *, *, #1345, .F. ) ;
#2062 = ORIENTED_EDGE ( 'NONE', *, *, #235, .F. ) ;
#2063 = CARTESIAN_POINT ( 'NONE',  ( 5.299999999999990052, -0.05000000078161020295, -4.579999999999880167 ) ) ;
#2064 = CARTESIAN_POINT ( 'NONE',  ( 5.749999999999999112, 12.17219196888833821, -1.770922332791466047 ) ) ;
#2065 = ADVANCED_FACE ( 'NONE', ( #1098 ), #37, .F. ) ;
#2066 = CARTESIAN_POINT ( 'NONE',  ( 5.350000000000000533, 13.99999999999999822, 0.0000000000000000000 ) ) ;
#2067 = LINE ( 'NONE', #3478, #1325 ) ;
#2068 = ORIENTED_EDGE ( 'NONE', *, *, #3346, .T. ) ;
#2069 = CARTESIAN_POINT ( 'NONE',  ( 3.451341823677039677, 11.45812853178540891, -5.080000000000000071 ) ) ;
#2070 = ORIENTED_EDGE ( 'NONE', *, *, #3297, .F. ) ;
#2071 = EDGE_CURVE ( 'NONE', #458, #2578, #1355, .T. ) ;
#2072 = DIRECTION ( 'NONE',  ( 0.5000000000000022204, 0.0000000000000000000, -0.8660254037844373753 ) ) ;
#2073 = CARTESIAN_POINT ( 'NONE',  ( 7.249552224325724659, 11.45044927442902782, 2.326280551333744888E-16 ) ) ;
#2074 = CARTESIAN_POINT ( 'NONE',  ( 7.167157287525208531, 11.23499999999981824, -8.714314575050435607 ) ) ;
#2075 = CARTESIAN_POINT ( 'NONE',  ( 7.249552224325726435, 11.45044927442902782, -1.280895551348531614 ) ) ;
#2076 = PERSON_AND_ORGANIZATION ( #4411, #194 ) ;
#2077 = CARTESIAN_POINT ( 'NONE',  ( 9.449999999999999289, 0.0000000000000000000, 7.620000000000000107 ) ) ;
#2078 = EDGE_CURVE ( 'NONE', #95, #591, #4374, .T. ) ;
#2079 = VERTEX_POINT ( 'NONE', #315 ) ;
#2080 = DIRECTION ( 'NONE',  ( 0.0000000000000000000, 0.0000000000000000000, 1.000000000000000000 ) ) ;
#2081 = AXIS2_PLACEMENT_3D ( 'NONE', #2740, #4105, #1794 ) ;
#2082 = CARTESIAN_POINT ( 'NONE',  ( 3.532842712474771218, 11.23499999999982180, 3.634314575050436424 ) ) ;
#2083 = ORIENTED_EDGE ( 'NONE', *, *, #3598, .F. ) ;
#2084 = ORIENTED_EDGE ( 'NONE', *, *, #2018, .F. ) ;
#2085 = VECTOR ( 'NONE', #3737, 1000.000000000000000 ) ;
#2086 = FACE_BOUND ( 'NONE', #3064, .T. ) ;
#2087 = CIRCLE ( 'NONE', #3919, 0.2999999999999999334 ) ;
#2088 = ORIENTED_EDGE ( 'NONE', *, *, #1201, .T. ) ;
#2089 = VECTOR ( 'NONE', #529, 1000.000000000000000 ) ;
#2090 = DIRECTION ( 'NONE',  ( -1.000000000000000000, 9.136576017758483468E-16, 0.0000000000000000000 ) ) ;
#2091 = CARTESIAN_POINT ( 'NONE',  ( 3.589703977699978843, 12.64656426582840432, 0.8586120510995512989 ) ) ;
#2092 = DIRECTION ( 'NONE',  ( -0.8944271909999154113, 0.4472135954999587604, 0.0000000000000000000 ) ) ;
#2093 = LINE ( 'NONE', #3429, #305 ) ;
#2094 = CONICAL_SURFACE ( 'NONE', #3729, 1.898658176322939983, 0.1159019745381328903 ) ;
#2095 = EDGE_CURVE ( 'NONE', #1927, #3282, #3196, .T. ) ;
#2096 = CARTESIAN_POINT ( 'NONE',  ( 10.25000000000000000, 6.199999999999977973, 6.879999999999999893 ) ) ;
#2097 = CARTESIAN_POINT ( 'NONE',  ( 4.949999999999999289, 12.64656426582875959, -6.794246796764900509 ) ) ;
#2098 = CARTESIAN_POINT ( 'NONE',  ( 3.449999999999989964, 11.43500000000000227, -5.080000000000000071 ) ) ;
#2099 = PERSON_AND_ORGANIZATION_ROLE ( 'classification_officer' ) ;
#2100 = DIRECTION ( 'NONE',  ( -1.000000000000000000, 9.130123557772668088E-16, 0.0000000000000000000 ) ) ;
#2101 = VECTOR ( 'NONE', #2112, 1000.000000000000000 ) ;
#2102 = ORIENTED_EDGE ( 'NONE', *, *, #1938, .T. ) ;
#2103 = EDGE_CURVE ( 'NONE', #3276, #3901, #4358, .T. ) ;
#2104 = PLANE ( 'NONE',  #4296 ) ;
#2105 = CARTESIAN_POINT ( 'NONE',  ( 1.199999999999999956, 6.599999999999999645, -7.620000000000000107 ) ) ;
#2106 = ORIENTED_EDGE ( 'NONE', *, *, #2303, .F. ) ;
#2107 = ORIENTED_EDGE ( 'NONE', *, *, #3120, .F. ) ;
#2108 = DIRECTION ( 'NONE',  ( 0.0000000000000000000, 0.0000000000000000000, 1.000000000000000000 ) ) ;
#2109 = ORIENTED_EDGE ( 'NONE', *, *, #3834, .F. ) ;
#2110 = VECTOR ( 'NONE', #3073, 1000.000000000000000 ) ;
#2111 = PLANE ( 'NONE',  #2866 ) ;
#2112 = DIRECTION ( 'NONE',  ( -0.0000000000000000000, -1.000000000000000000, -1.889646980599319876E-14 ) ) ;
#2113 = CARTESIAN_POINT ( 'NONE',  ( 5.749999999999932498, 12.71957496777950780, 1.668147016353231038 ) ) ;
#2114 = CC_DESIGN_APPROVAL ( #2058, ( #952 ) ) ;
#2115 = DIRECTION ( 'NONE',  ( -1.000000000000000000, -0.0000000000000000000, -0.0000000000000000000 ) ) ;
#2116 = ORIENTED_EDGE ( 'NONE', *, *, #2328, .F. ) ;
#2117 = CARTESIAN_POINT ( 'NONE',  ( 9.555373864405590112, 6.599999999999999645, 7.195000000000000284 ) ) ;
#2118 = CARTESIAN_POINT ( 'NONE',  ( 5.299999999999990052, -2.700000000000009948, -4.579999999999930793 ) ) ;
#2119 = PLANE ( 'NONE',  #1518 ) ;
#2120 = CARTESIAN_POINT ( 'NONE',  ( 5.299999999999994493, -2.700000000000005951, 5.580000000000048033 ) ) ;
#2121 = CALENDAR_DATE ( 2019, 21, 10 ) ;
#2122 = EDGE_CURVE ( 'NONE', #2079, #1989, #2858, .T. ) ;
#2123 = ORIENTED_EDGE ( 'NONE', *, *, #3093, .F. ) ;
#2124 = DIRECTION ( 'NONE',  ( 1.000000000000000000, -3.338853781347929776E-28, 1.794541526872530066E-14 ) ) ;
#2125 = CARTESIAN_POINT ( 'NONE',  ( 1.810000000000000275, 6.600000000000004974, 7.620000000000000107 ) ) ;
#2126 = ORIENTED_EDGE ( 'NONE', *, *, #512, .F. ) ;
#2127 = ORIENTED_EDGE ( 'NONE', *, *, #1350, .F. ) ;
#2128 = DIRECTION ( 'NONE',  ( 0.1543768802736096291, -0.9880120337511013595, 0.0000000000000000000 ) ) ;
#2129 = VERTEX_POINT ( 'NONE', #2157 ) ;
#2130 = ADVANCED_FACE ( 'NONE', ( #2193 ), #82, .T. ) ;
#2131 = CARTESIAN_POINT ( 'NONE',  ( 5.701341293122029086, 12.73499999999999588, -1.623382409183597108 ) ) ;
#2132 =( BOUNDED_CURVE ( )  B_SPLINE_CURVE ( 3, ( #1188, #882, #4256, #1860 ),
 .UNSPECIFIED., .F., .T. ) 
 B_SPLINE_CURVE_WITH_KNOTS ( ( 4, 4 ),
 ( 0.0000000000000000000, 1.000000000000000000 ),
 .UNSPECIFIED. ) 
 CURVE ( )  GEOMETRIC_REPRESENTATION_ITEM ( )  RATIONAL_B_SPLINE_CURVE ( ( 1.000000000000000000, 0.8584414868985700275, 0.8584414868985700275, 1.000000000000000000 ) ) 
 REPRESENTATION_ITEM ( '' )  );
#2133 = CARTESIAN_POINT ( 'NONE',  ( 10.25000000000000000, 1.699999999999990186, -6.880000000000000782 ) ) ;
#2134 = CARTESIAN_POINT ( 'NONE',  ( 4.126117195532687631, 12.64656426582840432, 1.529041406027930705 ) ) ;
#2135 = DIRECTION ( 'NONE',  ( -1.000000000000000000, 1.332267629550187849E-15, 0.0000000000000000000 ) ) ;
#2136 = VERTEX_POINT ( 'NONE', #133 ) ;
#2137 = CARTESIAN_POINT ( 'NONE',  ( 5.749999999999999112, 11.93499999999701977, 3.280788672664288530 ) ) ;
#2138 = COORDINATED_UNIVERSAL_TIME_OFFSET ( 0, 0, .AHEAD. ) ;
#2139 = CARTESIAN_POINT ( 'NONE',  ( 7.010966932452110889, 12.73499999999999766, 1.017048918658543783E-16 ) ) ;
#2140 = EDGE_LOOP ( 'NONE', ( #3072, #2812, #2657, #3626 ) ) ;
#2141 = CARTESIAN_POINT ( 'NONE',  ( 4.950000000000698286, 12.68816249061464774, -6.779945829409097513 ) ) ;
#2142 = ADVANCED_FACE ( 'NONE', ( #2879 ), #3780, .T. ) ;
#2143 = DIRECTION ( 'NONE',  ( 1.000000000000000000, 0.0000000000000000000, 0.0000000000000000000 ) ) ;
#2144 = ORIENTED_EDGE ( 'NONE', *, *, #1423, .T. ) ;
#2145 = AXIS2_PLACEMENT_3D ( 'NONE', #2117, #753, #2072 ) ;
#2146 = EDGE_CURVE ( 'NONE', #935, #3257, #858, .T. ) ;
#2147 = CARTESIAN_POINT ( 'NONE',  ( 5.300000000000001599, -2.700000000000009948, -4.580000000000000071 ) ) ;
#2148 = CIRCLE ( 'NONE', #1516, 0.2000000000000000944 ) ;
#2149 = VERTEX_POINT ( 'NONE', #3549 ) ;
#2150 = ORIENTED_EDGE ( 'NONE', *, *, #555, .F. ) ;
#2151 = VECTOR ( 'NONE', #3277, 1000.000000000000114 ) ;
#2152 = CARTESIAN_POINT ( 'NONE',  ( 4.499999999999803713, -0.05000000078158020611, -0.5000000000000184297 ) ) ;
#2153 = EDGE_CURVE ( 'NONE', #28, #1599, #1179, .T. ) ;
#2154 = FACE_OUTER_BOUND ( 'NONE', #213, .T. ) ;
#2155 = FACE_OUTER_BOUND ( 'NONE', #3687, .T. ) ;
#2156 = ORIENTED_EDGE ( 'NONE', *, *, #2794, .T. ) ;
#2157 = CARTESIAN_POINT ( 'NONE',  ( 9.667957166897570787, 0.0000000000000000000, 6.999999999999999112 ) ) ;
#2158 = VECTOR ( 'NONE', #4362, 1000.000000000000000 ) ;
#2159 = CARTESIAN_POINT ( 'NONE',  ( 5.299999999999990052, -0.05000000078161020295, 0.5000000000001180167 ) ) ;
#2160 = LINE ( 'NONE', #3887, #1590 ) ;
#2161 = AXIS2_PLACEMENT_3D ( 'NONE', #3866, #1519, #3507 ) ;
#2162 = PERSON_AND_ORGANIZATION_ROLE ( 'creator' ) ;
#2163 = CARTESIAN_POINT ( 'NONE',  ( 9.309999999999998721, 6.599999999999999645, 7.620000000000000107 ) ) ;
#2164 = CIRCLE ( 'NONE', #3450, 1.974999999999999423 ) ;
#2165 = CARTESIAN_POINT ( 'NONE',  ( 10.25000000000000000, 6.799999999999999822, -1.799999999999999600 ) ) ;
#2166 = CARTESIAN_POINT ( 'NONE',  ( 7.249999999999994671, 11.43500000000000227, 8.880000000000002558 ) ) ;
#2167 = VECTOR ( 'NONE', #1507, 1000.000000000000000 ) ;
#2168 = EDGE_LOOP ( 'NONE', ( #2453, #668, #673, #1870, #2625, #1994, #2251, #3305 ) ) ;
#2169 = FACE_OUTER_BOUND ( 'NONE', #3525, .T. ) ;
#2170 = CARTESIAN_POINT ( 'NONE',  ( 8.076037614647820106, 12.69953703112068411, -1.204756333247968270 ) ) ;
#2171 = ADVANCED_FACE ( 'NONE', ( #2529 ), #511, .T. ) ;
#2172 = PRODUCT_DEFINITION_FORMATION_WITH_SPECIFIED_SOURCE ( 'ANY', '', #2454, .NOT_KNOWN. ) ;
#2173 = DIRECTION ( 'NONE',  ( 0.0000000000000000000, 1.000000000000000000, 0.0000000000000000000 ) ) ;
#2174 = DIRECTION ( 'NONE',  ( -9.136576017787371555E-16, -1.000000000000000000, -2.086925533220183900E-31 ) ) ;
#2175 = DIRECTION ( 'NONE',  ( -2.501911041408800138E-16, -1.000000000000000000, 0.0000000000000000000 ) ) ;
#2176 = CARTESIAN_POINT ( 'NONE',  ( 5.721047637986544920, 12.69953703112068943, 6.794436134512857883 ) ) ;
#2177 = AXIS2_PLACEMENT_3D ( 'NONE', #2851, #4216, #1173 ) ;
#2178 = EDGE_CURVE ( 'NONE', #2870, #2278, #3883, .T. ) ;
#2179 = CARTESIAN_POINT ( 'NONE',  ( 9.250000000000000000, 2.199999999999989964, -3.779999999999999805 ) ) ;
#2180 = CARTESIAN_POINT ( 'NONE',  ( 9.449999999999999289, 6.799999999999999822, 7.620000000000000107 ) ) ;
#2181 = APPROVAL_DATE_TIME ( #3868, #351 ) ;
#2182 = SECURITY_CLASSIFICATION ( '', '', #422 ) ;
#2183 = EDGE_CURVE ( 'NONE', #3595, #2261, #3968, .T. ) ;
#2184 = LINE ( 'NONE', #162, #1111 ) ;
#2185 = DIRECTION ( 'NONE',  ( -2.501911041408800138E-16, -1.000000000000000000, 0.0000000000000000000 ) ) ;
#2186 = ORIENTED_EDGE ( 'NONE', *, *, #2929, .T. ) ;
#2187 = APPROVAL ( #4149, 'UNSPECIFIED' ) ;
#2188 = CARTESIAN_POINT ( 'NONE',  ( 3.449999999999988631, 11.31784271247448004, 1.279999999999999805 ) ) ;
#2189 = ORIENTED_EDGE ( 'NONE', *, *, #1506, .T. ) ;
#2190 = ORIENTED_EDGE ( 'NONE', *, *, #1207, .F. ) ;
#2191 = CARTESIAN_POINT ( 'NONE',  ( 4.949999999999999289, 11.93500000000000050, -7.049999999999999822 ) ) ;
#2192 = CARTESIAN_POINT ( 'NONE',  ( 5.749999999999845457, 12.70509370452921161, 1.685475017931466590 ) ) ;
#2193 = FACE_OUTER_BOUND ( 'NONE', #1787, .T. ) ;
#2194 = EDGE_CURVE ( 'NONE', #1969, #2608, #2819, .T. ) ;
#2195 = ORIENTED_EDGE ( 'NONE', *, *, #3258, .T. ) ;
#2196 = LINE ( 'NONE', #2159, #317 ) ;
#2197 = DIRECTION ( 'NONE',  ( 1.332267629550187849E-15, 1.000000000000000000, -1.209806994167949925E-15 ) ) ;
#2198 = ADVANCED_FACE ( 'NONE', ( #4164 ), #170, .T. ) ;
#2199 = PERSON_AND_ORGANIZATION ( #4411, #194 ) ;
#2200 = CARTESIAN_POINT ( 'NONE',  ( 3.689038437082761579, 12.73500000000000121, 5.079999993485741605 ) ) ;
#2201 = CARTESIAN_POINT ( 'NONE',  ( 5.749999999999845457, 12.71295948527745345, 6.757530025091304182 ) ) ;
#2202 = EDGE_CURVE ( 'NONE', #2832, #1066, #3699, .T. ) ;
#2203 = CARTESIAN_POINT ( 'NONE',  ( 4.950000000000000178, 12.73499999999999943, 6.703854585596241478 ) ) ;
#2204 = CARTESIAN_POINT ( 'NONE',  ( 5.749999999999992006, 12.73499999999999943, 5.080000000000000071 ) ) ;
#2205 = VERTEX_POINT ( 'NONE', #2777 ) ;
#2206 = CARTESIAN_POINT ( 'NONE',  ( 2.625902306574849909, 14.00000000000000000, 7.620000000000000107 ) ) ;
#2207 = VERTEX_POINT ( 'NONE', #4075 ) ;
#2208 = VECTOR ( 'NONE', #560, 1000.000000000000000 ) ;
#2209 = CARTESIAN_POINT ( 'NONE',  ( 5.749999999996039612, 12.65172273822159177, -1.713524937923977864 ) ) ;
#2210 = DIRECTION ( 'NONE',  ( 0.0000000000000000000, -0.1961161351381840445, 0.9805806756909202226 ) ) ;
#2211 = CARTESIAN_POINT ( 'NONE',  ( 4.950000000000678746, 12.72910876695780402, -3.433096816280103436 ) ) ;
#2212 = CARTESIAN_POINT ( 'NONE',  ( 4.965164424293943668, 12.69953703111901255, -1.711393931465484464 ) ) ;
#2213 = AXIS2_PLACEMENT_3D ( 'NONE', #1605, #2638, #1276 ) ;
#2214 = VERTEX_POINT ( 'NONE', #3762 ) ;
#2215 = VECTOR ( 'NONE', #1988, 1000.000000000000114 ) ;
#2216 = CARTESIAN_POINT ( 'NONE',  ( 7.249552224325720218, 11.45044927442902605, -8.879104448651466086 ) ) ;
#2217 = CARTESIAN_POINT ( 'NONE',  ( 5.701341293122029974, 12.73499999999999588, -6.703382409183597623 ) ) ;
#2218 = VERTEX_POINT ( 'NONE', #2051 ) ;
#2219 = LINE ( 'NONE', #1840, #4144 ) ;
#2220 = AXIS2_PLACEMENT_3D ( 'NONE', #1321, #4336, #640 ) ;
#2221 = EDGE_LOOP ( 'NONE', ( #77, #193, #1165, #624 ) ) ;
#2222 = EDGE_CURVE ( 'NONE', #1908, #558, #1722, .T. ) ;
#2223 = AXIS2_PLACEMENT_3D ( 'NONE', #4204, #3886, #1181 ) ;
#2224 = DIRECTION ( 'NONE',  ( 0.0000000000000000000, 1.000000000000000000, 0.0000000000000000000 ) ) ;
#2225 = CARTESIAN_POINT ( 'NONE',  ( 4.949999999999991296, 12.73499999999999943, 6.692082860990527848 ) ) ;
#2226 = AXIS2_PLACEMENT_3D ( 'NONE', #3693, #411, #2728 ) ;
#2227 = VERTEX_POINT ( 'NONE', #40 ) ;
#2228 = ADVANCED_FACE ( 'NONE', ( #4145 ), #2379, .T. ) ;
#2229 = ADVANCED_FACE ( 'NONE', ( #1678 ), #3431, .F. ) ;
#2230 = AXIS2_PLACEMENT_3D ( 'NONE', #3624, #660, #2283 ) ;
#2231 = FACE_BOUND ( 'NONE', #4122, .T. ) ;
#2232 = ORIENTED_EDGE ( 'NONE', *, *, #587, .F. ) ;
#2233 = ORIENTED_EDGE ( 'NONE', *, *, #365, .T. ) ;
#2234 = DIRECTION ( 'NONE',  ( 0.0000000000000000000, 0.0000000000000000000, 1.000000000000000000 ) ) ;
#2235 = DIRECTION ( 'NONE',  ( 1.000000000000000000, -9.411788633734763438E-16, 0.0000000000000000000 ) ) ;
#2236 = CARTESIAN_POINT ( 'NONE',  ( 4.963811392465978578, 12.64656426582076598, 3.362589030075396668 ) ) ;
#2237 = ORIENTED_EDGE ( 'NONE', *, *, #2456, .T. ) ;
#2238 = ORIENTED_EDGE ( 'NONE', *, *, #1905, .F. ) ;
#2239 = CC_DESIGN_PERSON_AND_ORGANIZATION_ASSIGNMENT ( #468, #2162, ( #2172 ) ) ;
#2240 = CARTESIAN_POINT ( 'NONE',  ( 5.750000000000001776, 12.64656426582888926, 1.714246796764878011 ) ) ;
#2241 = FACE_OUTER_BOUND ( 'NONE', #1668, .T. ) ;
#2242 = COORDINATED_UNIVERSAL_TIME_OFFSET ( 0, 0, .AHEAD. ) ;
#2243 = CIRCLE ( 'NONE', #4241, 0.2999999999999999334 ) ;
#2244 = CARTESIAN_POINT ( 'NONE',  ( 4.949999999999999289, 12.64656426582933335, -3.365753203231379498 ) ) ;
#2245 = AXIS2_PLACEMENT_3D ( 'NONE', #1022, #3791, #2365 ) ;
#2246 = ADVANCED_FACE ( 'NONE', ( #3722 ), #1683, .T. ) ;
#2247 = ORIENTED_EDGE ( 'NONE', *, *, #2923, .F. ) ;
#2248 = DIRECTION ( 'NONE',  ( -9.136576017787373527E-16, -1.000000000000000000, -2.086925533220183900E-31 ) ) ;
#2249 = DIRECTION ( 'NONE',  ( -0.8164965809277259234, 0.4082482904638639609, 0.4082482904638621846 ) ) ;
#2250 = ADVANCED_FACE ( 'NONE', ( #2734 ), #1059, .T. ) ;
#2251 = ORIENTED_EDGE ( 'NONE', *, *, #722, .T. ) ;
#2252 = ORIENTED_EDGE ( 'NONE', *, *, #1607, .T. ) ;
#2253 = CARTESIAN_POINT ( 'NONE',  ( 4.130405132454771255, 12.69953703112280508, -3.556315669891734643 ) ) ;
#2254 = CARTESIAN_POINT ( 'NONE',  ( 3.589703979381178911, 12.64656426582076776, 4.221387946921986156 ) ) ;
#2255 = ADVANCED_FACE ( 'NONE', ( #1346 ), #395, .F. ) ;
#2256 = ORIENTED_EDGE ( 'NONE', *, *, #538, .F. ) ;
#2257 = CARTESIAN_POINT ( 'NONE',  ( 3.451341823670963205, 11.45812853167897671, 0.0000000000000000000 ) ) ;
#2258 = DIRECTION ( 'NONE',  ( 1.000000000000000000, 0.0000000000000000000, 0.0000000000000000000 ) ) ;
#2259 = FACE_OUTER_BOUND ( 'NONE', #3906, .T. ) ;
#2260 = CARTESIAN_POINT ( 'NONE',  ( 4.499999999999984901, -0.05000000078162009781, 5.880000000000122462 ) ) ;
#2261 = VERTEX_POINT ( 'NONE', #419 ) ;
#2262 = DIRECTION ( 'NONE',  ( 0.8944271909999154113, 0.0000000000000000000, -0.4472135954999587604 ) ) ;
#2263 = DIRECTION ( 'NONE',  ( -1.171453342316279939E-15, -1.000000000000000000, -0.0000000000000000000 ) ) ;
#2264 =( BOUNDED_SURFACE ( )  B_SPLINE_SURFACE ( 3, 3, ( 
 ( #4111, #2039, #72, #718 ),
 ( #25, #1002, #3371, #3026 ),
 ( #2409, #3706, #375, #3091 ),
 ( #3393, #404, #1374, #1354 ) ),
 .UNSPECIFIED., .F., .F., .F. ) 
 B_SPLINE_SURFACE_WITH_KNOTS ( ( 4, 4 ),
 ( 4, 4 ),
 ( 0.0000000000000000000, 1.000000000000000000 ),
 ( 0.0000000000000000000, 1.000000000000000000 ),
 .UNSPECIFIED. ) 
 GEOMETRIC_REPRESENTATION_ITEM ( )  RATIONAL_B_SPLINE_SURFACE ( (
 ( 1.000000000000000000, 0.8538861261458171592, 0.8538861261458171592, 1.000000000000000000),
 ( 0.8312495820266285751, 0.7097924854570475395, 0.7097924854570475395, 0.8312495820266285751),
 ( 0.8312495820266285751, 0.7097924854570475395, 0.7097924854570475395, 0.8312495820266285751),
 ( 1.000000000000000000, 0.8538861261458171592, 0.8538861261458171592, 1.000000000000000000) ) ) 
 REPRESENTATION_ITEM ( '' )  SURFACE ( )  );
#2265 = CARTESIAN_POINT ( 'NONE',  ( 4.949999999999999289, 11.93499999999701977, -3.280788672664280980 ) ) ;
#2266 = ORIENTED_EDGE ( 'NONE', *, *, #333, .F. ) ;
#2267 = VERTEX_POINT ( 'NONE', #1412 ) ;
#2268 = CARTESIAN_POINT ( 'NONE',  ( 10.25000000000000000, 0.0000000000000000000, -7.619999999999999218 ) ) ;
#2269 = CARTESIAN_POINT ( 'NONE',  ( 4.950000000000131628, 12.73279737082321894, 3.443543654667029941 ) ) ;
#2270 = LINE ( 'NONE', #1614, #745 ) ;
#2271 = CARTESIAN_POINT ( 'NONE',  ( 5.749999999996039612, 12.66532890578434234, 3.369219543454170740 ) ) ;
#2272 = CARTESIAN_POINT ( 'NONE',  ( 2.625902306574849909, 13.69999999999999929, 7.620000000000000107 ) ) ;
#2273 = ORIENTED_EDGE ( 'NONE', *, *, #2776, .F. ) ;
#2274 = ORIENTED_EDGE ( 'NONE', *, *, #1427, .F. ) ;
#2275 = EDGE_CURVE ( 'NONE', #3713, #406, #3782, .T. ) ;
#2276 = CARTESIAN_POINT ( 'NONE',  ( 5.349999999999989875, 11.45812853167969791, 5.080000000000000071 ) ) ;
#2277 = DIRECTION ( 'NONE',  ( 0.8944271909999154113, 0.0000000000000000000, 0.4472135954999587604 ) ) ;
#2278 = VERTEX_POINT ( 'NONE', #2008 ) ;
#2279 = ORIENTED_EDGE ( 'NONE', *, *, #829, .F. ) ;
#2280 = EDGE_CURVE ( 'NONE', #4092, #382, #2509, .T. ) ;
#2281 = CIRCLE ( 'NONE', #2352, 0.2000000000000000944 ) ;
#2282 = FACE_OUTER_BOUND ( 'NONE', #2056, .T. ) ;
#2283 = DIRECTION ( 'NONE',  ( 1.000000000000000000, 0.0000000000000000000, 0.0000000000000000000 ) ) ;
#2284 = PLANE ( 'NONE',  #2220 ) ;
#2285 = PERSON_AND_ORGANIZATION ( #211, #1182 ) ;
#2286 = ORIENTED_EDGE ( 'NONE', *, *, #1218, .T. ) ;
#2287 = DIRECTION ( 'NONE',  ( -1.794541526872530066E-14, -1.794541526872519968E-14, 1.000000000000000000 ) ) ;
#2288 = VECTOR ( 'NONE', #2473, 1000.000000000000000 ) ;
#2289 = CARTESIAN_POINT ( 'NONE',  ( 4.499999999999979572, 4.784159143999949571, 1.000000000000190070 ) ) ;
#2290 = AXIS2_PLACEMENT_3D ( 'NONE', #867, #2234, #937 ) ;
#2291 = ORIENTED_EDGE ( 'NONE', *, *, #1987, .F. ) ;
#2292 = VERTEX_POINT ( 'NONE', #1704 ) ;
#2293 = AXIS2_PLACEMENT_3D ( 'NONE', #1124, #2197, #1839 ) ;
#2294 =( BOUNDED_SURFACE ( )  B_SPLINE_SURFACE ( 3, 3, ( 
 ( #3311, #1624, #2969, #1673 ),
 ( #4361, #2027, #4335, #2948 ),
 ( #2662, #1293, #3012, #2706 ),
 ( #3286, #4021, #2611, #990 ) ),
 .UNSPECIFIED., .F., .F., .F. ) 
 B_SPLINE_SURFACE_WITH_KNOTS ( ( 4, 4 ),
 ( 4, 4 ),
 ( 0.0000000000000000000, 1.000000000000000000 ),
 ( 0.0000000000000000000, 1.000000000000000000 ),
 .UNSPECIFIED. ) 
 GEOMETRIC_REPRESENTATION_ITEM ( )  RATIONAL_B_SPLINE_SURFACE ( (
 ( 1.000000000000000000, 0.8538861257352947653, 0.8538861257352947653, 1.000000000000000000),
 ( 0.8312495820436721639, 0.7097924851303543115, 0.7097924851303543115, 0.8312495820436721639),
 ( 0.8312495820436721639, 0.7097924851303543115, 0.7097924851303543115, 0.8312495820436721639),
 ( 1.000000000000000000, 0.8538861257352947653, 0.8538861257352947653, 1.000000000000000000) ) ) 
 REPRESENTATION_ITEM ( '' )  SURFACE ( )  );
#2295 = FACE_OUTER_BOUND ( 'NONE', #1976, .T. ) ;
#2296 = CARTESIAN_POINT ( 'NONE',  ( 0.9446261355944070015, 6.599999999999999645, 7.195000000000000284 ) ) ;
#2297 = DIRECTION ( 'NONE',  ( 1.000000000000000000, -9.854725885015578669E-16, 0.0000000000000000000 ) ) ;
#2298 = VECTOR ( 'NONE', #3805, 1000.000000000000000 ) ;
#2299 = ORIENTED_EDGE ( 'NONE', *, *, #580, .F. ) ;
#2300 = VECTOR ( 'NONE', #1849, 1000.000000000000000 ) ;
#2301 = CARTESIAN_POINT ( 'NONE',  ( 1.810000000000000941, 6.799999999999999822, 7.620000000000000107 ) ) ;
#2302 = AXIS2_PLACEMENT_3D ( 'NONE', #1729, #2124, #24 ) ;
#2303 = EDGE_CURVE ( 'NONE', #1640, #3696, #4083, .T. ) ;
#2304 = VERTEX_POINT ( 'NONE', #2485 ) ;
#2305 = CARTESIAN_POINT ( 'NONE',  ( 1.199999999999999734, 6.599999999999999645, -7.620000000000000107 ) ) ;
#2306 = CARTESIAN_POINT ( 'NONE',  ( 4.950000000000133404, 12.73473344514864536, -6.700762266914829901 ) ) ;
#2307 = PLANE ( 'NONE',  #2506 ) ;
#2308 = ORIENTED_EDGE ( 'NONE', *, *, #1660, .T. ) ;
#2309 = CARTESIAN_POINT ( 'NONE',  ( 7.049999999999991829, 11.43499999999999694, 5.079999999999999183 ) ) ;
#2310 = ADVANCED_FACE ( 'NONE', ( #3570 ), #3826, .T. ) ;
#2311 = LOCAL_TIME ( 21, 35, 26.00000000000000000, #182 ) ;
#2312 = CARTESIAN_POINT ( 'NONE',  ( 5.749999999999992006, 12.73499999999999943, -5.080000000000000071 ) ) ;
#2313 = PLANE ( 'NONE',  #3647 ) ;
#2314 = ADVANCED_FACE ( 'NONE', ( #513 ), #4227, .T. ) ;
#2315 = ORIENTED_EDGE ( 'NONE', *, *, #764, .F. ) ;
#2316 = AXIS2_PLACEMENT_3D ( 'NONE', #677, #1977, #2963 ) ;
#2317 = ORIENTED_EDGE ( 'NONE', *, *, #141, .T. ) ;
#2318 = DIRECTION ( 'NONE',  ( -3.402072636419484200E-15, 0.9805806756909202226, 0.1961161351381842111 ) ) ;
#2319 = DIRECTION ( 'NONE',  ( -1.171453342316279939E-15, -1.000000000000000000, 0.0000000000000000000 ) ) ;
#2320 = AXIS2_PLACEMENT_3D ( 'NONE', #3047, #49, #3751 ) ;
#2321 = CARTESIAN_POINT ( 'NONE',  ( 4.949999999999999289, 12.64656426582933335, -3.365753203231379498 ) ) ;
#2322 = DIRECTION ( 'NONE',  ( -1.171453342316279939E-15, -1.000000000000000000, 0.0000000000000000000 ) ) ;
#2323 = ORIENTED_EDGE ( 'NONE', *, *, #2396, .T. ) ;
#2324 = CARTESIAN_POINT ( 'NONE',  ( 3.689033065960701130, 12.73500000000000298, -4.269837272835155240 ) ) ;
#2325 = CARTESIAN_POINT ( 'NONE',  ( 5.750000000000000000, 12.40938025447665893, -6.822602432482845813 ) ) ;
#2326 = VERTEX_POINT ( 'NONE', #2137 ) ;
#2327 = ORIENTED_EDGE ( 'NONE', *, *, #1928, .F. ) ;
#2328 = EDGE_CURVE ( 'NONE', #2129, #2267, #2534, .T. ) ;
#2329 = CYLINDRICAL_SURFACE ( 'NONE', #2226, 1.975000000000000089 ) ;
#2330 = PLANE ( 'NONE',  #484 ) ;
#2331 = CARTESIAN_POINT ( 'NONE',  ( 4.500000000000000000, -3.700000000000009948, 0.08000000000000019595 ) ) ;
#2332 = ORIENTED_EDGE ( 'NONE', *, *, #2153, .F. ) ;
#2333 = ADVANCED_FACE ( 'NONE', ( #493 ), #861, .T. ) ;
#2334 = DIRECTION ( 'NONE',  ( 0.0000000000000000000, -1.000000000000000000, 0.0000000000000000000 ) ) ;
#2335 = LINE ( 'NONE', #643, #3995 ) ;
#2336 = DIRECTION ( 'NONE',  ( -1.000000000000000000, 9.130123557772668088E-16, 0.0000000000000000000 ) ) ;
#2337 = DATE_TIME_ROLE ( 'creation_date' ) ;
#2338 = ORIENTED_EDGE ( 'NONE', *, *, #425, .F. ) ;
#2339 = CARTESIAN_POINT ( 'NONE',  ( 2.337581515395890985, 13.78289222746397513, 7.620000000000000107 ) ) ;
#2340 = DIRECTION ( 'NONE',  ( 0.0000000000000000000, -0.0000000000000000000, -1.000000000000000000 ) ) ;
#2341 = EDGE_CURVE ( 'NONE', #3276, #1447, #2196, .T. ) ;
#2342 = CARTESIAN_POINT ( 'NONE',  ( 4.500000000000006217, -2.700000000000270628, -5.579999999999944116 ) ) ;
#2343 = CARTESIAN_POINT ( 'NONE',  ( 7.167157287525207643, 11.23499999999981291, 2.225375855715044864E-16 ) ) ;
#2344 = ORIENTED_EDGE ( 'NONE', *, *, #3187, .T. ) ;
#2345 = ORIENTED_EDGE ( 'NONE', *, *, #3346, .F. ) ;
#2346 = CARTESIAN_POINT ( 'NONE',  ( 4.158098634558128559, 12.73500000000000121, -3.590914171675888333 ) ) ;
#2347 = DIRECTION ( 'NONE',  ( 0.8944271909999154113, 0.0000000000000000000, -0.4472135954999587604 ) ) ;
#2348 = LINE ( 'NONE', #1983, #2378 ) ;
#2349 = LINE ( 'NONE', #1742, #3147 ) ;
#2350 = ORIENTED_EDGE ( 'NONE', *, *, #3492, .T. ) ;
#2351 = PLANE ( 'NONE',  #2213 ) ;
#2352 = AXIS2_PLACEMENT_3D ( 'NONE', #2489, #2905, #2538 ) ;
#2353 = DIRECTION ( 'NONE',  ( 0.0000000000000000000, 0.0000000000000000000, 1.000000000000000000 ) ) ;
#2354 = LINE ( 'NONE', #272, #3145 ) ;
#2355 = DIRECTION ( 'NONE',  ( -0.0000000000000000000, -1.000000000000000000, 0.0000000000000000000 ) ) ;
#2356 = CARTESIAN_POINT ( 'NONE',  ( 9.250000000000000000, 2.199999999999999734, 1.299999999999999378 ) ) ;
#2357 = CARTESIAN_POINT ( 'NONE',  ( 0.0000000000000000000, 0.0000000000000000000, 0.0000000000000000000 ) ) ;
#2358 = LINE ( 'NONE', #3043, #3993 ) ;
#2359 = CIRCLE ( 'NONE', #2081, 1.975000000000000089 ) ;
#2360 = ADVANCED_FACE ( 'NONE', ( #180 ), #239, .T. ) ;
#2361 = ORIENTED_EDGE ( 'NONE', *, *, #1256, .T. ) ;
#2362 = VECTOR ( 'NONE', #2712, 1000.000000000000000 ) ;
#2363 = CARTESIAN_POINT ( 'NONE',  ( 5.300000000000015810, -4.770489558936219510E-15, 4.575803989022823259 ) ) ;
#2364 = DIRECTION ( 'NONE',  ( 0.0000000000000000000, 1.000000000000000000, -0.0000000000000000000 ) ) ;
#2365 = DIRECTION ( 'NONE',  ( 1.171453342316279939E-15, 1.000000000000000000, 0.0000000000000000000 ) ) ;
#2366 = VECTOR ( 'NONE', #3134, 1000.000000000000000 ) ;
#2367 = EDGE_CURVE ( 'NONE', #979, #2918, #1139, .T. ) ;
#2368 = EDGE_LOOP ( 'NONE', ( #3345, #2252, #1315, #1069 ) ) ;
#2369 = VERTEX_POINT ( 'NONE', #2822 ) ;
#2370 = CARTESIAN_POINT ( 'NONE',  ( 4.499999999999988454, -2.699999999999823430, 0.5000000000000542899 ) ) ;
#2371 = CARTESIAN_POINT ( 'NONE',  ( 9.299999999999998934, 6.599999999999999645, -7.620000000000000107 ) ) ;
#2372 = ORIENTED_EDGE ( 'NONE', *, *, #2660, .F. ) ;
#2373 = ORIENTED_EDGE ( 'NONE', *, *, #2018, .T. ) ;
#2374 = AXIS2_PLACEMENT_3D ( 'NONE', #4167, #114, #4187 ) ;
#2375 = CARTESIAN_POINT ( 'NONE',  ( 7.249999999999988454, 11.43499999999999694, -8.879999999999999005 ) ) ;
#2376 = CARTESIAN_POINT ( 'NONE',  ( 4.499999999999992895, -3.700000000000007727, 0.2999999999999991007 ) ) ;
#2377 = DIRECTION ( 'NONE',  ( -0.1156426583973926697, -0.9932908816448401401, 1.416214114512545531E-17 ) ) ;
#2378 = VECTOR ( 'NONE', #1342, 1000.000000000000000 ) ;
#2379 = CYLINDRICAL_SURFACE ( 'NONE', #2019, 0.8000000000000003775 ) ;
#2380 = CARTESIAN_POINT ( 'NONE',  ( 5.349999999999980105, 11.45812853178540713, 1.607708950454020642E-61 ) ) ;
#2381 = PLANE ( 'NONE',  #4151 ) ;
#2382 = DIRECTION ( 'NONE',  ( -0.0000000000000000000, -0.0000000000000000000, 1.000000000000000000 ) ) ;
#2383 = EDGE_LOOP ( 'NONE', ( #2279, #1287, #3935, #2880 ) ) ;
#2384 = APPROVAL_PERSON_ORGANIZATION ( #782, #351, #802 ) ;
#2385 = CARTESIAN_POINT ( 'NONE',  ( 7.249552224325722882, 11.45044927442902605, 1.280895551348530725 ) ) ;
#2386 = EDGE_CURVE ( 'NONE', #3616, #3912, #3292, .T. ) ;
#2387 = CARTESIAN_POINT ( 'NONE',  ( 7.049999999999561950, 11.23499999999999766, -5.080000000000000959 ) ) ;
#2388 = AXIS2_PLACEMENT_3D ( 'NONE', #2063, #409, #1715 ) ;
#2389 = EDGE_LOOP ( 'NONE', ( #609, #3075, #2373, #1804 ) ) ;
#2390 = ORIENTED_EDGE ( 'NONE', *, *, #2194, .T. ) ;
#2391 = LOCAL_TIME ( 21, 35, 26.00000000000000000, #692 ) ;
#2392 = CARTESIAN_POINT ( 'NONE',  ( 0.0000000000000000000, 10.00000000000000000, 7.620000000000000107 ) ) ;
#2393 = CARTESIAN_POINT ( 'NONE',  ( 0.0000000000000000000, 10.00000000000000000, -7.620000000000000107 ) ) ;
#2394 = ORIENTED_EDGE ( 'NONE', *, *, #1148, .F. ) ;
#2395 = PLANE ( 'NONE',  #1745 ) ;
#2396 = EDGE_CURVE ( 'NONE', #3412, #2218, #2883, .T. ) ;
#2397 = DIRECTION ( 'NONE',  ( -1.171453342316279939E-15, -1.000000000000000000, 0.0000000000000000000 ) ) ;
#2398 = CARTESIAN_POINT ( 'NONE',  ( 5.749999999999304556, 12.68816249061487511, -3.380054170591053175 ) ) ;
#2399 = ORIENTED_EDGE ( 'NONE', *, *, #667, .T. ) ;
#2400 = FACE_OUTER_BOUND ( 'NONE', #2966, .T. ) ;
#2401 = DIRECTION ( 'NONE',  ( 0.0000000000000000000, -0.0000000000000000000, -1.000000000000000000 ) ) ;
#2402 = CARTESIAN_POINT ( 'NONE',  ( 7.049999999999684519, 11.23499999999999766, -8.479999999999389360 ) ) ;
#2403 = CARTESIAN_POINT ( 'NONE',  ( 5.350000000000000533, 13.99999999999999822, 0.0000000000000000000 ) ) ;
#2404 = CALENDAR_DATE ( 2019, 21, 10 ) ;
#2405 = CARTESIAN_POINT ( 'NONE',  ( 7.249552224325726435, 11.45044927442902782, 8.879104448651469639 ) ) ;
#2406 = LINE ( 'NONE', #784, #2288 ) ;
#2407 = ORIENTED_EDGE ( 'NONE', *, *, #3010, .T. ) ;
#2408 = CARTESIAN_POINT ( 'NONE',  ( 4.178667266375339473, 12.73499999999999588, 1.420694998172927326 ) ) ;
#2409 = CARTESIAN_POINT ( 'NONE',  ( 4.965164424293943668, 12.69953703111901433, -6.791393931465485423 ) ) ;
#2410 = DIRECTION ( 'NONE',  ( 0.4999999999999999445, 0.0000000000000000000, -0.8660254037844387076 ) ) ;
#2411 = VERTEX_POINT ( 'NONE', #3533 ) ;
#2412 = EDGE_LOOP ( 'NONE', ( #2431, #1323, #4082, #2889 ) ) ;
#2413 = FACE_OUTER_BOUND ( 'NONE', #3099, .T. ) ;
#2414 =( BOUNDED_SURFACE ( )  B_SPLINE_SURFACE ( 3, 3, ( 
 ( #2735, #4146, #1723, #4076 ),
 ( #1102, #3806, #3408, #4101 ),
 ( #780, #2074, #443, #732 ),
 ( #1791, #2402, #3978, #1584 ) ),
 .UNSPECIFIED., .F., .F., .F. ) 
 B_SPLINE_SURFACE_WITH_KNOTS ( ( 4, 4 ),
 ( 4, 4 ),
 ( 0.0000000000000000000, 1.000000000000000000 ),
 ( 0.0000000000000000000, 1.000000000000000000 ),
 .UNSPECIFIED. ) 
 GEOMETRIC_REPRESENTATION_ITEM ( )  RATIONAL_B_SPLINE_SURFACE ( (
 ( 1.000000000000000000, 0.3333333333333335369, 0.3333333333333335369, 1.000000000000000000),
 ( 0.8047378541240022276, 0.2682459513746675572, 0.2682459513746675572, 0.8047378541240022276),
 ( 0.8047378541240022276, 0.2682459513746675572, 0.2682459513746675572, 0.8047378541240022276),
 ( 1.000000000000000000, 0.3333333333333335369, 0.3333333333333335369, 1.000000000000000000) ) ) 
 REPRESENTATION_ITEM ( '' )  SURFACE ( )  );
#2415 = EDGE_LOOP ( 'NONE', ( #3702, #2195, #2123, #3331 ) ) ;
#2416 = EDGE_CURVE ( 'NONE', #817, #2411, #1457, .T. ) ;
#2417 = LINE ( 'NONE', #3355, #26 ) ;
#2418 = CARTESIAN_POINT ( 'NONE',  ( 3.689033065990947602, 12.73500000000000121, 5.874722275277831862 ) ) ;
#2419 = CARTESIAN_POINT ( 'NONE',  ( 9.250000000000000000, 2.200000000000002842, 3.780000000000001137 ) ) ;
#2420 = EDGE_CURVE ( 'NONE', #652, #1981, #1838, .T. ) ;
#2421 = CARTESIAN_POINT ( 'NONE',  ( 7.249999999999992006, 11.43499999999999694, -3.800000000000000266 ) ) ;
#2422 = CARTESIAN_POINT ( 'NONE',  ( 4.500000000000003553, -3.700000000000007727, -5.379999999999999893 ) ) ;
#2423 = APPLICATION_PROTOCOL_DEFINITION ( 'international standard', 'config_control_design', 1994, #4044 ) ;
#2424 = CARTESIAN_POINT ( 'NONE',  ( 3.449999999999989964, 11.43500000000000227, 3.799999999999999378 ) ) ;
#2425 = EDGE_LOOP ( 'NONE', ( #350, #2156, #1728, #4152 ) ) ;
#2426 = CARTESIAN_POINT ( 'NONE',  ( 5.300000000000021139, -0.05000000078158019917, 4.279999999999956728 ) ) ;
#2427 = CIRCLE ( 'NONE', #2786, 1.900000000000000133 ) ;
#2428 = CARTESIAN_POINT ( 'NONE',  ( -0.6999999999999999556, -3.700000000000010392, -4.779999999999999361 ) ) ;
#2429 = CARTESIAN_POINT ( 'NONE',  ( 4.950000000000072120, 12.72947253920386856, -1.647765679071868439 ) ) ;
#2430 = VERTEX_POINT ( 'NONE', #1502 ) ;
#2431 = ORIENTED_EDGE ( 'NONE', *, *, #1195, .F. ) ;
#2432 = VECTOR ( 'NONE', #4307, 1000.000000000000000 ) ;
#2433 = FACE_OUTER_BOUND ( 'NONE', #1262, .T. ) ;
#2434 = AXIS2_PLACEMENT_3D ( 'NONE', #1851, #3481, #2800 ) ;
#2435 = VERTEX_POINT ( 'NONE', #779 ) ;
#2436 = ORIENTED_EDGE ( 'NONE', *, *, #1601, .T. ) ;
#2437 = VECTOR ( 'NONE', #1855, 1000.000000000000000 ) ;
#2438 =( BOUNDED_SURFACE ( )  B_SPLINE_SURFACE ( 3, 3, ( 
 ( #3007, #2324, #4377, #4039 ),
 ( #1336, #2678, #2346, #3710 ),
 ( #1573, #2913, #2253, #4286 ),
 ( #1240, #2586, #3944, #770 ) ),
 .UNSPECIFIED., .F., .F., .F. ) 
 B_SPLINE_SURFACE_WITH_KNOTS ( ( 4, 4 ),
 ( 4, 4 ),
 ( 0.0000000000000000000, 1.000000000000000000 ),
 ( 0.0000000000000000000, 1.000000000000000000 ),
 .UNSPECIFIED. ) 
 GEOMETRIC_REPRESENTATION_ITEM ( )  RATIONAL_B_SPLINE_SURFACE ( (
 ( 1.000000000000000000, 0.8538861257352946543, 0.8538861257352946543, 1.000000000000000000),
 ( 0.8312495820436712757, 0.7097924851303534233, 0.7097924851303534233, 0.8312495820436712757),
 ( 0.8312495820436712757, 0.7097924851303534233, 0.7097924851303534233, 0.8312495820436712757),
 ( 1.000000000000000000, 0.8538861257352946543, 0.8538861257352946543, 1.000000000000000000) ) ) 
 REPRESENTATION_ITEM ( '' )  SURFACE ( )  );
#2439 = CARTESIAN_POINT ( 'NONE',  ( 4.500000000000000888, 0.0000000000000000000, 7.620000000000000107 ) ) ;
#2440 = CARTESIAN_POINT ( 'NONE',  ( 7.993234973611840211, 13.69999999999999929, -7.620000000000000107 ) ) ;
#2441 = DIRECTION ( 'NONE',  ( 1.000000000000000000, 0.0000000000000000000, 0.0000000000000000000 ) ) ;
#2442 = DIRECTION ( 'NONE',  ( -0.0000000000000000000, -0.0000000000000000000, -1.000000000000000000 ) ) ;
#2443 = EDGE_CURVE ( 'NONE', #1075, #563, #2507, .T. ) ;
#2444 = VECTOR ( 'NONE', #1245, 1000.000000000000000 ) ;
#2445 = CIRCLE ( 'NONE', #2302, 0.2999999999999999334 ) ;
#2446 = DIRECTION ( 'NONE',  ( -9.136576017787373527E-16, -1.000000000000000000, -2.086925533220183900E-31 ) ) ;
#2447 = DIRECTION ( 'NONE',  ( 0.0000000000000000000, 0.0000000000000000000, -1.000000000000000000 ) ) ;
#2448 = CARTESIAN_POINT ( 'NONE',  ( 3.650000000000294342, 11.23500000000000121, 3.399999999999391509 ) ) ;
#2449 = EDGE_CURVE ( 'NONE', #4324, #3021, #156, .T. ) ;
#2450 = APPROVAL_DATE_TIME ( #2487, #1468 ) ;
#2451 = DIRECTION ( 'NONE',  ( 1.171453342316279939E-15, 1.000000000000000000, 0.0000000000000000000 ) ) ;
#2452 = ORIENTED_EDGE ( 'NONE', *, *, #3309, .T. ) ;
#2453 = ORIENTED_EDGE ( 'NONE', *, *, #1250, .T. ) ;
#2454 = PRODUCT ( 'TB007-508-03P_Green - S', 'TB007-508-03P_Green - S', '', ( #3387 ) ) ;
#2455 = CARTESIAN_POINT ( 'NONE',  ( 6.521332732297200785, 12.73499999999999766, -1.420694998502297857 ) ) ;
#2456 = EDGE_CURVE ( 'NONE', #2430, #4261, #843, .T. ) ;
#2457 = CARTESIAN_POINT ( 'NONE',  ( 4.950000000003958789, 12.65172273822438953, 6.793524937923418605 ) ) ;
#2458 = ORIENTED_EDGE ( 'NONE', *, *, #2303, .T. ) ;
#2459 = ORIENTED_EDGE ( 'NONE', *, *, #1399, .T. ) ;
#2460 = CARTESIAN_POINT ( 'NONE',  ( 5.349999999999999645, 11.23499999999999943, -5.080000000000000071 ) ) ;
#2461 = ORIENTED_EDGE ( 'NONE', *, *, #996, .T. ) ;
#2462 = AXIS2_PLACEMENT_3D ( 'NONE', #913, #3350, #3328 ) ;
#2463 = PLANE ( 'NONE',  #101 ) ;
#2464 = CARTESIAN_POINT ( 'NONE',  ( 8.466173140978199285, -5.204170427930421283E-15, -8.025000000000000355 ) ) ;
#2465 = CYLINDRICAL_SURFACE ( 'NONE', #2782, 1.975000000000000089 ) ;
#2466 = CARTESIAN_POINT ( 'NONE',  ( 3.650000000000294342, 11.23500000000000121, 1.680000000000612559 ) ) ;
#2467 = CARTESIAN_POINT ( 'NONE',  ( 5.750000000000001776, 12.64656426582888926, -3.365753203235122282 ) ) ;
#2468 = EDGE_CURVE ( 'NONE', #4324, #254, #4003, .T. ) ;
#2469 = DIRECTION ( 'NONE',  ( 1.000000000000000000, 0.0000000000000000000, 0.0000000000000000000 ) ) ;
#2470 = DIRECTION ( 'NONE',  ( 1.000000000000000000, -9.136576017787367610E-16, 0.0000000000000000000 ) ) ;
#2471 = LINE ( 'NONE', #136, #1525 ) ;
#2472 = APPROVAL_ROLE ( '' ) ;
#2473 = DIRECTION ( 'NONE',  ( -2.501911041408800138E-16, -1.000000000000000000, 0.0000000000000000000 ) ) ;
#2474 = VERTEX_POINT ( 'NONE', #88 ) ;
#2475 = EDGE_CURVE ( 'NONE', #1357, #1721, #1239, .T. ) ;
#2476 = CARTESIAN_POINT ( 'NONE',  ( 5.750000000000001776, 12.64656426582888926, 6.794246796764878304 ) ) ;
#2477 = CARTESIAN_POINT ( 'NONE',  ( 3.449999999999989075, 11.31784271247447826, 5.080000000000000959 ) ) ;
#2478 = ORIENTED_EDGE ( 'NONE', *, *, #3956, .T. ) ;
#2479 = ADVANCED_FACE ( 'NONE', ( #3843 ), #2094, .T. ) ;
#2480 = DIRECTION ( 'NONE',  ( -3.220379291669973468E-28, 1.000000000000000000, 1.794541526872519968E-14 ) ) ;
#2481 = CARTESIAN_POINT ( 'NONE',  ( 5.500000000000005329, -0.05000000078161020295, 5.580000000000140403 ) ) ;
#2482 = PLANE ( 'NONE',  #1967 ) ;
#2483 = CARTESIAN_POINT ( 'NONE',  ( 5.749999999999932498, 12.72947253920396449, 1.647765679071599099 ) ) ;
#2484 = DIRECTION ( 'NONE',  ( 0.0000000000000000000, 0.0000000000000000000, -1.000000000000000000 ) ) ;
#2485 = CARTESIAN_POINT ( 'NONE',  ( 0.8320428331024301016, 6.600000000000003197, 7.000000000000000000 ) ) ;
#2486 = FACE_OUTER_BOUND ( 'NONE', #4055, .T. ) ;
#2487 = DATE_AND_TIME ( #4189, #3308 ) ;
#2488 = DIRECTION ( 'NONE',  ( 0.1156426583973908656, -0.9932908816448403622, -2.072924102819404399E-31 ) ) ;
#2489 = CARTESIAN_POINT ( 'NONE',  ( 3.649999999999990141, 11.43500000000000227, 0.0000000000000000000 ) ) ;
#2490 = LINE ( 'NONE', #3814, #1339 ) ;
#2491 = EDGE_CURVE ( 'NONE', #3130, #2261, #541, .T. ) ;
#2492 = ORIENTED_EDGE ( 'NONE', *, *, #1345, .T. ) ;
#2493 = AXIS2_PLACEMENT_3D ( 'NONE', #381, #3667, #1738 ) ;
#2494 = CARTESIAN_POINT ( 'NONE',  ( 3.449999999999990408, 11.31784271247447826, -3.800000000000001155 ) ) ;
#2495 = EDGE_CURVE ( 'NONE', #1200, #741, #3589, .T. ) ;
#2496 = VECTOR ( 'NONE', #567, 1000.000000000000000 ) ;
#2497 = VERTEX_POINT ( 'NONE', #4313 ) ;
#2498 = CARTESIAN_POINT ( 'NONE',  ( 5.721047637986546697, 12.69953703112069299, 1.714436134512855814 ) ) ;
#2499 = VECTOR ( 'NONE', #3233, 1000.000000000000000 ) ;
#2500 = DIRECTION ( 'NONE',  ( -1.000000000000000000, 3.338853781347929776E-28, -1.794541526872530066E-14 ) ) ;
#2501 = DIRECTION ( 'NONE',  ( -1.734723475976806779E-14, 0.0000000000000000000, 1.000000000000000000 ) ) ;
#2502 = DIRECTION ( 'NONE',  ( 1.000000000000000000, -9.854725885015578669E-16, 0.0000000000000000000 ) ) ;
#2503 = CARTESIAN_POINT ( 'NONE',  ( 5.722352193219256478, 12.64656426582414817, 6.800463868963788627 ) ) ;
#2504 = EDGE_CURVE ( 'NONE', #1057, #1442, #872, .T. ) ;
#2505 = ORIENTED_EDGE ( 'NONE', *, *, #3187, .F. ) ;
#2506 = AXIS2_PLACEMENT_3D ( 'NONE', #201, #565, #3605 ) ;
#2507 = LINE ( 'NONE', #2118, #968 ) ;
#2508 = LINE ( 'NONE', #2840, #232 ) ;
#2509 = CIRCLE ( 'NONE', #478, 0.2999999999999999334 ) ;
#2510 = CALENDAR_DATE ( 2019, 21, 10 ) ;
#2511 = DIRECTION ( 'NONE',  ( 0.0000000000000000000, 0.0000000000000000000, -1.000000000000000000 ) ) ;
#2512 = LINE ( 'NONE', #2864, #8 ) ;
#2513 = VECTOR ( 'NONE', #2581, 1000.000000000000000 ) ;
#2514 = CARTESIAN_POINT ( 'NONE',  ( 4.949999999999991296, 12.73499999999999943, 3.467917139009471406 ) ) ;
#2515 = CARTESIAN_POINT ( 'NONE',  ( 4.950000000000678746, 12.73298944267163257, 6.715789504932165421 ) ) ;
#2516 = CARTESIAN_POINT ( 'NONE',  ( 4.950000000000072120, 12.71957496777936036, -1.668147016353469514 ) ) ;
#2517 = ORIENTED_EDGE ( 'NONE', *, *, #296, .F. ) ;
#2518 = EDGE_CURVE ( 'NONE', #3669, #2435, #896, .T. ) ;
#2519 = LINE ( 'NONE', #4215, #2499 ) ;
#2520 = FACE_OUTER_BOUND ( 'NONE', #636, .T. ) ;
#2521 = VERTEX_POINT ( 'NONE', #944 ) ;
#2522 = ORIENTED_EDGE ( 'NONE', *, *, #3990, .T. ) ;
#2523 = ORIENTED_EDGE ( 'NONE', *, *, #3178, .F. ) ;
#2524 = CC_DESIGN_SECURITY_CLASSIFICATION ( #1402, ( #4417 ) ) ;
#2525 = ADVANCED_FACE ( 'NONE', ( #3671, #588, #3604, #2282 ), #2569, .T. ) ;
#2526 = LINE ( 'NONE', #2542, #3214 ) ;
#2527 = CARTESIAN_POINT ( 'NONE',  ( 5.750000000000000888, 11.93499999999675154, -3.280788672664257444 ) ) ;
#2528 = DIRECTION ( 'NONE',  ( 0.5000000000000048850, 0.0000000000000000000, 0.8660254037844358210 ) ) ;
#2529 = FACE_OUTER_BOUND ( 'NONE', #2830, .T. ) ;
#2530 = ORIENTED_EDGE ( 'NONE', *, *, #2475, .F. ) ;
#2531 = VECTOR ( 'NONE', #965, 1000.000000000000000 ) ;
#2532 = ADVANCED_FACE ( 'NONE', ( #1271 ), #2968, .F. ) ;
#2533 = VECTOR ( 'NONE', #227, 1000.000000000000000 ) ;
#2534 = LINE ( 'NONE', #1161, #2437 ) ;
#2535 = CARTESIAN_POINT ( 'NONE',  ( 9.646410161513776060, 6.599999999999999645, -8.220000000000002416 ) ) ;
#2536 = ORIENTED_EDGE ( 'NONE', *, *, #3574, .F. ) ;
#2537 = CARTESIAN_POINT ( 'NONE',  ( 5.299999999999995381, -0.05000000078161231931, 0.5000000000001281197 ) ) ;
#2538 = DIRECTION ( 'NONE',  ( -1.000000000000000000, 0.0000000000000000000, 0.0000000000000000000 ) ) ;
#2539 = CARTESIAN_POINT ( 'NONE',  ( 7.249999999999990230, 11.31784271247447471, 5.080000000000000071 ) ) ;
#2540 = EDGE_LOOP ( 'NONE', ( #3638, #1083, #2390, #2344 ) ) ;
#2541 = CARTESIAN_POINT ( 'NONE',  ( 5.299999999999999822, -3.700000000000009948, -0.3000000000000011546 ) ) ;
#2542 = CARTESIAN_POINT ( 'NONE',  ( 4.500000000000006217, -2.700000000000293277, -0.4999999999999440448 ) ) ;
#2543 = DIRECTION ( 'NONE',  ( 1.000000000000000000, 0.0000000000000000000, 1.224646799147355919E-16 ) ) ;
#2544 = DIRECTION ( 'NONE',  ( 0.1156426583973908656, -0.9932908816448403622, -2.072924102819404837E-31 ) ) ;
#2545 = CARTESIAN_POINT ( 'NONE',  ( 3.635702501169019829, 12.73500000000000476, 0.0000000000000000000 ) ) ;
#2546 = VERTEX_POINT ( 'NONE', #4334 ) ;
#2547 = ADVANCED_FACE ( 'NONE', ( #3332 ), #3973, .F. ) ;
#2548 = CARTESIAN_POINT ( 'NONE',  ( 3.451341823670963205, 11.45812853167897316, -8.877316352658054299 ) ) ;
#2549 = LINE ( 'NONE', #862, #3789 ) ;
#2550 = CALENDAR_DATE ( 2019, 21, 10 ) ;
#2551 = ORIENTED_EDGE ( 'NONE', *, *, #4031, .T. ) ;
#2552 =( BOUNDED_SURFACE ( )  B_SPLINE_SURFACE ( 3, 3, ( 
 ( #2009, #3679, #4367, #3932 ),
 ( #3629, #3656, #644, #903 ),
 ( #3954, #3317, #273, #2973 ),
 ( #995, #4340, #1278, #4298 ) ),
 .UNSPECIFIED., .F., .F., .F. ) 
 B_SPLINE_SURFACE_WITH_KNOTS ( ( 4, 4 ),
 ( 4, 4 ),
 ( 0.0000000000000000000, 1.000000000000000000 ),
 ( 0.0000000000000000000, 1.000000000000000000 ),
 .UNSPECIFIED. ) 
 GEOMETRIC_REPRESENTATION_ITEM ( )  RATIONAL_B_SPLINE_SURFACE ( (
 ( 1.000000000000000000, 0.3333333333333332038, 0.3333333333333332038, 1.000000000000000000),
 ( 0.8047378541240031158, 0.2682459513746676127, 0.2682459513746676127, 0.8047378541240031158),
 ( 0.8047378541240031158, 0.2682459513746676127, 0.2682459513746676127, 0.8047378541240031158),
 ( 1.000000000000000000, 0.3333333333333332038, 0.3333333333333332038, 1.000000000000000000) ) ) 
 REPRESENTATION_ITEM ( '' )  SURFACE ( )  );
#2553 = ADVANCED_FACE ( 'NONE', ( #2633 ), #3648, .F. ) ;
#2554 = CARTESIAN_POINT ( 'NONE',  ( 5.750000000000000000, 12.73499999999999943, -1.623854585596240740 ) ) ;
#2555 = DIRECTION ( 'NONE',  ( -2.501911041408800138E-16, -1.000000000000000000, 0.0000000000000000000 ) ) ;
#2556 = DIRECTION ( 'NONE',  ( 1.000000000000000000, -3.338853781347929776E-28, 1.794541526872530066E-14 ) ) ;
#2557 =( NAMED_UNIT ( * ) SI_UNIT ( $, .STERADIAN. ) SOLID_ANGLE_UNIT ( ) );
#2558 = VERTEX_POINT ( 'NONE', #2305 ) ;
#2559 = CARTESIAN_POINT ( 'NONE',  ( 9.250000000000000000, 5.199999999999993072, -6.379999999999999893 ) ) ;
#2560 = APPROVAL ( #3554, 'UNSPECIFIED' ) ;
#2561 = ORIENTED_EDGE ( 'NONE', *, *, #3726, .F. ) ;
#2562 = FACE_OUTER_BOUND ( 'NONE', #3793, .T. ) ;
#2563 = DIRECTION ( 'NONE',  ( -0.0000000000000000000, -1.000000000000000000, 0.0000000000000000000 ) ) ;
#2564 = CARTESIAN_POINT ( 'NONE',  ( 1.249999999999999556, 10.00000000000000000, -7.619999999999999218 ) ) ;
#2565 = AXIS2_PLACEMENT_3D ( 'NONE', #3359, #3627, #3038 ) ;
#2566 = ORIENTED_EDGE ( 'NONE', *, *, #2958, .F. ) ;
#2567 = AXIS2_PLACEMENT_3D ( 'NONE', #3459, #1060, #1433 ) ;
#2568 = ADVANCED_FACE ( 'NONE', ( #638 ), #1982, .T. ) ;
#2569 = PLANE ( 'NONE',  #3002 ) ;
#2570 = DIRECTION ( 'NONE',  ( -1.931148907734990011E-16, 2.262250842476587301E-31, -1.000000000000000000 ) ) ;
#2571 = DATE_TIME_ROLE ( 'classification_date' ) ;
#2572 = ORIENTED_EDGE ( 'NONE', *, *, #4093, .T. ) ;
#2573 = VECTOR ( 'NONE', #1184, 1000.000000000000000 ) ;
#2574 = CARTESIAN_POINT ( 'NONE',  ( 5.749999999999992895, 12.73499999999999943, -1.612082860990527999 ) ) ;
#2575 =( BOUNDED_SURFACE ( )  B_SPLINE_SURFACE ( 3, 3, ( 
 ( #3876, #2891, #1533, #3234 ),
 ( #192, #854, #2188, #1865 ),
 ( #1469, #1554, #3213, #1133 ),
 ( #2872, #3895, #4260, #888 ) ),
 .UNSPECIFIED., .F., .F., .F. ) 
 B_SPLINE_SURFACE_WITH_KNOTS ( ( 4, 4 ),
 ( 4, 4 ),
 ( 0.0000000000000000000, 1.000000000000000000 ),
 ( 0.0000000000000000000, 1.000000000000000000 ),
 .UNSPECIFIED. ) 
 GEOMETRIC_REPRESENTATION_ITEM ( )  RATIONAL_B_SPLINE_SURFACE ( (
 ( 1.000000000000000000, 0.3333333333333335369, 0.3333333333333335369, 1.000000000000000000),
 ( 0.8047378541240022276, 0.2682459513746675572, 0.2682459513746675572, 0.8047378541240022276),
 ( 0.8047378541240022276, 0.2682459513746675572, 0.2682459513746675572, 0.8047378541240022276),
 ( 1.000000000000000000, 0.3333333333333335369, 0.3333333333333335369, 1.000000000000000000) ) ) 
 REPRESENTATION_ITEM ( '' )  SURFACE ( )  );
#2576 = DIRECTION ( 'NONE',  ( -1.000000000000000000, 3.334909476821824268E-28, -1.794541526872530066E-14 ) ) ;
#2577 = FACE_OUTER_BOUND ( 'NONE', #4116, .T. ) ;
#2578 = VERTEX_POINT ( 'NONE', #918 ) ;
#2579 = CARTESIAN_POINT ( 'NONE',  ( 4.949999999999999289, 12.73499999999999943, 3.463581513077962803 ) ) ;
#2580 = ADVANCED_FACE ( 'NONE', ( #1202 ), #4239, .T. ) ;
#2581 = DIRECTION ( 'NONE',  ( 1.000000000000000000, -3.338853781347929776E-28, 1.794541526872530066E-14 ) ) ;
#2582 = VECTOR ( 'NONE', #1549, 1000.000000000000114 ) ;
#2583 = CARTESIAN_POINT ( 'NONE',  ( 7.325000000000000178, 11.23499999999999943, 0.0000000000000000000 ) ) ;
#2584 = ORIENTED_EDGE ( 'NONE', *, *, #2443, .F. ) ;
#2585 = VERTEX_POINT ( 'NONE', #1671 ) ;
#2586 = CARTESIAN_POINT ( 'NONE',  ( 3.589703977699978843, 12.64656426582840432, -4.221387948900449771 ) ) ;
#2587 = LINE ( 'NONE', #3620, #2847 ) ;
#2588 = CARTESIAN_POINT ( 'NONE',  ( 4.949999999999999289, 12.64656426582875959, -1.714246796764900216 ) ) ;
#2589 = CC_DESIGN_APPROVAL ( #351, ( #3872 ) ) ;
#2590 = CARTESIAN_POINT ( 'NONE',  ( 5.349999999999999645, 10.44999999999999929, 0.0000000000000000000 ) ) ;
#2591 = CIRCLE ( 'NONE', #1406, 0.2999999999999999334 ) ;
#2592 = CARTESIAN_POINT ( 'NONE',  ( 5.721047637985603451, 12.69953703112068766, -6.794436134513060388 ) ) ;
#2593 = EDGE_CURVE ( 'NONE', #2261, #3595, #1219, .T. ) ;
#2594 = CIRCLE ( 'NONE', #1479, 0.2999999999999999334 ) ;
#2595 = DIRECTION ( 'NONE',  ( -0.0000000000000000000, -0.0000000000000000000, -1.000000000000000000 ) ) ;
#2596 = LINE ( 'NONE', #550, #1694 ) ;
#2597 = SECURITY_CLASSIFICATION ( '', '', #2054 ) ;
#2598 = EDGE_CURVE ( 'NONE', #2129, #3504, #3011, .T. ) ;
#2599 = ORIENTED_EDGE ( 'NONE', *, *, #1482, .F. ) ;
#2600 = CARTESIAN_POINT ( 'NONE',  ( 5.749999999997323030, 12.70467874844269751, 3.393181258116370724 ) ) ;
#2601 = CARTESIAN_POINT ( 'NONE',  ( 3.449999999999989964, 11.43500000000000227, 3.799999999999999378 ) ) ;
#2602 = VERTEX_POINT ( 'NONE', #3035 ) ;
#2603 = EDGE_CURVE ( 'NONE', #556, #2619, #1037, .T. ) ;
#2604 = ORIENTED_EDGE ( 'NONE', *, *, #2843, .T. ) ;
#2605 = DIRECTION ( 'NONE',  ( -3.402072636421455564E-15, -0.9805806756909203337, 0.1961161351381836837 ) ) ;
#2606 = FACE_OUTER_BOUND ( 'NONE', #308, .T. ) ;
#2607 = CARTESIAN_POINT ( 'NONE',  ( 4.950000000000678746, 12.72522597148189583, -3.421977066808653767 ) ) ;
#2608 = VERTEX_POINT ( 'NONE', #1717 ) ;
#2609 = CARTESIAN_POINT ( 'NONE',  ( 3.449999999999990408, 11.44273112629125144, 0.0000000000000000000 ) ) ;
#2610 = CARTESIAN_POINT ( 'NONE',  ( 5.750000000000000888, 12.17219196889117505, 1.770922332791127429 ) ) ;
#2611 = CARTESIAN_POINT ( 'NONE',  ( 4.126117195532686743, 12.64656426582840254, 6.609041406027930776 ) ) ;
#2612 = CARTESIAN_POINT ( 'NONE',  ( 5.349999999999980993, 11.93499999999403727, -5.080000000000000071 ) ) ;
#2613 = DATE_AND_TIME ( #1545, #1606 ) ;
#2614 = VERTEX_POINT ( 'NONE', #659 ) ;
#2615 = DIRECTION ( 'NONE',  ( 0.0000000000000000000, -0.0000000000000000000, -1.000000000000000000 ) ) ;
#2616 = LINE ( 'NONE', #1941, #2215 ) ;
#2617 = CARTESIAN_POINT ( 'NONE',  ( 5.749999999999869438, 12.73420261174141821, 6.705065273783199054 ) ) ;
#2618 = DIRECTION ( 'NONE',  ( 1.171453342316279939E-15, 1.000000000000000000, 0.0000000000000000000 ) ) ;
#2619 = VERTEX_POINT ( 'NONE', #1407 ) ;
#2620 = ORIENTED_EDGE ( 'NONE', *, *, #4025, .F. ) ;
#2621 = LINE ( 'NONE', #3985, #880 ) ;
#2622 = DIRECTION ( 'NONE',  ( -0.4999999999999999445, 0.0000000000000000000, -0.8660254037844387076 ) ) ;
#2623 = ADVANCED_FACE ( 'NONE', ( #4405 ), #2329, .F. ) ;
#2624 = CARTESIAN_POINT ( 'NONE',  ( 5.349999999999982769, 12.64656426582178206, -5.080000000000000071 ) ) ;
#2625 = ORIENTED_EDGE ( 'NONE', *, *, #14, .T. ) ;
#2626 = VERTEX_POINT ( 'NONE', #1009 ) ;
#2627 = ADVANCED_FACE ( 'NONE', ( #3715 ), #2987, .T. ) ;
#2628 = EDGE_CURVE ( 'NONE', #1632, #3713, #2417, .T. ) ;
#2629 = DIRECTION ( 'NONE',  ( -0.5000000000000001110, 0.0000000000000000000, 0.8660254037844385966 ) ) ;
#2630 = FACE_OUTER_BOUND ( 'NONE', #2368, .T. ) ;
#2631 = AXIS2_PLACEMENT_3D ( 'NONE', #3074, #33, #1359 ) ;
#2632 = VECTOR ( 'NONE', #3137, 1000.000000000000000 ) ;
#2633 = FACE_OUTER_BOUND ( 'NONE', #597, .T. ) ;
#2634 = EDGE_CURVE ( 'NONE', #2558, #2205, #3776, .T. ) ;
#2635 = DIRECTION ( 'NONE',  ( 0.2763074248798411681, 0.9610693039298835449, 0.0000000000000000000 ) ) ;
#2636 = CARTESIAN_POINT ( 'NONE',  ( 5.722352193219255589, 12.64656426582414994, -3.359536131036214179 ) ) ;
#2637 = VERTEX_POINT ( 'NONE', #2705 ) ;
#2638 = DIRECTION ( 'NONE',  ( -1.794541526872530066E-14, -1.794541526872519968E-14, 1.000000000000000000 ) ) ;
#2639 = VECTOR ( 'NONE', #999, 1000.000000000000000 ) ;
#2640 = CC_DESIGN_PERSON_AND_ORGANIZATION_ASSIGNMENT ( #1104, #3159, ( #1964 ) ) ;
#2641 = DIRECTION ( 'NONE',  ( 1.000000000000000000, 0.0000000000000000000, 0.0000000000000000000 ) ) ;
#2642 = LINE ( 'NONE', #953, #2716 ) ;
#2643 = CIRCLE ( 'NONE', #3856, 1.898658176328942071 ) ;
#2644 = DIRECTION ( 'NONE',  ( 0.0000000000000000000, 0.0000000000000000000, 1.000000000000000000 ) ) ;
#2645 = PERSON ( 'NAUO-PER3', 'UNSPECIFIED', 'UNSPECIFIED', ('UNSPECIFIED'), ('UNSPECIFIED'), ('UNSPECIFIED') ) ;
#2646 = ORIENTED_EDGE ( 'NONE', *, *, #1529, .T. ) ;
#2647 = FACE_OUTER_BOUND ( 'NONE', #2140, .T. ) ;
#2648 = DIRECTION ( 'NONE',  ( -1.000000000000000000, 1.171453342316279939E-15, 0.0000000000000000000 ) ) ;
#2649 = CARTESIAN_POINT ( 'NONE',  ( 5.749999999996039612, 12.65427415702093761, -6.793010294740997601 ) ) ;
#2650 = DIRECTION ( 'NONE',  ( -0.0000000000000000000, -1.000000000000000000, -0.0000000000000000000 ) ) ;
#2651 = ORIENTED_EDGE ( 'NONE', *, *, #1987, .T. ) ;
#2652 = ORIENTED_EDGE ( 'NONE', *, *, #1553, .F. ) ;
#2653 = EDGE_CURVE ( 'NONE', #1467, #2637, #3422, .T. ) ;
#2654 = AXIS2_PLACEMENT_3D ( 'NONE', #3149, #3477, #486 ) ;
#2655 = FACE_OUTER_BOUND ( 'NONE', #1425, .T. ) ;
#2656 = PLANE ( 'NONE',  #300 ) ;
#2657 = ORIENTED_EDGE ( 'NONE', *, *, #1731, .T. ) ;
#2658 = AXIS2_PLACEMENT_3D ( 'NONE', #1842, #825, #3206 ) ;
#2659 = ORIENTED_EDGE ( 'NONE', *, *, #3315, .T. ) ;
#2660 = EDGE_CURVE ( 'NONE', #3088, #2626, #1033, .T. ) ;
#2661 = DIRECTION ( 'NONE',  ( 0.0000000000000000000, -1.000000000000000000, 0.0000000000000000000 ) ) ;
#2662 = CARTESIAN_POINT ( 'NONE',  ( 3.595871267845516250, 12.69953703112280508, 5.079999996563527631 ) ) ;
#2663 = CARTESIAN_POINT ( 'NONE',  ( 3.375000000000000888, 13.99999999999999822, 2.418677428316022036E-16 ) ) ;
#2664 = EDGE_LOOP ( 'NONE', ( #55, #3970, #1566, #282 ) ) ;
#2665 = ADVANCED_FACE ( 'NONE', ( #9 ), #2395, .T. ) ;
#2666 = CC_DESIGN_APPROVAL ( #2560, ( #1270 ) ) ;
#2667 = LINE ( 'NONE', #2312, #2855 ) ;
#2668 = DIRECTION ( 'NONE',  ( 1.794541526872530066E-14, -0.0000000000000000000, -1.000000000000000000 ) ) ;
#2669 = APPROVAL_ROLE ( '' ) ;
#2670 = CIRCLE ( 'NONE', #4022, 0.1999999999999996503 ) ;
#2671 = ORIENTED_EDGE ( 'NONE', *, *, #1664, .F. ) ;
#2672 = PLANE ( 'NONE',  #4209 ) ;
#2673 = VECTOR ( 'NONE', #2249, 1000.000000000000227 ) ;
#2674 = LINE ( 'NONE', #2936, #1883 ) ;
#2675 = CARTESIAN_POINT ( 'NONE',  ( 5.299999999999999822, -5.750000000781589904, -5.579999999999979643 ) ) ;
#2676 = EDGE_LOOP ( 'NONE', ( #2001, #4381, #3524, #275 ) ) ;
#2677 = VERTEX_POINT ( 'NONE', #748 ) ;
#2678 = CARTESIAN_POINT ( 'NONE',  ( 3.635702499534282595, 12.73500000000000121, -4.243824450874756238 ) ) ;
#2679 = DIRECTION ( 'NONE',  ( -0.5000000000000022204, -0.0000000000000000000, 0.8660254037844373753 ) ) ;
#2680 = ORIENTED_EDGE ( 'NONE', *, *, #2153, .T. ) ;
#2681 = DIRECTION ( 'NONE',  ( 0.4472135954999588159, -0.0000000000000000000, 0.8944271909999155223 ) ) ;
#2682 = CARTESIAN_POINT ( 'NONE',  ( 4.950000000000072120, 12.72947253920386856, -6.727765679071868732 ) ) ;
#2683 = CARTESIAN_POINT ( 'NONE',  ( 3.649999999999990141, 11.43500000000000227, -5.080000000000000071 ) ) ;
#2684 = ADVANCED_FACE ( 'NONE', ( #684 ), #2026, .F. ) ;
#2685 = ORIENTED_EDGE ( 'NONE', *, *, #1129, .F. ) ;
#2686 = CARTESIAN_POINT ( 'NONE',  ( 10.25000000000000000, 6.200000000000002842, -1.800000000000000266 ) ) ;
#2687 = CARTESIAN_POINT ( 'NONE',  ( 3.449999999999990852, 11.44273112629124967, -4.653657836759942730E-16 ) ) ;
#2688 = FACE_OUTER_BOUND ( 'NONE', #1149, .T. ) ;
#2689 = CARTESIAN_POINT ( 'NONE',  ( 4.950000000004743050, 12.68578847567073531, 1.700703200956245054 ) ) ;
#2690 = ADVANCED_FACE ( 'NONE', ( #4020 ), #3077, .T. ) ;
#2691 = APPROVAL_STATUS ( 'not_yet_approved' ) ;
#2692 = ORIENTED_EDGE ( 'NONE', *, *, #4302, .F. ) ;
#2693 = CARTESIAN_POINT ( 'NONE',  ( 3.449999999999989964, 11.43500000000000227, 5.080000000000000071 ) ) ;
#2694 = DIRECTION ( 'NONE',  ( 1.171453342316279939E-15, 1.000000000000000000, -0.0000000000000000000 ) ) ;
#2695 = LINE ( 'NONE', #4303, #688 ) ;
#2696 = CARTESIAN_POINT ( 'NONE',  ( 7.249999999999991118, 11.43499999999999872, 2.326828918379971365E-16 ) ) ;
#2697 = ORIENTED_EDGE ( 'NONE', *, *, #4042, .F. ) ;
#2698 = ORIENTED_EDGE ( 'NONE', *, *, #3322, .T. ) ;
#2699 = CC_DESIGN_PERSON_AND_ORGANIZATION_ASSIGNMENT ( #1125, #3111, ( #2172 ) ) ;
#2700 = CARTESIAN_POINT ( 'NONE',  ( 5.299999999999990052, -2.700000000000009948, 5.580000000000069349 ) ) ;
#2701 = LINE ( 'NONE', #678, #4066 ) ;
#2702 = PERSON_AND_ORGANIZATION ( #3818, #4096 ) ;
#2703 = ORIENTED_EDGE ( 'NONE', *, *, #2898, .T. ) ;
#2704 = APPLICATION_CONTEXT ( 'configuration controlled 3d designs of mechanical parts and assemblies' ) ;
#2705 = CARTESIAN_POINT ( 'NONE',  ( 4.499999999999989342, -0.05000000078161515038, -4.579999999999913918 ) ) ;
#2706 = CARTESIAN_POINT ( 'NONE',  ( 4.965164424315887892, 12.69953703112280330, 6.791393931465736777 ) ) ;
#2707 = DIRECTION ( 'NONE',  ( 0.0000000000000000000, 0.0000000000000000000, 1.000000000000000000 ) ) ;
#2708 = ORIENTED_EDGE ( 'NONE', *, *, #1129, .T. ) ;
#2709 = EDGE_CURVE ( 'NONE', #3568, #1912, #2164, .T. ) ;
#2710 = DIRECTION ( 'NONE',  ( 1.171453342316279939E-15, 1.000000000000000000, 0.0000000000000000000 ) ) ;
#2711 = CYLINDRICAL_SURFACE ( 'NONE', #94, 0.2999999999999999334 ) ;
#2712 = DIRECTION ( 'NONE',  ( 1.000000000000000000, 0.0000000000000000000, 0.0000000000000000000 ) ) ;
#2713 = PERSON_AND_ORGANIZATION ( #4411, #194 ) ;
#2714 = AXIS2_PLACEMENT_3D ( 'NONE', #2999, #1634, #4056 ) ;
#2715 = ORIENTED_EDGE ( 'NONE', *, *, #2122, .T. ) ;
#2716 = VECTOR ( 'NONE', #2595, 1000.000000000000000 ) ;
#2717 = PLANE ( 'NONE',  #3154 ) ;
#2718 = CARTESIAN_POINT ( 'NONE',  ( 4.949999999999999289, 11.93499999999671601, 3.280788672664244565 ) ) ;
#2719 = AXIS2_PLACEMENT_3D ( 'NONE', #2029, #2775, #2092 ) ;
#2720 = VERTEX_POINT ( 'NONE', #2754 ) ;
#2721 = ORIENTED_EDGE ( 'NONE', *, *, #215, .F. ) ;
#2722 = ADVANCED_FACE ( 'NONE', ( #4118 ), #3223, .T. ) ;
#2723 = VECTOR ( 'NONE', #3179, 1000.000000000000000 ) ;
#2724 = CARTESIAN_POINT ( 'NONE',  ( 4.499999999999992006, -3.700000000000016609, 5.379999999999999005 ) ) ;
#2725 =( BOUNDED_CURVE ( )  B_SPLINE_CURVE ( 3, ( #3207, #3537, #3251, #3560 ),
 .UNSPECIFIED., .F., .T. ) 
 B_SPLINE_CURVE_WITH_KNOTS ( ( 4, 4 ),
 ( 0.0000000000000000000, 1.000000000000000000 ),
 .UNSPECIFIED. ) 
 CURVE ( )  GEOMETRIC_REPRESENTATION_ITEM ( )  RATIONAL_B_SPLINE_CURVE ( ( 1.000000000000000000, 0.3333333333333333703, 0.3333333333333333703, 1.000000000000000000 ) ) 
 REPRESENTATION_ITEM ( '' )  );
#2726 = ORIENTED_EDGE ( 'NONE', *, *, #3406, .T. ) ;
#2727 = AXIS2_PLACEMENT_3D ( 'NONE', #1783, #2248, #1830 ) ;
#2728 = DIRECTION ( 'NONE',  ( 1.000000000000000000, 0.0000000000000000000, 0.0000000000000000000 ) ) ;
#2729 = DIRECTION ( 'NONE',  ( 1.000000000000000000, 0.0000000000000000000, 0.0000000000000000000 ) ) ;
#2730 = CARTESIAN_POINT ( 'NONE',  ( 5.499999999999589662, -0.05000000078158019917, 4.279999999999960281 ) ) ;
#2731 = AXIS2_PLACEMENT_3D ( 'NONE', #3103, #1784, #80 ) ;
#2732 = ORIENTED_EDGE ( 'NONE', *, *, #2709, .F. ) ;
#2733 = DESIGN_CONTEXT ( 'detailed design', #823, 'design' ) ;
#2734 = FACE_OUTER_BOUND ( 'NONE', #3770, .T. ) ;
#2735 = CARTESIAN_POINT ( 'NONE',  ( 7.249999999999991118, 11.43499999999999872, -5.080000000000000959 ) ) ;
#2736 = CARTESIAN_POINT ( 'NONE',  ( 4.950000000002678924, 12.70467874844269929, 1.686818741883630901 ) ) ;
#2737 = LINE ( 'NONE', #2356, #3640 ) ;
#2738 = CALENDAR_DATE ( 2019, 21, 10 ) ;
#2739 = CARTESIAN_POINT ( 'NONE',  ( 3.451341823670963649, 11.45812853167897671, 8.877316352658057852 ) ) ;
#2740 = CARTESIAN_POINT ( 'NONE',  ( 5.349999999999999645, 11.23499999999999943, 5.080000000000000071 ) ) ;
#2741 = EDGE_CURVE ( 'NONE', #771, #563, #2909, .T. ) ;
#2742 = ORIENTED_EDGE ( 'NONE', *, *, #2416, .T. ) ;
#2743 = APPROVAL_PERSON_ORGANIZATION ( #3135, #2187, #2472 ) ;
#2744 = CARTESIAN_POINT ( 'NONE',  ( 7.010966932452110889, 12.73499999999999766, 1.017048918658543783E-16 ) ) ;
#2745 = FACE_OUTER_BOUND ( 'NONE', #4073, .T. ) ;
#2746 = VECTOR ( 'NONE', #1213, 1000.000000000000000 ) ;
#2747 = EDGE_CURVE ( 'NONE', #817, #1981, #1095, .T. ) ;
#2748 = VERTEX_POINT ( 'NONE', #2133 ) ;
#2749 = ORIENTED_EDGE ( 'NONE', *, *, #4319, .F. ) ;
#2750 = CC_DESIGN_SECURITY_CLASSIFICATION ( #2597, ( #557 ) ) ;
#2751 = LINE ( 'NONE', #2700, #2110 ) ;
#2752 = EDGE_CURVE ( 'NONE', #979, #3270, #1762, .T. ) ;
#2753 =( BOUNDED_SURFACE ( )  B_SPLINE_SURFACE ( 3, 3, ( 
 ( #128, #4197, #1150, #4242 ),
 ( #3543, #539, #2494, #2813 ),
 ( #3915, #507, #168, #3170 ),
 ( #1847, #3190, #481, #1494 ) ),
 .UNSPECIFIED., .F., .F., .F. ) 
 B_SPLINE_SURFACE_WITH_KNOTS ( ( 4, 4 ),
 ( 4, 4 ),
 ( 0.0000000000000000000, 1.000000000000000000 ),
 ( 0.0000000000000000000, 1.000000000000000000 ),
 .UNSPECIFIED. ) 
 GEOMETRIC_REPRESENTATION_ITEM ( )  RATIONAL_B_SPLINE_SURFACE ( (
 ( 1.000000000000000000, 0.3333333333333334259, 0.3333333333333334259, 1.000000000000000000),
 ( 0.8047378541240022276, 0.2682459513746675017, 0.2682459513746675017, 0.8047378541240022276),
 ( 0.8047378541240022276, 0.2682459513746675017, 0.2682459513746675017, 0.8047378541240022276),
 ( 1.000000000000000000, 0.3333333333333334259, 0.3333333333333334259, 1.000000000000000000) ) ) 
 REPRESENTATION_ITEM ( '' )  SURFACE ( )  );
#2754 = CARTESIAN_POINT ( 'NONE',  ( 4.949999999999999289, 11.93499999999671601, -1.799211327335755950 ) ) ;
#2755 = CARTESIAN_POINT ( 'NONE',  ( 4.949999999999991296, 12.73499999999999943, -6.692082860990527848 ) ) ;
#2756 = CARTESIAN_POINT ( 'NONE',  ( 5.749999999999992895, 12.73499999999999943, -3.467917139009472294 ) ) ;
#2757 = VERTEX_POINT ( 'NONE', #3939 ) ;
#2758 = CARTESIAN_POINT ( 'NONE',  ( 3.451341823670963649, 11.45812853167897316, -3.797316352658053340 ) ) ;
#2759 = LINE ( 'NONE', #4125, #13 ) ;
#2760 = LINE ( 'NONE', #1434, #2362 ) ;
#2761 = APPROVAL_ROLE ( '' ) ;
#2762 = LINE ( 'NONE', #1727, #3643 ) ;
#2763 = ORIENTED_EDGE ( 'NONE', *, *, #1615, .T. ) ;
#2764 = EDGE_LOOP ( 'NONE', ( #27, #1687, #2458, #276 ) ) ;
#2765 = LINE ( 'NONE', #4130, #1957 ) ;
#2766 = LINE ( 'NONE', #2428, #635 ) ;
#2767 = ORIENTED_EDGE ( 'NONE', *, *, #945, .T. ) ;
#2768 = EDGE_CURVE ( 'NONE', #1632, #3389, #1450, .T. ) ;
#2769 = DIRECTION ( 'NONE',  ( 1.000000000000000000, -3.338853781347929776E-28, 1.794541526872530066E-14 ) ) ;
#2770 = EDGE_LOOP ( 'NONE', ( #1945, #1205, #4270, #109 ) ) ;
#2771 = EDGE_CURVE ( 'NONE', #1898, #1969, #3526, .T. ) ;
#2772 = LINE ( 'NONE', #836, #2300 ) ;
#2773 = LINE ( 'NONE', #2464, #3374 ) ;
#2774 = DIRECTION ( 'NONE',  ( 1.332267629550187849E-15, 1.000000000000000000, -1.209806994167949925E-15 ) ) ;
#2775 = DIRECTION ( 'NONE',  ( 0.4472135954999588159, 0.8944271909999155223, -0.0000000000000000000 ) ) ;
#2776 = EDGE_CURVE ( 'NONE', #3513, #3928, #4182, .T. ) ;
#2777 = CARTESIAN_POINT ( 'NONE',  ( 0.8535898384862232735, 6.599999999999999645, -8.220000000000000639 ) ) ;
#2778 = DIRECTION ( 'NONE',  ( 1.000000000000000000, -0.0000000000000000000, 0.0000000000000000000 ) ) ;
#2779 = COORDINATED_UNIVERSAL_TIME_OFFSET ( 0, 0, .AHEAD. ) ;
#2780 = CARTESIAN_POINT ( 'NONE',  ( 7.249999999999991118, 11.44273112629124611, 5.080000000000000959 ) ) ;
#2781 = CARTESIAN_POINT ( 'NONE',  ( 3.449999999999989964, 11.43500000000000227, 0.0000000000000000000 ) ) ;
#2782 = AXIS2_PLACEMENT_3D ( 'NONE', #3862, #857, #462 ) ;
#2783 = EDGE_LOOP ( 'NONE', ( #804, #2394, #1077, #3319 ) ) ;
#2784 = CC_DESIGN_PERSON_AND_ORGANIZATION_ASSIGNMENT ( #2076, #4127, ( #2454 ) ) ;
#2785 = FACE_OUTER_BOUND ( 'NONE', #1904, .T. ) ;
#2786 = AXIS2_PLACEMENT_3D ( 'NONE', #3977, #687, #950 ) ;
#2787 = CARTESIAN_POINT ( 'NONE',  ( 3.449999999999989075, 11.31784271247447826, 0.0000000000000000000 ) ) ;
#2788 = ORIENTED_EDGE ( 'NONE', *, *, #2903, .F. ) ;
#2789 = VERTEX_POINT ( 'NONE', #3839 ) ;
#2790 = CIRCLE ( 'NONE', #3720, 0.1999999999999996503 ) ;
#2791 = CARTESIAN_POINT ( 'NONE',  ( 8.289638583737175992, 13.74631306408207365, -7.620000000000000107 ) ) ;
#2792 = ORIENTED_EDGE ( 'NONE', *, *, #4388, .F. ) ;
#2793 = CIRCLE ( 'NONE', #1812, 1.843139007349806180 ) ;
#2794 = EDGE_CURVE ( 'NONE', #1588, #2000, #1134, .T. ) ;
#2795 = ORIENTED_EDGE ( 'NONE', *, *, #1318, .T. ) ;
#2796 = AXIS2_PLACEMENT_3D ( 'NONE', #528, #2446, #3199 ) ;
#2797 = DIRECTION ( 'NONE',  ( 0.0000000000000000000, 1.000000000000000000, 0.0000000000000000000 ) ) ;
#2798 = CARTESIAN_POINT ( 'NONE',  ( 3.689033065960700242, 12.73500000000000298, 0.8101627271648457196 ) ) ;
#2799 = DIRECTION ( 'NONE',  ( -1.000000000000000000, 1.332267629550187849E-15, 0.0000000000000000000 ) ) ;
#2800 = DIRECTION ( 'NONE',  ( 0.7071067811865470176, 0.7071067811865480168, 0.0000000000000000000 ) ) ;
#2801 = VECTOR ( 'NONE', #1330, 1000.000000000000000 ) ;
#2802 = AXIS2_PLACEMENT_3D ( 'NONE', #3600, #559, #510 ) ;
#2803 = CARTESIAN_POINT ( 'NONE',  ( 9.250000000000000000, 6.799999999999999822, 1.299999999999999378 ) ) ;
#2804 = DIRECTION ( 'NONE',  ( 0.0000000000000000000, 0.0000000000000000000, 1.000000000000000000 ) ) ;
#2805 = DIRECTION ( 'NONE',  ( 0.5000000000000001110, -0.0000000000000000000, -0.8660254037844385966 ) ) ;
#2806 = COORDINATED_UNIVERSAL_TIME_OFFSET ( 0, 0, .AHEAD. ) ;
#2807 = DIRECTION ( 'NONE',  ( 1.000000000000000000, -0.0000000000000000000, 0.0000000000000000000 ) ) ;
#2808 = ADVANCED_FACE ( 'NONE', ( #812 ), #2111, .F. ) ;
#2809 = ORIENTED_EDGE ( 'NONE', *, *, #1725, .T. ) ;
#2810 = CARTESIAN_POINT ( 'NONE',  ( 3.450447775674257755, 11.45044927442903138, 5.080000000000001847 ) ) ;
#2811 = CARTESIAN_POINT ( 'NONE',  ( 5.349999999999980993, 11.93499999999403727, 5.080000000000000071 ) ) ;
#2812 = ORIENTED_EDGE ( 'NONE', *, *, #2958, .T. ) ;
#2813 = CARTESIAN_POINT ( 'NONE',  ( 3.449999999999989519, 11.31784271247447649, -4.653657836759947660E-16 ) ) ;
#2814 = AXIS2_PLACEMENT_3D ( 'NONE', #3398, #1780, #3817 ) ;
#2815 = CARTESIAN_POINT ( 'NONE',  ( 5.299999999999990052, 4.784159143999949571, 1.000000000000210054 ) ) ;
#2816 = FACE_OUTER_BOUND ( 'NONE', #2897, .T. ) ;
#2817 = CARTESIAN_POINT ( 'NONE',  ( 5.749999999999869438, 12.73420261174141821, 1.625065273783197872 ) ) ;
#2818 = AXIS2_PLACEMENT_3D ( 'NONE', #2105, #1398, #1686 ) ;
#2819 = LINE ( 'NONE', #3842, #537 ) ;
#2820 = DIRECTION ( 'NONE',  ( 1.000000000000000000, -3.338853781347929776E-28, 1.794541526872530066E-14 ) ) ;
#2821 = EDGE_CURVE ( 'NONE', #2214, #1057, #130, .T. ) ;
#2822 = CARTESIAN_POINT ( 'NONE',  ( 5.299999999999999822, -2.700000000000009948, -0.4999999999999770184 ) ) ;
#2823 = DIRECTION ( 'NONE',  ( -0.0000000000000000000, -0.0000000000000000000, -1.000000000000000000 ) ) ;
#2824 = COORDINATED_UNIVERSAL_TIME_OFFSET ( 0, 0, .AHEAD. ) ;
#2825 = DIRECTION ( 'NONE',  ( 0.8944271909999158554, 0.0000000000000000000, 0.4472135954999579277 ) ) ;
#2826 = VERTEX_POINT ( 'NONE', #4136 ) ;
#2827 = EDGE_CURVE ( 'NONE', #3045, #3718, #4200, .T. ) ;
#2828 = CARTESIAN_POINT ( 'NONE',  ( 3.689033069104791895, 12.73500000000000298, 4.285277720949632219 ) ) ;
#2829 = CARTESIAN_POINT ( 'NONE',  ( 5.350000000000000533, 13.99999999999999822, 5.080000000000000071 ) ) ;
#2830 = EDGE_LOOP ( 'NONE', ( #3475, #3236, #2315, #4060 ) ) ;
#2831 = LINE ( 'NONE', #1193, #709 ) ;
#2832 = VERTEX_POINT ( 'NONE', #2152 ) ;
#2833 = VERTEX_POINT ( 'NONE', #206 ) ;
#2834 = DIRECTION ( 'NONE',  ( -1.000000000000000000, -0.0000000000000000000, 0.0000000000000000000 ) ) ;
#2835 = CARTESIAN_POINT ( 'NONE',  ( 0.0000000000000000000, 0.0000000000000000000, -7.620000000000000107 ) ) ;
#2836 = LINE ( 'NONE', #4202, #83 ) ;
#2837 = CARTESIAN_POINT ( 'NONE',  ( 8.076037614647821883, 12.69953703112068588, 3.875243666752033356 ) ) ;
#2838 = B_SPLINE_CURVE_WITH_KNOTS ( 'NONE', 3,
 ( #122, #500, #1843, #3186, #143, #2845, #4210, #2201, #1881, #3227, #321, #1680, #2617, #3657, #445, #1392 ),
 .UNSPECIFIED., .F., .F.,
 ( 4, 3, 3, 3, 3, 4 ),
 ( 8.348222229663367995E-15, 3.308388942448985684E-05, 6.613717211494208399E-05, 9.966070390112543448E-05, 0.0001340858777773921550, 0.0001469394654597983192 ),
 .UNSPECIFIED. ) ;
#2839 = CARTESIAN_POINT ( 'NONE',  ( 9.449999999999999289, 7.600000000000000533, 7.620000000000000107 ) ) ;
#2840 = CARTESIAN_POINT ( 'NONE',  ( 7.325000000000000178, 10.44999999999999929, 0.0000000000000000000 ) ) ;
#2841 = COORDINATED_UNIVERSAL_TIME_OFFSET ( 0, 0, .AHEAD. ) ;
#2842 = DIRECTION ( 'NONE',  ( 0.0000000000000000000, -0.9805806756909201116, -0.1961161351381840168 ) ) ;
#2843 = EDGE_CURVE ( 'NONE', #1885, #2585, #1388, .T. ) ;
#2844 = LINE ( 'NONE', #2867, #768 ) ;
#2845 = CARTESIAN_POINT ( 'NONE',  ( 5.749999999999845457, 12.69733902327550190, 6.773307792453213239 ) ) ;
#2846 = CARTESIAN_POINT ( 'NONE',  ( 7.249999999999993783, 11.31784271247447471, 8.880000000000004334 ) ) ;
#2847 = VECTOR ( 'NONE', #2544, 1000.000000000000114 ) ;
#2848 = ORIENTED_EDGE ( 'NONE', *, *, #2078, .F. ) ;
#2849 = CARTESIAN_POINT ( 'NONE',  ( 4.950000000000155609, 12.69733902327529229, 3.386692207546611044 ) ) ;
#2850 = VECTOR ( 'NONE', #1954, 1000.000000000000000 ) ;
#2851 = CARTESIAN_POINT ( 'NONE',  ( 5.299999999999990052, 4.784159143999949571, 6.080000000000209681 ) ) ;
#2852 = VECTOR ( 'NONE', #4371, 1000.000000000000000 ) ;
#2853 = ORIENTED_EDGE ( 'NONE', *, *, #2518, .T. ) ;
#2854 = EDGE_CURVE ( 'NONE', #2826, #682, #106, .T. ) ;
#2855 = VECTOR ( 'NONE', #1940, 1000.000000000000000 ) ;
#2856 = DIRECTION ( 'NONE',  ( 0.0000000000000000000, -0.9805806756909201116, -0.1961161351381840168 ) ) ;
#2857 = DIRECTION ( 'NONE',  ( 1.000000000000000000, 0.0000000000000000000, 0.0000000000000000000 ) ) ;
#2858 = LINE ( 'NONE', #154, #1876 ) ;
#2859 = AXIS2_PLACEMENT_3D ( 'NONE', #2331, #242, #1246 ) ;
#2860 = DIRECTION ( 'NONE',  ( -1.794541526872530066E-14, 0.0000000000000000000, 1.000000000000000000 ) ) ;
#2861 = DIRECTION ( 'NONE',  ( -0.0000000000000000000, 0.0000000000000000000, -1.000000000000000000 ) ) ;
#2862 = CALENDAR_DATE ( 2019, 21, 10 ) ;
#2863 = DIRECTION ( 'NONE',  ( 0.0000000000000000000, 1.000000000000000000, 0.0000000000000000000 ) ) ;
#2864 = CARTESIAN_POINT ( 'NONE',  ( 10.25000000000000000, 0.0000000000000000000, 5.584196010977269253 ) ) ;
#2865 =( BOUNDED_CURVE ( )  B_SPLINE_CURVE ( 3, ( #4150, #1772, #370, #3086 ),
 .UNSPECIFIED., .F., .T. ) 
 B_SPLINE_CURVE_WITH_KNOTS ( ( 4, 4 ),
 ( 0.0000000000000000000, 1.000000000000000000 ),
 .UNSPECIFIED. ) 
 CURVE ( )  GEOMETRIC_REPRESENTATION_ITEM ( )  RATIONAL_B_SPLINE_CURVE ( ( 1.000000000000000000, 0.8584414868985700275, 0.8584414868985700275, 1.000000000000000000 ) ) 
 REPRESENTATION_ITEM ( '' )  );
#2866 = AXIS2_PLACEMENT_3D ( 'NONE', #2815, #1808, #3173 ) ;
#2867 = CARTESIAN_POINT ( 'NONE',  ( 8.353589838486222163, 6.599999999999999645, -8.220000000000002416 ) ) ;
#2868 = CARTESIAN_POINT ( 'NONE',  ( 3.449999999999988631, 11.31784271247448004, 8.880000000000004334 ) ) ;
#2869 = CIRCLE ( 'NONE', #3930, 0.2999999999999999334 ) ;
#2870 = VERTEX_POINT ( 'NONE', #4161 ) ;
#2871 = ADVANCED_FACE ( 'NONE', ( #1116 ), #2463, .T. ) ;
#2872 = CARTESIAN_POINT ( 'NONE',  ( 7.049999999999685407, 11.23499999999999588, 5.079999999999999183 ) ) ;
#2873 = ORIENTED_EDGE ( 'NONE', *, *, #3006, .F. ) ;
#2874 = MANIFOLD_SOLID_BREP ( 'Imported1', #951 ) ;
#2875 = LOCAL_TIME ( 21, 35, 26.00000000000000000, #4269 ) ;
#2876 = EDGE_CURVE ( 'NONE', #332, #562, #4279, .T. ) ;
#2877 = LINE ( 'NONE', #3840, #1690 ) ;
#2878 = CARTESIAN_POINT ( 'NONE',  ( 5.349999999999982769, 12.64656426582178206, -5.080000000000000071 ) ) ;
#2879 = FACE_OUTER_BOUND ( 'NONE', #4014, .T. ) ;
#2880 = ORIENTED_EDGE ( 'NONE', *, *, #1553, .T. ) ;
#2881 = CIRCLE ( 'NONE', #985, 1.898658176328942071 ) ;
#2882 =( GEOMETRIC_REPRESENTATION_CONTEXT ( 3 ) GLOBAL_UNCERTAINTY_ASSIGNED_CONTEXT ( ( #62 ) ) GLOBAL_UNIT_ASSIGNED_CONTEXT ( ( #4257, #4054, #3461 ) ) REPRESENTATION_CONTEXT ( 'NONE', 'WORKASPACE' ) );
#2883 = LINE ( 'NONE', #2803, #1170 ) ;
#2884 = DIRECTION ( 'NONE',  ( -0.0000000000000000000, -0.9805806756909204447, 0.1961161351381830731 ) ) ;
#2885 = PERSON_AND_ORGANIZATION ( #2645, #187 ) ;
#2886 = ORIENTED_EDGE ( 'NONE', *, *, #1229, .F. ) ;
#2887 = LINE ( 'NONE', #879, #465 ) ;
#2888 = CARTESIAN_POINT ( 'NONE',  ( 4.949999999999999289, 12.65751425528028840, -6.792937712264779826 ) ) ;
#2889 = ORIENTED_EDGE ( 'NONE', *, *, #3709, .T. ) ;
#2890 = LINE ( 'NONE', #1567, #603 ) ;
#2891 = CARTESIAN_POINT ( 'NONE',  ( 7.249999999999990230, 11.43499999999999872, 1.280000000000000693 ) ) ;
#2892 = ORIENTED_EDGE ( 'NONE', *, *, #2628, .F. ) ;
#2893 = ADVANCED_FACE ( 'NONE', ( #1472 ), #1154, .F. ) ;
#2894 = LINE ( 'NONE', #3881, #1120 ) ;
#2895 = FACE_OUTER_BOUND ( 'NONE', #3335, .T. ) ;
#2896 = CARTESIAN_POINT ( 'NONE',  ( 4.963811392465976802, 12.64656426582076598, -1.717410969924603847 ) ) ;
#2897 = EDGE_LOOP ( 'NONE', ( #4403, #2361, #3645, #2070 ) ) ;
#2898 = EDGE_CURVE ( 'NONE', #974, #4261, #2772, .T. ) ;
#2899 = CARTESIAN_POINT ( 'NONE',  ( 7.248658176329016101, 11.45812853167897138, -8.877316352658056076 ) ) ;
#2900 = DIRECTION ( 'NONE',  ( 1.000000000000000000, -9.411788633734757522E-16, 0.0000000000000000000 ) ) ;
#2901 = SECURITY_CLASSIFICATION_LEVEL ( 'unclassified' ) ;
#2902 = DIRECTION ( 'NONE',  ( 1.000000000000000000, 0.0000000000000000000, 0.0000000000000000000 ) ) ;
#2903 = EDGE_CURVE ( 'NONE', #120, #2227, #56, .T. ) ;
#2904 = DIRECTION ( 'NONE',  ( 0.0000000000000000000, 0.9805806756909204447, -0.1961161351381830731 ) ) ;
#2905 = DIRECTION ( 'NONE',  ( 0.0000000000000000000, 0.0000000000000000000, 1.000000000000000000 ) ) ;
#2906 = DIRECTION ( 'NONE',  ( -1.000000000000000000, 9.130123557772668088E-16, 0.0000000000000000000 ) ) ;
#2907 = DIRECTION ( 'NONE',  ( 0.0000000000000000000, 0.0000000000000000000, 1.000000000000000000 ) ) ;
#2908 = ORIENTED_EDGE ( 'NONE', *, *, #3314, .T. ) ;
#2909 = LINE ( 'NONE', #3611, #243 ) ;
#2910 = DIRECTION ( 'NONE',  ( 0.0000000000000000000, -1.000000000000000000, 0.0000000000000000000 ) ) ;
#2911 = ORIENTED_EDGE ( 'NONE', *, *, #2386, .F. ) ;
#2912 = ORIENTED_EDGE ( 'NONE', *, *, #834, .F. ) ;
#2913 = CARTESIAN_POINT ( 'NONE',  ( 3.595871266169321512, 12.69953703112280508, -4.224396140781418119 ) ) ;
#2914 = CARTESIAN_POINT ( 'NONE',  ( 4.195177833015007351, 12.73500000000000298, 3.637238564124031903 ) ) ;
#2915 = ADVANCED_FACE ( 'NONE', ( #1635 ), #1659, .T. ) ;
#2916 = CIRCLE ( 'NONE', #2565, 0.09999999999999982514 ) ;
#2917 = ORIENTED_EDGE ( 'NONE', *, *, #1529, .F. ) ;
#2918 = VERTEX_POINT ( 'NONE', #3662 ) ;
#2919 = VECTOR ( 'NONE', #2804, 1000.000000000000000 ) ;
#2920 = DIRECTION ( 'NONE',  ( 1.000000000000000000, -9.854725885015578669E-16, 0.0000000000000000000 ) ) ;
#2921 = APPLICATION_CONTEXT ( 'configuration controlled 3d designs of mechanical parts and assemblies' ) ;
#2922 = CARTESIAN_POINT ( 'NONE',  ( 8.076037614647820106, 12.69953703112068411, -6.284756333247967675 ) ) ;
#2923 = EDGE_CURVE ( 'NONE', #3731, #1267, #3794, .T. ) ;
#2924 = SECURITY_CLASSIFICATION_LEVEL ( 'unclassified' ) ;
#2925 = PLANE ( 'NONE',  #225 ) ;
#2926 = AXIS2_PLACEMENT_3D ( 'NONE', #2180, #1203, #181 ) ;
#2927 = ORIENTED_EDGE ( 'NONE', *, *, #969, .T. ) ;
#2928 = LINE ( 'NONE', #1608, #1304 ) ;
#2929 = EDGE_CURVE ( 'NONE', #4141, #1377, #1183, .T. ) ;
#2930 =( NAMED_UNIT ( * ) PLANE_ANGLE_UNIT ( ) SI_UNIT ( $, .RADIAN. ) );
#2931 = AXIS2_PLACEMENT_3D ( 'NONE', #2947, #3264, #1644 ) ;
#2932 = ORIENTED_EDGE ( 'NONE', *, *, #4360, .T. ) ;
#2933 = ORIENTED_EDGE ( 'NONE', *, *, #4352, .T. ) ;
#2934 = CARTESIAN_POINT ( 'NONE',  ( 7.325000000000000178, 10.44999999999999929, 5.080000000000000071 ) ) ;
#2935 = DIRECTION ( 'NONE',  ( 0.9880120337511015816, 0.1543768802736090739, -0.0000000000000000000 ) ) ;
#2936 = CARTESIAN_POINT ( 'NONE',  ( 4.949999999999999289, 11.93500000000000050, 7.040000000000000036 ) ) ;
#2937 = AXIS2_PLACEMENT_3D ( 'NONE', #3163, #3514, #1488 ) ;
#2938 = CARTESIAN_POINT ( 'NONE',  ( 3.449999999999989964, 11.43500000000000405, 0.0000000000000000000 ) ) ;
#2939 = ORIENTED_EDGE ( 'NONE', *, *, #3235, .T. ) ;
#2940 = ORIENTED_EDGE ( 'NONE', *, *, #2876, .T. ) ;
#2941 = CARTESIAN_POINT ( 'NONE',  ( 8.689999999999999503, 6.799999999999999822, 7.620000000000000107 ) ) ;
#2942 = LINE ( 'NONE', #1641, #124 ) ;
#2943 = CARTESIAN_POINT ( 'NONE',  ( 4.950000000003960565, 12.66532890578434589, -3.369219543454167187 ) ) ;
#2944 = ORIENTED_EDGE ( 'NONE', *, *, #3155, .T. ) ;
#2945 = ORIENTED_EDGE ( 'NONE', *, *, #2953, .F. ) ;
#2946 = ORIENTED_EDGE ( 'NONE', *, *, #2985, .F. ) ;
#2947 = CARTESIAN_POINT ( 'NONE',  ( 4.500000000000000000, -3.700000000000009948, -10.08000000000000007 ) ) ;
#2948 = CARTESIAN_POINT ( 'NONE',  ( 4.973902936676230624, 12.73499999999999943, 6.752533082915171292 ) ) ;
#2949 = VECTOR ( 'NONE', #792, 1000.000000000000000 ) ;
#2950 = CARTESIAN_POINT ( 'NONE',  ( 4.500000000000000888, 0.0000000000000000000, 7.620000000000000107 ) ) ;
#2951 = LINE ( 'NONE', #3719, #3430 ) ;
#2952 = LOCAL_TIME ( 21, 35, 26.00000000000000000, #3061 ) ;
#2953 = EDGE_CURVE ( 'NONE', #2614, #1192, #4205, .T. ) ;
#2954 = DIRECTION ( 'NONE',  ( -1.794541526872530066E-14, 0.0000000000000000000, 1.000000000000000000 ) ) ;
#2955 = CARTESIAN_POINT ( 'NONE',  ( 5.349999999999989875, 11.43500000000000050, -5.080000000000000071 ) ) ;
#2956 = ORIENTED_EDGE ( 'NONE', *, *, #810, .F. ) ;
#2957 = ORIENTED_EDGE ( 'NONE', *, *, #3837, .F. ) ;
#2958 = EDGE_CURVE ( 'NONE', #1174, #3373, #1924, .T. ) ;
#2959 = DIRECTION ( 'NONE',  ( 0.7071067811865470176, 0.7071067811865480168, 0.0000000000000000000 ) ) ;
#2960 = CARTESIAN_POINT ( 'NONE',  ( 5.749999999995260680, 12.68578847567073176, 3.379296799043757904 ) ) ;
#2961 = LINE ( 'NONE', #2981, #39 ) ;
#2962 = ORIENTED_EDGE ( 'NONE', *, *, #2280, .T. ) ;
#2963 = DIRECTION ( 'NONE',  ( -1.734723475976807410E-14, 0.0000000000000000000, 1.000000000000000000 ) ) ;
#2964 = CARTESIAN_POINT ( 'NONE',  ( 10.25000000000000000, 6.799999999999999822, -3.279999999999999805 ) ) ;
#2965 = EDGE_LOOP ( 'NONE', ( #2792, #1968, #2088, #2084 ) ) ;
#2966 = EDGE_LOOP ( 'NONE', ( #304, #2116, #2127, #716 ) ) ;
#2967 = ORIENTED_EDGE ( 'NONE', *, *, #519, .T. ) ;
#2968 = CYLINDRICAL_SURFACE ( 'NONE', #1669, 1.975000000000000089 ) ;
#2969 = CARTESIAN_POINT ( 'NONE',  ( 4.195177831678916114, 12.73500000000000121, 6.522761435585685774 ) ) ;
#2970 = CARTESIAN_POINT ( 'NONE',  ( 8.085622008323790411, 12.64656426582414817, -3.871007900189411544 ) ) ;
#2971 = VERTEX_POINT ( 'NONE', #2321 ) ;
#2972 = CARTESIAN_POINT ( 'NONE',  ( 5.349999999999989875, 12.73499999999999943, -5.080000000000000071 ) ) ;
#2973 = CARTESIAN_POINT ( 'NONE',  ( 7.167157287525207643, 11.23499999999981291, -5.080000000000001847 ) ) ;
#2974 = CARTESIAN_POINT ( 'NONE',  ( 0.0000000000000000000, 0.0000000000000000000, -25.40000000000000213 ) ) ;
#2975 = EDGE_CURVE ( 'NONE', #1192, #2040, #2674, .T. ) ;
#2976 = ORIENTED_EDGE ( 'NONE', *, *, #4290, .T. ) ;
#2977 = ORIENTED_EDGE ( 'NONE', *, *, #3890, .F. ) ;
#2978 = VERTEX_POINT ( 'NONE', #1992 ) ;
#2979 = CARTESIAN_POINT ( 'NONE',  ( 10.25000000000000000, 6.200000000000009948, 7.620000000000000107 ) ) ;
#2980 = CARTESIAN_POINT ( 'NONE',  ( 5.749999999995260680, 12.69570467254461832, -6.774697213584749633 ) ) ;
#2981 = CARTESIAN_POINT ( 'NONE',  ( 3.451341823677039677, 11.45812853178540891, 5.080000000000000071 ) ) ;
#2982 = ORIENTED_EDGE ( 'NONE', *, *, #3774, .F. ) ;
#2983 = DIRECTION ( 'NONE',  ( -1.000000000000000000, 9.136576017758483468E-16, 0.0000000000000000000 ) ) ;
#2984 = ORIENTED_EDGE ( 'NONE', *, *, #456, .T. ) ;
#2985 = EDGE_CURVE ( 'NONE', #410, #2558, #3343, .T. ) ;
#2986 = AXIS2_PLACEMENT_3D ( 'NONE', #2007, #2287, #618 ) ;
#2987 = CYLINDRICAL_SURFACE ( 'NONE', #3372, 0.2999999999999999334 ) ;
#2988 = CARTESIAN_POINT ( 'NONE',  ( 1.249999999999999334, 10.00000000000000000, -7.620000000000000107 ) ) ;
#2989 = CARTESIAN_POINT ( 'NONE',  ( 9.299999999999998934, -5.204170427930421283E-15, -7.620000000000000107 ) ) ;
#2990 = CC_DESIGN_DATE_AND_TIME_ASSIGNMENT ( #2613, #3248, ( #1402 ) ) ;
#2991 = EDGE_LOOP ( 'NONE', ( #2266, #1475, #3470, #1923, #3266, #1907 ) ) ;
#2992 = AXIS2_PLACEMENT_3D ( 'NONE', #3338, #3979, #2336 ) ;
#2993 = DIRECTION ( 'NONE',  ( -1.000000000000000000, 9.136576017758483468E-16, 0.0000000000000000000 ) ) ;
#2994 = CARTESIAN_POINT ( 'NONE',  ( 7.010966932452109113, 12.73499999999999943, -5.874722277164099893 ) ) ;
#2995 = VECTOR ( 'NONE', #3040, 1000.000000000000000 ) ;
#2996 = APPROVAL_DATE_TIME ( #735, #1919 ) ;
#2997 = DIRECTION ( 'NONE',  ( 1.000000000000000000, 0.0000000000000000000, 0.0000000000000000000 ) ) ;
#2998 = ORIENTED_EDGE ( 'NONE', *, *, #3730, .T. ) ;
#2999 = CARTESIAN_POINT ( 'NONE',  ( 9.250000000000000000, 6.299999999999999822, -1.299999999999999822 ) ) ;
#3000 = CARTESIAN_POINT ( 'NONE',  ( 9.449999999999999289, 6.599999999999999645, -7.620000000000000107 ) ) ;
#3001 = CARTESIAN_POINT ( 'NONE',  ( 4.949999999999999289, 12.40938025448213544, -1.742602432482200925 ) ) ;
#3002 = AXIS2_PLACEMENT_3D ( 'NONE', #1934, #3285, #240 ) ;
#3003 =( BOUNDED_SURFACE ( )  B_SPLINE_SURFACE ( 3, 3, ( 
 ( #3764, #4102, #1748, #1039 ),
 ( #1061, #42, #2075, #3486 ),
 ( #2034, #3386, #1414, #444 ),
 ( #2098, #1724, #3084, #1792 ) ),
 .UNSPECIFIED., .F., .F., .F. ) 
 B_SPLINE_SURFACE_WITH_KNOTS ( ( 4, 4 ),
 ( 4, 4 ),
 ( 0.0000000000000000000, 1.000000000000000000 ),
 ( 0.0000000000000000000, 1.000000000000000000 ),
 .UNSPECIFIED. ) 
 GEOMETRIC_REPRESENTATION_ITEM ( )  RATIONAL_B_SPLINE_SURFACE ( (
 ( 1.000000000000000000, 0.3333333333333332038, 0.3333333333333332038, 1.000000000000000000),
 ( 0.9988808742757321335, 0.3329602914252439150, 0.3329602914252439150, 0.9988808742757321335),
 ( 0.9988808742757321335, 0.3329602914252439150, 0.3329602914252439150, 0.9988808742757321335),
 ( 1.000000000000000000, 0.3333333333333332038, 0.3333333333333332038, 1.000000000000000000) ) ) 
 REPRESENTATION_ITEM ( '' )  SURFACE ( )  );
#3004 = ORIENTED_EDGE ( 'NONE', *, *, #3230, .T. ) ;
#3005 = ORIENTED_EDGE ( 'NONE', *, *, #3148, .F. ) ;
#3006 = EDGE_CURVE ( 'NONE', #1975, #1570, #1001, .T. ) ;
#3007 = CARTESIAN_POINT ( 'NONE',  ( 3.689033067547873301, 12.73500000000000121, -5.080000003253963392 ) ) ;
#3008 = ORIENTED_EDGE ( 'NONE', *, *, #3492, .F. ) ;
#3009 = ORIENTED_EDGE ( 'NONE', *, *, #2495, .F. ) ;
#3010 = EDGE_CURVE ( 'NONE', #4380, #316, #2695, .T. ) ;
#3011 = LINE ( 'NONE', #1341, #1463 ) ;
#3012 = CARTESIAN_POINT ( 'NONE',  ( 4.130405132454771255, 12.69953703112280508, 6.603684330108266387 ) ) ;
#3013 = DIRECTION ( 'NONE',  ( -1.000000000000000000, 3.338853781347929776E-28, -1.794541526872530066E-14 ) ) ;
#3014 = ORIENTED_EDGE ( 'NONE', *, *, #75, .T. ) ;
#3015 = LINE ( 'NONE', #2686, #3913 ) ;
#3016 = CARTESIAN_POINT ( 'NONE',  ( 4.500000000000000000, -3.700000000000009948, -5.000000000000000000 ) ) ;
#3017 = DIRECTION ( 'NONE',  ( 1.000000000000000000, 0.0000000000000000000, -0.0000000000000000000 ) ) ;
#3018 = CARTESIAN_POINT ( 'NONE',  ( 4.949999999999991296, 12.73499999999999943, 3.467917139009471406 ) ) ;
#3019 = DATE_AND_TIME ( #399, #1190 ) ;
#3020 = VECTOR ( 'NONE', #743, 1000.000000000000114 ) ;
#3021 = VERTEX_POINT ( 'NONE', #575 ) ;
#3022 = CC_DESIGN_PERSON_AND_ORGANIZATION_ASSIGNMENT ( #516, #1460, ( #1270 ) ) ;
#3023 = FACE_OUTER_BOUND ( 'NONE', #337, .T. ) ;
#3024 = VECTOR ( 'NONE', #1252, 1000.000000000000000 ) ;
#3025 = CARTESIAN_POINT ( 'NONE',  ( 5.749999999999319655, 12.72910876695780402, 3.433096816280104324 ) ) ;
#3026 = CARTESIAN_POINT ( 'NONE',  ( 3.635702501169019385, 12.73500000000000298, -5.080000000000001847 ) ) ;
#3027 = CARTESIAN_POINT ( 'NONE',  ( 4.950000000000698286, 12.66838590191646219, -1.709697409983274019 ) ) ;
#3028 = ORIENTED_EDGE ( 'NONE', *, *, #2222, .F. ) ;
#3029 = ORIENTED_EDGE ( 'NONE', *, *, #3254, .F. ) ;
#3030 = FACE_OUTER_BOUND ( 'NONE', #4333, .T. ) ;
#3031 = CARTESIAN_POINT ( 'NONE',  ( 8.085622008323793963, 12.64656426582414817, 1.208992099810588750 ) ) ;
#3032 = ORIENTED_EDGE ( 'NONE', *, *, #697, .T. ) ;
#3033 = CALENDAR_DATE ( 2019, 21, 10 ) ;
#3034 = ADVANCED_FACE ( 'NONE', ( #1258 ), #762, .T. ) ;
#3035 = CARTESIAN_POINT ( 'NONE',  ( 2.337581515395890985, 13.78289222746397513, -7.619999999999998330 ) ) ;
#3036 = CARTESIAN_POINT ( 'NONE',  ( 4.950000000000072120, 12.72445880131357931, -6.738090098932130623 ) ) ;
#3037 = DIRECTION ( 'NONE',  ( -1.000000000000000000, 0.0000000000000000000, 0.0000000000000000000 ) ) ;
#3038 = DIRECTION ( 'NONE',  ( -1.000000000000000000, 0.0000000000000000000, 0.0000000000000000000 ) ) ;
#3039 = EDGE_CURVE ( 'NONE', #1927, #4238, #3942, .T. ) ;
#3040 = DIRECTION ( 'NONE',  ( -3.334909476821824268E-28, -1.000000000000000000, -5.984633544517506745E-42 ) ) ;
#3041 = DIRECTION ( 'NONE',  ( -9.136576017787371555E-16, -1.000000000000000000, -2.086925533220183900E-31 ) ) ;
#3042 = CARTESIAN_POINT ( 'NONE',  ( 4.950000000002678924, 12.71935702003381863, 1.668631667042422606 ) ) ;
#3043 = CARTESIAN_POINT ( 'NONE',  ( 9.555373864405590112, 0.0000000000000000000, 7.195000000000000284 ) ) ;
#3044 = ADVANCED_FACE ( 'NONE', ( #1711 ), #2717, .F. ) ;
#3045 = VERTEX_POINT ( 'NONE', #3115 ) ;
#3046 = LINE ( 'NONE', #787, #833 ) ;
#3047 = CARTESIAN_POINT ( 'NONE',  ( 7.049999999999990052, 11.43499999999999694, -5.080000000000000959 ) ) ;
#3048 = CC_DESIGN_PERSON_AND_ORGANIZATION_ASSIGNMENT ( #2702, #1030, ( #1402 ) ) ;
#3049 = EDGE_LOOP ( 'NONE', ( #3753, #3565, #3917, #536 ) ) ;
#3050 = VERTEX_POINT ( 'NONE', #3440 ) ;
#3051 = PLANE ( 'NONE',  #2631 ) ;
#3052 = EDGE_CURVE ( 'NONE', #3257, #1632, #2445, .T. ) ;
#3053 = CARTESIAN_POINT ( 'NONE',  ( 10.25000000000000000, 0.0000000000000000000, 7.620000000000000107 ) ) ;
#3054 = CARTESIAN_POINT ( 'NONE',  ( 9.250000000000000000, 5.199999999999989519, 1.299999999999992939 ) ) ;
#3055 = DIRECTION ( 'NONE',  ( -1.734723475976807410E-14, 0.0000000000000000000, 1.000000000000000000 ) ) ;
#3056 = ORIENTED_EDGE ( 'NONE', *, *, #4042, .T. ) ;
#3057 = EDGE_CURVE ( 'NONE', #2971, #1587, #408, .T. ) ;
#3058 = CARTESIAN_POINT ( 'NONE',  ( 7.249999999999991118, 11.44273112629124611, 2.326828918379971858E-16 ) ) ;
#3059 = DIRECTION ( 'NONE',  ( -0.0000000000000000000, -1.000000000000000000, 0.0000000000000000000 ) ) ;
#3060 = FACE_OUTER_BOUND ( 'NONE', #423, .T. ) ;
#3061 = COORDINATED_UNIVERSAL_TIME_OFFSET ( 0, 0, .AHEAD. ) ;
#3062 = DIRECTION ( 'NONE',  ( -0.0000000000000000000, -0.9805806756909204447, 0.1961161351381830731 ) ) ;
#3063 = AXIS2_PLACEMENT_3D ( 'NONE', #85, #113, #799 ) ;
#3064 = EDGE_LOOP ( 'NONE', ( #3445, #577 ) ) ;
#3065 = ORIENTED_EDGE ( 'NONE', *, *, #3497, .T. ) ;
#3066 = AXIS2_PLACEMENT_3D ( 'NONE', #3700, #2263, #2993 ) ;
#3067 = EDGE_CURVE ( 'NONE', #3669, #578, #917, .T. ) ;
#3068 = CARTESIAN_POINT ( 'NONE',  ( 3.449999999999990852, 11.43500000000000050, 1.280000000000001581 ) ) ;
#3069 = DIRECTION ( 'NONE',  ( -0.0000000000000000000, -1.000000000000000000, -0.0000000000000000000 ) ) ;
#3070 = VECTOR ( 'NONE', #3674, 1000.000000000000114 ) ;
#3071 = EDGE_LOOP ( 'NONE', ( #2338, #69, #2697, #3395 ) ) ;
#3072 = ORIENTED_EDGE ( 'NONE', *, *, #3990, .F. ) ;
#3073 = DIRECTION ( 'NONE',  ( -1.000000000000000000, 3.391049977814769632E-28, -1.794541526872530066E-14 ) ) ;
#3074 = CARTESIAN_POINT ( 'NONE',  ( 9.250000000000000000, 7.599999999999999645, 7.620000000000000107 ) ) ;
#3075 = ORIENTED_EDGE ( 'NONE', *, *, #816, .F. ) ;
#3076 = VECTOR ( 'NONE', #2834, 1000.000000000000000 ) ;
#3077 = PLANE ( 'NONE',  #1322 ) ;
#3078 = CARTESIAN_POINT ( 'NONE',  ( 8.332042833102427437, 0.0000000000000000000, 7.000000000000000888 ) ) ;
#3079 = ORIENTED_EDGE ( 'NONE', *, *, #1601, .F. ) ;
#3080 = CARTESIAN_POINT ( 'NONE',  ( 5.750000000000001776, 12.73499999999999943, -3.463581513078059171 ) ) ;
#3081 = AXIS2_PLACEMENT_3D ( 'NONE', #2426, #696, #2038 ) ;
#3082 = DIRECTION ( 'NONE',  ( -2.501911041408800138E-16, -1.000000000000000000, 0.0000000000000000000 ) ) ;
#3083 = LINE ( 'NONE', #4168, #2919 ) ;
#3084 = CARTESIAN_POINT ( 'NONE',  ( 7.249999999999994671, 11.43499999999999694, -1.279999999999998472 ) ) ;
#3085 = PERSON_AND_ORGANIZATION ( #4411, #194 ) ;
#3086 = CARTESIAN_POINT ( 'NONE',  ( 5.749999999999992895, 12.73499999999999943, -3.467917139009472294 ) ) ;
#3087 = EDGE_CURVE ( 'NONE', #2474, #1180, #2765, .T. ) ;
#3088 = VERTEX_POINT ( 'NONE', #739 ) ;
#3089 = CALENDAR_DATE ( 2019, 21, 10 ) ;
#3090 = DIRECTION ( 'NONE',  ( -1.000000000000000000, 0.0000000000000000000, 0.0000000000000000000 ) ) ;
#3091 = CARTESIAN_POINT ( 'NONE',  ( 3.595871267840946572, 12.69953703111901611, -5.080000000000000959 ) ) ;
#3092 = VECTOR ( 'NONE', #4353, 1000.000000000000000 ) ;
#3093 = EDGE_CURVE ( 'NONE', #1055, #652, #3046, .T. ) ;
#3094 = ORIENTED_EDGE ( 'NONE', *, *, #4218, .F. ) ;
#3095 = EDGE_CURVE ( 'NONE', #3682, #3676, #4012, .T. ) ;
#3096 = ORIENTED_EDGE ( 'NONE', *, *, #2280, .F. ) ;
#3097 = AXIS2_PLACEMENT_3D ( 'NONE', #2829, #2185, #3561 ) ;
#3098 = DIRECTION ( 'NONE',  ( -1.000000000000000000, 0.0000000000000000000, 0.0000000000000000000 ) ) ;
#3099 = EDGE_LOOP ( 'NONE', ( #4163, #1986, #1093, #1004 ) ) ;
#3100 = ORIENTED_EDGE ( 'NONE', *, *, #3498, .F. ) ;
#3101 = ADVANCED_FACE ( 'NONE', ( #2785 ), #2104, .T. ) ;
#3102 = DIRECTION ( 'NONE',  ( 5.517568307814269711E-16, -6.463573835647406802E-31, 1.000000000000000000 ) ) ;
#3103 = CARTESIAN_POINT ( 'NONE',  ( 5.349999999999980105, 11.45812853178540713, 1.607708950454020642E-61 ) ) ;
#3104 = FACE_OUTER_BOUND ( 'NONE', #1275, .T. ) ;
#3105 = FACE_OUTER_BOUND ( 'NONE', #2783, .T. ) ;
#3106 = APPROVAL ( #3366, 'UNSPECIFIED' ) ;
#3107 = LINE ( 'NONE', #61, #676 ) ;
#3108 = CARTESIAN_POINT ( 'NONE',  ( 3.449999999999991296, 11.43500000000000050, -3.799999999999999378 ) ) ;
#3109 = FACE_BOUND ( 'NONE', #2540, .T. ) ;
#3110 = CARTESIAN_POINT ( 'NONE',  ( 4.950000000004743050, 12.69570467254462187, 1.694697213584751339 ) ) ;
#3111 = PERSON_AND_ORGANIZATION_ROLE ( 'design_supplier' ) ;
#3112 = CARTESIAN_POINT ( 'NONE',  ( 10.25000000000000000, 1.699999999999989742, 7.620000000000000107 ) ) ;
#3113 = CARTESIAN_POINT ( 'NONE',  ( 7.249999999999990230, 11.44273112629124434, 3.800000000000000711 ) ) ;
#3114 = ORIENTED_EDGE ( 'NONE', *, *, #667, .F. ) ;
#3115 = CARTESIAN_POINT ( 'NONE',  ( 4.499999999999801048, 0.0000000000000000000, -0.5041960109771828069 ) ) ;
#3116 = EDGE_CURVE ( 'NONE', #2918, #2474, #3229, .T. ) ;
#3117 = CARTESIAN_POINT ( 'NONE',  ( 7.049999999999685407, 11.23499999999999588, 2.081899558550126310E-16 ) ) ;
#3118 = EDGE_LOOP ( 'NONE', ( #3065, #3874, #2062, #2299, #871, #2107, #2956, #4343 ) ) ;
#3119 = VERTEX_POINT ( 'NONE', #48 ) ;
#3120 = EDGE_CURVE ( 'NONE', #935, #3389, #4090, .T. ) ;
#3121 = CARTESIAN_POINT ( 'NONE',  ( 9.250000000000000000, 6.299999999999999822, -119.9440000000000026 ) ) ;
#3122 = VERTEX_POINT ( 'NONE', #3392 ) ;
#3123 = ORIENTED_EDGE ( 'NONE', *, *, #697, .F. ) ;
#3124 = DIRECTION ( 'NONE',  ( -3.334909476821824268E-28, -1.000000000000000000, -5.984633544517506745E-42 ) ) ;
#3125 = CARTESIAN_POINT ( 'NONE',  ( 9.310000000000000497, 6.799999999999999822, 7.620000000000000107 ) ) ;
#3126 = PLANE ( 'NONE',  #1752 ) ;
#3127 = CARTESIAN_POINT ( 'NONE',  ( 5.749999999999869438, 12.73279737082328467, 1.636456345332686579 ) ) ;
#3128 = ORIENTED_EDGE ( 'NONE', *, *, #887, .F. ) ;
#3129 = DIRECTION ( 'NONE',  ( -0.0000000000000000000, 0.0000000000000000000, 1.000000000000000000 ) ) ;
#3130 = VERTEX_POINT ( 'NONE', #1 ) ;
#3131 = FACE_OUTER_BOUND ( 'NONE', #1107, .T. ) ;
#3132 = DIRECTION ( 'NONE',  ( -1.734723475976807410E-14, -6.211574946531537135E-15, 1.000000000000000000 ) ) ;
#3133 = FACE_OUTER_BOUND ( 'NONE', #4344, .T. ) ;
#3134 = DIRECTION ( 'NONE',  ( -1.000000000000000000, 3.338853781347929776E-28, -1.794541526872530066E-14 ) ) ;
#3135 = PERSON_AND_ORGANIZATION ( #4411, #194 ) ;
#3136 = CARTESIAN_POINT ( 'NONE',  ( 7.248658176329017877, 11.45812853167897138, 5.079999999999999183 ) ) ;
#3137 = DIRECTION ( 'NONE',  ( -1.000000000000000000, 0.0000000000000000000, -0.0000000000000000000 ) ) ;
#3138 = AXIS2_PLACEMENT_3D ( 'NONE', #3882, #4138, #2441 ) ;
#3139 = ORIENTED_EDGE ( 'NONE', *, *, #3116, .T. ) ;
#3140 = CARTESIAN_POINT ( 'NONE',  ( 7.010966932452110001, 12.73499999999999588, -0.7947222771640977124 ) ) ;
#3141 = VECTOR ( 'NONE', #352, 1000.000000000000000 ) ;
#3142 = CARTESIAN_POINT ( 'NONE',  ( 5.349999999999999645, 11.23499999999999943, -5.080000000000000071 ) ) ;
#3143 = ORIENTED_EDGE ( 'NONE', *, *, #4119, .F. ) ;
#3144 = ORIENTED_EDGE ( 'NONE', *, *, #29, .T. ) ;
#3145 = VECTOR ( 'NONE', #1651, 1000.000000000000000 ) ;
#3146 = LINE ( 'NONE', #102, #1335 ) ;
#3147 = VECTOR ( 'NONE', #2442, 1000.000000000000000 ) ;
#3148 = EDGE_CURVE ( 'NONE', #1682, #129, #849, .T. ) ;
#3149 = CARTESIAN_POINT ( 'NONE',  ( 3.649999999999990141, 11.43500000000000227, -5.080000000000000071 ) ) ;
#3150 = FACE_OUTER_BOUND ( 'NONE', #2412, .T. ) ;
#3151 = DIRECTION ( 'NONE',  ( 1.224646799147353207E-16, -1.434616586018100824E-31, -1.000000000000000000 ) ) ;
#3152 = ORIENTED_EDGE ( 'NONE', *, *, #3057, .T. ) ;
#3153 = DIRECTION ( 'NONE',  ( 1.000000000000000000, -3.338853781347929776E-28, 1.794541526872530066E-14 ) ) ;
#3154 = AXIS2_PLACEMENT_3D ( 'NONE', #1418, #763, #3415 ) ;
#3155 = EDGE_CURVE ( 'NONE', #1357, #1471, #3636, .T. ) ;
#3156 = CONICAL_SURFACE ( 'NONE', #2731, 1.898658176322939983, 0.1159019745381328903 ) ;
#3157 = DIRECTION ( 'NONE',  ( -0.0000000000000000000, -1.000000000000000000, -1.889646980599319876E-14 ) ) ;
#3158 = LINE ( 'NONE', #1140, #4002 ) ;
#3159 = PERSON_AND_ORGANIZATION_ROLE ( 'classification_officer' ) ;
#3160 = CARTESIAN_POINT ( 'NONE',  ( 5.349999999999989875, 11.43500000000000050, 0.0000000000000000000 ) ) ;
#3161 = ORIENTED_EDGE ( 'NONE', *, *, #333, .T. ) ;
#3162 = PRODUCT_DEFINITION_SHAPE ( 'NONE', 'NONE',  #4416 ) ;
#3163 = CARTESIAN_POINT ( 'NONE',  ( 5.349999999999982769, 12.64656426582178206, 5.080000000000000071 ) ) ;
#3164 = CARTESIAN_POINT ( 'NONE',  ( 5.750000000000000888, 11.93499999999675154, -3.280788672664257444 ) ) ;
#3165 = CARTESIAN_POINT ( 'NONE',  ( 4.949999999999991296, 12.73499999999999943, 6.692082860990527848 ) ) ;
#3166 = LOCAL_TIME ( 21, 35, 26.00000000000000000, #2779 ) ;
#3167 = ORIENTED_EDGE ( 'NONE', *, *, #3067, .F. ) ;
#3168 = CC_DESIGN_DATE_AND_TIME_ASSIGNMENT ( #1504, #3201, ( #3872 ) ) ;
#3169 = AXIS2_PLACEMENT_3D ( 'NONE', #4280, #3274, #1592 ) ;
#3170 = CARTESIAN_POINT ( 'NONE',  ( 3.532842712474771218, 11.23499999999982357, -4.450751711430090713E-16 ) ) ;
#3171 = CARTESIAN_POINT ( 'NONE',  ( 8.014137117667724297, 12.73499999999999766, 1.177399771705302634 ) ) ;
#3172 = AXIS2_PLACEMENT_3D ( 'NONE', #2357, #997, #3434 ) ;
#3173 = DIRECTION ( 'NONE',  ( -1.794541526872530066E-14, 0.0000000000000000000, 1.000000000000000000 ) ) ;
#3174 = LINE ( 'NONE', #523, #261 ) ;
#3175 = CIRCLE ( 'NONE', #3097, 1.974999999999999423 ) ;
#3176 = ORIENTED_EDGE ( 'NONE', *, *, #385, .F. ) ;
#3177 = CARTESIAN_POINT ( 'NONE',  ( 10.25000000000000000, 6.199999999999999289, -3.779999999999999805 ) ) ;
#3178 = EDGE_CURVE ( 'NONE', #406, #2833, #475, .T. ) ;
#3179 = DIRECTION ( 'NONE',  ( -0.0000000000000000000, -0.0000000000000000000, 1.000000000000000000 ) ) ;
#3180 = CARTESIAN_POINT ( 'NONE',  ( 7.110296020627515645, 12.64656426582178028, -5.080000000000000071 ) ) ;
#3181 = EDGE_CURVE ( 'NONE', #1734, #630, #2132, .T. ) ;
#3182 = SECURITY_CLASSIFICATION_LEVEL ( 'unclassified' ) ;
#3183 = DIRECTION ( 'NONE',  ( 0.0000000000000000000, 1.000000000000000000, 0.0000000000000000000 ) ) ;
#3184 =( BOUNDED_CURVE ( )  B_SPLINE_CURVE ( 3, ( #1326, #1920, #593, #3628 ),
 .UNSPECIFIED., .F., .T. ) 
 B_SPLINE_CURVE_WITH_KNOTS ( ( 4, 4 ),
 ( 0.0000000000000000000, 1.000000000000000000 ),
 .UNSPECIFIED. ) 
 CURVE ( )  GEOMETRIC_REPRESENTATION_ITEM ( )  RATIONAL_B_SPLINE_CURVE ( ( 1.000000000000000000, 0.3333333333333335369, 0.3333333333333335369, 1.000000000000000000 ) ) 
 REPRESENTATION_ITEM ( '' )  );
#3185 = CARTESIAN_POINT ( 'NONE',  ( 9.250000000000000000, 5.200000000000008171, 6.379999999999999893 ) ) ;
#3186 = CARTESIAN_POINT ( 'NONE',  ( 5.749999999999304556, 12.67827681032246545, 6.784820330738464911 ) ) ;
#3187 = EDGE_CURVE ( 'NONE', #2608, #1999, #517, .T. ) ;
#3188 = CARTESIAN_POINT ( 'NONE',  ( 4.950000000002678924, 12.71935702003381863, 6.748631667042422677 ) ) ;
#3189 = EDGE_LOOP ( 'NONE', ( #364, #1400, #3586, #3377, #3958, #3096, #1985, #1753 ) ) ;
#3190 = CARTESIAN_POINT ( 'NONE',  ( 7.049999999999685407, 11.23499999999999766, -3.399999999999388844 ) ) ;
#3191 = CARTESIAN_POINT ( 'NONE',  ( 5.721047637985604339, 12.69953703112068943, -1.714436134513059651 ) ) ;
#3192 = CARTESIAN_POINT ( 'NONE',  ( 5.749999999996039612, 12.66532890578434589, -1.710780456545829109 ) ) ;
#3193 = DIRECTION ( 'NONE',  ( 0.0000000000000000000, 0.0000000000000000000, -1.000000000000000000 ) ) ;
#3194 = DIRECTION ( 'NONE',  ( -1.000000000000000000, 3.391049977814769632E-28, -1.794541526872530066E-14 ) ) ;
#3195 = DIRECTION ( 'NONE',  ( 1.000000000000000000, 0.0000000000000000000, 1.224646799147355919E-16 ) ) ;
#3196 = LINE ( 'NONE', #1811, #824 ) ;
#3197 = ORIENTED_EDGE ( 'NONE', *, *, #452, .T. ) ;
#3198 = EDGE_CURVE ( 'NONE', #2227, #3682, #179, .T. ) ;
#3199 = DIRECTION ( 'NONE',  ( 1.000000000000000000, -9.136576017787367610E-16, 0.0000000000000000000 ) ) ;
#3200 = DIRECTION ( 'NONE',  ( 0.5000000000000009992, 0.0000000000000000000, 0.8660254037844380415 ) ) ;
#3201 = DATE_TIME_ROLE ( 'classification_date' ) ;
#3202 = LINE ( 'NONE', #1522, #3853 ) ;
#3203 = ADVANCED_FACE ( 'NONE', ( #3226 ), #1822, .T. ) ;
#3204 = DIRECTION ( 'NONE',  ( 1.000000000000000000, 0.0000000000000000000, -0.0000000000000000000 ) ) ;
#3205 =( BOUNDED_CURVE ( )  B_SPLINE_CURVE ( 3, ( #3517, #865, #477, #453 ),
 .UNSPECIFIED., .F., .T. ) 
 B_SPLINE_CURVE_WITH_KNOTS ( ( 4, 4 ),
 ( 0.5000000007378365696, 1.000000000000000000 ),
 .UNSPECIFIED. ) 
 CURVE ( )  GEOMETRIC_REPRESENTATION_ITEM ( )  RATIONAL_B_SPLINE_CURVE ( ( 1.000000000000000000, 0.8584414873009036384, 0.8584414873009036384, 1.000000000000000000 ) ) 
 REPRESENTATION_ITEM ( '' )  );
#3206 = DIRECTION ( 'NONE',  ( -1.000000000000000000, 0.0000000000000000000, -0.0000000000000000000 ) ) ;
#3207 = CARTESIAN_POINT ( 'NONE',  ( 7.049999999999561950, 11.23499999999999766, 1.249139735130075885E-16 ) ) ;
#3208 = CARTESIAN_POINT ( 'NONE',  ( 4.950000000004741274, 12.67614242096980171, 6.786545570107983316 ) ) ;
#3209 = CIRCLE ( 'NONE', #1296, 0.1999999999999996503 ) ;
#3210 = EDGE_LOOP ( 'NONE', ( #2150, #859, #3004, #2692 ) ) ;
#3211 = EDGE_CURVE ( 'NONE', #3300, #496, #2869, .T. ) ;
#3212 = AXIS2_PLACEMENT_3D ( 'NONE', #648, #625, #1970 ) ;
#3213 = CARTESIAN_POINT ( 'NONE',  ( 3.532842712474770774, 11.23499999999982180, 1.445685424949563647 ) ) ;
#3214 = VECTOR ( 'NONE', #2605, 999.9999999999998863 ) ;
#3215 = VERTEX_POINT ( 'NONE', #549 ) ;
#3216 = CIRCLE ( 'NONE', #3290, 1.843139007349805292 ) ;
#3217 = CARTESIAN_POINT ( 'NONE',  ( 1.250000000000000000, 10.00000000000000000, 7.620000000000000107 ) ) ;
#3218 = DIRECTION ( 'NONE',  ( -1.084202172485509956E-15, -1.000000000000000000, 0.0000000000000000000 ) ) ;
#3219 = CARTESIAN_POINT ( 'NONE',  ( 7.049999999999563727, 11.23499999999999766, 5.079999999999999183 ) ) ;
#3220 = ORIENTED_EDGE ( 'NONE', *, *, #580, .T. ) ;
#3221 = DIRECTION ( 'NONE',  ( -1.000000000000000000, 3.334909476821824268E-28, -1.794541526872530066E-14 ) ) ;
#3222 = CARTESIAN_POINT ( 'NONE',  ( 5.749999999999999112, 11.93500000000000050, -1.969999999999999973 ) ) ;
#3223 = CONICAL_SURFACE ( 'NONE', #2727, 1.898658176322939983, 0.1159019745381328903 ) ;
#3224 = ORIENTED_EDGE ( 'NONE', *, *, #1703, .T. ) ;
#3225 = VECTOR ( 'NONE', #1319, 1000.000000000000000 ) ;
#3226 = FACE_OUTER_BOUND ( 'NONE', #3748, .T. ) ;
#3227 = CARTESIAN_POINT ( 'NONE',  ( 5.749999999999930722, 12.72445880131370011, 6.738090098931875715 ) ) ;
#3228 = CARTESIAN_POINT ( 'NONE',  ( 4.950000000004741274, 12.68578847567073709, 6.780703200956244459 ) ) ;
#3229 = CIRCLE ( 'NONE', #693, 0.8000000000000003775 ) ;
#3230 = EDGE_CURVE ( 'NONE', #1267, #1619, #2184, .T. ) ;
#3231 = ORIENTED_EDGE ( 'NONE', *, *, #195, .T. ) ;
#3232 = CARTESIAN_POINT ( 'NONE',  ( 4.949999999999999289, 12.65751425528028840, 3.367062287735220316 ) ) ;
#3233 = DIRECTION ( 'NONE',  ( 1.000000000000000000, -1.332267629550187849E-15, -0.0000000000000000000 ) ) ;
#3234 = CARTESIAN_POINT ( 'NONE',  ( 3.449999999999989519, 11.43500000000000227, 5.080000000000000071 ) ) ;
#3235 = EDGE_CURVE ( 'NONE', #3801, #3676, #338, .T. ) ;
#3236 = ORIENTED_EDGE ( 'NONE', *, *, #3569, .T. ) ;
#3237 = LOCAL_TIME ( 21, 35, 26.00000000000000000, #2824 ) ;
#3238 = DIRECTION ( 'NONE',  ( 0.4472135954999588159, 0.8944271909999155223, -0.0000000000000000000 ) ) ;
#3239 = CARTESIAN_POINT ( 'NONE',  ( 4.950000000004743050, 12.69570467254462187, -3.385302786415249177 ) ) ;
#3240 = CARTESIAN_POINT ( 'NONE',  ( 4.195177833015006463, 12.73500000000000298, -1.442761435875965947 ) ) ;
#3241 = EDGE_CURVE ( 'NONE', #1493, #2757, #1527, .T. ) ;
#3242 = ORIENTED_EDGE ( 'NONE', *, *, #1781, .F. ) ;
#3243 = VECTOR ( 'NONE', #4180, 1000.000000000000000 ) ;
#3244 = VECTOR ( 'NONE', #3069, 1000.000000000000000 ) ;
#3245 = CARTESIAN_POINT ( 'NONE',  ( 3.449999999999990852, 11.44273112629124967, -5.080000000000001847 ) ) ;
#3246 = CARTESIAN_POINT ( 'NONE',  ( 8.076037614648479135, 12.69953703112068766, -3.875243666753530380 ) ) ;
#3247 = CC_DESIGN_PERSON_AND_ORGANIZATION_ASSIGNMENT ( #2885, #3606, ( #1332 ) ) ;
#3248 = DATE_TIME_ROLE ( 'classification_date' ) ;
#3249 = CARTESIAN_POINT ( 'NONE',  ( 4.949999999999999289, 12.40938025448213367, -6.822602432482200996 ) ) ;
#3250 = CARTESIAN_POINT ( 'NONE',  ( 4.500000000000000000, -3.700000000000009948, 4.779999999999999361 ) ) ;
#3251 = CARTESIAN_POINT ( 'NONE',  ( 3.650000000000295675, 11.23500000000000121, -3.399999999999389289 ) ) ;
#3252 = DIRECTION ( 'NONE',  ( 1.000000000000000000, 0.0000000000000000000, 0.0000000000000000000 ) ) ;
#3253 = ORIENTED_EDGE ( 'NONE', *, *, #4031, .F. ) ;
#3254 = EDGE_CURVE ( 'NONE', #47, #1493, #2844, .T. ) ;
#3255 = DIRECTION ( 'NONE',  ( 0.0000000000000000000, -0.0000000000000000000, -1.000000000000000000 ) ) ;
#3256 = ORIENTED_EDGE ( 'NONE', *, *, #1396, .T. ) ;
#3257 = VERTEX_POINT ( 'NONE', #1900 ) ;
#3258 = EDGE_CURVE ( 'NONE', #558, #652, #4234, .T. ) ;
#3259 = CARTESIAN_POINT ( 'NONE',  ( 5.750000000000001776, 12.64656426582888926, -3.365753203235122282 ) ) ;
#3260 = CARTESIAN_POINT ( 'NONE',  ( 4.949999999999999289, 11.93500000000000050, -1.969999999999999973 ) ) ;
#3261 = EDGE_LOOP ( 'NONE', ( #1874, #2749, #3711 ) ) ;
#3262 = ORIENTED_EDGE ( 'NONE', *, *, #1631, .T. ) ;
#3263 = EDGE_CURVE ( 'NONE', #1721, #2978, #1041, .T. ) ;
#3264 = DIRECTION ( 'NONE',  ( 0.0000000000000000000, -1.000000000000000000, 0.0000000000000000000 ) ) ;
#3265 = CARTESIAN_POINT ( 'NONE',  ( 3.451341823664733077, 11.45812853167969969, -5.080000000000000071 ) ) ;
#3266 = ORIENTED_EDGE ( 'NONE', *, *, #3067, .T. ) ;
#3267 = CARTESIAN_POINT ( 'NONE',  ( 5.749999999995260680, 12.67614242096979815, -1.706545570107979248 ) ) ;
#3268 = LINE ( 'NONE', #3630, #1837 ) ;
#3269 = EDGE_LOOP ( 'NONE', ( #1944, #1980 ) ) ;
#3270 = VERTEX_POINT ( 'NONE', #4208 ) ;
#3271 = DIRECTION ( 'NONE',  ( -1.000000000000000000, 0.0000000000000000000, 0.0000000000000000000 ) ) ;
#3272 =( REPRESENTATION_RELATIONSHIP ('NONE','NONE', #642, #892 ) REPRESENTATION_RELATIONSHIP_WITH_TRANSFORMATION ( #4293 )SHAPE_REPRESENTATION_RELATIONSHIP( ) );
#3273 = CARTESIAN_POINT ( 'NONE',  ( 5.750000000000000000, 12.73499999999999943, 3.456145414403759109 ) ) ;
#3274 = DIRECTION ( 'NONE',  ( 1.171453342316279939E-15, 1.000000000000000000, -0.0000000000000000000 ) ) ;
#3275 = ORIENTED_EDGE ( 'NONE', *, *, #1800, .F. ) ;
#3276 = VERTEX_POINT ( 'NONE', #2537 ) ;
#3277 = DIRECTION ( 'NONE',  ( -0.0000000000000000000, 0.9805806756909201116, 0.1961161351381840168 ) ) ;
#3278 = DIRECTION ( 'NONE',  ( 1.171453342316279939E-15, 1.000000000000000000, -0.0000000000000000000 ) ) ;
#3279 = DIRECTION ( 'NONE',  ( -1.000000000000000000, -0.0000000000000000000, -0.0000000000000000000 ) ) ;
#3280 = CARTESIAN_POINT ( 'NONE',  ( 4.950000000004743050, 12.67614242096979993, -3.373454429892017270 ) ) ;
#3281 = AXIS2_PLACEMENT_3D ( 'NONE', #1484, #470, #2825 ) ;
#3282 = VERTEX_POINT ( 'NONE', #864 ) ;
#3283 = ADVANCED_FACE ( 'NONE', ( #121 ), #3575, .T. ) ;
#3284 = VECTOR ( 'NONE', #3059, 1000.000000000000000 ) ;
#3285 = DIRECTION ( 'NONE',  ( 0.0000000000000000000, -1.000000000000000000, 0.0000000000000000000 ) ) ;
#3286 = CARTESIAN_POINT ( 'NONE',  ( 3.589703979382066201, 12.64656426582840432, 5.079999996551445740 ) ) ;
#3287 = CARTESIAN_POINT ( 'NONE',  ( 10.25000000000000000, 6.199999999999977973, 1.799999999999999822 ) ) ;
#3288 = ORIENTED_EDGE ( 'NONE', *, *, #1106, .T. ) ;
#3289 = CARTESIAN_POINT ( 'NONE',  ( 4.949999999999999289, 12.64656426582875959, -1.714246796764900216 ) ) ;
#3290 = AXIS2_PLACEMENT_3D ( 'NONE', #1430, #4072, #1076 ) ;
#3291 = EDGE_CURVE ( 'NONE', #1151, #3424, #719, .T. ) ;
#3292 = CIRCLE ( 'NONE', #612, 1.974999999999999423 ) ;
#3293 = DIRECTION ( 'NONE',  ( -1.000000000000000000, 9.136576017758483468E-16, 0.0000000000000000000 ) ) ;
#3294 = FACE_OUTER_BOUND ( 'NONE', #3760, .T. ) ;
#3295 = DIRECTION ( 'NONE',  ( -1.734723475976806779E-14, 0.0000000000000000000, 1.000000000000000000 ) ) ;
#3296 = CARTESIAN_POINT ( 'NONE',  ( 9.299999999999998934, 6.599999999999994316, -7.620000000000000107 ) ) ;
#3297 = EDGE_CURVE ( 'NONE', #407, #2602, #241, .T. ) ;
#3298 = VECTOR ( 'NONE', #3102, 1000.000000000000000 ) ;
#3299 = ORIENTED_EDGE ( 'NONE', *, *, #1556, .T. ) ;
#3300 = VERTEX_POINT ( 'NONE', #1603 ) ;
#3301 = FACE_OUTER_BOUND ( 'NONE', #3269, .T. ) ;
#3302 = CARTESIAN_POINT ( 'NONE',  ( 5.749999999997323030, 12.70467874844269573, -6.766818741883628974 ) ) ;
#3303 = DIRECTION ( 'NONE',  ( -1.000000000000000000, 0.0000000000000000000, 0.0000000000000000000 ) ) ;
#3304 = ORIENTED_EDGE ( 'NONE', *, *, #3904, .F. ) ;
#3305 = ORIENTED_EDGE ( 'NONE', *, *, #2741, .T. ) ;
#3306 = CARTESIAN_POINT ( 'NONE',  ( 3.375000000000000888, 13.99999999999999822, -5.080000000000000071 ) ) ;
#3307 = CARTESIAN_POINT ( 'NONE',  ( 3.635702501169018941, 12.73500000000000298, 5.079999999999997407 ) ) ;
#3308 = LOCAL_TIME ( 21, 35, 26.00000000000000000, #1793 ) ;
#3309 = EDGE_CURVE ( 'NONE', #2227, #2326, #920, .T. ) ;
#3310 = DIRECTION ( 'NONE',  ( -1.794541526872530066E-14, 0.0000000000000000000, 1.000000000000000000 ) ) ;
#3311 = CARTESIAN_POINT ( 'NONE',  ( 3.689033067547872857, 12.73500000000000121, 5.079999996746039415 ) ) ;
#3312 = CARTESIAN_POINT ( 'NONE',  ( 10.25000000000000000, 6.799999999999999822, -7.620000000000001883 ) ) ;
#3313 = CARTESIAN_POINT ( 'NONE',  ( 4.499999999999992895, -3.700000000000007727, -4.779999999999999361 ) ) ;
#3314 = EDGE_CURVE ( 'NONE', #1404, #4306, #3318, .T. ) ;
#3315 = EDGE_CURVE ( 'NONE', #789, #2267, #2348, .T. ) ;
#3316 = LINE ( 'NONE', #1297, #3916 ) ;
#3317 = CARTESIAN_POINT ( 'NONE',  ( 3.532842712474771663, 11.23499999999982180, -1.445685424949561426 ) ) ;
#3318 = LINE ( 'NONE', #4322, #4179 ) ;
#3319 = ORIENTED_EDGE ( 'NONE', *, *, #271, .T. ) ;
#3320 = ORIENTED_EDGE ( 'NONE', *, *, #2771, .F. ) ;
#3321 = PLANE ( 'NONE',  #3850 ) ;
#3322 = EDGE_CURVE ( 'NONE', #3928, #2748, #614, .T. ) ;
#3323 = CARTESIAN_POINT ( 'NONE',  ( 4.949999999999999289, 12.64656426582933335, 6.794246796768621088 ) ) ;
#3324 = LINE ( 'NONE', #4373, #4385 ) ;
#3325 =( BOUNDED_CURVE ( )  B_SPLINE_CURVE ( 3, ( #1251, #3364, #2994, #978 ),
 .UNSPECIFIED., .F., .T. ) 
 B_SPLINE_CURVE_WITH_KNOTS ( ( 4, 4 ),
 ( 0.0000000000000000000, 1.000000000000000000 ),
 .UNSPECIFIED. ) 
 CURVE ( )  GEOMETRIC_REPRESENTATION_ITEM ( )  RATIONAL_B_SPLINE_CURVE ( ( 1.000000000000000000, 0.8584414868985701386, 0.8584414868985701386, 1.000000000000000000 ) ) 
 REPRESENTATION_ITEM ( '' )  );
#3326 = ORIENTED_EDGE ( 'NONE', *, *, #1256, .F. ) ;
#3327 = EDGE_LOOP ( 'NONE', ( #2517, #1799, #798, #3963 ) ) ;
#3328 = DIRECTION ( 'NONE',  ( -1.000000000000000000, 9.130123557772668088E-16, 0.0000000000000000000 ) ) ;
#3329 = EDGE_LOOP ( 'NONE', ( #4038, #3651, #584, #3161, #208, #1237 ) ) ;
#3330 = ORIENTED_EDGE ( 'NONE', *, *, #3322, .F. ) ;
#3331 = ORIENTED_EDGE ( 'NONE', *, *, #969, .F. ) ;
#3332 = FACE_OUTER_BOUND ( 'NONE', #1708, .T. ) ;
#3333 = CARTESIAN_POINT ( 'NONE',  ( 10.25000000000000000, 6.799999999999999822, -6.879999999999999005 ) ) ;
#3334 = CARTESIAN_POINT ( 'NONE',  ( 5.722352193218312344, 12.64656426582414817, -6.800463868963991132 ) ) ;
#3335 = EDGE_LOOP ( 'NONE', ( #2530, #2944, #2274, #3752 ) ) ;
#3336 = FACE_OUTER_BOUND ( 'NONE', #2676, .T. ) ;
#3337 = CARTESIAN_POINT ( 'NONE',  ( 7.325000000000000178, 13.99999999999999822, -5.080000000000000071 ) ) ;
#3338 = CARTESIAN_POINT ( 'NONE',  ( 5.349999999999989875, 11.43500000000000050, 5.080000000000000071 ) ) ;
#3339 = CARTESIAN_POINT ( 'NONE',  ( 0.0000000000000000000, 0.0000000000000000000, -55.88000000000000256 ) ) ;
#3340 = EDGE_CURVE ( 'NONE', #2304, #28, #1320, .T. ) ;
#3341 = ORIENTED_EDGE ( 'NONE', *, *, #4143, .T. ) ;
#3342 = DIRECTION ( 'NONE',  ( 1.000000000000000000, -9.854725885015578669E-16, 0.0000000000000000000 ) ) ;
#3343 = LINE ( 'NONE', #3000, #2801 ) ;
#3344 = CARTESIAN_POINT ( 'NONE',  ( 10.25000000000000000, 1.699999999999988409, -6.879999999999999005 ) ) ;
#3345 = ORIENTED_EDGE ( 'NONE', *, *, #3315, .F. ) ;
#3346 = EDGE_CURVE ( 'NONE', #4015, #657, #2030, .T. ) ;
#3347 = EDGE_LOOP ( 'NONE', ( #4310, #3224, #150, #2536 ) ) ;
#3348 = ADVANCED_FACE ( 'NONE', ( #1645 ), #2294, .T. ) ;
#3349 = EDGE_LOOP ( 'NONE', ( #2436, #2715, #3094, #700 ) ) ;
#3350 = DIRECTION ( 'NONE',  ( 1.171453342316279939E-15, 1.000000000000000000, 0.0000000000000000000 ) ) ;
#3351 = CARTESIAN_POINT ( 'NONE',  ( 5.750000000000000000, 12.40938025447665893, -1.742602432482845520 ) ) ;
#3352 = ORIENTED_EDGE ( 'NONE', *, *, #3654, .T. ) ;
#3353 =( BOUNDED_SURFACE ( )  B_SPLINE_SURFACE ( 3, 3, ( 
 ( #483, #3819, #1828, #2131 ),
 ( #793, #3171, #1153, #3545 ),
 ( #2498, #832, #2170, #3191 ),
 ( #1512, #3031, #633, #1692 ) ),
 .UNSPECIFIED., .F., .F., .F. ) 
 B_SPLINE_SURFACE_WITH_KNOTS ( ( 4, 4 ),
 ( 4, 4 ),
 ( 0.0000000000000000000, 1.000000000000000000 ),
 ( 0.0000000000000000000, 1.000000000000000000 ),
 .UNSPECIFIED. ) 
 GEOMETRIC_REPRESENTATION_ITEM ( )  RATIONAL_B_SPLINE_SURFACE ( (
 ( 1.000000000000000000, 0.4743521123180107213, 0.4743521123180107213, 1.000000000000000000),
 ( 0.8312495820341943009, 0.3943049951013836152, 0.3943049951013836152, 0.8312495820341943009),
 ( 0.8312495820341943009, 0.3943049951013836152, 0.3943049951013836152, 0.8312495820341943009),
 ( 1.000000000000000000, 0.4743521123180107213, 0.4743521123180107213, 1.000000000000000000) ) ) 
 REPRESENTATION_ITEM ( '' )  SURFACE ( )  );
#3354 = VECTOR ( 'NONE', #1684, 1000.000000000000000 ) ;
#3355 = CARTESIAN_POINT ( 'NONE',  ( 4.500000000000006217, 4.784159143999949571, 4.580000000000103100 ) ) ;
#3356 = DIRECTION ( 'NONE',  ( 0.4999999999999999445, -0.0000000000000000000, 0.8660254037844387076 ) ) ;
#3357 = CARTESIAN_POINT ( 'NONE',  ( 5.749999999999928946, 12.72947253920396449, -3.432234320928400972 ) ) ;
#3358 = ORIENTED_EDGE ( 'NONE', *, *, #4057, .F. ) ;
#3359 = CARTESIAN_POINT ( 'NONE',  ( 3.689033067547870637, 12.63500000000000156, 0.0000000000000000000 ) ) ;
#3360 = CARTESIAN_POINT ( 'NONE',  ( 4.949999999999999289, 12.73499999999999943, -1.616418486922036379 ) ) ;
#3361 = AXIS2_PLACEMENT_3D ( 'NONE', #2403, #348, #3409 ) ;
#3362 = DIRECTION ( 'NONE',  ( -1.000000000000000000, 0.0000000000000000000, 0.0000000000000000000 ) ) ;
#3363 = PLANE ( 'NONE',  #680 ) ;
#3364 = CARTESIAN_POINT ( 'NONE',  ( 6.521332732297199897, 12.73499999999999943, -6.500694998502298816 ) ) ;
#3365 = VECTOR ( 'NONE', #1873, 999.9999999999998863 ) ;
#3366 = APPROVAL_STATUS ( 'not_yet_approved' ) ;
#3367 = ORIENTED_EDGE ( 'NONE', *, *, #751, .T. ) ;
#3368 = DIRECTION ( 'NONE',  ( 0.0000000000000000000, -0.1961161351381830731, -0.9805806756909204447 ) ) ;
#3369 = DIRECTION ( 'NONE',  ( -3.402072636421381016E-15, -0.9805806756909208888, 0.1961161351381804363 ) ) ;
#3370 = ADVANCED_FACE ( 'NONE', ( #2259 ), #2330, .F. ) ;
#3371 = CARTESIAN_POINT ( 'NONE',  ( 3.635702501169019385, 12.73500000000000476, -5.916175551053240333 ) ) ;
#3372 = AXIS2_PLACEMENT_3D ( 'NONE', #1361, #989, #4070 ) ;
#3373 = VERTEX_POINT ( 'NONE', #919 ) ;
#3374 = VECTOR ( 'NONE', #1451, 1000.000000000000114 ) ;
#3375 = DIRECTION ( 'NONE',  ( -1.000000000000000000, 0.0000000000000000000, 0.0000000000000000000 ) ) ;
#3376 = CARTESIAN_POINT ( 'NONE',  ( 8.689999999999999503, 6.599999999999999645, 7.620000000000000107 ) ) ;
#3377 = ORIENTED_EDGE ( 'NONE', *, *, #1660, .F. ) ;
#3378 = CARTESIAN_POINT ( 'NONE',  ( 4.949999999999999289, 11.93500000000000050, 1.959999999999999964 ) ) ;
#3379 = EDGE_CURVE ( 'NONE', #1267, #3731, #4226, .T. ) ;
#3380 = DIRECTION ( 'NONE',  ( 1.000000000000000000, -1.084202172485509956E-15, 0.0000000000000000000 ) ) ;
#3381 = PLANE ( 'NONE',  #2719 ) ;
#3382 = ORIENTED_EDGE ( 'NONE', *, *, #1689, .T. ) ;
#3383 = DIRECTION ( 'NONE',  ( 0.0000000000000000000, 1.000000000000000000, 0.0000000000000000000 ) ) ;
#3384 = DIRECTION ( 'NONE',  ( -1.734723475976807410E-14, 3.188457888917788296E-13, 1.000000000000000000 ) ) ;
#3385 = CARTESIAN_POINT ( 'NONE',  ( 5.299999999999994493, -2.700000000000005951, -4.579999999999952998 ) ) ;
#3386 = CARTESIAN_POINT ( 'NONE',  ( 3.449999999999989964, 11.44273112629125144, -1.279999999999998250 ) ) ;
#3387 = MECHANICAL_CONTEXT ( 'NONE', #2704, 'mechanical' ) ;
#3388 = CIRCLE ( 'NONE', #3469, 1.898658176328942071 ) ;
#3389 = VERTEX_POINT ( 'NONE', #1935 ) ;
#3390 = LINE ( 'NONE', #298, #3141 ) ;
#3391 = AXIS2_PLACEMENT_3D ( 'NONE', #621, #274, #1921 ) ;
#3392 = CARTESIAN_POINT ( 'NONE',  ( 7.249999999999991118, 11.43499999999999872, 5.079999999999999183 ) ) ;
#3393 = CARTESIAN_POINT ( 'NONE',  ( 4.963811392465977690, 12.64656426582076598, -6.797410969924605695 ) ) ;
#3394 = DIRECTION ( 'NONE',  ( 1.000000000000000000, 0.0000000000000000000, 0.0000000000000000000 ) ) ;
#3395 = ORIENTED_EDGE ( 'NONE', *, *, #2898, .F. ) ;
#3396 = VERTEX_POINT ( 'NONE', #314 ) ;
#3397 = EDGE_CURVE ( 'NONE', #1376, #3300, #4384, .T. ) ;
#3398 = CARTESIAN_POINT ( 'NONE',  ( 2.399999999999999911, 14.00000000000000000, 7.620000000000000107 ) ) ;
#3399 = EDGE_LOOP ( 'NONE', ( #155, #1779, #761 ) ) ;
#3400 = ORIENTED_EDGE ( 'NONE', *, *, #3314, .F. ) ;
#3401 = ADVANCED_FACE ( 'NONE', ( #3649 ), #450, .T. ) ;
#3402 = CARTESIAN_POINT ( 'NONE',  ( 7.049999999999563727, 11.23499999999999766, 5.079999999999999183 ) ) ;
#3403 = CARTESIAN_POINT ( 'NONE',  ( 3.595871266169321956, 12.69953703112280330, 0.8556038592185818414 ) ) ;
#3404 = CARTESIAN_POINT ( 'NONE',  ( 4.500000000000006217, -2.700000000000370104, -5.579999999999928129 ) ) ;
#3405 = EDGE_LOOP ( 'NONE', ( #3253, #1226, #3831, #2809, #1541, #1470, #4, #2561 ) ) ;
#3406 = EDGE_CURVE ( 'NONE', #2278, #47, #2773, .T. ) ;
#3407 = CARTESIAN_POINT ( 'NONE',  ( 3.451341823670963205, 11.45812853167897494, -4.650371316632588694E-16 ) ) ;
#3408 = CARTESIAN_POINT ( 'NONE',  ( 3.449999999999992184, 11.31784271247448004, -8.879999999999999005 ) ) ;
#3409 = DIRECTION ( 'NONE',  ( 1.000000000000000000, 0.0000000000000000000, 0.0000000000000000000 ) ) ;
#3410 = DATE_AND_TIME ( #1707, #3948 ) ;
#3411 = CARTESIAN_POINT ( 'NONE',  ( 3.451341823664733077, 11.45812853167969969, 2.325185658323911292E-16 ) ) ;
#3412 = VERTEX_POINT ( 'NONE', #3054 ) ;
#3413 = EDGE_LOOP ( 'NONE', ( #1045, #1445, #2109, #3835 ) ) ;
#3414 = PRODUCT_DEFINITION_SHAPE ( 'NONE', 'NONE',  #952 ) ;
#3415 = DIRECTION ( 'NONE',  ( 0.0000000000000000000, 0.0000000000000000000, 1.000000000000000000 ) ) ;
#3416 = LINE ( 'NONE', #1420, #1971 ) ;
#3417 = CARTESIAN_POINT ( 'NONE',  ( 2.033826859021839795, 8.673617379884035472E-16, -8.025000000000080291 ) ) ;
#3418 = VERTEX_POINT ( 'NONE', #2376 ) ;
#3419 = ORIENTED_EDGE ( 'NONE', *, *, #1689, .F. ) ;
#3420 = LINE ( 'NONE', #32, #3020 ) ;
#3421 = DIRECTION ( 'NONE',  ( 1.000000000000000000, 0.0000000000000000000, 0.0000000000000000000 ) ) ;
#3422 = LINE ( 'NONE', #313, #4225 ) ;
#3423 = DIRECTION ( 'NONE',  ( 1.000000000000000000, -0.0000000000000000000, 0.0000000000000000000 ) ) ;
#3424 = VERTEX_POINT ( 'NONE', #2755 ) ;
#3425 = CARTESIAN_POINT ( 'NONE',  ( 10.25000000000000000, 6.799999999999999822, 7.620000000000000107 ) ) ;
#3426 = EDGE_CURVE ( 'NONE', #145, #1357, #3483, .T. ) ;
#3427 = AXIS2_PLACEMENT_3D ( 'NONE', #3528, #2774, #2799 ) ;
#3428 = ORIENTED_EDGE ( 'NONE', *, *, #190, .T. ) ;
#3429 = CARTESIAN_POINT ( 'NONE',  ( 5.299999999999990052, -9.540979117872439019E-15, 1.000000000000210054 ) ) ;
#3430 = VECTOR ( 'NONE', #3652, 1000.000000000000000 ) ;
#3431 = PLANE ( 'NONE',  #4153 ) ;
#3432 = CARTESIAN_POINT ( 'NONE',  ( 4.950000000000680522, 12.73298944267163257, 1.635789504932165128 ) ) ;
#3433 = ADVANCED_FACE ( 'NONE', ( #1763 ), #3452, .T. ) ;
#3434 = DIRECTION ( 'NONE',  ( 1.000000000000000000, 0.0000000000000000000, 0.0000000000000000000 ) ) ;
#3435 = LINE ( 'NONE', #3112, #4214 ) ;
#3436 = DIRECTION ( 'NONE',  ( 1.000000000000000000, 0.0000000000000000000, 0.0000000000000000000 ) ) ;
#3437 = VECTOR ( 'NONE', #3383, 1000.000000000000000 ) ;
#3438 = ORIENTED_EDGE ( 'NONE', *, *, #3569, .F. ) ;
#3439 = AXIS2_PLACEMENT_3D ( 'NONE', #4320, #4004, #3293 ) ;
#3440 = CARTESIAN_POINT ( 'NONE',  ( 7.010966932452110889, 12.73499999999999766, -5.080000000000000071 ) ) ;
#3441 = ADVANCED_FACE ( 'NONE', ( #4120 ), #3156, .T. ) ;
#3442 = CARTESIAN_POINT ( 'NONE',  ( 4.949999999999998401, 12.17219196889104005, 3.309077667208847995 ) ) ;
#3443 = VECTOR ( 'NONE', #2115, 1000.000000000000000 ) ;
#3444 = ORIENTED_EDGE ( 'NONE', *, *, #2475, .T. ) ;
#3445 = ORIENTED_EDGE ( 'NONE', *, *, #3379, .T. ) ;
#3446 = VECTOR ( 'NONE', #3484, 1000.000000000000000 ) ;
#3447 = PRODUCT_RELATED_PRODUCT_CATEGORY ( 'detail', '', ( #70 ) ) ;
#3448 = PLANE ( 'NONE',  #2388 ) ;
#3449 = ORIENTED_EDGE ( 'NONE', *, *, #938, .T. ) ;
#3450 = AXIS2_PLACEMENT_3D ( 'NONE', #2066, #340, #35 ) ;
#3451 = CARTESIAN_POINT ( 'NONE',  ( 3.650000000000416911, 11.23500000000000121, 5.080000000000000959 ) ) ;
#3452 = PLANE ( 'NONE',  #323 ) ;
#3453 = ORIENTED_EDGE ( 'NONE', *, *, #512, .T. ) ;
#3454 = CARTESIAN_POINT ( 'NONE',  ( 5.299999999999999822, -3.700000000000009948, -5.000000000000000000 ) ) ;
#3455 = VECTOR ( 'NONE', #2729, 1000.000000000000000 ) ;
#3456 = VERTEX_POINT ( 'NONE', #1117 ) ;
#3457 = ADVANCED_FACE ( 'NONE', ( #3150 ), #3739, .T. ) ;
#3458 = DIRECTION ( 'NONE',  ( -3.402072636421427165E-15, -0.9805806756909206667, 0.1961161351381814355 ) ) ;
#3459 = CARTESIAN_POINT ( 'NONE',  ( 8.466173140978199285, 6.599999999999999645, -8.025000000000000355 ) ) ;
#3460 = CARTESIAN_POINT ( 'NONE',  ( 4.949999999999999289, 12.64656426582933335, 1.714246796768620795 ) ) ;
#3461 =( NAMED_UNIT ( * ) SI_UNIT ( $, .STERADIAN. ) SOLID_ANGLE_UNIT ( ) );
#3462 = CARTESIAN_POINT ( 'NONE',  ( 2.033826859021839795, 6.599999999999999645, -8.025000000000080291 ) ) ;
#3463 = ORIENTED_EDGE ( 'NONE', *, *, #2752, .T. ) ;
#3464 = CC_DESIGN_SECURITY_CLASSIFICATION ( #2182, ( #4415 ) ) ;
#3465 = ADVANCED_FACE ( 'NONE', ( #1384 ), #3126, .F. ) ;
#3466 = CARTESIAN_POINT ( 'NONE',  ( 3.449999999999989964, 11.44273112629124967, 1.280000000000001359 ) ) ;
#3467 = CARTESIAN_POINT ( 'NONE',  ( 3.650000000000294342, 11.23500000000000121, -1.680000000000607896 ) ) ;
#3468 = B_SPLINE_CURVE_WITH_KNOTS ( 'NONE', 3,
 ( #576, #1925, #3001, #982 ),
 .UNSPECIFIED., .F., .F.,
 ( 4, 4 ),
 ( 2.697442093118649891E-15, 0.0007166189195523339382 ),
 .UNSPECIFIED. ) ;
#3469 = AXIS2_PLACEMENT_3D ( 'NONE', #4308, #3666, #632 ) ;
#3470 = ORIENTED_EDGE ( 'NONE', *, *, #87, .F. ) ;
#3471 = EDGE_LOOP ( 'NONE', ( #1637, #1555, #344, #2036 ) ) ;
#3472 = EDGE_CURVE ( 'NONE', #3396, #259, #977, .T. ) ;
#3473 = APPROVAL_PERSON_ORGANIZATION ( #3765, #2058, #2761 ) ;
#3474 = DIRECTION ( 'NONE',  ( 0.0000000000000000000, -0.0000000000000000000, 1.000000000000000000 ) ) ;
#3475 = ORIENTED_EDGE ( 'NONE', *, *, #1836, .T. ) ;
#3476 = ORIENTED_EDGE ( 'NONE', *, *, #2078, .T. ) ;
#3477 = DIRECTION ( 'NONE',  ( 0.0000000000000000000, 0.0000000000000000000, 1.000000000000000000 ) ) ;
#3478 = CARTESIAN_POINT ( 'NONE',  ( 9.449999999999999289, 14.00000000000000000, -7.620000000000000107 ) ) ;
#3479 = CARTESIAN_POINT ( 'NONE',  ( 5.749999999999932498, 12.72445880131370011, 1.658090098931876977 ) ) ;
#3480 = ORIENTED_EDGE ( 'NONE', *, *, #2653, .F. ) ;
#3481 = DIRECTION ( 'NONE',  ( 0.7071067811865480168, -0.7071067811865470176, 0.0000000000000000000 ) ) ;
#3482 = CARTESIAN_POINT ( 'NONE',  ( 9.300000000000000711, 6.799999999999999822, -7.620000000000000107 ) ) ;
#3483 =( BOUNDED_CURVE ( )  B_SPLINE_CURVE ( 3, ( #437, #107, #2418, #362 ),
 .UNSPECIFIED., .F., .T. ) 
 B_SPLINE_CURVE_WITH_KNOTS ( ( 4, 4 ),
 ( 0.0000000000000000000, 0.5000000007378365696 ),
 .UNSPECIFIED. ) 
 CURVE ( )  GEOMETRIC_REPRESENTATION_ITEM ( )  RATIONAL_B_SPLINE_CURVE ( ( 1.000000000000000000, 0.8584414864962361946, 0.8584414864962361946, 1.000000000000000000 ) ) 
 REPRESENTATION_ITEM ( '' )  );
#3484 = DIRECTION ( 'NONE',  ( -0.0000000000000000000, 0.0000000000000000000, 1.000000000000000000 ) ) ;
#3485 = DIRECTION ( 'NONE',  ( -0.0000000000000000000, -0.0000000000000000000, 1.000000000000000000 ) ) ;
#3486 = CARTESIAN_POINT ( 'NONE',  ( 7.249552224325724659, 11.45044927442902782, -5.080000000000002736 ) ) ;
#3487 = CONTEXT_DEPENDENT_SHAPE_REPRESENTATION ( #1127, #325 ) ;
#3488 = CARTESIAN_POINT ( 'NONE',  ( 7.249999999999991118, 11.44273112629124611, 2.326828918379971365E-16 ) ) ;
#3489 = EDGE_LOOP ( 'NONE', ( #2238, #916, #2189, #1255 ) ) ;
#3490 = CARTESIAN_POINT ( 'NONE',  ( 3.689033065990946714, 12.73500000000000121, 0.7947222752778299038 ) ) ;
#3491 = CARTESIAN_POINT ( 'NONE',  ( 7.249999999999991118, 11.43499999999999872, 5.079999999999999183 ) ) ;
#3492 = EDGE_CURVE ( 'NONE', #2205, #562, #3799, .T. ) ;
#3493 = VERTEX_POINT ( 'NONE', #4094 ) ;
#3494 = VERTEX_POINT ( 'NONE', #1053 ) ;
#3495 = B_SPLINE_CURVE_WITH_KNOTS ( 'NONE', 3,
 ( #3823, #3800, #4162, #1118, #796, #1178, #2192, #413, #2113, #3479, #2483, #3127, #2817, #3841, #814, #3992 ),
 .UNSPECIFIED., .F., .F.,
 ( 4, 3, 3, 3, 3, 4 ),
 ( 8.348284007425031896E-15, 3.308388942448985684E-05, 6.613717211494224662E-05, 9.966070390112443159E-05, 0.0001340858777773928055, 0.0001469394654597981024 ),
 .UNSPECIFIED. ) ;
#3496 = CARTESIAN_POINT ( 'NONE',  ( 9.250000000000000000, 2.199999999999997957, -1.299999999999998712 ) ) ;
#3497 = EDGE_CURVE ( 'NONE', #1588, #1618, #3758, .T. ) ;
#3498 = EDGE_CURVE ( 'NONE', #3658, #259, #2067, .T. ) ;
#3499 = ORIENTED_EDGE ( 'NONE', *, *, #2876, .F. ) ;
#3500 = ORIENTED_EDGE ( 'NONE', *, *, #1121, .T. ) ;
#3501 = DIRECTION ( 'NONE',  ( -1.000000000000000000, 3.338853781347929776E-28, -1.794541526872530066E-14 ) ) ;
#3502 = DIRECTION ( 'NONE',  ( -1.000000000000000000, 1.171453342316279939E-15, 5.517568307814269711E-16 ) ) ;
#3503 = DIRECTION ( 'NONE',  ( -0.0000000000000000000, 0.0000000000000000000, 1.000000000000000000 ) ) ;
#3504 = VERTEX_POINT ( 'NONE', #3078 ) ;
#3505 = CARTESIAN_POINT ( 'NONE',  ( 4.949999999999999289, 12.64656426582933335, 1.714246796768620795 ) ) ;
#3506 = LINE ( 'NONE', #1478, #1805 ) ;
#3507 = DIRECTION ( 'NONE',  ( 0.0000000000000000000, -0.0000000000000000000, -1.000000000000000000 ) ) ;
#3508 = PLANE ( 'NONE',  #1455 ) ;
#3509 = CC_DESIGN_DATE_AND_TIME_ASSIGNMENT ( #4103, #1063, ( #2597 ) ) ;
#3510 = APPROVAL_ROLE ( '' ) ;
#3511 = DIRECTION ( 'NONE',  ( 2.501911041408800138E-16, 1.000000000000000000, -0.0000000000000000000 ) ) ;
#3512 =( BOUNDED_SURFACE ( )  B_SPLINE_SURFACE ( 3, 3, ( 
 ( #2257, #3622, #586, #4312 ),
 ( #1268, #1932, #238, #1600 ),
 ( #2609, #3971, #3113, #3488 ),
 ( #2781, #2424, #1105, #1818 ) ),
 .UNSPECIFIED., .F., .F., .F. ) 
 B_SPLINE_SURFACE_WITH_KNOTS ( ( 4, 4 ),
 ( 4, 4 ),
 ( 0.0000000000000000000, 1.000000000000000000 ),
 ( 0.0000000000000000000, 1.000000000000000000 ),
 .UNSPECIFIED. ) 
 GEOMETRIC_REPRESENTATION_ITEM ( )  RATIONAL_B_SPLINE_SURFACE ( (
 ( 1.000000000000000000, 0.3333333333333334259, 0.3333333333333334259, 1.000000000000000000),
 ( 0.9988808742757321335, 0.3329602914252441370, 0.3329602914252441370, 0.9988808742757321335),
 ( 0.9988808742757321335, 0.3329602914252441370, 0.3329602914252441370, 0.9988808742757321335),
 ( 1.000000000000000000, 0.3333333333333334259, 0.3333333333333334259, 1.000000000000000000) ) ) 
 REPRESENTATION_ITEM ( '' )  SURFACE ( )  );
#3513 = VERTEX_POINT ( 'NONE', #36 ) ;
#3514 = DIRECTION ( 'NONE',  ( -1.171453342316279939E-15, -1.000000000000000000, 0.0000000000000000000 ) ) ;
#3515 = CIRCLE ( 'NONE', #530, 0.1999999999999996503 ) ;
#3516 = CARTESIAN_POINT ( 'NONE',  ( 4.178667269030222009, 12.73500000000000121, -1.420694998831673717 ) ) ;
#3517 = CARTESIAN_POINT ( 'NONE',  ( 3.689038437082762023, 12.73500000000000121, -5.080000006514261202 ) ) ;
#3518 = ORIENTED_EDGE ( 'NONE', *, *, #2843, .F. ) ;
#3519 = AXIS2_PLACEMENT_3D ( 'NONE', #3846, #2511, #3869 ) ;
#3520 = EDGE_CURVE ( 'NONE', #1057, #591, #4369, .T. ) ;
#3521 = CARTESIAN_POINT ( 'NONE',  ( 0.0000000000000000000, 0.0000000000000000000, 7.620000000000000107 ) ) ;
#3522 = AXIS2_PLACEMENT_3D ( 'NONE', #750, #4139, #685 ) ;
#3523 = ORIENTED_EDGE ( 'NONE', *, *, #3039, .T. ) ;
#3524 = ORIENTED_EDGE ( 'NONE', *, *, #4297, .F. ) ;
#3525 = EDGE_LOOP ( 'NONE', ( #2106, #3352, #1774, #909 ) ) ;
#3526 = LINE ( 'NONE', #773, #830 ) ;
#3527 = DIRECTION ( 'NONE',  ( 1.224646799147353207E-16, -1.434616586018100824E-31, -1.000000000000000000 ) ) ;
#3528 = CARTESIAN_POINT ( 'NONE',  ( 1.942790561913620095, 6.600000000000010303, 7.129999999999999893 ) ) ;
#3529 = CARTESIAN_POINT ( 'NONE',  ( 5.701341293122029086, 12.73499999999999766, 3.456617590816402963 ) ) ;
#3530 = AXIS2_PLACEMENT_3D ( 'NONE', #3757, #2661, #1383 ) ;
#3531 = ADVANCED_FACE ( 'NONE', ( #542 ), #196, .T. ) ;
#3532 = VECTOR ( 'NONE', #3974, 1000.000000000000000 ) ;
#3533 = CARTESIAN_POINT ( 'NONE',  ( 10.25000000000000000, 1.700000000000009504, 6.880000000000000782 ) ) ;
#3534 = DIRECTION ( 'NONE',  ( -1.000000000000000000, 1.171453342316279939E-15, 5.517568307814269711E-16 ) ) ;
#3535 = CALENDAR_DATE ( 2019, 21, 10 ) ;
#3536 = DIRECTION ( 'NONE',  ( -1.000000000000000000, 0.0000000000000000000, 0.0000000000000000000 ) ) ;
#3537 = CARTESIAN_POINT ( 'NONE',  ( 7.049999999999685407, 11.23499999999999766, -3.399999999999389289 ) ) ;
#3538 = CARTESIAN_POINT ( 'NONE',  ( 3.532842712474772107, 11.23499999999982180, 5.080000000000000959 ) ) ;
#3539 = ORGANIZATION ( 'NAUO-ORG1', 'UNSPECIFIED', 'UNSPECIFIED' ) ;
#3540 = ORIENTED_EDGE ( 'NONE', *, *, #816, .T. ) ;
#3541 = LINE ( 'NONE', #2934, #2639 ) ;
#3542 = CARTESIAN_POINT ( 'NONE',  ( 4.950000000000698286, 12.66838590191646219, 3.370302590016726274 ) ) ;
#3543 = CARTESIAN_POINT ( 'NONE',  ( 7.249999999999992006, 11.31784271247447649, 2.326828918379972844E-16 ) ) ;
#3544 = ADVANCED_FACE ( 'NONE', ( #2816 ), #131, .T. ) ;
#3545 = CARTESIAN_POINT ( 'NONE',  ( 5.712622210151656610, 12.73499999999999410, -1.675506206254600450 ) ) ;
#3546 = AXIS2_PLACEMENT_3D ( 'NONE', #884, #1901, #3252 ) ;
#3547 = CARTESIAN_POINT ( 'NONE',  ( 5.749999999999999112, 11.93500000000000050, -1.969999999999999973 ) ) ;
#3548 = CARTESIAN_POINT ( 'NONE',  ( 7.325000000000000178, 13.99999999999999822, 0.0000000000000000000 ) ) ;
#3549 = CARTESIAN_POINT ( 'NONE',  ( 7.049999999999561950, 11.23499999999999766, -5.080000000000000959 ) ) ;
#3550 = ORIENTED_EDGE ( 'NONE', *, *, #1291, .T. ) ;
#3551 = ADVANCED_FACE ( 'NONE', ( #1557 ), #1910, .T. ) ;
#3552 = DIRECTION ( 'NONE',  ( 0.0000000000000000000, 0.0000000000000000000, 1.000000000000000000 ) ) ;
#3553 = LINE ( 'NONE', #4228, #2573 ) ;
#3554 = APPROVAL_STATUS ( 'not_yet_approved' ) ;
#3555 = CARTESIAN_POINT ( 'NONE',  ( 9.449999999999999289, 6.799999999999999822, -7.620000000000000107 ) ) ;
#3556 = CARTESIAN_POINT ( 'NONE',  ( 9.250000000000000000, 5.200000000000003730, 3.780000000000001581 ) ) ;
#3557 = EDGE_CURVE ( 'NONE', #209, #458, #2028, .T. ) ;
#3558 = ORIENTED_EDGE ( 'NONE', *, *, #1672, .F. ) ;
#3559 = CARTESIAN_POINT ( 'NONE',  ( 4.178667269030220233, 12.73500000000000121, 3.659305001168327465 ) ) ;
#3560 = CARTESIAN_POINT ( 'NONE',  ( 3.650000000000416911, 11.23500000000000121, 0.0000000000000000000 ) ) ;
#3561 = DIRECTION ( 'NONE',  ( 1.000000000000000000, 0.0000000000000000000, 0.0000000000000000000 ) ) ;
#3562 = ORIENTED_EDGE ( 'NONE', *, *, #3241, .T. ) ;
#3563 = DIRECTION ( 'NONE',  ( 0.0000000000000000000, 0.0000000000000000000, 1.000000000000000000 ) ) ;
#3564 = ORIENTED_EDGE ( 'NONE', *, *, #3761, .F. ) ;
#3565 = ORIENTED_EDGE ( 'NONE', *, *, #2821, .F. ) ;
#3566 = DIRECTION ( 'NONE',  ( -1.084202172485509956E-15, -1.000000000000000000, 0.0000000000000000000 ) ) ;
#3567 = CARTESIAN_POINT ( 'NONE',  ( 8.557209438086390563, 6.599999999999999645, 7.000000000000000000 ) ) ;
#3568 = VERTEX_POINT ( 'NONE', #3548 ) ;
#3569 = EDGE_CURVE ( 'NONE', #3412, #655, #1537, .T. ) ;
#3570 = FACE_OUTER_BOUND ( 'NONE', #2168, .T. ) ;
#3571 = CARTESIAN_POINT ( 'NONE',  ( 0.0000000000000000000, 10.00000000000000000, 7.620000000000000107 ) ) ;
#3572 = DATE_AND_TIME ( #3033, #3941 ) ;
#3573 = DIRECTION ( 'NONE',  ( 2.501911041408800138E-16, 1.000000000000000000, -0.0000000000000000000 ) ) ;
#3574 = EDGE_CURVE ( 'NONE', #1447, #3796, #1850, .T. ) ;
#3575 = PLANE ( 'NONE',  #1675 ) ;
#3576 = CARTESIAN_POINT ( 'NONE',  ( 4.950000000000678746, 12.72910876695780402, 6.726903183719896262 ) ) ;
#3577 = ORIENTED_EDGE ( 'NONE', *, *, #2275, .T. ) ;
#3578 = CIRCLE ( 'NONE', #2012, 1.900000000000000133 ) ;
#3579 = ADVANCED_FACE ( 'NONE', ( #152 ), #1155, .T. ) ;
#3580 = FACE_OUTER_BOUND ( 'NONE', #3118, .T. ) ;
#3581 = CIRCLE ( 'NONE', #3439, 1.898658176328942071 ) ;
#3582 = CC_DESIGN_PERSON_AND_ORGANIZATION_ASSIGNMENT ( #19, #43, ( #557 ) ) ;
#3583 = VECTOR ( 'NONE', #4124, 1000.000000000000000 ) ;
#3584 = CARTESIAN_POINT ( 'NONE',  ( 0.8535898384862236066, 6.599999999999999645, -8.220000000000000639 ) ) ;
#3585 = CARTESIAN_POINT ( 'NONE',  ( 3.595871267840947461, 12.69953703111901433, -0.8556038611919069004 ) ) ;
#3586 = ORIENTED_EDGE ( 'NONE', *, *, #2011, .F. ) ;
#3587 = CARTESIAN_POINT ( 'NONE',  ( 3.450447775674257311, 11.45044927442903138, -8.879104448651466086 ) ) ;
#3588 = CARTESIAN_POINT ( 'NONE',  ( 8.014137117667722521, 12.73499999999999766, -3.902600228294697438 ) ) ;
#3589 = CIRCLE ( 'NONE', #1820, 1.760296020627533320 ) ;
#3590 = PERSON_AND_ORGANIZATION_ROLE ( 'classification_officer' ) ;
#3591 = EDGE_CURVE ( 'NONE', #2757, #2278, #2894, .T. ) ;
#3592 = VECTOR ( 'NONE', #3870, 1000.000000000000000 ) ;
#3593 = DIRECTION ( 'NONE',  ( 0.0000000000000000000, 0.0000000000000000000, -1.000000000000000000 ) ) ;
#3594 = EDGE_CURVE ( 'NONE', #496, #3959, #3174, .T. ) ;
#3595 = VERTEX_POINT ( 'NONE', #1890 ) ;
#3596 = DIRECTION ( 'NONE',  ( 1.000000000000000000, 0.0000000000000000000, -0.0000000000000000000 ) ) ;
#3597 = ORIENTED_EDGE ( 'NONE', *, *, #4135, .F. ) ;
#3598 = EDGE_CURVE ( 'NONE', #68, #2521, #1216, .T. ) ;
#3599 = ORIENTED_EDGE ( 'NONE', *, *, #1360, .F. ) ;
#3600 = CARTESIAN_POINT ( 'NONE',  ( 4.499999999999979572, 4.784159143999949571, 6.080000000000190141 ) ) ;
#3601 = DIRECTION ( 'NONE',  ( 1.000000000000000000, -9.854725885015578669E-16, 0.0000000000000000000 ) ) ;
#3602 = ORIENTED_EDGE ( 'NONE', *, *, #3938, .F. ) ;
#3603 = AXIS2_PLACEMENT_3D ( 'NONE', #2624, #3987, #2297 ) ;
#3604 = FACE_BOUND ( 'NONE', #1090, .T. ) ;
#3605 = DIRECTION ( 'NONE',  ( 1.171453342316279939E-15, 1.000000000000000000, 0.0000000000000000000 ) ) ;
#3606 = PERSON_AND_ORGANIZATION_ROLE ( 'classification_officer' ) ;
#3607 = CARTESIAN_POINT ( 'NONE',  ( 5.749999999995260680, 12.69570467254462010, -1.694697213584748452 ) ) ;
#3608 = DIRECTION ( 'NONE',  ( -0.4999999999999999445, 0.0000000000000000000, -0.8660254037844387076 ) ) ;
#3609 = CARTESIAN_POINT ( 'NONE',  ( 10.25000000000000000, 0.0000000000000000000, 7.620000000000000107 ) ) ;
#3610 = ORIENTED_EDGE ( 'NONE', *, *, #1806, .T. ) ;
#3611 = CARTESIAN_POINT ( 'NONE',  ( 4.499999999999992006, -3.700000000000016609, -4.780000000000001137 ) ) ;
#3612 = ADVANCED_FACE ( 'NONE', ( #856 ), #1498, .F. ) ;
#3613 = CARTESIAN_POINT ( 'NONE',  ( 1.942790561913620095, 6.600000000000010303, 7.000000000000000000 ) ) ;
#3614 = EDGE_LOOP ( 'NONE', ( #3775, #2102, #4157, #930, #324, #3577, #1277, #4113 ) ) ;
#3615 = ORIENTED_EDGE ( 'NONE', *, *, #1144, .F. ) ;
#3616 = VERTEX_POINT ( 'NONE', #1135 ) ;
#3617 = CARTESIAN_POINT ( 'NONE',  ( 5.749999999996039612, 12.65427415702094116, -1.713010294740996420 ) ) ;
#3618 = ADVANCED_FACE ( 'NONE', ( #2154 ), #2482, .F. ) ;
#3619 = CARTESIAN_POINT ( 'NONE',  ( 3.689033065990946714, 12.73500000000000121, -4.285277724722170944 ) ) ;
#3620 = CARTESIAN_POINT ( 'NONE',  ( 7.248658176322919644, 11.45812853178540536, 5.080000000000000071 ) ) ;
#3621 = ORIENTED_EDGE ( 'NONE', *, *, #519, .F. ) ;
#3622 = CARTESIAN_POINT ( 'NONE',  ( 3.451341823670963205, 11.45812853167897671, 3.797316352658052896 ) ) ;
#3623 = DIRECTION ( 'NONE',  ( -1.000000000000000000, 3.334909476821824268E-28, -1.794541526872530066E-14 ) ) ;
#3624 = CARTESIAN_POINT ( 'NONE',  ( 5.350000000000000533, 13.99999999999999822, -5.080000000000000071 ) ) ;
#3625 = CARTESIAN_POINT ( 'NONE',  ( 8.085622008323127829, 12.64656426582414461, -6.288992099812091396 ) ) ;
#3626 = ORIENTED_EDGE ( 'NONE', *, *, #3598, .T. ) ;
#3627 = DIRECTION ( 'NONE',  ( 0.0000000000000000000, 0.0000000000000000000, 1.000000000000000000 ) ) ;
#3628 = CARTESIAN_POINT ( 'NONE',  ( 3.650000000000416911, 11.23500000000000121, -5.080000000000000959 ) ) ;
#3629 = CARTESIAN_POINT ( 'NONE',  ( 3.449999999999989075, 11.31784271247447826, -5.080000000000000959 ) ) ;
#3630 = CARTESIAN_POINT ( 'NONE',  ( 5.749999999999999112, 11.93500000000000050, -7.049999999999999822 ) ) ;
#3631 = ORIENTED_EDGE ( 'NONE', *, *, #2178, .F. ) ;
#3632 = ORIENTED_EDGE ( 'NONE', *, *, #2747, .T. ) ;
#3633 = FACE_OUTER_BOUND ( 'NONE', #885, .T. ) ;
#3634 = CARTESIAN_POINT ( 'NONE',  ( 5.749999999995260680, 12.67614242096979638, 3.373454429892019935 ) ) ;
#3635 = DIRECTION ( 'NONE',  ( 0.8164965809277260345, -0.4082482904638622956, 0.4082482904638637389 ) ) ;
#3636 =( BOUNDED_CURVE ( )  B_SPLINE_CURVE ( 3, ( #2200, #2828, #3559, #2514 ),
 .UNSPECIFIED., .F., .T. ) 
 B_SPLINE_CURVE_WITH_KNOTS ( ( 4, 4 ),
 ( 0.5000000007378365696, 1.000000000000000000 ),
 .UNSPECIFIED. ) 
 CURVE ( )  GEOMETRIC_REPRESENTATION_ITEM ( )  RATIONAL_B_SPLINE_CURVE ( ( 1.000000000000000000, 0.8584414873009038605, 0.8584414873009038605, 1.000000000000000000 ) ) 
 REPRESENTATION_ITEM ( '' )  );
#3637 = ORIENTED_EDGE ( 'NONE', *, *, #2202, .F. ) ;
#3638 = ORIENTED_EDGE ( 'NONE', *, *, #1148, .T. ) ;
#3639 = EDGE_CURVE ( 'NONE', #4089, #4224, #2877, .T. ) ;
#3640 = VECTOR ( 'NONE', #1062, 999.9999999999998863 ) ;
#3641 = CARTESIAN_POINT ( 'NONE',  ( 5.750000000000001776, 12.64656426582888926, 6.794246796764878304 ) ) ;
#3642 = LINE ( 'NONE', #3584, #2850 ) ;
#3643 = VECTOR ( 'NONE', #3062, 999.9999999999998863 ) ;
#3644 = ORIENTED_EDGE ( 'NONE', *, *, #1933, .T. ) ;
#3645 = ORIENTED_EDGE ( 'NONE', *, *, #1195, .T. ) ;
#3646 = LINE ( 'NONE', #4357, #2151 ) ;
#3647 = AXIS2_PLACEMENT_3D ( 'NONE', #2289, #2576, #2954 ) ;
#3648 = PLANE ( 'NONE',  #178 ) ;
#3649 = FACE_OUTER_BOUND ( 'NONE', #266, .T. ) ;
#3650 = FACE_OUTER_BOUND ( 'NONE', #3896, .T. ) ;
#3651 = ORIENTED_EDGE ( 'NONE', *, *, #2821, .T. ) ;
#3652 = DIRECTION ( 'NONE',  ( 1.794541526872530066E-14, -0.0000000000000000000, -1.000000000000000000 ) ) ;
#3653 = VECTOR ( 'NONE', #2377, 1000.000000000000114 ) ;
#3654 = EDGE_CURVE ( 'NONE', #1640, #4317, #2670, .T. ) ;
#3655 = CARTESIAN_POINT ( 'NONE',  ( 4.949999999999999289, 11.93499999999701977, 6.879211327335720938 ) ) ;
#3656 = CARTESIAN_POINT ( 'NONE',  ( 3.449999999999988631, 11.31784271247448004, -1.279999999999996474 ) ) ;
#3657 = CARTESIAN_POINT ( 'NONE',  ( 5.749999999999869438, 12.73473344514865779, 6.700762266914636278 ) ) ;
#3658 = VERTEX_POINT ( 'NONE', #3897 ) ;
#3659 = ORIENTED_EDGE ( 'NONE', *, *, #1456, .F. ) ;
#3660 = CARTESIAN_POINT ( 'NONE',  ( 4.499999999999992006, -3.700000000000016609, 0.2999999999999971023 ) ) ;
#3661 = CARTESIAN_POINT ( 'NONE',  ( 4.500000000000000000, -3.700000000000009948, 4.780000000000000249 ) ) ;
#3662 = CARTESIAN_POINT ( 'NONE',  ( 9.449999999999999289, 7.600000000000000533, 7.620000000000000107 ) ) ;
#3663 = AXIS2_PLACEMENT_3D ( 'NONE', #58, #461, #3822 ) ;
#3664 = CARTESIAN_POINT ( 'NONE',  ( 5.749999999999999112, 11.93500000000000050, 3.109999999999999876 ) ) ;
#3665 = ORIENTED_EDGE ( 'NONE', *, *, #649, .T. ) ;
#3666 = DIRECTION ( 'NONE',  ( -1.171453342316279939E-15, -1.000000000000000000, -0.0000000000000000000 ) ) ;
#3667 = DIRECTION ( 'NONE',  ( -1.171453342316279939E-15, -1.000000000000000000, 0.0000000000000000000 ) ) ;
#3668 = ORIENTED_EDGE ( 'NONE', *, *, #3736, .T. ) ;
#3669 = VERTEX_POINT ( 'NONE', #868 ) ;
#3670 = APPROVAL_PERSON_ORGANIZATION ( #2702, #3914, #548 ) ;
#3671 = FACE_BOUND ( 'NONE', #1334, .T. ) ;
#3672 = CARTESIAN_POINT ( 'NONE',  ( 4.950000000000155609, 12.71295948527728292, -6.757530025091522674 ) ) ;
#3673 = AXIS2_PLACEMENT_3D ( 'NONE', #4201, #893, #2501 ) ;
#3674 = DIRECTION ( 'NONE',  ( -0.4999999999999996669, 0.0000000000000000000, 0.8660254037844388186 ) ) ;
#3675 = EDGE_CURVE ( 'NONE', #1356, #2207, #480, .T. ) ;
#3676 = VERTEX_POINT ( 'NONE', #3641 ) ;
#3677 = DIRECTION ( 'NONE',  ( 1.224646799147353207E-16, -1.434616586018100824E-31, -1.000000000000000000 ) ) ;
#3678 = AXIS2_PLACEMENT_3D ( 'NONE', #2811, #3893, #3833 ) ;
#3679 = CARTESIAN_POINT ( 'NONE',  ( 3.449999999999990408, 11.43500000000000583, -1.279999999999998472 ) ) ;
#3680 = EDGE_CURVE ( 'NONE', #3122, #3130, #3875, .T. ) ;
#3681 = DIRECTION ( 'NONE',  ( 0.0000000000000000000, 0.0000000000000000000, 1.000000000000000000 ) ) ;
#3682 = VERTEX_POINT ( 'NONE', #1953 ) ;
#3683 = DIRECTION ( 'NONE',  ( 0.0000000000000000000, 1.000000000000000000, 0.0000000000000000000 ) ) ;
#3684 = DIRECTION ( 'NONE',  ( -1.931148907734990011E-16, 2.262250842476587301E-31, -1.000000000000000000 ) ) ;
#3685 = CARTESIAN_POINT ( 'NONE',  ( 1.199999999999999734, 6.799999999999999822, -7.620000000000000107 ) ) ;
#3686 = ORIENTED_EDGE ( 'NONE', *, *, #3397, .T. ) ;
#3687 = EDGE_LOOP ( 'NONE', ( #3690, #3692, #3558, #183 ) ) ;
#3688 = ORIENTED_EDGE ( 'NONE', *, *, #3726, .T. ) ;
#3689 = CYLINDRICAL_SURFACE ( 'NONE', #2316, 0.2999999999999999334 ) ;
#3690 = ORIENTED_EDGE ( 'NONE', *, *, #3340, .F. ) ;
#3691 = ORIENTED_EDGE ( 'NONE', *, *, #4319, .T. ) ;
#3692 = ORIENTED_EDGE ( 'NONE', *, *, #4049, .F. ) ;
#3693 = CARTESIAN_POINT ( 'NONE',  ( 5.349999999999999645, 10.44999999999999929, 0.0000000000000000000 ) ) ;
#3694 = CARTESIAN_POINT ( 'NONE',  ( 4.949999999999999289, 11.93500000000000050, 3.109999999999999876 ) ) ;
#3695 = CARTESIAN_POINT ( 'NONE',  ( 10.25000000000000000, 6.200000000000001954, 6.879999999999995453 ) ) ;
#3696 = VERTEX_POINT ( 'NONE', #1929 ) ;
#3697 = ADVANCED_FACE ( 'NONE', ( #2655 ), #3689, .F. ) ;
#3698 = B_SPLINE_CURVE_WITH_KNOTS ( 'NONE', 3,
 ( #4248, #1198, #583, #2211, #2607, #1930, #1598, #543, #3239, #1558, #3280, #2943, #4309, #3967, #1058, #392 ),
 .UNSPECIFIED., .F., .F.,
 ( 4, 3, 3, 3, 3, 4 ),
 ( 0.0000000000000000000, 3.531517381903924332E-05, 7.066450544071289702E-05, 0.0001054618491224981026, 0.0001392987215212461991, 0.0001469974402480885294 ),
 .UNSPECIFIED. ) ;
#3699 = LINE ( 'NONE', #4412, #2995 ) ;
#3700 = CARTESIAN_POINT ( 'NONE',  ( 5.349999999999989875, 11.45812853167969791, -5.080000000000000071 ) ) ;
#3701 = CARTESIAN_POINT ( 'NONE',  ( 0.9446261355944070015, 8.673617379884035472E-16, 7.195000000000000284 ) ) ;
#3702 = ORIENTED_EDGE ( 'NONE', *, *, #2222, .T. ) ;
#3703 = ADVANCED_FACE ( 'NONE', ( #2606 ), #498, .T. ) ;
#3704 = CARTESIAN_POINT ( 'NONE',  ( 9.449999999999999289, 7.600000000000000533, -7.620000000000001883 ) ) ;
#3705 = CARTESIAN_POINT ( 'NONE',  ( 5.749999999999319655, 12.72522597148189405, 3.421977066808654655 ) ) ;
#3706 = CARTESIAN_POINT ( 'NONE',  ( 4.130405133862626421, 12.69953703111901611, -6.603684330418799320 ) ) ;
#3707 = CARTESIAN_POINT ( 'NONE',  ( 4.949999999999999289, 12.65751425528028840, -1.712937712264779533 ) ) ;
#3708 = ORIENTED_EDGE ( 'NONE', *, *, #860, .T. ) ;
#3709 = EDGE_CURVE ( 'NONE', #3658, #2602, #2243, .T. ) ;
#3710 = CARTESIAN_POINT ( 'NONE',  ( 4.973902936676230624, 12.73500000000000121, -3.407466917084829738 ) ) ;
#3711 = ORIENTED_EDGE ( 'NONE', *, *, #3675, .F. ) ;
#3712 = AXIS2_PLACEMENT_3D ( 'NONE', #4184, #1156, #2502 ) ;
#3713 = VERTEX_POINT ( 'NONE', #1288 ) ;
#3714 = VECTOR ( 'NONE', #2488, 1000.000000000000114 ) ;
#3715 = FACE_OUTER_BOUND ( 'NONE', #988, .T. ) ;
#3716 = CARTESIAN_POINT ( 'NONE',  ( 5.750000000000000000, 12.40938025447665716, 3.337397567517154773 ) ) ;
#3717 = PLANE ( 'NONE',  #3522 ) ;
#3718 = VERTEX_POINT ( 'NONE', #1007 ) ;
#3719 = CARTESIAN_POINT ( 'NONE',  ( 5.299999999999990052, -9.540979117872439019E-15, 6.080000000000209681 ) ) ;
#3720 = AXIS2_PLACEMENT_3D ( 'NONE', #1231, #3934, #2997 ) ;
#3721 = CARTESIAN_POINT ( 'NONE',  ( 4.950000000000073896, 12.72947253920386856, 3.432234320928129634 ) ) ;
#3722 = FACE_OUTER_BOUND ( 'NONE', #2764, .T. ) ;
#3723 = CARTESIAN_POINT ( 'NONE',  ( 7.049999999999686295, 11.23499999999999766, 3.399999999999391509 ) ) ;
#3724 = CARTESIAN_POINT ( 'NONE',  ( 5.749999999999992895, 12.73499999999999943, 1.612082860990527999 ) ) ;
#3725 = APPROVAL_ROLE ( '' ) ;
#3726 = EDGE_CURVE ( 'NONE', #4027, #2136, #2881, .T. ) ;
#3727 = ORIENTED_EDGE ( 'NONE', *, *, #1841, .F. ) ;
#3728 = DIRECTION ( 'NONE',  ( 1.000000000000000000, 0.0000000000000000000, -0.0000000000000000000 ) ) ;
#3729 = AXIS2_PLACEMENT_3D ( 'NONE', #3949, #613, #3924 ) ;
#3730 = EDGE_CURVE ( 'NONE', #4224, #2626, #306, .T. ) ;
#3731 = VERTEX_POINT ( 'NONE', #3306 ) ;
#3732 = ORIENTED_EDGE ( 'NONE', *, *, #1399, .F. ) ;
#3733 = AXIS2_PLACEMENT_3D ( 'NONE', #1464, #1130, #1439 ) ;
#3734 = DIRECTION ( 'NONE',  ( -2.501911041408800138E-16, -1.000000000000000000, 0.0000000000000000000 ) ) ;
#3735 = ORIENTED_EDGE ( 'NONE', *, *, #1703, .F. ) ;
#3736 = EDGE_CURVE ( 'NONE', #2870, #410, #1621, .T. ) ;
#3737 = DIRECTION ( 'NONE',  ( -2.501911041408800138E-16, -1.000000000000000000, 0.0000000000000000000 ) ) ;
#3738 = CARTESIAN_POINT ( 'NONE',  ( 7.049999999999688960, 11.23499999999999766, 8.479999999999392912 ) ) ;
#3739 = CYLINDRICAL_SURFACE ( 'NONE', #3663, 0.2999999999999999334 ) ;
#3740 = CARTESIAN_POINT ( 'NONE',  ( 5.750000000000001776, 12.65751425528054419, -3.367062287735286041 ) ) ;
#3741 = CARTESIAN_POINT ( 'NONE',  ( 7.249999999999991118, 11.43499999999999872, 2.326828918379971365E-16 ) ) ;
#3742 = ORIENTED_EDGE ( 'NONE', *, *, #402, .F. ) ;
#3743 = CIRCLE ( 'NONE', #3603, 1.760296020627533320 ) ;
#3744 = CARTESIAN_POINT ( 'NONE',  ( 7.248658176329017877, 11.45812853167897138, 2.325185658316293854E-16 ) ) ;
#3745 = CARTESIAN_POINT ( 'NONE',  ( 8.332042833102427437, 6.599999999999999645, 7.000000000000000888 ) ) ;
#3746 = DATE_AND_TIME ( #3089, #2952 ) ;
#3747 = LOCAL_TIME ( 21, 35, 26.00000000000000000, #1653 ) ;
#3748 = EDGE_LOOP ( 'NONE', ( #3499, #912, #1248, #2350 ) ) ;
#3749 = CC_DESIGN_APPROVAL ( #3914, ( #1402 ) ) ;
#3750 = CARTESIAN_POINT ( 'NONE',  ( 3.451341823670963205, 11.45812853167897494, 5.080000000000000071 ) ) ;
#3751 = DIRECTION ( 'NONE',  ( 1.000000000000000000, 0.0000000000000000000, 0.0000000000000000000 ) ) ;
#3752 = ORIENTED_EDGE ( 'NONE', *, *, #3263, .F. ) ;
#3753 = ORIENTED_EDGE ( 'NONE', *, *, #3520, .F. ) ;
#3754 = EDGE_CURVE ( 'NONE', #2136, #4027, #3388, .T. ) ;
#3755 = CARTESIAN_POINT ( 'NONE',  ( 7.010966932452109113, 12.73499999999999766, 4.285277722835901137 ) ) ;
#3756 = EDGE_CURVE ( 'NONE', #3045, #2832, #418, .T. ) ;
#3757 = CARTESIAN_POINT ( 'NONE',  ( 1.078756443470130000, 6.599999999999999645, -8.090000000000079794 ) ) ;
#3758 = LINE ( 'NONE', #728, #2101 ) ;
#3759 = CARTESIAN_POINT ( 'NONE',  ( 5.749999999999869438, 12.73473344514865779, -3.459237733085362976 ) ) ;
#3760 = EDGE_LOOP ( 'NONE', ( #2461, #3428, #1773, #4062, #1922, #3810, #3708, #2144 ) ) ;
#3761 = EDGE_CURVE ( 'NONE', #1180, #2826, #2942, .T. ) ;
#3762 = CARTESIAN_POINT ( 'NONE',  ( 5.749999999999999112, 11.93499999999701977, -1.799211327335711763 ) ) ;
#3763 = FACE_BOUND ( 'NONE', #4032, .T. ) ;
#3764 = CARTESIAN_POINT ( 'NONE',  ( 3.451341823670963205, 11.45812853167897671, -5.080000000000000071 ) ) ;
#3765 = PERSON_AND_ORGANIZATION ( #4411, #194 ) ;
#3766 = LINE ( 'NONE', #1461, #386 ) ;
#3767 = CC_DESIGN_PERSON_AND_ORGANIZATION_ASSIGNMENT ( #1393, #2099, ( #2597 ) ) ;
#3768 = DIRECTION ( 'NONE',  ( -0.0000000000000000000, -1.000000000000000000, -0.0000000000000000000 ) ) ;
#3769 = CARTESIAN_POINT ( 'NONE',  ( 4.949999999999999289, 12.64656426582875959, 3.365753203235099633 ) ) ;
#3770 = EDGE_LOOP ( 'NONE', ( #3014, #4061, #2190, #4409 ) ) ;
#3771 = ORIENTED_EDGE ( 'NONE', *, *, #2495, .T. ) ;
#3772 = PLANE ( 'NONE',  #1051 ) ;
#3773 = VERTEX_POINT ( 'NONE', #3991 ) ;
#3774 = EDGE_CURVE ( 'NONE', #2626, #4300, #233, .T. ) ;
#3775 = ORIENTED_EDGE ( 'NONE', *, *, #460, .T. ) ;
#3776 = LINE ( 'NONE', #706, #1108 ) ;
#3777 = DIRECTION ( 'NONE',  ( -1.000000000000000000, 0.0000000000000000000, 0.0000000000000000000 ) ) ;
#3778 = VECTOR ( 'NONE', #3503, 1000.000000000000000 ) ;
#3779 = PLANE ( 'NONE',  #2145 ) ;
#3780 =( BOUNDED_SURFACE ( )  B_SPLINE_SURFACE ( 3, 3, ( 
 ( #1157, #110, #4249, #3529 ),
 ( #1500, #1199, #439, #1453 ),
 ( #2176, #3802, #2837, #4222 ),
 ( #2503, #776, #815, #1476 ) ),
 .UNSPECIFIED., .F., .F., .F. ) 
 B_SPLINE_SURFACE_WITH_KNOTS ( ( 4, 4 ),
 ( 4, 4 ),
 ( 0.0000000000000000000, 1.000000000000000000 ),
 ( 0.0000000000000000000, 1.000000000000000000 ),
 .UNSPECIFIED. ) 
 GEOMETRIC_REPRESENTATION_ITEM ( )  RATIONAL_B_SPLINE_SURFACE ( (
 ( 1.000000000000000000, 0.4743521123180107213, 0.4743521123180107213, 1.000000000000000000),
 ( 0.8312495820341851971, 0.3943049951013792853, 0.3943049951013792853, 0.8312495820341851971),
 ( 0.8312495820341851971, 0.3943049951013792853, 0.3943049951013792853, 0.8312495820341851971),
 ( 1.000000000000000000, 0.4743521123180107213, 0.4743521123180107213, 1.000000000000000000) ) ) 
 REPRESENTATION_ITEM ( '' )  SURFACE ( )  );
#3781 = AXIS2_PLACEMENT_3D ( 'NONE', #863, #3573, #2902 ) ;
#3782 = LINE ( 'NONE', #1015, #3923 ) ;
#3783 = LINE ( 'NONE', #3745, #471 ) ;
#3784 = CARTESIAN_POINT ( 'NONE',  ( 3.449999999999990408, 11.44273112629125144, 5.080000000000001847 ) ) ;
#3785 = FACE_OUTER_BOUND ( 'NONE', #1593, .T. ) ;
#3786 = VECTOR ( 'NONE', #347, 1000.000000000000341 ) ;
#3787 = ADVANCED_FACE ( 'NONE', ( #1313 ), #2438, .T. ) ;
#3788 = ORIENTED_EDGE ( 'NONE', *, *, #1049, .F. ) ;
#3789 = VECTOR ( 'NONE', #2884, 999.9999999999998863 ) ;
#3790 = CARTESIAN_POINT ( 'NONE',  ( 7.249999999999990230, 11.44273112629124434, 1.279999999999997362 ) ) ;
#3791 = DIRECTION ( 'NONE',  ( 1.000000000000000000, -1.171453342316279939E-15, -1.931148907734990011E-16 ) ) ;
#3792 = ORIENTED_EDGE ( 'NONE', *, *, #3291, .T. ) ;
#3793 = EDGE_LOOP ( 'NONE', ( #4018, #585, #2977 ) ) ;
#3794 = CIRCLE ( 'NONE', #2025, 1.974999999999999423 ) ;
#3795 = CYLINDRICAL_SURFACE ( 'NONE', #1548, 1.975000000000000089 ) ;
#3796 = VERTEX_POINT ( 'NONE', #2370 ) ;
#3797 = VECTOR ( 'NONE', #3356, 1000.000000000000000 ) ;
#3798 = DIRECTION ( 'NONE',  ( -3.402072636419578469E-15, 0.9805806756909202226, 0.1961161351381837115 ) ) ;
#3799 = LINE ( 'NONE', #708, #3455 ) ;
#3800 = CARTESIAN_POINT ( 'NONE',  ( 5.750000000000003553, 12.65751425528054419, 1.712937712264713808 ) ) ;
#3801 = VERTEX_POINT ( 'NONE', #1403 ) ;
#3802 = CARTESIAN_POINT ( 'NONE',  ( 8.076037614648482688, 12.69953703112068588, 6.284756333246471982 ) ) ;
#3803 = ORIENTED_EDGE ( 'NONE', *, *, #1672, .T. ) ;
#3804 = ADVANCED_FACE ( 'NONE', ( #3030 ), #3795, .F. ) ;
#3805 = DIRECTION ( 'NONE',  ( -0.0000000000000000000, -1.000000000000000000, -0.0000000000000000000 ) ) ;
#3806 = CARTESIAN_POINT ( 'NONE',  ( 7.249999999999991118, 11.31784271247447649, -8.880000000000000782 ) ) ;
#3807 = CARTESIAN_POINT ( 'NONE',  ( 3.589703979372449005, 12.64656426582178383, -5.080000000000000071 ) ) ;
#3808 = APPROVAL_STATUS ( 'not_yet_approved' ) ;
#3809 = DIRECTION ( 'NONE',  ( -1.171453342316279939E-15, -1.000000000000000000, 0.0000000000000000000 ) ) ;
#3810 = ORIENTED_EDGE ( 'NONE', *, *, #1040, .T. ) ;
#3811 = LOCAL_TIME ( 21, 35, 26.00000000000000000, #137 ) ;
#3812 = ADVANCED_FACE ( 'NONE', ( #334 ), #1114, .T. ) ;
#3813 = CARTESIAN_POINT ( 'NONE',  ( 3.450447775674257311, 11.45044927442903138, 1.280895551348535166 ) ) ;
#3814 = CARTESIAN_POINT ( 'NONE',  ( 2.167957166897568566, 6.599999999999999645, 6.999999999999999112 ) ) ;
#3815 = VECTOR ( 'NONE', #627, 1000.000000000000114 ) ;
#3816 = ORIENTED_EDGE ( 'NONE', *, *, #1121, .F. ) ;
#3817 = DIRECTION ( 'NONE',  ( 0.0000000000000000000, -0.0000000000000000000, 1.000000000000000000 ) ) ;
#3818 = PERSON ( 'NAUO-PER4', 'UNSPECIFIED', 'UNSPECIFIED', ('UNSPECIFIED'), ('UNSPECIFIED'), ('UNSPECIFIED') ) ;
#3819 = CARTESIAN_POINT ( 'NONE',  ( 7.931257721594906052, 12.73499999999999588, 1.140771708769624082 ) ) ;
#3820 = CC_DESIGN_PERSON_AND_ORGANIZATION_ASSIGNMENT ( #4368, #1349, ( #952 ) ) ;
#3821 = CARTESIAN_POINT ( 'NONE',  ( 9.250000000000000000, 7.599999999999999645, -7.620000000000000107 ) ) ;
#3822 = DIRECTION ( 'NONE',  ( -1.000000000000000000, 0.0000000000000000000, 0.0000000000000000000 ) ) ;
#3823 = CARTESIAN_POINT ( 'NONE',  ( 5.750000000000001776, 12.64656426582888926, 1.714246796764878011 ) ) ;
#3824 = DIRECTION ( 'NONE',  ( 1.000000000000000000, 0.0000000000000000000, 0.0000000000000000000 ) ) ;
#3825 = PLANE ( 'NONE',  #3063 ) ;
#3826 = PLANE ( 'NONE',  #826 ) ;
#3827 = FACE_OUTER_BOUND ( 'NONE', #3329, .T. ) ;
#3828 = DATE_TIME_ROLE ( 'classification_date' ) ;
#3829 = CARTESIAN_POINT ( 'NONE',  ( 4.949999999999999289, 11.93499999999701977, 1.799211327335719757 ) ) ;
#3830 = EDGE_CURVE ( 'NONE', #1618, #236, #2751, .T. ) ;
#3831 = ORIENTED_EDGE ( 'NONE', *, *, #4196, .F. ) ;
#3832 = CARTESIAN_POINT ( 'NONE',  ( 7.993234973611840211, 13.69999999999999929, 7.620000000000000107 ) ) ;
#3833 = DIRECTION ( 'NONE',  ( 1.000000000000000000, -9.411788633734763438E-16, 0.0000000000000000000 ) ) ;
#3834 = EDGE_CURVE ( 'NONE', #3504, #3088, #3420, .T. ) ;
#3835 = ORIENTED_EDGE ( 'NONE', *, *, #1607, .F. ) ;
#3836 = CARTESIAN_POINT ( 'NONE',  ( 5.300000000000014921, -4.770489558936219510E-15, -5.584196010977176883 ) ) ;
#3837 = EDGE_CURVE ( 'NONE', #1351, #4289, #1379, .T. ) ;
#3838 = EDGE_LOOP ( 'NONE', ( #1931, #2020, #384, #4265, #2572, #1688, #104, #2848 ) ) ;
#3839 = CARTESIAN_POINT ( 'NONE',  ( 0.8535898384862232735, 0.0000000000000000000, -8.220000000000000639 ) ) ;
#3840 = CARTESIAN_POINT ( 'NONE',  ( 1.942790561913620095, 0.0000000000000000000, 7.000000000000000000 ) ) ;
#3841 = CARTESIAN_POINT ( 'NONE',  ( 5.749999999999869438, 12.73473344514865779, 1.620762266914635763 ) ) ;
#3842 = CARTESIAN_POINT ( 'NONE',  ( 10.25000000000000000, 6.200000000000000178, 7.620000000000000107 ) ) ;
#3843 = FACE_OUTER_BOUND ( 'NONE', #3405, .T. ) ;
#3844 = FACE_OUTER_BOUND ( 'NONE', #1113, .T. ) ;
#3845 = ITEM_DEFINED_TRANSFORMATION ( 'NONE', 'NONE', #3391,  #911 ) ;
#3846 = CARTESIAN_POINT ( 'NONE',  ( 9.449999999999999289, 6.799999999999999822, -7.620000000000003659 ) ) ;
#3847 = CARTESIAN_POINT ( 'NONE',  ( 5.349999999999982769, 12.64656426582178206, -5.080000000000000071 ) ) ;
#3848 = DIRECTION ( 'NONE',  ( -1.171453342316279939E-15, -1.000000000000000000, 0.0000000000000000000 ) ) ;
#3849 = ADVANCED_FACE ( 'NONE', ( #432, #2086, #1071, #2433 ), #357, .T. ) ;
#3850 = AXIS2_PLACEMENT_3D ( 'NONE', #1305, #2694, #2648 ) ;
#3851 = CARTESIAN_POINT ( 'NONE',  ( 3.532842712474771663, 11.23499999999982180, 8.714314575050439160 ) ) ;
#3852 = EDGE_LOOP ( 'NONE', ( #3079, #2873, #3857, #3610 ) ) ;
#3853 = VECTOR ( 'NONE', #2863, 1000.000000000000000 ) ;
#3854 = ADVANCED_FACE ( 'NONE', ( #2413 ), #54, .T. ) ;
#3855 = LINE ( 'NONE', #2206, #3243 ) ;
#3856 = AXIS2_PLACEMENT_3D ( 'NONE', #2049, #4407, #60 ) ;
#3857 = ORIENTED_EDGE ( 'NONE', *, *, #1152, .T. ) ;
#3858 = ORIENTED_EDGE ( 'NONE', *, *, #165, .T. ) ;
#3859 = DIRECTION ( 'NONE',  ( -1.734723475976807410E-14, 0.0000000000000000000, 1.000000000000000000 ) ) ;
#3860 = ADVANCED_FACE ( 'NONE', ( #380 ), #3772, .F. ) ;
#3861 = CARTESIAN_POINT ( 'NONE',  ( 9.250000000000000000, 2.199999999999989964, -3.779999999999999805 ) ) ;
#3862 = CARTESIAN_POINT ( 'NONE',  ( 5.349999999999999645, 10.44999999999999929, -5.080000000000000071 ) ) ;
#3863 = CARTESIAN_POINT ( 'NONE',  ( 4.949999999999999289, 12.17219196889117505, 1.770922332791136533 ) ) ;
#3864 = VECTOR ( 'NONE', #2173, 1000.000000000000000 ) ;
#3865 = AXIS2_PLACEMENT_3D ( 'NONE', #451, #71, #4084 ) ;
#3866 = CARTESIAN_POINT ( 'NONE',  ( 8.557209438086390563, 6.599999999999999645, 7.129999999999999893 ) ) ;
#3867 = PLANE ( 'NONE',  #2293 ) ;
#3868 = DATE_AND_TIME ( #2862, #4237 ) ;
#3869 = DIRECTION ( 'NONE',  ( -1.000000000000000000, 0.0000000000000000000, 0.0000000000000000000 ) ) ;
#3870 = DIRECTION ( 'NONE',  ( -0.0000000000000000000, -1.000000000000000000, -0.0000000000000000000 ) ) ;
#3871 = CARTESIAN_POINT ( 'NONE',  ( 3.650000000000295231, 11.23500000000000121, 5.080000000000000071 ) ) ;
#3872 = SECURITY_CLASSIFICATION ( '', '', #3182 ) ;
#3873 = CARTESIAN_POINT ( 'NONE',  ( 4.950000000000072120, 12.72445880131357931, -1.658090098932130552 ) ) ;
#3874 = ORIENTED_EDGE ( 'NONE', *, *, #1540, .F. ) ;
#3875 = CIRCLE ( 'NONE', #2462, 1.900000000000000133 ) ;
#3876 = CARTESIAN_POINT ( 'NONE',  ( 7.249999999999991118, 11.43499999999999872, 5.079999999999999183 ) ) ;
#3877 = ORIENTED_EDGE ( 'NONE', *, *, #1664, .T. ) ;
#3878 = ORIENTED_EDGE ( 'NONE', *, *, #210, .T. ) ;
#3879 = AXIS2_PLACEMENT_3D ( 'NONE', #1307, #2910, #3255 ) ;
#3880 = ADVANCED_FACE ( 'NONE', ( #1424 ), #3448, .F. ) ;
#3881 = CARTESIAN_POINT ( 'NONE',  ( 8.699999999999999289, 6.799999999999999822, -7.620000000000000107 ) ) ;
#3882 = CARTESIAN_POINT ( 'NONE',  ( 5.349999999999999645, 11.23499999999999943, 0.0000000000000000000 ) ) ;
#3883 = LINE ( 'NONE', #525, #964 ) ;
#3884 = ORIENTED_EDGE ( 'NONE', *, *, #1372, .F. ) ;
#3885 = EDGE_CURVE ( 'NONE', #1588, #767, #2594, .T. ) ;
#3886 = DIRECTION ( 'NONE',  ( 0.0000000000000000000, -0.1961161351381830731, -0.9805806756909204447 ) ) ;
#3887 = CARTESIAN_POINT ( 'NONE',  ( 1.250000000000000000, 10.00000000000000000, 7.620000000000000107 ) ) ;
#3888 = DATE_AND_TIME ( #1483, #1759 ) ;
#3889 = EDGE_LOOP ( 'NONE', ( #4037, #3143, #1575, #4255, #264, #2967 ) ) ;
#3890 = EDGE_CURVE ( 'NONE', #120, #1734, #4098, .T. ) ;
#3891 = CARTESIAN_POINT ( 'NONE',  ( 5.750000000000000888, 11.93499999999674976, 6.879211327335743142 ) ) ;
#3892 = DIRECTION ( 'NONE',  ( -1.734723475976806779E-14, 0.0000000000000000000, 1.000000000000000000 ) ) ;
#3893 = DIRECTION ( 'NONE',  ( -9.136576017787373527E-16, -1.000000000000000000, -2.086925533220184338E-31 ) ) ;
#3894 = ORIENTED_EDGE ( 'NONE', *, *, #1877, .F. ) ;
#3895 = CARTESIAN_POINT ( 'NONE',  ( 7.049999999999684519, 11.23499999999999766, 1.680000000000611893 ) ) ;
#3896 = EDGE_LOOP ( 'NONE', ( #4181, #1224, #1589 ) ) ;
#3897 = CARTESIAN_POINT ( 'NONE',  ( 2.625902306574849909, 14.00000000000000000, -7.619999999999999218 ) ) ;
#3898 = FACE_OUTER_BOUND ( 'NONE', #3071, .T. ) ;
#3899 = CARTESIAN_POINT ( 'NONE',  ( 4.973902936655018259, 12.73500000000000476, -1.672533082913881142 ) ) ;
#3900 = EDGE_CURVE ( 'NONE', #3119, #236, #4063, .T. ) ;
#3901 = VERTEX_POINT ( 'NONE', #76 ) ;
#3902 = CARTESIAN_POINT ( 'NONE',  ( 3.451341823670963205, 11.45812853167897494, -5.080000000000000071 ) ) ;
#3903 = CARTESIAN_POINT ( 'NONE',  ( 5.712622210152575875, 12.73499999999999766, -3.404493793745599461 ) ) ;
#3904 = EDGE_CURVE ( 'NONE', #3396, #3270, #1444, .T. ) ;
#3905 = CONTEXT_DEPENDENT_SHAPE_REPRESENTATION ( #98, #1894 ) ;
#3906 = EDGE_LOOP ( 'NONE', ( #1700, #772, #1344, #2013 ) ) ;
#3907 = CARTESIAN_POINT ( 'NONE',  ( 9.250000000000000000, 5.199999999999996625, -1.299999999999998712 ) ) ;
#3908 = CARTESIAN_POINT ( 'NONE',  ( 8.466173140978199285, 6.599999999999999645, -8.025000000000000355 ) ) ;
#3909 = EDGE_CURVE ( 'NONE', #1619, #808, #1609, .T. ) ;
#3910 = DIRECTION ( 'NONE',  ( 0.0000000000000000000, 0.0000000000000000000, 1.000000000000000000 ) ) ;
#3911 = VECTOR ( 'NONE', #1489, 1000.000000000000114 ) ;
#3912 = VERTEX_POINT ( 'NONE', #1027 ) ;
#3913 = VECTOR ( 'NONE', #246, 1000.000000000000227 ) ;
#3914 = APPROVAL ( #4254, 'UNKNOWN' ) ;
#3915 = CARTESIAN_POINT ( 'NONE',  ( 7.167157287525209419, 11.23499999999981647, 2.225375855715045357E-16 ) ) ;
#3916 = VECTOR ( 'NONE', #2641, 1000.000000000000000 ) ;
#3917 = ORIENTED_EDGE ( 'NONE', *, *, #1318, .F. ) ;
#3918 = PLANE ( 'NONE',  #1380 ) ;
#3919 = AXIS2_PLACEMENT_3D ( 'NONE', #1936, #1984, #1579 ) ;
#3920 = DIRECTION ( 'NONE',  ( -0.0000000000000000000, -1.000000000000000000, -0.0000000000000000000 ) ) ;
#3921 = CARTESIAN_POINT ( 'NONE',  ( 4.158098635934760701, 12.73500000000000298, 3.590914171373335240 ) ) ;
#3922 = ORIENTED_EDGE ( 'NONE', *, *, #1506, .F. ) ;
#3923 = VECTOR ( 'NONE', #3458, 1000.000000000000114 ) ;
#3924 = DIRECTION ( 'NONE',  ( 1.000000000000000000, -9.136576017787367610E-16, 0.0000000000000000000 ) ) ;
#3925 = CARTESIAN_POINT ( 'NONE',  ( 9.449999999999999289, 10.00000000000000000, -7.620000000000000107 ) ) ;
#3926 = AXIS2_PLACEMENT_3D ( 'NONE', #794, #2500, #3859 ) ;
#3927 = DATE_AND_TIME ( #1223, #2875 ) ;
#3928 = VERTEX_POINT ( 'NONE', #831 ) ;
#3929 = DIRECTION ( 'NONE',  ( 5.517568307814269711E-16, -6.463573835647406802E-31, 1.000000000000000000 ) ) ;
#3930 = AXIS2_PLACEMENT_3D ( 'NONE', #3832, #3593, #3536 ) ;
#3931 = EDGE_CURVE ( 'NONE', #4092, #3045, #1826, .T. ) ;
#3932 = CARTESIAN_POINT ( 'NONE',  ( 7.249999999999991118, 11.43499999999999872, -5.080000000000000959 ) ) ;
#3933 = DIRECTION ( 'NONE',  ( 0.0000000000000000000, 0.0000000000000000000, 1.000000000000000000 ) ) ;
#3934 = DIRECTION ( 'NONE',  ( 1.224646799147353207E-16, -1.434616586018100824E-31, -1.000000000000000000 ) ) ;
#3935 = ORIENTED_EDGE ( 'NONE', *, *, #901, .T. ) ;
#3936 = ADVANCED_FACE ( 'NONE', ( #2169 ), #2753, .T. ) ;
#3937 = CARTESIAN_POINT ( 'NONE',  ( 10.25000000000000000, 6.200000000000009948, 6.379999999999999893 ) ) ;
#3938 = EDGE_CURVE ( 'NONE', #3396, #496, #2831, .T. ) ;
#3939 = CARTESIAN_POINT ( 'NONE',  ( 8.699999999999999289, 6.599999999999991651, -7.620000000000000107 ) ) ;
#3940 = FACE_OUTER_BOUND ( 'NONE', #1517, .T. ) ;
#3941 = LOCAL_TIME ( 21, 35, 26.00000000000000000, #3951 ) ;
#3942 =( BOUNDED_CURVE ( )  B_SPLINE_CURVE ( 3, ( #4109, #2408, #3490, #1109 ),
 .UNSPECIFIED., .F., .T. ) 
 B_SPLINE_CURVE_WITH_KNOTS ( ( 4, 4 ),
 ( 0.0000000000000000000, 0.5000000007378366806 ),
 .UNSPECIFIED. ) 
 CURVE ( )  GEOMETRIC_REPRESENTATION_ITEM ( )  RATIONAL_B_SPLINE_CURVE ( ( 1.000000000000000000, 0.8584414864962361946, 0.8584414864962361946, 1.000000000000000000 ) ) 
 REPRESENTATION_ITEM ( '' )  );
#3943 = EDGE_LOOP ( 'NONE', ( #3144, #1995, #3330, #4330 ) ) ;
#3944 = CARTESIAN_POINT ( 'NONE',  ( 4.126117195532686743, 12.64656426582840432, -3.550958593972070254 ) ) ;
#3945 = PLANE ( 'NONE',  #1088 ) ;
#3946 = VECTOR ( 'NONE', #3635, 999.9999999999998863 ) ;
#3947 = ORIENTED_EDGE ( 'NONE', *, *, #933, .F. ) ;
#3948 = LOCAL_TIME ( 21, 35, 26.00000000000000000, #4079 ) ;
#3949 = CARTESIAN_POINT ( 'NONE',  ( 5.349999999999980105, 11.45812853178540713, 5.080000000000000071 ) ) ;
#3950 = CARTESIAN_POINT ( 'NONE',  ( 5.721047637986544920, 12.69953703112069121, -3.365563865487145367 ) ) ;
#3951 = COORDINATED_UNIVERSAL_TIME_OFFSET ( 0, 0, .AHEAD. ) ;
#3952 = CARTESIAN_POINT ( 'NONE',  ( 0.8320428331024299906, 6.599999999999999645, 7.000000000000000000 ) ) ;
#3953 = DIRECTION ( 'NONE',  ( -0.0000000000000000000, -0.0000000000000000000, -1.000000000000000000 ) ) ;
#3954 = CARTESIAN_POINT ( 'NONE',  ( 3.532842712474772107, 11.23499999999982180, -5.080000000000000959 ) ) ;
#3955 = DIRECTION ( 'NONE',  ( 1.000000000000000000, 0.0000000000000000000, 0.0000000000000000000 ) ) ;
#3956 = EDGE_CURVE ( 'NONE', #3658, #1376, #3855, .T. ) ;
#3957 = ORIENTED_EDGE ( 'NONE', *, *, #1360, .T. ) ;
#3958 = ORIENTED_EDGE ( 'NONE', *, *, #4408, .T. ) ;
#3959 = VERTEX_POINT ( 'NONE', #149 ) ;
#3960 = DIRECTION ( 'NONE',  ( 0.0000000000000000000, 0.9805806756909204447, -0.1961161351381830731 ) ) ;
#3961 = CARTESIAN_POINT ( 'NONE',  ( 5.749999999996039612, 12.65427415702093761, 3.366989705259003429 ) ) ;
#3962 = CARTESIAN_POINT ( 'NONE',  ( 7.249999999999991118, 11.43499999999999694, 3.800000000000000711 ) ) ;
#3963 = ORIENTED_EDGE ( 'NONE', *, *, #532, .T. ) ;
#3964 = ORIENTED_EDGE ( 'NONE', *, *, #277, .T. ) ;
#3965 = ORIENTED_EDGE ( 'NONE', *, *, #2146, .T. ) ;
#3966 = DIRECTION ( 'NONE',  ( 1.000000000000000000, -9.136576017787367610E-16, 0.0000000000000000000 ) ) ;
#3967 = CARTESIAN_POINT ( 'NONE',  ( 4.950000000003960565, 12.65172273822438775, -3.366475062076581981 ) ) ;
#3968 =( BOUNDED_CURVE ( )  B_SPLINE_CURVE ( 3, ( #3219, #1119, #2466, #797 ),
 .UNSPECIFIED., .F., .T. ) 
 B_SPLINE_CURVE_WITH_KNOTS ( ( 4, 4 ),
 ( 0.0000000000000000000, 1.000000000000000000 ),
 .UNSPECIFIED. ) 
 CURVE ( )  GEOMETRIC_REPRESENTATION_ITEM ( )  RATIONAL_B_SPLINE_CURVE ( ( 1.000000000000000000, 0.3333333333333335369, 0.3333333333333335369, 1.000000000000000000 ) ) 
 REPRESENTATION_ITEM ( '' )  );
#3969 = ADVANCED_FACE ( 'NONE', ( #3580 ), #1511, .F. ) ;
#3970 = ORIENTED_EDGE ( 'NONE', *, *, #701, .T. ) ;
#3971 = CARTESIAN_POINT ( 'NONE',  ( 3.449999999999989964, 11.44273112629124967, 3.799999999999999378 ) ) ;
#3972 = CARTESIAN_POINT ( 'NONE',  ( 3.375000000000000000, 10.44999999999999929, 2.418677428316022036E-16 ) ) ;
#3973 = PLANE ( 'NONE',  #1595 ) ;
#3974 = DIRECTION ( 'NONE',  ( 1.000000000000000000, -0.0000000000000000000, 0.0000000000000000000 ) ) ;
#3975 = CARTESIAN_POINT ( 'NONE',  ( 10.25000000000000000, 1.699999999999998845, 1.799999999999998934 ) ) ;
#3976 = ORIENTED_EDGE ( 'NONE', *, *, #842, .F. ) ;
#3977 = CARTESIAN_POINT ( 'NONE',  ( 5.349999999999989875, 11.43500000000000050, -5.080000000000000071 ) ) ;
#3978 = CARTESIAN_POINT ( 'NONE',  ( 3.650000000000296563, 11.23499999999999943, -8.479999999999385807 ) ) ;
#3979 = DIRECTION ( 'NONE',  ( 1.171453342316279939E-15, 1.000000000000000000, 0.0000000000000000000 ) ) ;
#3980 = SHAPE_REPRESENTATION_RELATIONSHIP ( 'NONE' , 'NONE' ,  #892, #1813 ) ;
#3981 = ORIENTED_EDGE ( 'NONE', *, *, #555, .T. ) ;
#3982 = VERTEX_POINT ( 'NONE', #2559 ) ;
#3983 = VERTEX_POINT ( 'NONE', #2541 ) ;
#3984 = ADVANCED_FACE ( 'NONE', ( #2520 ), #2575, .T. ) ;
#3985 = CARTESIAN_POINT ( 'NONE',  ( 4.499999999999979572, -3.700000000000006395, 1.000000000000190070 ) ) ;
#3986 = CARTESIAN_POINT ( 'NONE',  ( 5.749999999996039612, 12.66532890578434234, -6.790780456545830290 ) ) ;
#3987 = DIRECTION ( 'NONE',  ( -1.171453342316279939E-15, -1.000000000000000000, 0.0000000000000000000 ) ) ;
#3988 = VERTEX_POINT ( 'NONE', #3496 ) ;
#3989 = VECTOR ( 'NONE', #3204, 1000.000000000000000 ) ;
#3990 = EDGE_CURVE ( 'NONE', #1174, #2521, #457, .T. ) ;
#3991 = CARTESIAN_POINT ( 'NONE',  ( 5.299999999999999822, -2.700000000000009948, 4.580000000000025828 ) ) ;
#3992 = CARTESIAN_POINT ( 'NONE',  ( 5.749999999999992895, 12.73499999999999943, 1.612082860990527999 ) ) ;
#3993 = VECTOR ( 'NONE', #928, 1000.000000000000000 ) ;
#3994 = ORIENTED_EDGE ( 'NONE', *, *, #1535, .F. ) ;
#3995 = VECTOR ( 'NONE', #1347, 1000.000000000000114 ) ;
#3996 = EDGE_CURVE ( 'NONE', #3773, #3389, #3146, .T. ) ;
#3997 = CARTESIAN_POINT ( 'NONE',  ( 10.25000000000000000, 6.799999999999999822, 6.879999999999999893 ) ) ;
#3998 = DIRECTION ( 'NONE',  ( -0.0000000000000000000, -1.000000000000000000, -0.0000000000000000000 ) ) ;
#3999 = CARTESIAN_POINT ( 'NONE',  ( 9.449999999999999289, 0.0000000000000000000, -7.620000000000000107 ) ) ;
#4000 = ORIENTED_EDGE ( 'NONE', *, *, #271, .F. ) ;
#4001 = CARTESIAN_POINT ( 'NONE',  ( 10.25000000000000000, 1.700000000000004396, 3.279999999999998916 ) ) ;
#4002 = VECTOR ( 'NONE', #3200, 1000.000000000000000 ) ;
#4003 = CIRCLE ( 'NONE', #172, 0.2999999999999999334 ) ;
#4004 = DIRECTION ( 'NONE',  ( -1.171453342316279939E-15, -1.000000000000000000, -0.0000000000000000000 ) ) ;
#4005 = CARTESIAN_POINT ( 'NONE',  ( 9.249999999999998224, 7.599999999999998757, 7.620000000000000107 ) ) ;
#4006 = DIRECTION ( 'NONE',  ( 1.000000000000000000, 0.0000000000000000000, 0.0000000000000000000 ) ) ;
#4007 = VECTOR ( 'NONE', #3501, 1000.000000000000000 ) ;
#4008 = B_SPLINE_CURVE_WITH_KNOTS ( 'NONE', 3,
 ( #900, #1875, #3249, #1547 ),
 .UNSPECIFIED., .F., .F.,
 ( 4, 4 ),
 ( 2.697467812798049822E-15, 0.0007166189195523339382 ),
 .UNSPECIFIED. ) ;
#4009 = ORIENTED_EDGE ( 'NONE', *, *, #4329, .F. ) ;
#4010 = DIRECTION ( 'NONE',  ( 0.0000000000000000000, 0.0000000000000000000, 1.000000000000000000 ) ) ;
#4011 = CARTESIAN_POINT ( 'NONE',  ( 5.749999999996039612, 12.65172273822158822, -6.793524937923978158 ) ) ;
#4012 = CIRCLE ( 'NONE', #3733, 1.760296020627533320 ) ;
#4013 = LINE ( 'NONE', #3613, #1899 ) ;
#4014 = EDGE_LOOP ( 'NONE', ( #1005, #3, #1852, #2788, #1166, #1798 ) ) ;
#4015 = VERTEX_POINT ( 'NONE', #3836 ) ;
#4016 = LINE ( 'NONE', #1337, #1443 ) ;
#4017 = EDGE_CURVE ( 'NONE', #1989, #1075, #809, .T. ) ;
#4018 = ORIENTED_EDGE ( 'NONE', *, *, #1340, .T. ) ;
#4019 = CC_DESIGN_APPROVAL ( #2187, ( #2172 ) ) ;
#4020 = FACE_OUTER_BOUND ( 'NONE', #662, .T. ) ;
#4021 = CARTESIAN_POINT ( 'NONE',  ( 3.589703977699979731, 12.64656426582840254, 5.938612051099553035 ) ) ;
#4022 = AXIS2_PLACEMENT_3D ( 'NONE', #813, #3527, #2543 ) ;
#4023 = LINE ( 'NONE', #2950, #2158 ) ;
#4024 = ORIENTED_EDGE ( 'NONE', *, *, #190, .F. ) ;
#4025 = EDGE_CURVE ( 'NONE', #1422, #1376, #2591, .T. ) ;
#4026 = CARTESIAN_POINT ( 'NONE',  ( 4.950000000000133404, 12.73279737082322072, -1.636456345332967910 ) ) ;
#4027 = VERTEX_POINT ( 'NONE', #301 ) ;
#4028 = CARTESIAN_POINT ( 'NONE',  ( 0.0000000000000000000, 0.0000000000000000000, 7.620000000000000107 ) ) ;
#4029 = CARTESIAN_POINT ( 'NONE',  ( 4.949999999999999289, 12.17219196889117505, -3.309077667208863982 ) ) ;
#4030 = PERSON_AND_ORGANIZATION ( #4411, #194 ) ;
#4031 = EDGE_CURVE ( 'NONE', #1721, #4027, #2961, .T. ) ;
#4032 = EDGE_LOOP ( 'NONE', ( #2742, #1496, #2927, #73 ) ) ;
#4033 = CARTESIAN_POINT ( 'NONE',  ( 1.200000000000000178, 0.0000000000000000000, -7.620000000000000107 ) ) ;
#4034 = CARTESIAN_POINT ( 'NONE',  ( 5.749999999996039612, 12.65172273822158822, 3.366475062076021985 ) ) ;
#4035 = LINE ( 'NONE', #3685, #1257 ) ;
#4036 = CC_DESIGN_DATE_AND_TIME_ASSIGNMENT ( #1274, #2571, ( #1332 ) ) ;
#4037 = ORIENTED_EDGE ( 'NONE', *, *, #2071, .F. ) ;
#4038 = ORIENTED_EDGE ( 'NONE', *, *, #50, .T. ) ;
#4039 = CARTESIAN_POINT ( 'NONE',  ( 4.985603046728844134, 12.73499999999999943, -3.459498222418098567 ) ) ;
#4040 = LINE ( 'NONE', #3376, #3911 ) ;
#4041 = EDGE_LOOP ( 'NONE', ( #4067, #3463, #3659, #4117 ) ) ;
#4042 = EDGE_CURVE ( 'NONE', #4261, #3494, #1993, .T. ) ;
#4043 = DIRECTION ( 'NONE',  ( -1.171453342316279939E-15, -1.000000000000000000, -0.0000000000000000000 ) ) ;
#4044 = APPLICATION_CONTEXT ( 'configuration controlled 3d designs of mechanical parts and assemblies' ) ;
#4045 = CARTESIAN_POINT ( 'NONE',  ( 4.949999999999999289, 12.73499999999999943, -6.696418486922036450 ) ) ;
#4046 = CARTESIAN_POINT ( 'NONE',  ( 5.749999999999928946, 12.71957496777950780, -3.411852983646769921 ) ) ;
#4047 = ORIENTED_EDGE ( 'NONE', *, *, #1340, .F. ) ;
#4048 = PLANE ( 'NONE',  #1225 ) ;
#4049 = EDGE_CURVE ( 'NONE', #725, #2304, #4013, .T. ) ;
#4050 = CARTESIAN_POINT ( 'NONE',  ( 9.250000000000000000, 6.299999999999999822, -119.9440000000000026 ) ) ;
#4051 = CARTESIAN_POINT ( 'NONE',  ( 5.300000000000001599, -3.700000000000010392, 0.2999999999999992673 ) ) ;
#4052 = CARTESIAN_POINT ( 'NONE',  ( 4.950000000003960565, 12.65172273822438775, 1.713524937923418090 ) ) ;
#4053 = CARTESIAN_POINT ( 'NONE',  ( 7.010966932452109113, 12.73499999999999766, 0.7947222771640993777 ) ) ;
#4054 =( NAMED_UNIT ( * ) PLANE_ANGLE_UNIT ( ) SI_UNIT ( $, .RADIAN. ) );
#4055 = EDGE_LOOP ( 'NONE', ( #1333, #617, #435, #3562 ) ) ;
#4056 = DIRECTION ( 'NONE',  ( 0.8944271909999158554, 0.0000000000000000000, -0.4472135954999579277 ) ) ;
#4057 = EDGE_CURVE ( 'NONE', #1467, #686, #631, .T. ) ;
#4058 = CARTESIAN_POINT ( 'NONE',  ( 5.749999999999321432, 12.73298944267163080, -6.715789504932165421 ) ) ;
#4059 = CARTESIAN_POINT ( 'NONE',  ( 2.167957166897569454, -7.589415207398531038E-16, 6.999999999999999112 ) ) ;
#4060 = ORIENTED_EDGE ( 'NONE', *, *, #2194, .F. ) ;
#4061 = ORIENTED_EDGE ( 'NONE', *, *, #2011, .T. ) ;
#4062 = ORIENTED_EDGE ( 'NONE', *, *, #3756, .T. ) ;
#4063 = LINE ( 'NONE', #2724, #2949 ) ;
#4064 = FACE_OUTER_BOUND ( 'NONE', #4041, .T. ) ;
#4065 = DATE_TIME_ROLE ( 'classification_date' ) ;
#4066 = VECTOR ( 'NONE', #4115, 1000.000000000000000 ) ;
#4067 = ORIENTED_EDGE ( 'NONE', *, *, #2367, .F. ) ;
#4068 = CARTESIAN_POINT ( 'NONE',  ( 5.750000000000000000, 12.64656426582508075, -6.794246796769121133 ) ) ;
#4069 = VECTOR ( 'NONE', #3683, 1000.000000000000000 ) ;
#4070 = DIRECTION ( 'NONE',  ( -1.000000000000000000, 0.0000000000000000000, 0.0000000000000000000 ) ) ;
#4071 = DIRECTION ( 'NONE',  ( -0.0000000000000000000, -0.0000000000000000000, 1.000000000000000000 ) ) ;
#4072 = DIRECTION ( 'NONE',  ( -9.136576017787373527E-16, -1.000000000000000000, -2.086925533220183900E-31 ) ) ;
#4073 = EDGE_LOOP ( 'NONE', ( #1888, #3792, #2599, #853, #78, #2407 ) ) ;
#4074 = CIRCLE ( 'NONE', #3519, 0.8000000000000003775 ) ;
#4075 = CARTESIAN_POINT ( 'NONE',  ( 3.689038437082762023, 12.73500000000000121, -5.080000006514261202 ) ) ;
#4076 = CARTESIAN_POINT ( 'NONE',  ( 3.449999999999991296, 11.43500000000000227, -5.080000000000000071 ) ) ;
#4077 = CARTESIAN_POINT ( 'NONE',  ( 4.950000000003960565, 12.65427415702094116, 1.713010294741000861 ) ) ;
#4078 = VECTOR ( 'NONE', #414, 1000.000000000000000 ) ;
#4079 = COORDINATED_UNIVERSAL_TIME_OFFSET ( 0, 0, .AHEAD. ) ;
#4080 = CARTESIAN_POINT ( 'NONE',  ( 7.248658176329019653, 11.45812853167897138, 8.877316352658057852 ) ) ;
#4081 = EDGE_CURVE ( 'NONE', #2720, #741, #3468, .T. ) ;
#4082 = ORIENTED_EDGE ( 'NONE', *, *, #3956, .F. ) ;
#4083 = CIRCLE ( 'NONE', #758, 1.900000000000000133 ) ;
#4084 = DIRECTION ( 'NONE',  ( 1.000000000000000000, -9.854725885015578669E-16, 0.0000000000000000000 ) ) ;
#4085 = CARTESIAN_POINT ( 'NONE',  ( 7.249999999999989342, 11.31784271247447293, 3.800000000000002931 ) ) ;
#4086 = AXIS2_PLACEMENT_3D ( 'NONE', #1914, #1578, #1959 ) ;
#4087 = EDGE_CURVE ( 'NONE', #3959, #2918, #3324, .T. ) ;
#4088 = ORIENTED_EDGE ( 'NONE', *, *, #829, .T. ) ;
#4089 = VERTEX_POINT ( 'NONE', #602 ) ;
#4090 = CIRCLE ( 'NONE', #3081, 0.2999999999999999334 ) ;
#4091 = DIRECTION ( 'NONE',  ( 1.000000000000000000, 0.0000000000000000000, 0.0000000000000000000 ) ) ;
#4092 = VERTEX_POINT ( 'NONE', #1949 ) ;
#4093 = EDGE_CURVE ( 'NONE', #2546, #1442, #907, .T. ) ;
#4094 = CARTESIAN_POINT ( 'NONE',  ( 7.325000000000000178, 11.23499999999999943, 5.080000000000000071 ) ) ;
#4095 = CARTESIAN_POINT ( 'NONE',  ( 5.750000000000001776, 12.64656426582888926, -3.365753203235122282 ) ) ;
#4096 = ORGANIZATION ( 'NAUO-ORG4', 'UNSPECIFIED', 'UNSPECIFIED' ) ;
#4097 = ORIENTED_EDGE ( 'NONE', *, *, #2367, .T. ) ;
#4098 =( BOUNDED_CURVE ( )  B_SPLINE_CURVE ( 3, ( #1358, #1047, #3755, #1089 ),
 .UNSPECIFIED., .F., .T. ) 
 B_SPLINE_CURVE_WITH_KNOTS ( ( 4, 4 ),
 ( 0.0000000000000000000, 1.000000000000000000 ),
 .UNSPECIFIED. ) 
 CURVE ( )  GEOMETRIC_REPRESENTATION_ITEM ( )  RATIONAL_B_SPLINE_CURVE ( ( 1.000000000000000000, 0.8584414868985700275, 0.8584414868985700275, 1.000000000000000000 ) ) 
 REPRESENTATION_ITEM ( '' )  );
#4099 = AXIS2_PLACEMENT_3D ( 'NONE', #2460, #1691, #4401 ) ;
#4100 = CARTESIAN_POINT ( 'NONE',  ( 7.249552224325725547, 11.45044927442902605, -3.799104448651466015 ) ) ;
#4101 = CARTESIAN_POINT ( 'NONE',  ( 3.449999999999990408, 11.31784271247447649, -5.080000000000000959 ) ) ;
#4102 = CARTESIAN_POINT ( 'NONE',  ( 3.451341823670963649, 11.45812853167897671, -1.282683647341944733 ) ) ;
#4103 = DATE_AND_TIME ( #2738, #3747 ) ;
#4104 = CARTESIAN_POINT ( 'NONE',  ( 3.450447775674257311, 11.45044927442903315, 5.080000000000001847 ) ) ;
#4105 = DIRECTION ( 'NONE',  ( 2.501911041408800138E-16, 1.000000000000000000, -0.0000000000000000000 ) ) ;
#4106 = CIRCLE ( 'NONE', #2320, 0.1999999999999996503 ) ;
#4107 = ORIENTED_EDGE ( 'NONE', *, *, #3730, .F. ) ;
#4108 = DIRECTION ( 'NONE',  ( 1.000000000000000000, -0.0000000000000000000, 0.0000000000000000000 ) ) ;
#4109 = CARTESIAN_POINT ( 'NONE',  ( 4.949999999999991296, 12.73499999999999943, 1.612082860990528665 ) ) ;
#4110 = ADVANCED_FACE ( 'NONE', ( #960 ), #1284, .T. ) ;
#4111 = CARTESIAN_POINT ( 'NONE',  ( 4.985603046709014663, 12.73499999999999943, -6.700501777577442475 ) ) ;
#4112 = LINE ( 'NONE', #3417, #954 ) ;
#4113 = ORIENTED_EDGE ( 'NONE', *, *, #3900, .T. ) ;
#4114 = DIRECTION ( 'NONE',  ( 0.5000000000000011102, -1.251928832280965498E-15, -0.8660254037844379305 ) ) ;
#4115 = DIRECTION ( 'NONE',  ( -0.0000000000000000000, -1.000000000000000000, -0.0000000000000000000 ) ) ;
#4116 = EDGE_LOOP ( 'NONE', ( #1003, #377, #230, #2962 ) ) ;
#4117 = ORIENTED_EDGE ( 'NONE', *, *, #4087, .T. ) ;
#4118 = FACE_OUTER_BOUND ( 'NONE', #1611, .T. ) ;
#4119 = EDGE_CURVE ( 'NONE', #1682, #458, #3743, .T. ) ;
#4120 = FACE_OUTER_BOUND ( 'NONE', #3838, .T. ) ;
#4121 = CARTESIAN_POINT ( 'NONE',  ( 5.749999999999845457, 12.70509370452921338, -3.394524982068534591 ) ) ;
#4122 = EDGE_LOOP ( 'NONE', ( #1050, #433 ) ) ;
#4123 = CARTESIAN_POINT ( 'NONE',  ( 4.950000000000073896, 12.71957496777936036, 3.411852983646528781 ) ) ;
#4124 = DIRECTION ( 'NONE',  ( -0.6666666666666665186, -0.6666666666666665186, -0.3333333333333338699 ) ) ;
#4125 = CARTESIAN_POINT ( 'NONE',  ( 4.500000000000000000, -2.700000000000009948, -5.579999999999999183 ) ) ;
#4126 = CARTESIAN_POINT ( 'NONE',  ( 4.950000000004743050, 12.67614242096979993, 1.706545570107983467 ) ) ;
#4127 = PERSON_AND_ORGANIZATION_ROLE ( 'design_owner' ) ;
#4128 = CARTESIAN_POINT ( 'NONE',  ( 4.500000000000000000, -2.700000000000009948, -0.5000000000000008882 ) ) ;
#4129 = ORIENTED_EDGE ( 'NONE', *, *, #1836, .F. ) ;
#4130 = CARTESIAN_POINT ( 'NONE',  ( 10.25000000000000000, 6.799999999999999822, 7.620000000000000107 ) ) ;
#4131 = CARTESIAN_POINT ( 'NONE',  ( 7.167157287525207643, 11.23499999999981824, 3.634314575050436869 ) ) ;
#4132 = ORIENTED_EDGE ( 'NONE', *, *, #2386, .T. ) ;
#4133 = DIRECTION ( 'NONE',  ( -1.734723475976807410E-14, -8.876905287225069131E-15, 1.000000000000000000 ) ) ;
#4134 = EDGE_LOOP ( 'NONE', ( #4132, #2976 ) ) ;
#4135 = EDGE_CURVE ( 'NONE', #1018, #657, #4304, .T. ) ;
#4136 = CARTESIAN_POINT ( 'NONE',  ( 9.309999999999998721, 0.0000000000000000000, 7.619999999999999218 ) ) ;
#4137 = CARTESIAN_POINT ( 'NONE',  ( 3.635702499534282151, 12.73500000000000298, 0.8361755491252442773 ) ) ;
#4138 = DIRECTION ( 'NONE',  ( 2.501911041408800138E-16, 1.000000000000000000, -0.0000000000000000000 ) ) ;
#4139 = DIRECTION ( 'NONE',  ( 1.794541526872530066E-14, 1.889646980599319876E-14, -1.000000000000000000 ) ) ;
#4140 = AXIS2_PLACEMENT_3D ( 'NONE', #1514, #2175, #2857 ) ;
#4141 = VERTEX_POINT ( 'NONE', #1259 ) ;
#4142 = ADVANCED_FACE ( 'NONE', ( #4349 ), #1906, .T. ) ;
#4143 = EDGE_CURVE ( 'NONE', #2558, #923, #4035, .T. ) ;
#4144 = VECTOR ( 'NONE', #3183, 1000.000000000000000 ) ;
#4145 = FACE_OUTER_BOUND ( 'NONE', #1024, .T. ) ;
#4146 = CARTESIAN_POINT ( 'NONE',  ( 7.249999999999990230, 11.43499999999999872, -8.879999999999999005 ) ) ;
#4147 = LINE ( 'NONE', #1368, #3365 ) ;
#4148 = CARTESIAN_POINT ( 'NONE',  ( 6.521332732297200785, 12.73499999999999943, 1.420694998502299633 ) ) ;
#4149 = APPROVAL_STATUS ( 'not_yet_approved' ) ;
#4150 = CARTESIAN_POINT ( 'NONE',  ( 7.010966932452110889, 12.73499999999999766, -5.080000000000000071 ) ) ;
#4151 = AXIS2_PLACEMENT_3D ( 'NONE', #781, #368, #17 ) ;
#4152 = ORIENTED_EDGE ( 'NONE', *, *, #3830, .F. ) ;
#4153 = AXIS2_PLACEMENT_3D ( 'NONE', #4050, #3362, #2353 ) ;
#4154 = CARTESIAN_POINT ( 'NONE',  ( 1.942790561913620095, 6.599999999999999645, 7.000000000000000000 ) ) ;
#4155 = LINE ( 'NONE', #1146, #1054 ) ;
#4156 = ORIENTED_EDGE ( 'NONE', *, *, #4081, .F. ) ;
#4157 = ORIENTED_EDGE ( 'NONE', *, *, #1884, .F. ) ;
#4158 = VECTOR ( 'NONE', #908, 1000.000000000000114 ) ;
#4159 = DIRECTION ( 'NONE',  ( 0.0000000000000000000, -0.9805806756909201116, -0.1961161351381840168 ) ) ;
#4160 = VECTOR ( 'NONE', #3998, 1000.000000000000000 ) ;
#4161 = CARTESIAN_POINT ( 'NONE',  ( 1.799999999999996492, 4.336808689942017736E-16, -7.620000000000000995 ) ) ;
#4162 = CARTESIAN_POINT ( 'NONE',  ( 5.749999999999304556, 12.66838590191671443, 1.709697409983178318 ) ) ;
#4163 = ORIENTED_EDGE ( 'NONE', *, *, #2443, .T. ) ;
#4164 = FACE_OUTER_BOUND ( 'NONE', #1311, .T. ) ;
#4165 = ADVANCED_FACE ( 'NONE', ( #2231, #1236 ), #1636, .F. ) ;
#4166 = ORIENTED_EDGE ( 'NONE', *, *, #1905, .T. ) ;
#4167 = CARTESIAN_POINT ( 'NONE',  ( 3.689033067547870637, 12.63500000000000156, 5.080000000000000071 ) ) ;
#4168 = CARTESIAN_POINT ( 'NONE',  ( 9.250000000000000000, 2.200000000000009948, 6.379999999999999893 ) ) ;
#4169 = LINE ( 'NONE', #3571, #167 ) ;
#4170 = EDGE_CURVE ( 'NONE', #2748, #2430, #651, .T. ) ;
#4171 = DATE_AND_TIME ( #2510, #258 ) ;
#4172 = DIRECTION ( 'NONE',  ( 1.000000000000000000, -9.854725885015578669E-16, 0.0000000000000000000 ) ) ;
#4173 = VERTEX_POINT ( 'NONE', #2583 ) ;
#4174 = CARTESIAN_POINT ( 'NONE',  ( 7.249999999999992006, 11.44273112629124611, 5.080000000000000959 ) ) ;
#4175 = ADVANCED_FACE ( 'NONE', ( #3940 ), #1087, .T. ) ;
#4176 = CARTESIAN_POINT ( 'NONE',  ( 3.650000000000295675, 11.23500000000000121, 8.479999999999391136 ) ) ;
#4177 = AXIS2_PLACEMENT_3D ( 'NONE', #4331, #285, #3966 ) ;
#4178 = VERTEX_POINT ( 'NONE', #329 ) ;
#4179 = VECTOR ( 'NONE', #4341, 1000.000000000000000 ) ;
#4180 = DIRECTION ( 'NONE',  ( 0.0000000000000000000, -0.0000000000000000000, 1.000000000000000000 ) ) ;
#4181 = ORIENTED_EDGE ( 'NONE', *, *, #2095, .T. ) ;
#4182 = LINE ( 'NONE', #459, #616 ) ;
#4183 = DIRECTION ( 'NONE',  ( -0.8944271909999154113, 0.4472135954999587604, 0.0000000000000000000 ) ) ;
#4184 = CARTESIAN_POINT ( 'NONE',  ( 5.349999999999982769, 12.64656426582178206, 0.0000000000000000000 ) ) ;
#4185 = CARTESIAN_POINT ( 'NONE',  ( 4.985603046709013775, 12.73499999999999943, -1.620501777577442848 ) ) ;
#4186 = ADVANCED_FACE ( 'NONE', ( #2745 ), #2017, .T. ) ;
#4187 = DIRECTION ( 'NONE',  ( -1.000000000000000000, 0.0000000000000000000, 0.0000000000000000000 ) ) ;
#4188 = LINE ( 'NONE', #90, #398 ) ;
#4189 = CALENDAR_DATE ( 2019, 21, 10 ) ;
#4190 = DIRECTION ( 'NONE',  ( 0.0000000000000000000, 0.0000000000000000000, -1.000000000000000000 ) ) ;
#4191 = DIRECTION ( 'NONE',  ( -1.000000000000000000, -0.0000000000000000000, -0.0000000000000000000 ) ) ;
#4192 = EDGE_CURVE ( 'NONE', #655, #3988, #354, .T. ) ;
#4193 = DIRECTION ( 'NONE',  ( 1.000000000000000000, 0.0000000000000000000, 0.0000000000000000000 ) ) ;
#4194 = DIRECTION ( 'NONE',  ( -0.0000000000000000000, -1.000000000000000000, -0.0000000000000000000 ) ) ;
#4195 = ORIENTED_EDGE ( 'NONE', *, *, #4382, .F. ) ;
#4196 = EDGE_CURVE ( 'NONE', #2040, #2978, #4198, .T. ) ;
#4197 = CARTESIAN_POINT ( 'NONE',  ( 7.249999999999992006, 11.43499999999999694, -3.800000000000000266 ) ) ;
#4198 = B_SPLINE_CURVE_WITH_KNOTS ( 'NONE', 3,
 ( #2718, #3442, #740, #3769 ),
 .UNSPECIFIED., .F., .F.,
 ( 4, 4 ),
 ( 2.697416390625426101E-15, 0.0007166189195523338298 ),
 .UNSPECIFIED. ) ;
#4199 = ORIENTED_EDGE ( 'NONE', *, *, #1696, .T. ) ;
#4200 = LINE ( 'NONE', #2439, #1317 ) ;
#4201 = CARTESIAN_POINT ( 'NONE',  ( 5.500000000000000000, -0.05000000078162009781, 0.8000000000001420419 ) ) ;
#4202 = CARTESIAN_POINT ( 'NONE',  ( 9.250000000000000000, 2.199999999999999734, 1.299999999999999822 ) ) ;
#4203 = DIRECTION ( 'NONE',  ( -0.0000000000000000000, -1.000000000000000000, -0.0000000000000000000 ) ) ;
#4204 = CARTESIAN_POINT ( 'NONE',  ( 4.500000000000000000, -3.700000000000009948, -0.3000000000000019873 ) ) ;
#4205 = B_SPLINE_CURVE_WITH_KNOTS ( 'NONE', 3,
 ( #3323, #1591, #1972, #1353 ),
 .UNSPECIFIED., .F., .F.,
 ( 4, 4 ),
 ( 7.695742672741190085E-15, 0.0007166189195625507005 ),
 .UNSPECIFIED. ) ;
#4206 = CARTESIAN_POINT ( 'NONE',  ( 5.349999999999980993, 11.93499999999403727, 5.080000000000000071 ) ) ;
#4207 = DATE_AND_TIME ( #3535, #3237 ) ;
#4208 = CARTESIAN_POINT ( 'NONE',  ( 9.250000000000000000, 7.599999999999998757, -7.620000000000002771 ) ) ;
#4209 = AXIS2_PLACEMENT_3D ( 'NONE', #255, #1000, #2340 ) ;
#4210 = CARTESIAN_POINT ( 'NONE',  ( 5.749999999999845457, 12.70509370452921161, 6.765475017931467328 ) ) ;
#4211 = CARTESIAN_POINT ( 'NONE',  ( 7.049999999999561950, 11.23499999999999766, 1.249139735130075885E-16 ) ) ;
#4212 = ADVANCED_FACE ( 'NONE', ( #765 ), #2264, .T. ) ;
#4213 = ORIENTED_EDGE ( 'NONE', *, *, #3406, .F. ) ;
#4214 = VECTOR ( 'NONE', #2382, 1000.000000000000000 ) ;
#4215 = CARTESIAN_POINT ( 'NONE',  ( 1.942790561913620095, 6.600000000000011191, 7.620000000000000107 ) ) ;
#4216 = DIRECTION ( 'NONE',  ( -1.000000000000000000, 3.334909476821824268E-28, -1.794541526872530066E-14 ) ) ;
#4217 = VECTOR ( 'NONE', #4203, 1000.000000000000000 ) ;
#4218 = EDGE_CURVE ( 'NONE', #771, #1989, #2766, .T. ) ;
#4219 = VECTOR ( 'NONE', #1480, 1000.000000000000000 ) ;
#4220 = CARTESIAN_POINT ( 'NONE',  ( 5.349999999999980993, 11.93499999999403727, 9.951952430687880714E-32 ) ) ;
#4221 = CARTESIAN_POINT ( 'NONE',  ( 2.146410161513769843, 2.168404344971008868E-16, -8.220000000000000639 ) ) ;
#4222 = CARTESIAN_POINT ( 'NONE',  ( 5.721047637985604339, 12.69953703112068943, 3.365563865486939310 ) ) ;
#4223 = ADVANCED_FACE ( 'NONE', ( #1085 ), #672, .T. ) ;
#4224 = VERTEX_POINT ( 'NONE', #4059 ) ;
#4225 = VECTOR ( 'NONE', #4383, 1000.000000000000000 ) ;
#4226 = CIRCLE ( 'NONE', #2230, 1.974999999999999423 ) ;
#4227 = PLANE ( 'NONE',  #2223 ) ;
#4228 = CARTESIAN_POINT ( 'NONE',  ( 10.25000000000000000, 0.0000000000000000000, -5.584196010977182212 ) ) ;
#4229 = APPROVAL_ROLE ( '' ) ;
#4230 = CARTESIAN_POINT ( 'NONE',  ( 5.349999999999980993, 11.93499999999403727, 9.951952430687865387E-32 ) ) ;
#4231 = FACE_OUTER_BOUND ( 'NONE', #540, .T. ) ;
#4232 = ORIENTED_EDGE ( 'NONE', *, *, #1806, .F. ) ;
#4233 = LINE ( 'NONE', #1879, #3989 ) ;
#4234 = LINE ( 'NONE', #3185, #2167 ) ;
#4235 = DIRECTION ( 'NONE',  ( 1.000000000000000000, -3.338853781347929776E-28, 1.794541526872530066E-14 ) ) ;
#4236 = CARTESIAN_POINT ( 'NONE',  ( 10.25000000000000000, 6.799999999999999822, 3.279999999999999805 ) ) ;
#4237 = LOCAL_TIME ( 21, 35, 26.00000000000000000, #2841 ) ;
#4238 = VERTEX_POINT ( 'NONE', #1712 ) ;
#4239 =( BOUNDED_SURFACE ( )  B_SPLINE_SURFACE ( 3, 3, ( 
 ( #4267, #2899, #2548, #3902 ),
 ( #875, #2216, #3587, #564 ),
 ( #1895, #216, #546, #3245 ),
 ( #200, #2375, #1073, #1740 ) ),
 .UNSPECIFIED., .F., .F., .F. ) 
 B_SPLINE_SURFACE_WITH_KNOTS ( ( 4, 4 ),
 ( 4, 4 ),
 ( 0.0000000000000000000, 1.000000000000000000 ),
 ( 0.0000000000000000000, 1.000000000000000000 ),
 .UNSPECIFIED. ) 
 GEOMETRIC_REPRESENTATION_ITEM ( )  RATIONAL_B_SPLINE_SURFACE ( (
 ( 1.000000000000000000, 0.3333333333333334259, 0.3333333333333334259, 1.000000000000000000),
 ( 0.9988808742757321335, 0.3329602914252441370, 0.3329602914252441370, 0.9988808742757321335),
 ( 0.9988808742757321335, 0.3329602914252441370, 0.3329602914252441370, 0.9988808742757321335),
 ( 1.000000000000000000, 0.3333333333333334259, 0.3333333333333334259, 1.000000000000000000) ) ) 
 REPRESENTATION_ITEM ( '' )  SURFACE ( )  );
#4240 = EDGE_CURVE ( 'NONE', #1756, #2149, #288, .T. ) ;
#4241 = AXIS2_PLACEMENT_3D ( 'NONE', #2022, #1597, #3375 ) ;
#4242 = CARTESIAN_POINT ( 'NONE',  ( 3.449999999999990408, 11.43500000000000227, -4.653657836759942730E-16 ) ) ;
#4243 = ORIENTED_EDGE ( 'NONE', *, *, #3258, .F. ) ;
#4244 = AXIS2_PLACEMENT_3D ( 'NONE', #3664, #1973, #281 ) ;
#4245 = EDGE_CURVE ( 'NONE', #129, #252, #4106, .T. ) ;
#4246 = CARTESIAN_POINT ( 'NONE',  ( 5.299999999999999822, -2.700000000000009948, -5.579999999999973426 ) ) ;
#4247 = DIRECTION ( 'NONE',  ( 0.1543768802736096291, -0.9880120337511013595, 0.0000000000000000000 ) ) ;
#4248 = CARTESIAN_POINT ( 'NONE',  ( 4.949999999999991296, 12.73499999999999943, -3.467917139009471406 ) ) ;
#4249 = CARTESIAN_POINT ( 'NONE',  ( 7.931257721594278109, 12.73499999999999588, 3.939228291228958678 ) ) ;
#4250 = ORIENTED_EDGE ( 'NONE', *, *, #1040, .F. ) ;
#4251 = EDGE_CURVE ( 'NONE', #406, #3119, #3416, .T. ) ;
#4252 = DIRECTION ( 'NONE',  ( 0.8944271909999154113, 0.0000000000000000000, 0.4472135954999587604 ) ) ;
#4253 = CARTESIAN_POINT ( 'NONE',  ( 5.701341293122919929, 12.73499999999999766, -3.456617590816596586 ) ) ;
#4254 = APPROVAL_STATUS ( 'not_yet_approved' ) ;
#4255 = ORIENTED_EDGE ( 'NONE', *, *, #2929, .F. ) ;
#4256 = CARTESIAN_POINT ( 'NONE',  ( 6.521332732297200785, 12.73499999999999943, 6.500694998502299704 ) ) ;
#4257 =( LENGTH_UNIT ( ) NAMED_UNIT ( * ) SI_UNIT ( .MILLI., .METRE. ) );
#4258 = ORIENTED_EDGE ( 'NONE', *, *, #3675, .T. ) ;
#4259 = CARTESIAN_POINT ( 'NONE',  ( 3.451341823677039677, 11.45812853178540891, 2.325185658308839612E-16 ) ) ;
#4260 = CARTESIAN_POINT ( 'NONE',  ( 3.650000000000294342, 11.23499999999999943, 1.680000000000611005 ) ) ;
#4261 = VERTEX_POINT ( 'NONE', #186 ) ;
#4262 = DIRECTION ( 'NONE',  ( -0.2763074248798411126, -0.9610693039298835449, 0.0000000000000000000 ) ) ;
#4263 = CARTESIAN_POINT ( 'NONE',  ( 1.799999999999996714, 6.599999999999999645, -7.620000000000000995 ) ) ;
#4264 = CARTESIAN_POINT ( 'NONE',  ( 3.689033067547873301, 12.73500000000000121, 0.0000000000000000000 ) ) ;
#4265 = ORIENTED_EDGE ( 'NONE', *, *, #515, .F. ) ;
#4266 = ADVANCED_FACE ( 'NONE', ( #851 ), #146, .T. ) ;
#4267 = CARTESIAN_POINT ( 'NONE',  ( 7.248658176329016989, 11.45812853167897138, -5.080000000000000959 ) ) ;
#4268 = LINE ( 'NONE', #269, #1167 ) ;
#4269 = COORDINATED_UNIVERSAL_TIME_OFFSET ( 0, 0, .AHEAD. ) ;
#4270 = ORIENTED_EDGE ( 'NONE', *, *, #1072, .F. ) ;
#4271 = FACE_OUTER_BOUND ( 'NONE', #1138, .T. ) ;
#4272 = EDGE_CURVE ( 'NONE', #3801, #1192, #852, .T. ) ;
#4273 =( REPRESENTATION_RELATIONSHIP ('NONE','NONE', #642, #892 ) REPRESENTATION_RELATIONSHIP_WITH_TRANSFORMATION ( #1521 )SHAPE_REPRESENTATION_RELATIONSHIP( ) );
#4274 = CARTESIAN_POINT ( 'NONE',  ( 4.950000000000698286, 12.66838590191646396, -6.789697409983274312 ) ) ;
#4275 = DIRECTION ( 'NONE',  ( 1.000000000000000000, 0.0000000000000000000, 0.0000000000000000000 ) ) ;
#4276 = ORIENTED_EDGE ( 'NONE', *, *, #938, .F. ) ;
#4277 = CARTESIAN_POINT ( 'NONE',  ( 4.950000000000131628, 12.73473344514864536, 3.459237733085169353 ) ) ;
#4278 = AXIS2_PLACEMENT_3D ( 'NONE', #3847, #3809, #4172 ) ;
#4279 = LINE ( 'NONE', #1497, #3864 ) ;
#4280 = CARTESIAN_POINT ( 'NONE',  ( 5.349999999999989875, 12.73499999999999943, -5.080000000000000071 ) ) ;
#4281 = CC_DESIGN_PERSON_AND_ORGANIZATION_ASSIGNMENT ( #3085, #1681, ( #557 ) ) ;
#4282 = VECTOR ( 'NONE', #2668, 1000.000000000000000 ) ;
#4283 = ORIENTED_EDGE ( 'NONE', *, *, #2275, .F. ) ;
#4284 = EDGE_LOOP ( 'NONE', ( #2892, #573, #401, #2917 ) ) ;
#4285 = VECTOR ( 'NONE', #4315, 1000.000000000000114 ) ;
#4286 = CARTESIAN_POINT ( 'NONE',  ( 4.965164424315887892, 12.69953703112280152, -3.368606068534265141 ) ) ;
#4287 = CARTESIAN_POINT ( 'NONE',  ( 4.126117196948061228, 12.64656426582076776, 3.550958593663656071 ) ) ;
#4288 = EDGE_LOOP ( 'NONE', ( #356, #629, #3123, #3732 ) ) ;
#4289 = VERTEX_POINT ( 'NONE', #520 ) ;
#4290 = EDGE_CURVE ( 'NONE', #3912, #3616, #3175, .T. ) ;
#4291 = CARTESIAN_POINT ( 'NONE',  ( 5.749999999999992006, 12.73499999999999943, 0.0000000000000000000 ) ) ;
#4292 = LINE ( 'NONE', #3287, #4285 ) ;
#4293 = ITEM_DEFINED_TRANSFORMATION ( 'NONE', 'NONE', #3546,  #911 ) ;
#4294 = ORIENTED_EDGE ( 'NONE', *, *, #3010, .F. ) ;
#4295 = CARTESIAN_POINT ( 'NONE',  ( 5.299999999999994493, -4.770489558936219510E-15, -4.575803989022730001 ) ) ;
#4296 = AXIS2_PLACEMENT_3D ( 'NONE', #4154, #2080, #3728 ) ;
#4297 = EDGE_CURVE ( 'NONE', #1055, #817, #1550, .T. ) ;
#4298 = CARTESIAN_POINT ( 'NONE',  ( 7.049999999999685407, 11.23499999999999588, -5.080000000000000959 ) ) ;
#4299 = DIRECTION ( 'NONE',  ( 5.517568307814269711E-16, -6.463573835647406802E-31, 1.000000000000000000 ) ) ;
#4300 = VERTEX_POINT ( 'NONE', #2125 ) ;
#4301 = ORIENTED_EDGE ( 'NONE', *, *, #1218, .F. ) ;
#4302 = EDGE_CURVE ( 'NONE', #808, #1619, #1764, .T. ) ;
#4303 = CARTESIAN_POINT ( 'NONE',  ( 4.949999999999999289, 11.93500000000000050, -3.120000000000000107 ) ) ;
#4304 = LINE ( 'NONE', #2675, #2533 ) ;
#4305 = EDGE_LOOP ( 'NONE', ( #472, #372, #704, #2671 ) ) ;
#4306 = VERTEX_POINT ( 'NONE', #164 ) ;
#4307 = DIRECTION ( 'NONE',  ( -0.0000000000000000000, -1.000000000000000000, -0.0000000000000000000 ) ) ;
#4308 = CARTESIAN_POINT ( 'NONE',  ( 5.349999999999989875, 11.45812853167969791, 5.080000000000000071 ) ) ;
#4309 = CARTESIAN_POINT ( 'NONE',  ( 4.950000000003960565, 12.65427415702094116, -3.366989705258999432 ) ) ;
#4310 = ORIENTED_EDGE ( 'NONE', *, *, #2341, .F. ) ;
#4311 = APPROVAL_PERSON_ORGANIZATION ( #4393, #1919, #3725 ) ;
#4312 = CARTESIAN_POINT ( 'NONE',  ( 7.248658176329017877, 11.45812853167897138, 2.325185658316293854E-16 ) ) ;
#4313 = CARTESIAN_POINT ( 'NONE',  ( 4.499999999999990230, -0.05000000078161515038, 0.5000000000000899281 ) ) ;
#4314 = CARTESIAN_POINT ( 'NONE',  ( 9.449999999999999289, 14.00000000000000000, 7.620000000000000107 ) ) ;
#4315 = DIRECTION ( 'NONE',  ( -0.6666666666666660745, -0.6666666666666672958, -0.3333333333333330373 ) ) ;
#4316 = APPROVAL_DATE_TIME ( #3927, #1084 ) ;
#4317 = VERTEX_POINT ( 'NONE', #4211 ) ;
#4318 = DIRECTION ( 'NONE',  ( 0.0000000000000000000, -1.000000000000000000, 0.0000000000000000000 ) ) ;
#4319 = EDGE_CURVE ( 'NONE', #2207, #3424, #3205, .T. ) ;
#4320 = CARTESIAN_POINT ( 'NONE',  ( 5.349999999999989875, 11.45812853167969791, -5.080000000000000071 ) ) ;
#4321 = DIRECTION ( 'NONE',  ( 1.000000000000000000, -0.0000000000000000000, 0.0000000000000000000 ) ) ;
#4322 = CARTESIAN_POINT ( 'NONE',  ( 9.449999999999999289, 0.0000000000000000000, -7.620000000000000107 ) ) ;
#4323 = EDGE_CURVE ( 'NONE', #332, #2789, #4155, .T. ) ;
#4324 = VERTEX_POINT ( 'NONE', #1823 ) ;
#4325 = VERTEX_POINT ( 'NONE', #1189 ) ;
#4326 = CARTESIAN_POINT ( 'NONE',  ( 5.749999999995260680, 12.67614242096979638, -6.786545570107980652 ) ) ;
#4327 = DIRECTION ( 'NONE',  ( 1.000000000000000000, -3.338853781347929776E-28, 1.794541526872530066E-14 ) ) ;
#4328 = ORIENTED_EDGE ( 'NONE', *, *, #1176, .F. ) ;
#4329 = EDGE_CURVE ( 'NONE', #145, #2614, #448, .T. ) ;
#4330 = ORIENTED_EDGE ( 'NONE', *, *, #933, .T. ) ;
#4331 = CARTESIAN_POINT ( 'NONE',  ( 5.349999999999980105, 11.45812853178540713, 5.080000000000000071 ) ) ;
#4332 = CARTESIAN_POINT ( 'NONE',  ( 4.973902936655020923, 12.73500000000000121, 3.407466917086119373 ) ) ;
#4333 = EDGE_LOOP ( 'NONE', ( #1735, #2911, #2459, #2232 ) ) ;
#4334 = CARTESIAN_POINT ( 'NONE',  ( 7.110296020627515645, 12.64656426582178028, 1.240088438882487435E-31 ) ) ;
#4335 = CARTESIAN_POINT ( 'NONE',  ( 4.158098634558129447, 12.73500000000000298, 6.569085828324114473 ) ) ;
#4336 = DIRECTION ( 'NONE',  ( 0.4472135954999588159, 0.8944271909999155223, -0.0000000000000000000 ) ) ;
#4337 = ORIENTED_EDGE ( 'NONE', *, *, #842, .T. ) ;
#4338 = FACE_OUTER_BOUND ( 'NONE', #4284, .T. ) ;
#4339 = LINE ( 'NONE', #4391, #1029 ) ;
#4340 = CARTESIAN_POINT ( 'NONE',  ( 3.650000000000295675, 11.23500000000000121, -1.680000000000609228 ) ) ;
#4341 = DIRECTION ( 'NONE',  ( -1.000000000000000000, 0.0000000000000000000, -0.0000000000000000000 ) ) ;
#4342 = ORIENTED_EDGE ( 'NONE', *, *, #1639, .F. ) ;
#4343 = ORIENTED_EDGE ( 'NONE', *, *, #3885, .F. ) ;
#4344 = EDGE_LOOP ( 'NONE', ( #1415, #1441, #3114, #4370 ) ) ;
#4345 = PLANE ( 'NONE',  #163 ) ;
#4346 = FACE_OUTER_BOUND ( 'NONE', #1031, .T. ) ;
#4347 = CARTESIAN_POINT ( 'NONE',  ( 5.749999999999319655, 12.73298944267163257, 3.444210495067835165 ) ) ;
#4348 = EDGE_CURVE ( 'NONE', #725, #4224, #2490, .T. ) ;
#4349 = FACE_OUTER_BOUND ( 'NONE', #4400, .T. ) ;
#4350 = EDGE_LOOP ( 'NONE', ( #4363, #4250, #1757, #2308 ) ) ;
#4351 = CIRCLE ( 'NONE', #1446, 1.975000000000000089 ) ;
#4352 = EDGE_CURVE ( 'NONE', #1404, #1180, #1629, .T. ) ;
#4353 = DIRECTION ( 'NONE',  ( 0.0000000000000000000, 1.000000000000000000, 0.0000000000000000000 ) ) ;
#4354 = ORIENTED_EDGE ( 'NONE', *, *, #4017, .F. ) ;
#4355 = AXIS2_PLACEMENT_3D ( 'NONE', #2380, #3041, #2470 ) ;
#4356 = ORIENTED_EDGE ( 'NONE', *, *, #2975, .T. ) ;
#4357 = CARTESIAN_POINT ( 'NONE',  ( 5.300000000000001599, -2.700000000000009948, 0.4999999999999990563 ) ) ;
#4358 = CIRCLE ( 'NONE', #1309, 0.2999999999999999334 ) ;
#4359 = CARTESIAN_POINT ( 'NONE',  ( 9.250000000000000000, 6.299999999999990052, -6.379999999999999893 ) ) ;
#4360 = EDGE_CURVE ( 'NONE', #675, #209, #3268, .T. ) ;
#4361 = CARTESIAN_POINT ( 'NONE',  ( 3.635702501172414891, 12.73500000000000476, 5.079999996641558546 ) ) ;
#4362 = DIRECTION ( 'NONE',  ( -0.0000000000000000000, 0.0000000000000000000, 1.000000000000000000 ) ) ;
#4363 = ORIENTED_EDGE ( 'NONE', *, *, #75, .F. ) ;
#4364 = CARTESIAN_POINT ( 'NONE',  ( 5.299999999999995381, -4.770489558936219510E-15, 5.584196010977271030 ) ) ;
#4365 = CC_DESIGN_PERSON_AND_ORGANIZATION_ASSIGNMENT ( #4030, #1726, ( #70 ) ) ;
#4366 = CARTESIAN_POINT ( 'NONE',  ( 9.421243556529820040, 6.599999999999999645, -8.220000000000000639 ) ) ;
#4367 = CARTESIAN_POINT ( 'NONE',  ( 7.249999999999994671, 11.43500000000000227, -1.279999999999998472 ) ) ;
#4368 = PERSON_AND_ORGANIZATION ( #4411, #194 ) ;
#4369 = CIRCLE ( 'NONE', #545, 1.843139007349805292 ) ;
#4370 = ORIENTED_EDGE ( 'NONE', *, *, #1938, .F. ) ;
#4371 = DIRECTION ( 'NONE',  ( 0.0000000000000000000, 0.0000000000000000000, -1.000000000000000000 ) ) ;
#4372 = CARTESIAN_POINT ( 'NONE',  ( 5.749999999997323030, 12.71195981187718438, 3.402202841126641619 ) ) ;
#4373 = CARTESIAN_POINT ( 'NONE',  ( 9.250000000000000000, 7.599999999999999645, 7.620000000000000107 ) ) ;
#4374 = B_SPLINE_CURVE_WITH_KNOTS ( 'NONE', 3,
 ( #3505, #489, #3863, #1539 ),
 .UNSPECIFIED., .F., .F.,
 ( 4, 4 ),
 ( 7.695742672741190085E-15, 0.0007166189195625507005 ),
 .UNSPECIFIED. ) ;
#4375 = EDGE_LOOP ( 'NONE', ( #2323, #4000, #1302, #3438 ) ) ;
#4376 = ADVANCED_FACE ( 'NONE', ( #2577 ), #1230, .F. ) ;
#4377 = CARTESIAN_POINT ( 'NONE',  ( 4.195177831678914337, 12.73500000000000298, -3.637238564414315700 ) ) ;
#4378 = CARTESIAN_POINT ( 'NONE',  ( 5.749999999999999112, 11.93499999999701977, -6.879211327335712056 ) ) ;
#4379 = ORIENTED_EDGE ( 'NONE', *, *, #3594, .F. ) ;
#4380 = VERTEX_POINT ( 'NONE', #1210 ) ;
#4381 = ORIENTED_EDGE ( 'NONE', *, *, #2747, .F. ) ;
#4382 = EDGE_CURVE ( 'NONE', #3021, #686, #645, .T. ) ;
#4383 = DIRECTION ( 'NONE',  ( -1.000000000000000000, 3.338853781347929776E-28, -1.794541526872530066E-14 ) ) ;
#4384 = LINE ( 'NONE', #4314, #3532 ) ;
#4385 = VECTOR ( 'NONE', #3596, 1000.000000000000000 ) ;
#4386 = CARTESIAN_POINT ( 'NONE',  ( 10.25000000000000000, 6.199999999999993960, 1.799999999999993605 ) ) ;
#4387 = CARTESIAN_POINT ( 'NONE',  ( 4.949999999999991296, 12.73499999999999943, -1.612082860990528665 ) ) ;
#4388 = EDGE_CURVE ( 'NONE', #252, #2585, #1261, .T. ) ;
#4389 = AXIS2_PLACEMENT_3D ( 'NONE', #2974, #2644, #4006 ) ;
#4390 = CARTESIAN_POINT ( 'NONE',  ( 9.449999999999999289, 6.799999999999999822, 7.620000000000000107 ) ) ;
#4391 = CARTESIAN_POINT ( 'NONE',  ( 2.337581515395897647, 13.78289222746399645, 7.620000000000000107 ) ) ;
#4392 = CARTESIAN_POINT ( 'NONE',  ( 4.950000000000680522, 12.72910876695780402, 1.646903183719896413 ) ) ;
#4393 = PERSON_AND_ORGANIZATION ( #4411, #194 ) ;
#4394 = ORIENTED_EDGE ( 'NONE', *, *, #2468, .F. ) ;
#4395 = CARTESIAN_POINT ( 'NONE',  ( 3.449999999999990408, 11.43500000000000227, 8.880000000000002558 ) ) ;
#4396 = LINE ( 'NONE', #2015, #4069 ) ;
#4397 = DIRECTION ( 'NONE',  ( -1.931148907734990011E-16, 2.262250842476587301E-31, -1.000000000000000000 ) ) ;
#4398 = CARTESIAN_POINT ( 'NONE',  ( 9.250000000000000000, 6.299999999999999822, -1.299999999999999822 ) ) ;
#4399 = ORIENTED_EDGE ( 'NONE', *, *, #2634, .T. ) ;
#4400 = EDGE_LOOP ( 'NONE', ( #2452, #1416, #2939, #3878, #4047, #634 ) ) ;
#4401 = DIRECTION ( 'NONE',  ( 1.000000000000000000, 0.0000000000000000000, 0.0000000000000000000 ) ) ;
#4402 = CARTESIAN_POINT ( 'NONE',  ( 5.750000000000000000, 12.64656426582508075, -1.714246796769120618 ) ) ;
#4403 = ORIENTED_EDGE ( 'NONE', *, *, #1777, .F. ) ;
#4404 = APPROVAL_ROLE ( '' ) ;
#4405 = FACE_OUTER_BOUND ( 'NONE', #4305, .T. ) ;
#4406 = CARTESIAN_POINT ( 'NONE',  ( 5.749999999999999112, 12.17219196888833643, 3.309077667208534024 ) ) ;
#4407 = DIRECTION ( 'NONE',  ( -1.171453342316279939E-15, -1.000000000000000000, -0.0000000000000000000 ) ) ;
#4408 = EDGE_CURVE ( 'NONE', #2369, #382, #2596, .T. ) ;
#4409 = ORIENTED_EDGE ( 'NONE', *, *, #860, .F. ) ;
#4410 =( BOUNDED_SURFACE ( )  B_SPLINE_SURFACE ( 3, 3, ( 
 ( #1394, #2739, #4080, #3136 ),
 ( #4104, #67, #2405, #736 ),
 ( #3784, #1771, #1436, #2780 ),
 ( #2693, #4395, #658, #1269 ) ),
 .UNSPECIFIED., .F., .F., .F. ) 
 B_SPLINE_SURFACE_WITH_KNOTS ( ( 4, 4 ),
 ( 4, 4 ),
 ( 0.0000000000000000000, 1.000000000000000000 ),
 ( 0.0000000000000000000, 1.000000000000000000 ),
 .UNSPECIFIED. ) 
 GEOMETRIC_REPRESENTATION_ITEM ( )  RATIONAL_B_SPLINE_SURFACE ( (
 ( 1.000000000000000000, 0.3333333333333332038, 0.3333333333333332038, 1.000000000000000000),
 ( 0.9988808742757321335, 0.3329602914252439150, 0.3329602914252439150, 0.9988808742757321335),
 ( 0.9988808742757321335, 0.3329602914252439150, 0.3329602914252439150, 0.9988808742757321335),
 ( 1.000000000000000000, 0.3333333333333332038, 0.3333333333333332038, 1.000000000000000000) ) ) 
 REPRESENTATION_ITEM ( '' )  SURFACE ( )  );
#4411 = PERSON ( 'UNSPECIFIED', 'UNSPECIFIED', 'UNSPECIFIED', ('UNSPECIFIED'), ('UNSPECIFIED'), ('UNSPECIFIED') ) ;
#4412 = CARTESIAN_POINT ( 'NONE',  ( 4.500000000000006217, 4.784159143999949571, -0.4999999999998965827 ) ) ;
#4413 = ORIENTED_EDGE ( 'NONE', *, *, #2491, .T. ) ;
#4414 = NEXT_ASSEMBLY_USAGE_OCCURRENCE ( 'NAUO1', ' ', ' ', #952, #1270, $ ) ;
#4415 = NEXT_ASSEMBLY_USAGE_OCCURRENCE ( 'NAUO2', ' ', ' ', #952, #1270, $ ) ;
#4416 = NEXT_ASSEMBLY_USAGE_OCCURRENCE ( 'NAUO3', ' ', ' ', #952, #1270, $ ) ;
#4417 = NEXT_ASSEMBLY_USAGE_OCCURRENCE ( 'NAUO4', ' ', ' ', #952, #1270, $ ) ;
ENDSEC;
END-ISO-10303-21;
